id,workflow_id,source_label,native_category,occurrence_ids,occurrence_count,anchor_ids,collapse_eligible,context_classification,semantic_role_conflict,direct_context_patterns
duplicate-occurrence::0d-particle-population-degradation-model-coupled-with-performance-model-fitting::e5676a00b8,0d-particle-population-degradation-model-coupled-with-performance-model-fitting,0D Particle population degradation model coupled with performance model (prediction),,0d-particle-population-degradation-model-coupled-with-performance-model-fitting::n17; 0d-particle-population-degradation-model-coupled-with-performance-model-fitting::n18,2,https://w3id.org/h2kg/decode/workflow/anchor/0d-particle-population-degradation-model-coupled-with-performance-model-prediction-model,True,distinct_branch_context,False,"[{""incoming_labels"": [""Catalyst coagulation rate constant"", ""Catalyst deactivation rate constant"", ""Catalyst dissolution rate constant"", ""Catalyst re-deposition rate constant"", ""Catalyst surface tension""], ""outgoing_labels"": [""CCL thickness"", ""Catalyst active particle radius distribution (aged)"", ""ECSA (aged)""]}, {""incoming_labels"": [""Catalyst coagulation rate constant"", ""Catalyst deactivation rate constant"", ""Catalyst dissolution rate constant"", ""Catalyst re-deposition rate constant"", ""Catalyst surface tension""], ""outgoing_labels"": [""Catalyst active particle radius distribution (aged)"", ""ECSA (aged)""]}]"
duplicate-occurrence::0d-particle-population-degradation-model-coupled-with-performance-model-fitting::999963abf4,0d-particle-population-degradation-model-coupled-with-performance-model-fitting,FIB measurements on GDL/MPL and catalyst materials.,,0d-particle-population-degradation-model-coupled-with-performance-model-fitting::n20; 0d-particle-population-degradation-model-coupled-with-performance-model-fitting::n21; 0d-particle-population-degradation-model-coupled-with-performance-model-fitting::n22; 0d-particle-population-degradation-model-coupled-with-performance-model-fitting::n23; 0d-particle-population-degradation-model-coupled-with-performance-model-fitting::n24,5,https://w3id.org/h2kg/decode/workflow/anchor/fib-measurements-on-gdl-mpl-and-catalyst-materials-method,True,same_direct_label_context,False,"[{""incoming_labels"": [], ""outgoing_labels"": [""CCL thickness""]}]"
duplicate-occurrence::0d-particle-population-degradation-model-coupled-with-performance-model-prediction::e5676a00b8,0d-particle-population-degradation-model-coupled-with-performance-model-prediction,0D Particle population degradation model coupled with performance model (prediction),,0d-particle-population-degradation-model-coupled-with-performance-model-prediction::n32; 0d-particle-population-degradation-model-coupled-with-performance-model-prediction::n33,2,https://w3id.org/h2kg/decode/workflow/anchor/0d-particle-population-degradation-model-coupled-with-performance-model-prediction-model,True,distinct_branch_context,False,"[{""incoming_labels"": [""CCL ORR apparent Tafel slope(s)"", ""CCL ORR effective exchange current density"", ""CCL porosity"", ""Catalyst active particle density"", ""Catalyst active particle radius distribution"", ""Catalyst coagulation rate constant"", ""Catalyst deactivation rate constant"", ""Catalyst dissolution rate constant"", ""Catalyst loading"", ""Catalyst re-deposition rate constant"", ""Catalyst support density"", ""Catalyst surface tension"", ""Catalyst-support ratio"", ""Cell crossover current density"", ""Cell inlet pressure"", ""Cell inlet species concentrations"", ""Cell temperature"", ""GDL effective O2 diffusivity"", ""GDL thickness"", ""I/C-ratio"", ""Ionomer density (dry)"", ""LRE pH distribution"", ""Membrane proton conductivity"", ""Membrane thickness""], ""outgoing_labels"": [""CCL ORR effective exchange current density (aged)"", ""CCL effective O2 diffusivity (aged)"", ""CCL effective proton conductivity (aged)"", ""CCL thickness"", ""Catalyst active particle radius distribution (aged)"", ""Catalyst loading (aged)"", ""Cell polarization curve (aged)"", ""ECSA (aged)""]}, {""incoming_labels"": [""CCL ORR apparent Tafel slope(s)"", ""CCL ORR effective exchange current density"", ""CCL thickness"", ""Catalyst active particle density"", ""Catalyst active particle radius distribution"", ""Catalyst coagulation rate constant"", ""Catalyst deactivation rate constant"", ""Catalyst dissolution rate constant"", ""Catalyst loading"", ""Catalyst re-deposition rate constant"", ""Catalyst support density"", ""Catalyst surface tension"", ""Catalyst-support ratio"", ""Cell crossover current density"", ""Cell inlet pressure"", ""Cell inlet species concentrations"", ""Cell temperature"", ""GDL effective O2 diffusivity"", ""GDL thickness"", ""I/C-ratio"", ""Ionomer density (dry)"", ""LRE pH distribution"", ""Membrane proton conductivity"", ""Membrane thickness""], ""outgoing_labels"": [""CCL ORR effective exchange current density (aged)"", ""CCL effective O2 diffusivity (aged)"", ""CCL effective proton conductivity (aged)"", ""CCL porosity"", ""Catalyst active particle radius distribution (aged)"", ""Catalyst loading (aged)"", ""Cell polarization curve (aged)"", ""ECSA (aged)""]}]"
duplicate-occurrence::0d-particle-population-degradation-model-coupled-with-performance-model-prediction::5c495e16a4,0d-particle-population-degradation-model-coupled-with-performance-model-prediction,Image parameter extraction 2D,,0d-particle-population-degradation-model-coupled-with-performance-model-prediction::n45; 0d-particle-population-degradation-model-coupled-with-performance-model-prediction::n46,2,https://w3id.org/h2kg/decode/workflow/anchor/image-parameter-extraction-2d-method,True,distinct_branch_context,False,"[{""incoming_labels"": [], ""outgoing_labels"": [""Catalyst active particle density"", ""Catalyst loading"", ""Catalyst support density"", ""Catalyst-support ratio""]}, {""incoming_labels"": [], ""outgoing_labels"": [""GDL thickness""]}]"
duplicate-occurrence::0d-particle-population-degradation-model-coupled-with-performance-model-prediction-without-fitting-methods::e5676a00b8,0d-particle-population-degradation-model-coupled-with-performance-model-prediction-without-fitting-methods,0D Particle population degradation model coupled with performance model (prediction),,0d-particle-population-degradation-model-coupled-with-performance-model-prediction-without-fitting-methods::n32; 0d-particle-population-degradation-model-coupled-with-performance-model-prediction-without-fitting-methods::n33,2,https://w3id.org/h2kg/decode/workflow/anchor/0d-particle-population-degradation-model-coupled-with-performance-model-prediction-model,True,distinct_branch_context,False,"[{""incoming_labels"": [""CCL ORR apparent Tafel slope(s)"", ""CCL ORR effective exchange current density"", ""CCL porosity"", ""Catalyst active particle density"", ""Catalyst active particle radius distribution"", ""Catalyst coagulation rate constant"", ""Catalyst deactivation rate constant"", ""Catalyst dissolution rate constant"", ""Catalyst loading"", ""Catalyst re-deposition rate constant"", ""Catalyst support density"", ""Catalyst surface tension"", ""Catalyst-support ratio"", ""Cell crossover current density"", ""Cell inlet pressure"", ""Cell inlet species concentrations"", ""Cell temperature"", ""GDL effective O2 diffusivity"", ""GDL thickness"", ""I/C-ratio"", ""Ionomer density (dry)"", ""LRE pH distribution"", ""Membrane proton conductivity"", ""Membrane thickness""], ""outgoing_labels"": [""CCL ORR effective exchange current density (aged)"", ""CCL effective O2 diffusivity (aged)"", ""CCL effective proton conductivity (aged)"", ""CCL thickness"", ""Catalyst active particle radius distribution (aged)"", ""Catalyst loading (aged)"", ""Cell polarization curve (aged)"", ""ECSA (aged)""]}, {""incoming_labels"": [""CCL ORR apparent Tafel slope(s)"", ""CCL ORR effective exchange current density"", ""CCL thickness"", ""Catalyst active particle density"", ""Catalyst active particle radius distribution"", ""Catalyst coagulation rate constant"", ""Catalyst deactivation rate constant"", ""Catalyst dissolution rate constant"", ""Catalyst loading"", ""Catalyst re-deposition rate constant"", ""Catalyst support density"", ""Catalyst surface tension"", ""Catalyst-support ratio"", ""Cell crossover current density"", ""Cell inlet pressure"", ""Cell inlet species concentrations"", ""Cell temperature"", ""GDL effective O2 diffusivity"", ""GDL thickness"", ""I/C-ratio"", ""Ionomer density (dry)"", ""LRE pH distribution"", ""Membrane proton conductivity"", ""Membrane thickness""], ""outgoing_labels"": [""CCL ORR effective exchange current density (aged)"", ""CCL effective O2 diffusivity (aged)"", ""CCL effective proton conductivity (aged)"", ""CCL porosity"", ""Catalyst active particle radius distribution (aged)"", ""Catalyst loading (aged)"", ""Cell polarization curve (aged)"", ""ECSA (aged)""]}]"
duplicate-occurrence::0d-particle-population-degradation-model-coupled-with-performance-model-prediction-without-fitting-methods::5c495e16a4,0d-particle-population-degradation-model-coupled-with-performance-model-prediction-without-fitting-methods,Image parameter extraction 2D,,0d-particle-population-degradation-model-coupled-with-performance-model-prediction-without-fitting-methods::n43; 0d-particle-population-degradation-model-coupled-with-performance-model-prediction-without-fitting-methods::n44,2,https://w3id.org/h2kg/decode/workflow/anchor/image-parameter-extraction-2d-method,True,distinct_branch_context,False,"[{""incoming_labels"": [], ""outgoing_labels"": [""Catalyst active particle density"", ""Catalyst loading"", ""Catalyst support density"", ""Catalyst-support ratio""]}, {""incoming_labels"": [], ""outgoing_labels"": [""GDL thickness""]}]"
duplicate-occurrence::0d-particle-population-degradation-model-fitting::e5676a00b8,0d-particle-population-degradation-model-fitting,0D Particle population degradation model coupled with performance model (prediction),,0d-particle-population-degradation-model-fitting::n10; 0d-particle-population-degradation-model-fitting::n11,2,https://w3id.org/h2kg/decode/workflow/anchor/0d-particle-population-degradation-model-coupled-with-performance-model-prediction-model,True,same_direct_label_context,False,"[{""incoming_labels"": [""Catalyst coagulation rate constant"", ""Catalyst deactivation rate constant"", ""Catalyst dissolution rate constant"", ""Catalyst re-deposition rate constant"", ""Catalyst surface tension""], ""outgoing_labels"": [""Catalyst active particle radius distribution (aged)"", ""ECSA (aged)""]}]"
duplicate-occurrence::ab-initio-molecular-dynamics-aimd-of-the-solid-liquid-interface-at-a-pt-electrode::0bdcc1d5ca,ab-initio-molecular-dynamics-aimd-of-the-solid-liquid-interface-at-a-pt-electrode,IRRAS operando/in-situ FTIR,,ab-initio-molecular-dynamics-aimd-of-the-solid-liquid-interface-at-a-pt-electrode::n7; ab-initio-molecular-dynamics-aimd-of-the-solid-liquid-interface-at-a-pt-electrode::n8,2,https://w3id.org/h2kg/decode/workflow/anchor/irras-operando-in-situ-ftir-method,True,same_direct_label_context,False,"[{""incoming_labels"": [], ""outgoing_labels"": [""Electrode chemistry""]}]"
duplicate-occurrence::accelerated-stress-test-ast-on-nanostructured-electrodes::76ab634f1a,accelerated-stress-test-ast-on-nanostructured-electrodes,Accelerated Stress Test (AST) on Nanostructured Electrodes,,accelerated-stress-test-ast-on-nanostructured-electrodes::n7; accelerated-stress-test-ast-on-nanostructured-electrodes::n8,2,https://w3id.org/h2kg/decode/workflow/anchor/accelerated-stress-test-ast-on-nanostructured-electrodes-method,True,distinct_branch_context,False,"[{""incoming_labels"": [""Catalyst loading"", ""Electrolyte"", ""Electrolyte composition"", ""I/C-ratio"", ""RDE electrode (nanostructured)""], ""outgoing_labels"": [""EoT RDE electrochemical response (nanostructured)""]}, {""incoming_labels"": [""Catalyst loading"", ""Electrolyte"", ""Electrolyte composition"", ""Monomer concentration in the electrolyte"", ""RDE electrode (nanostructured)""], ""outgoing_labels"": [""EoT RDE electrochemical response (nanostructured)""]}]"
duplicate-occurrence::adsorbate-surface-diffusion-on-electrocatalyst-support::170599fb51,adsorbate-surface-diffusion-on-electrocatalyst-support,RDE on mono- or polycrystalline electrodes,,adsorbate-surface-diffusion-on-electrocatalyst-support::n11; adsorbate-surface-diffusion-on-electrocatalyst-support::n12,2,https://w3id.org/h2kg/decode/workflow/anchor/rde-on-mono-or-polycrystalline-electrodes-method,True,same_direct_label_context,False,"[{""incoming_labels"": [], ""outgoing_labels"": [""RDE electrochemical response (idealized)""]}]"
duplicate-occurrence::adsorbate-surface-diffusion-on-electrocatalyst-support::8ada5d4809,adsorbate-surface-diffusion-on-electrocatalyst-support,RRDE on model electrodes in acidic solutions,,adsorbate-surface-diffusion-on-electrocatalyst-support::n13; adsorbate-surface-diffusion-on-electrocatalyst-support::n14,2,https://w3id.org/h2kg/decode/workflow/anchor/rrde-on-model-electrodes-in-acidic-solutions-model,True,same_direct_label_context,False,"[{""incoming_labels"": [], ""outgoing_labels"": [""RDE electrochemical response (idealized)""]}]"
duplicate-occurrence::adsorbate-surface-diffusion-on-electrocatalyst-support::4c6d79e735,adsorbate-surface-diffusion-on-electrocatalyst-support,RRDE on model electrodes in alkaline solutions,,adsorbate-surface-diffusion-on-electrocatalyst-support::n15; adsorbate-surface-diffusion-on-electrocatalyst-support::n16,2,https://w3id.org/h2kg/decode/workflow/anchor/rrde-on-model-electrodes-in-alkaline-solutions-model,True,same_direct_label_context,False,"[{""incoming_labels"": [], ""outgoing_labels"": [""RDE electrochemical response (idealized)""]}]"
duplicate-occurrence::ai-based-generation-of-structural-digital-twins-of-multi-scale-tomographies::b9a3fc7aaf,ai-based-generation-of-structural-digital-twins-of-multi-scale-tomographies,AI-based generation of structural digital twins of multi-scale tomographies,,ai-based-generation-of-structural-digital-twins-of-multi-scale-tomographies::n10; ai-based-generation-of-structural-digital-twins-of-multi-scale-tomographies::n11; ai-based-generation-of-structural-digital-twins-of-multi-scale-tomographies::n12; ai-based-generation-of-structural-digital-twins-of-multi-scale-tomographies::n13; ai-based-generation-of-structural-digital-twins-of-multi-scale-tomographies::n14; ai-based-generation-of-structural-digital-twins-of-multi-scale-tomographies::n15; ai-based-generation-of-structural-digital-twins-of-multi-scale-tomographies::n8; ai-based-generation-of-structural-digital-twins-of-multi-scale-tomographies::n9,8,https://w3id.org/h2kg/decode/workflow/anchor/ai-based-generation-of-structural-digital-twins-of-multi-scale-tomographies-model,True,distinct_branch_context,False,"[{""incoming_labels"": [""CCL 3D voxel data classified""], ""outgoing_labels"": [""CCL 3D voxel data classified""]}, {""incoming_labels"": [""GDL substrate 3D voxel data classified""], ""outgoing_labels"": [""GDL substrate 3D voxel data classified""]}, {""incoming_labels"": [""GDL substrate 3D voxel data wet classified""], ""outgoing_labels"": [""GDL substrate 3D voxel data wet classified""]}, {""incoming_labels"": [""GDL substrate 3D voxel data wet operando classified""], ""outgoing_labels"": [""GDL substrate 3D voxel data wet operando classified""]}, {""incoming_labels"": [""MPL 3D voxel data classified""], ""outgoing_labels"": [""MPL 3D voxel data classified""]}, {""incoming_labels"": [""MPL X-ray 3D voxel data classified""], ""outgoing_labels"": [""MPL X-ray 3D voxel data classified""]}, {""incoming_labels"": [""MPL X-ray 3D voxel data wet classified""], ""outgoing_labels"": [""MPL X-ray 3D voxel data wet classified""]}, {""incoming_labels"": [""MPL X-ray 3D voxel data wet operando classified""], ""outgoing_labels"": [""MPL X-ray 3D voxel data wet operando classified""]}]"
duplicate-occurrence::ai-based-generation-of-structural-digital-twins-of-multi-scale-tomographies::4beec2447a,ai-based-generation-of-structural-digital-twins-of-multi-scale-tomographies,Image classification of FIB tomography data,,ai-based-generation-of-structural-digital-twins-of-multi-scale-tomographies::n20; ai-based-generation-of-structural-digital-twins-of-multi-scale-tomographies::n29,2,https://w3id.org/h2kg/decode/workflow/anchor/image-classification-of-fib-tomography-data-data,True,distinct_branch_context,False,"[{""incoming_labels"": [], ""outgoing_labels"": [""CCL 3D voxel data classified""]}, {""incoming_labels"": [], ""outgoing_labels"": [""MPL 3D voxel data classified""]}]"
duplicate-occurrence::ai-based-generation-of-structural-digital-twins-of-multi-scale-tomographies::6c13a8ff70,ai-based-generation-of-structural-digital-twins-of-multi-scale-tomographies,Image classification of X-ray tomography data,,ai-based-generation-of-structural-digital-twins-of-multi-scale-tomographies::n39; ai-based-generation-of-structural-digital-twins-of-multi-scale-tomographies::n47; ai-based-generation-of-structural-digital-twins-of-multi-scale-tomographies::n49; ai-based-generation-of-structural-digital-twins-of-multi-scale-tomographies::n51; ai-based-generation-of-structural-digital-twins-of-multi-scale-tomographies::n52; ai-based-generation-of-structural-digital-twins-of-multi-scale-tomographies::n53,6,https://w3id.org/h2kg/decode/workflow/anchor/image-classification-of-x-ray-tomography-data-data,True,distinct_branch_context,False,"[{""incoming_labels"": [], ""outgoing_labels"": [""GDL substrate 3D voxel data classified""]}, {""incoming_labels"": [], ""outgoing_labels"": [""GDL substrate 3D voxel data wet classified""]}, {""incoming_labels"": [], ""outgoing_labels"": [""GDL substrate 3D voxel data wet operando classified""]}, {""incoming_labels"": [], ""outgoing_labels"": [""MPL X-ray 3D voxel data classified""]}, {""incoming_labels"": [], ""outgoing_labels"": [""MPL X-ray 3D voxel data wet classified""]}, {""incoming_labels"": [], ""outgoing_labels"": [""MPL X-ray 3D voxel data wet operando classified""]}]"
duplicate-occurrence::ai-based-generation-of-structural-digital-twins-of-multi-scale-tomographies::d07d27ad90,ai-based-generation-of-structural-digital-twins-of-multi-scale-tomographies,Image classification on nm scale,,ai-based-generation-of-structural-digital-twins-of-multi-scale-tomographies::n19; ai-based-generation-of-structural-digital-twins-of-multi-scale-tomographies::n28,2,https://w3id.org/h2kg/decode/workflow/anchor/image-classification-on-nm-scale-method,True,distinct_branch_context,False,"[{""incoming_labels"": [], ""outgoing_labels"": [""CCL 3D voxel data classified""]}, {""incoming_labels"": [], ""outgoing_labels"": [""MPL 3D voxel data classified""]}]"
duplicate-occurrence::ai-based-generation-of-structural-digital-twins-of-multi-scale-tomographies::d5c7dd6f81,ai-based-generation-of-structural-digital-twins-of-multi-scale-tomographies,Image FIB tomography dataparameter extraction 3D,,ai-based-generation-of-structural-digital-twins-of-multi-scale-tomographies::n21; ai-based-generation-of-structural-digital-twins-of-multi-scale-tomographies::n30,2,https://w3id.org/h2kg/decode/workflow/anchor/image-fib-tomography-dataparameter-extraction-3d-data,True,distinct_branch_context,False,"[{""incoming_labels"": [""CCL 3D voxel data classified""], ""outgoing_labels"": []}, {""incoming_labels"": [""MPL 3D voxel data classified""], ""outgoing_labels"": []}]"
duplicate-occurrence::ai-based-generation-of-structural-digital-twins-of-multi-scale-tomographies::103e7fbe42,ai-based-generation-of-structural-digital-twins-of-multi-scale-tomographies,Image X-ray tomography data parameter extraction 3D,,ai-based-generation-of-structural-digital-twins-of-multi-scale-tomographies::n40; ai-based-generation-of-structural-digital-twins-of-multi-scale-tomographies::n48; ai-based-generation-of-structural-digital-twins-of-multi-scale-tomographies::n50,3,https://w3id.org/h2kg/decode/workflow/anchor/image-x-ray-tomography-data-parameter-extraction-3d-data,True,distinct_branch_context,False,"[{""incoming_labels"": [""GDL substrate 3D voxel data classified"", ""MPL X-ray 3D voxel data classified""], ""outgoing_labels"": []}, {""incoming_labels"": [""GDL substrate 3D voxel data wet classified"", ""MPL X-ray 3D voxel data wet classified""], ""outgoing_labels"": []}, {""incoming_labels"": [""GDL substrate 3D voxel data wet operando classified"", ""MPL X-ray 3D voxel data wet operando classified""], ""outgoing_labels"": []}]"
duplicate-occurrence::ai-based-generation-of-structural-digital-twins-of-multi-scale-tomographies::aad03d34f3,ai-based-generation-of-structural-digital-twins-of-multi-scale-tomographies,Voxel based 3D Effective Diffusivity simulation,,ai-based-generation-of-structural-digital-twins-of-multi-scale-tomographies::n22; ai-based-generation-of-structural-digital-twins-of-multi-scale-tomographies::n31; ai-based-generation-of-structural-digital-twins-of-multi-scale-tomographies::n41,3,https://w3id.org/h2kg/decode/workflow/anchor/voxel-based-3d-effective-diffusivity-simulation-model,True,distinct_branch_context,False,"[{""incoming_labels"": [""CCL 3D voxel data classified""], ""outgoing_labels"": []}, {""incoming_labels"": [""GDL substrate 3D voxel data classified""], ""outgoing_labels"": []}, {""incoming_labels"": [""MPL 3D voxel data classified""], ""outgoing_labels"": []}]"
duplicate-occurrence::ai-based-generation-of-structural-digital-twins-of-multi-scale-tomographies::3ecaeac69e,ai-based-generation-of-structural-digital-twins-of-multi-scale-tomographies,Voxel based 3D Electric conductiviy simulation,,ai-based-generation-of-structural-digital-twins-of-multi-scale-tomographies::n24; ai-based-generation-of-structural-digital-twins-of-multi-scale-tomographies::n33; ai-based-generation-of-structural-digital-twins-of-multi-scale-tomographies::n43,3,https://w3id.org/h2kg/decode/workflow/anchor/voxel-based-3d-electric-conductiviy-simulation-model,True,distinct_branch_context,False,"[{""incoming_labels"": [""CCL 3D voxel data classified""], ""outgoing_labels"": []}, {""incoming_labels"": [""GDL substrate 3D voxel data classified""], ""outgoing_labels"": []}, {""incoming_labels"": [""MPL 3D voxel data classified""], ""outgoing_labels"": []}]"
duplicate-occurrence::ai-based-generation-of-structural-digital-twins-of-multi-scale-tomographies::e0062c6fc7,ai-based-generation-of-structural-digital-twins-of-multi-scale-tomographies,Voxel based 3D Permability simulation,,ai-based-generation-of-structural-digital-twins-of-multi-scale-tomographies::n23; ai-based-generation-of-structural-digital-twins-of-multi-scale-tomographies::n32; ai-based-generation-of-structural-digital-twins-of-multi-scale-tomographies::n42,3,https://w3id.org/h2kg/decode/workflow/anchor/voxel-based-3d-permability-simulation-model,True,distinct_branch_context,False,"[{""incoming_labels"": [""CCL 3D voxel data classified""], ""outgoing_labels"": []}, {""incoming_labels"": [""GDL substrate 3D voxel data classified""], ""outgoing_labels"": []}, {""incoming_labels"": [""MPL 3D voxel data classified""], ""outgoing_labels"": []}]"
duplicate-occurrence::ai-based-generation-of-structural-digital-twins-of-multi-scale-tomographies::9a561335f7,ai-based-generation-of-structural-digital-twins-of-multi-scale-tomographies,Voxel based 3D Thermal conductivity simulation,,ai-based-generation-of-structural-digital-twins-of-multi-scale-tomographies::n25; ai-based-generation-of-structural-digital-twins-of-multi-scale-tomographies::n34; ai-based-generation-of-structural-digital-twins-of-multi-scale-tomographies::n44,3,https://w3id.org/h2kg/decode/workflow/anchor/voxel-based-3d-thermal-conductivity-simulation-model,True,distinct_branch_context,False,"[{""incoming_labels"": [""CCL 3D voxel data classified""], ""outgoing_labels"": []}, {""incoming_labels"": [""GDL substrate 3D voxel data classified""], ""outgoing_labels"": []}, {""incoming_labels"": [""MPL 3D voxel data classified""], ""outgoing_labels"": []}]"
duplicate-occurrence::ai-based-generation-of-structural-digital-twins-of-multi-scale-tomographies::d88ec53a62,ai-based-generation-of-structural-digital-twins-of-multi-scale-tomographies,Water retention curve simulation,,ai-based-generation-of-structural-digital-twins-of-multi-scale-tomographies::n26; ai-based-generation-of-structural-digital-twins-of-multi-scale-tomographies::n35; ai-based-generation-of-structural-digital-twins-of-multi-scale-tomographies::n45,3,https://w3id.org/h2kg/decode/workflow/anchor/water-retention-curve-simulation-model,True,distinct_branch_context,False,"[{""incoming_labels"": [""CCL 3D voxel data classified""], ""outgoing_labels"": []}, {""incoming_labels"": [""GDL substrate 3D voxel data classified""], ""outgoing_labels"": []}, {""incoming_labels"": [""MPL 3D voxel data classified""], ""outgoing_labels"": []}]"
duplicate-occurrence::cea-mea-model-europium-2d::e5676a00b8,cea-mea-model-europium-2d,0D Particle population degradation model coupled with performance model (prediction),,cea-mea-model-europium-2d::n75; cea-mea-model-europium-2d::n76,2,https://w3id.org/h2kg/decode/workflow/anchor/0d-particle-population-degradation-model-coupled-with-performance-model-prediction-model,True,distinct_branch_context,False,"[{""incoming_labels"": [], ""outgoing_labels"": [""CCL porosity""]}, {""incoming_labels"": [], ""outgoing_labels"": [""CCL thickness""]}]"
duplicate-occurrence::cea-mea-model-europium-2d::379089a0ca,cea-mea-model-europium-2d,CT-based capillary pressure saturation curves,,cea-mea-model-europium-2d::n81; cea-mea-model-europium-2d::n82,2,https://w3id.org/h2kg/decode/workflow/anchor/ct-based-capillary-pressure-saturation-curves-method,True,distinct_branch_context,False,"[{""incoming_labels"": [], ""outgoing_labels"": [""GDL substrate water retention curve""]}, {""incoming_labels"": [], ""outgoing_labels"": [""GDL substrate water retention curve"", ""MPL water retention curve""]}]"
duplicate-occurrence::cea-mea-model-europium-2d::999963abf4,cea-mea-model-europium-2d,FIB measurements on GDL/MPL and catalyst materials.,,cea-mea-model-europium-2d::n83; cea-mea-model-europium-2d::n84; cea-mea-model-europium-2d::n85; cea-mea-model-europium-2d::n86; cea-mea-model-europium-2d::n87; cea-mea-model-europium-2d::n88,6,https://w3id.org/h2kg/decode/workflow/anchor/fib-measurements-on-gdl-mpl-and-catalyst-materials-method,True,distinct_branch_context,False,"[{""incoming_labels"": [], ""outgoing_labels"": [""CCL thickness""]}, {""incoming_labels"": [], ""outgoing_labels"": [""CCL thickness"", ""MPL thickness""]}, {""incoming_labels"": [], ""outgoing_labels"": [""MPL thickness""]}]"
duplicate-occurrence::cea-mea-model-europium-2d::9d1da7d3e8,cea-mea-model-europium-2d,GDL compressability,,cea-mea-model-europium-2d::n116; cea-mea-model-europium-2d::n117,2,https://w3id.org/h2kg/decode/workflow/anchor/gdl-compressability-method,True,distinct_branch_context,False,"[{""incoming_labels"": [], ""outgoing_labels"": [""GDL stress-strain curve""]}, {""incoming_labels"": [], ""outgoing_labels"": [""GDL substrate thickness""]}]"
duplicate-occurrence::cea-mea-model-europium-2d::d5c7dd6f81,cea-mea-model-europium-2d,Image FIB tomography dataparameter extraction 3D,,cea-mea-model-europium-2d::n100; cea-mea-model-europium-2d::n99,2,https://w3id.org/h2kg/decode/workflow/anchor/image-fib-tomography-dataparameter-extraction-3d-data,True,distinct_branch_context,False,"[{""incoming_labels"": [], ""outgoing_labels"": [""CCL thickness"", ""Catalyst loading""]}, {""incoming_labels"": [], ""outgoing_labels"": [""MPL thickness""]}]"
duplicate-occurrence::cea-mea-model-europium-2d::5c495e16a4,cea-mea-model-europium-2d,Image parameter extraction 2D,,cea-mea-model-europium-2d::n92; cea-mea-model-europium-2d::n93; cea-mea-model-europium-2d::n94; cea-mea-model-europium-2d::n95,4,https://w3id.org/h2kg/decode/workflow/anchor/image-parameter-extraction-2d-method,True,distinct_branch_context,False,"[{""incoming_labels"": [], ""outgoing_labels"": [""CCL thickness"", ""Catalyst loading""]}, {""incoming_labels"": [], ""outgoing_labels"": [""GDL substrate thickness""]}, {""incoming_labels"": [], ""outgoing_labels"": [""GDL substrate thickness"", ""MPL thickness""]}, {""incoming_labels"": [], ""outgoing_labels"": [""MPL thickness""]}]"
duplicate-occurrence::cea-mea-model-europium-2d::103e7fbe42,cea-mea-model-europium-2d,Image X-ray tomography data parameter extraction 3D,,cea-mea-model-europium-2d::n96; cea-mea-model-europium-2d::n97; cea-mea-model-europium-2d::n98,3,https://w3id.org/h2kg/decode/workflow/anchor/image-x-ray-tomography-data-parameter-extraction-3d-data,True,distinct_branch_context,False,"[{""incoming_labels"": [], ""outgoing_labels"": [""GDL substrate average pore radius"", ""GDL substrate porosity"", ""GDL substrate thickness"", ""GDL substrate water retention curve"", ""MPL thickness""]}, {""incoming_labels"": [], ""outgoing_labels"": [""GDL substrate average pore radius"", ""GDL substrate porosity"", ""GDL substrate thickness"", ""MPL thickness""]}]"
duplicate-occurrence::cea-mea-model-europium-2d::6f3fa84320,cea-mea-model-europium-2d,SEM and EDX,,cea-mea-model-europium-2d::n89; cea-mea-model-europium-2d::n90; cea-mea-model-europium-2d::n91,3,https://w3id.org/h2kg/decode/workflow/anchor/sem-and-edx-method,True,distinct_branch_context,False,"[{""incoming_labels"": [], ""outgoing_labels"": [""CCL thickness""]}, {""incoming_labels"": [], ""outgoing_labels"": [""GDL substrate thickness""]}, {""incoming_labels"": [], ""outgoing_labels"": [""GDL substrate thickness"", ""MPL thickness""]}]"
duplicate-occurrence::cea-mea-model-europium-2d::aad03d34f3,cea-mea-model-europium-2d,Voxel based 3D Effective Diffusivity simulation,,cea-mea-model-europium-2d::n101; cea-mea-model-europium-2d::n102; cea-mea-model-europium-2d::n103,3,https://w3id.org/h2kg/decode/workflow/anchor/voxel-based-3d-effective-diffusivity-simulation-model,True,distinct_branch_context,False,"[{""incoming_labels"": [], ""outgoing_labels"": [""CCL porosity"", ""CCL tortuosity""]}, {""incoming_labels"": [], ""outgoing_labels"": [""GDL substrate in-plane tortuosity"", ""GDL substrate porosity"", ""GDL substrate through-plane tortuosity""]}, {""incoming_labels"": [], ""outgoing_labels"": [""MPL porosity"", ""MPL tortuosity""]}]"
duplicate-occurrence::cea-mea-model-europium-2d::3ecaeac69e,cea-mea-model-europium-2d,Voxel based 3D Electric conductiviy simulation,,cea-mea-model-europium-2d::n107; cea-mea-model-europium-2d::n108; cea-mea-model-europium-2d::n109,3,https://w3id.org/h2kg/decode/workflow/anchor/voxel-based-3d-electric-conductiviy-simulation-model,True,distinct_branch_context,False,"[{""incoming_labels"": [], ""outgoing_labels"": [""CCL conductivity""]}, {""incoming_labels"": [], ""outgoing_labels"": [""GDL substrate in-plane conductivity"", ""GDL substrate through-plane conductivity""]}, {""incoming_labels"": [], ""outgoing_labels"": [""MPL conductivity""]}]"
duplicate-occurrence::cea-mea-model-europium-2d::e0062c6fc7,cea-mea-model-europium-2d,Voxel based 3D Permability simulation,,cea-mea-model-europium-2d::n104; cea-mea-model-europium-2d::n105; cea-mea-model-europium-2d::n106,3,https://w3id.org/h2kg/decode/workflow/anchor/voxel-based-3d-permability-simulation-model,True,distinct_branch_context,False,"[{""incoming_labels"": [], ""outgoing_labels"": [""CCL permeability""]}, {""incoming_labels"": [], ""outgoing_labels"": [""GDL substrate in-plane permeability"", ""GDL substrate through-plane permeability""]}, {""incoming_labels"": [], ""outgoing_labels"": [""MPL permeability""]}]"
duplicate-occurrence::cea-mea-model-europium-2d::9a561335f7,cea-mea-model-europium-2d,Voxel based 3D Thermal conductivity simulation,,cea-mea-model-europium-2d::n110; cea-mea-model-europium-2d::n111; cea-mea-model-europium-2d::n112,3,https://w3id.org/h2kg/decode/workflow/anchor/voxel-based-3d-thermal-conductivity-simulation-model,True,distinct_branch_context,False,"[{""incoming_labels"": [], ""outgoing_labels"": [""CCL thermal conductivity""]}, {""incoming_labels"": [], ""outgoing_labels"": [""GDL substrate in-plane thermal conductivity"", ""GDL substrate through-plane thermal conductivity""]}, {""incoming_labels"": [], ""outgoing_labels"": [""MPL thermal conductivity""]}]"
duplicate-occurrence::cea-mea-model-europium-2d::d88ec53a62,cea-mea-model-europium-2d,Water retention curve simulation,,cea-mea-model-europium-2d::n113; cea-mea-model-europium-2d::n114; cea-mea-model-europium-2d::n115,3,https://w3id.org/h2kg/decode/workflow/anchor/water-retention-curve-simulation-model,True,distinct_branch_context,False,"[{""incoming_labels"": [], ""outgoing_labels"": [""CCL water retention curve""]}, {""incoming_labels"": [], ""outgoing_labels"": [""GDL substrate water retention curve""]}, {""incoming_labels"": [], ""outgoing_labels"": [""MPL water retention curve""]}]"
duplicate-occurrence::cl-for-rde::8a236b8da8,cl-for-rde,CL for RDE,,cl-for-rde::n10; cl-for-rde::n9,2,https://w3id.org/h2kg/decode/workflow/anchor/cl-for-rde-method,True,distinct_branch_context,False,"[{""incoming_labels"": [""Catalyst ink composition"", ""Catalyst powder"", ""GDL"", ""Instruments for mixing and deposition"", ""Ionomer"", ""Solvent""], ""outgoing_labels"": [""CL on GDL""]}, {""incoming_labels"": [""Catalyst ink composition"", ""Catalyst powder"", ""Glassy carbon"", ""Instruments for mixing and deposition"", ""Ionomer"", ""Solvent""], ""outgoing_labels"": [""CL on glassy carbon""]}]"
duplicate-occurrence::cl-for-rde::999963abf4,cl-for-rde,FIB measurements on GDL/MPL and catalyst materials.,,cl-for-rde::n12; cl-for-rde::n15,2,https://w3id.org/h2kg/decode/workflow/anchor/fib-measurements-on-gdl-mpl-and-catalyst-materials-method,True,distinct_branch_context,False,"[{""incoming_labels"": [""CL on GDL""], ""outgoing_labels"": []}, {""incoming_labels"": [""CL on glassy carbon""], ""outgoing_labels"": []}]"
duplicate-occurrence::cl-for-rde::94acda9c49,cl-for-rde,Model Electrochemistry in a RDE Cell,,cl-for-rde::n16; cl-for-rde::n17,2,https://w3id.org/h2kg/decode/workflow/anchor/model-electrochemistry-in-a-rde-cell-model,True,same_direct_label_context,False,"[{""incoming_labels"": [""CL on glassy carbon""], ""outgoing_labels"": []}]"
duplicate-occurrence::cl-for-rde::4df6cd947e,cl-for-rde,Sheet resistance measurement,,cl-for-rde::n11; cl-for-rde::n14,2,https://w3id.org/h2kg/decode/workflow/anchor/sheet-resistance-measurement-method,True,distinct_branch_context,False,"[{""incoming_labels"": [""CL on GDL""], ""outgoing_labels"": []}, {""incoming_labels"": [""CL on glassy carbon""], ""outgoing_labels"": []}]"
duplicate-occurrence::confocal-laser-scanning-microscope-clsm-and-fluorescent-probes-for-local-ph-assessment-in-acidic-med::aa990ac698,confocal-laser-scanning-microscope-clsm-and-fluorescent-probes-for-local-ph-assessment-in-acidic-med,Fitting Version of the Hierachical Model,,confocal-laser-scanning-microscope-clsm-and-fluorescent-probes-for-local-ph-assessment-in-acidic-med::n10; confocal-laser-scanning-microscope-clsm-and-fluorescent-probes-for-local-ph-assessment-in-acidic-med::n9,2,https://w3id.org/h2kg/decode/workflow/anchor/fitting-version-of-the-hierachical-model-model,True,same_direct_label_context,False,"[{""incoming_labels"": [""LRE pH distribution (idealized)""], ""outgoing_labels"": []}]"
duplicate-occurrence::confocal-laser-scanning-microscope-clsm-and-fluorescent-probes-for-local-ph-assessment-in-alkaline-m::aa990ac698,confocal-laser-scanning-microscope-clsm-and-fluorescent-probes-for-local-ph-assessment-in-alkaline-m,Fitting Version of the Hierachical Model,,confocal-laser-scanning-microscope-clsm-and-fluorescent-probes-for-local-ph-assessment-in-alkaline-m::n10; confocal-laser-scanning-microscope-clsm-and-fluorescent-probes-for-local-ph-assessment-in-alkaline-m::n11,2,https://w3id.org/h2kg/decode/workflow/anchor/fitting-version-of-the-hierachical-model-model,True,same_direct_label_context,False,"[{""incoming_labels"": [""LRE pH distribution (idealized)""], ""outgoing_labels"": []}]"
duplicate-occurrence::contact-angle-extraction-of-ct-data::471514a56d,contact-angle-extraction-of-ct-data,Contact angle extraction of CT data,,contact-angle-extraction-of-ct-data::n6; contact-angle-extraction-of-ct-data::n7,2,https://w3id.org/h2kg/decode/workflow/anchor/contact-angle-extraction-of-ct-data-method,True,distinct_branch_context,False,"[{""incoming_labels"": [""Contact angle probe liquid(s)"", ""GDL""], ""outgoing_labels"": [""GDL substrate 3D voxel data local contact angle"", ""GDL substrate 3D voxel data wet raw"", ""GDL substrate contact angle distribution""]}, {""incoming_labels"": [""Contact angle probe liquid(s)"", ""GDL substrate""], ""outgoing_labels"": [""GDL substrate 3D voxel data local contact angle"", ""GDL substrate 3D voxel data wet raw"", ""GDL substrate contact angle distribution""]}]"
duplicate-occurrence::ct-based-capillary-pressure-saturation-curves::379089a0ca,ct-based-capillary-pressure-saturation-curves,CT-based capillary pressure saturation curves,,ct-based-capillary-pressure-saturation-curves::n11; ct-based-capillary-pressure-saturation-curves::n12,2,https://w3id.org/h2kg/decode/workflow/anchor/ct-based-capillary-pressure-saturation-curves-method,True,distinct_branch_context,False,"[{""incoming_labels"": [""Contact angle probe liquid(s)"", ""GDL""], ""outgoing_labels"": [""GDL substrate 3D voxel data raw"", ""GDL substrate 3D voxel data wet raw"", ""GDL substrate water distribution"", ""GDL substrate water retention curve"", ""MPL X-ray 3D voxel data raw"", ""MPL X-ray 3D voxel data wet raw"", ""MPL water distribution"", ""MPL water retention curve""]}, {""incoming_labels"": [""Contact angle probe liquid(s)"", ""GDL substrate""], ""outgoing_labels"": [""GDL substrate 3D voxel data raw"", ""GDL substrate 3D voxel data wet raw"", ""GDL substrate water distribution"", ""GDL substrate water retention curve""]}]"
duplicate-occurrence::ct-based-capillary-pressure-saturation-curves::6c13a8ff70,ct-based-capillary-pressure-saturation-curves,Image classification of X-ray tomography data,,ct-based-capillary-pressure-saturation-curves::n15; ct-based-capillary-pressure-saturation-curves::n16; ct-based-capillary-pressure-saturation-curves::n17; ct-based-capillary-pressure-saturation-curves::n18,4,https://w3id.org/h2kg/decode/workflow/anchor/image-classification-of-x-ray-tomography-data-data,True,distinct_branch_context,False,"[{""incoming_labels"": [""GDL substrate 3D voxel data raw""], ""outgoing_labels"": []}, {""incoming_labels"": [""GDL substrate 3D voxel data wet raw""], ""outgoing_labels"": []}, {""incoming_labels"": [""MPL X-ray 3D voxel data raw""], ""outgoing_labels"": []}, {""incoming_labels"": [""MPL X-ray 3D voxel data wet raw""], ""outgoing_labels"": []}]"
duplicate-occurrence::current-modulated-hydrogen-flow-rate-spectroscopy-ch2s::999963abf4,current-modulated-hydrogen-flow-rate-spectroscopy-ch2s,FIB measurements on GDL/MPL and catalyst materials.,,current-modulated-hydrogen-flow-rate-spectroscopy-ch2s::n17; current-modulated-hydrogen-flow-rate-spectroscopy-ch2s::n18,2,https://w3id.org/h2kg/decode/workflow/anchor/fib-measurements-on-gdl-mpl-and-catalyst-materials-method,True,same_direct_label_context,False,"[{""incoming_labels"": [], ""outgoing_labels"": [""MPL thickness""]}]"
duplicate-occurrence::current-modulated-hydrogen-flow-rate-spectroscopy-ch2s::9d1da7d3e8,current-modulated-hydrogen-flow-rate-spectroscopy-ch2s,GDL compressability,,current-modulated-hydrogen-flow-rate-spectroscopy-ch2s::n30; current-modulated-hydrogen-flow-rate-spectroscopy-ch2s::n31,2,https://w3id.org/h2kg/decode/workflow/anchor/gdl-compressability-method,True,distinct_branch_context,False,"[{""incoming_labels"": [], ""outgoing_labels"": [""GDL stress-strain curve""]}, {""incoming_labels"": [], ""outgoing_labels"": [""GDL substrate thickness""]}]"
duplicate-occurrence::current-modulated-hydrogen-flow-rate-spectroscopy-ch2s::5c495e16a4,current-modulated-hydrogen-flow-rate-spectroscopy-ch2s,Image parameter extraction 2D,,current-modulated-hydrogen-flow-rate-spectroscopy-ch2s::n21; current-modulated-hydrogen-flow-rate-spectroscopy-ch2s::n22; current-modulated-hydrogen-flow-rate-spectroscopy-ch2s::n23,3,https://w3id.org/h2kg/decode/workflow/anchor/image-parameter-extraction-2d-method,True,distinct_branch_context,False,"[{""incoming_labels"": [], ""outgoing_labels"": [""GDL substrate thickness""]}, {""incoming_labels"": [], ""outgoing_labels"": [""GDL substrate thickness"", ""MPL thickness""]}, {""incoming_labels"": [], ""outgoing_labels"": [""MPL thickness""]}]"
duplicate-occurrence::current-modulated-hydrogen-flow-rate-spectroscopy-ch2s::103e7fbe42,current-modulated-hydrogen-flow-rate-spectroscopy-ch2s,Image X-ray tomography data parameter extraction 3D,,current-modulated-hydrogen-flow-rate-spectroscopy-ch2s::n24; current-modulated-hydrogen-flow-rate-spectroscopy-ch2s::n25; current-modulated-hydrogen-flow-rate-spectroscopy-ch2s::n26,3,https://w3id.org/h2kg/decode/workflow/anchor/image-x-ray-tomography-data-parameter-extraction-3d-data,True,same_direct_label_context,False,"[{""incoming_labels"": [], ""outgoing_labels"": [""GDL substrate porosity"", ""GDL substrate thickness"", ""MPL thickness""]}]"
duplicate-occurrence::current-modulated-hydrogen-flow-rate-spectroscopy-ch2s::6f3fa84320,current-modulated-hydrogen-flow-rate-spectroscopy-ch2s,SEM and EDX,,current-modulated-hydrogen-flow-rate-spectroscopy-ch2s::n19; current-modulated-hydrogen-flow-rate-spectroscopy-ch2s::n20,2,https://w3id.org/h2kg/decode/workflow/anchor/sem-and-edx-method,True,distinct_branch_context,False,"[{""incoming_labels"": [], ""outgoing_labels"": [""GDL substrate thickness""]}, {""incoming_labels"": [], ""outgoing_labels"": [""GDL substrate thickness"", ""MPL thickness""]}]"
duplicate-occurrence::current-modulated-hydrogen-flow-rate-spectroscopy-ch2s::aad03d34f3,current-modulated-hydrogen-flow-rate-spectroscopy-ch2s,Voxel based 3D Effective Diffusivity simulation,,current-modulated-hydrogen-flow-rate-spectroscopy-ch2s::n28; current-modulated-hydrogen-flow-rate-spectroscopy-ch2s::n29,2,https://w3id.org/h2kg/decode/workflow/anchor/voxel-based-3d-effective-diffusivity-simulation-model,True,distinct_branch_context,False,"[{""incoming_labels"": [], ""outgoing_labels"": [""GDL substrate porosity""]}, {""incoming_labels"": [], ""outgoing_labels"": [""MPL porosity""]}]"
duplicate-occurrence::density-potential-functional-theory-applied-to-supported-electrocatalysts::0bdcc1d5ca,density-potential-functional-theory-applied-to-supported-electrocatalysts,IRRAS operando/in-situ FTIR,,density-potential-functional-theory-applied-to-supported-electrocatalysts::n13; density-potential-functional-theory-applied-to-supported-electrocatalysts::n14,2,https://w3id.org/h2kg/decode/workflow/anchor/irras-operando-in-situ-ftir-method,True,same_direct_label_context,False,"[{""incoming_labels"": [], ""outgoing_labels"": [""Electrode chemistry""]}]"
duplicate-occurrence::dft-onto-idealized-surfaces::aa990ac698,dft-onto-idealized-surfaces,Fitting Version of the Hierachical Model,,dft-onto-idealized-surfaces::n11; dft-onto-idealized-surfaces::n12,2,https://w3id.org/h2kg/decode/workflow/anchor/fitting-version-of-the-hierachical-model-model,True,distinct_branch_context,False,"[{""incoming_labels"": [""Activation barriers of elementary steps"", ""Binding energies of intermediates""], ""outgoing_labels"": []}, {""incoming_labels"": [""Binding energies of intermediates""], ""outgoing_labels"": []}]"
duplicate-occurrence::dft-onto-idealized-surfaces::0bdcc1d5ca,dft-onto-idealized-surfaces,IRRAS operando/in-situ FTIR,,dft-onto-idealized-surfaces::n17; dft-onto-idealized-surfaces::n18,2,https://w3id.org/h2kg/decode/workflow/anchor/irras-operando-in-situ-ftir-method,True,same_direct_label_context,False,"[{""incoming_labels"": [], ""outgoing_labels"": [""Electrode chemistry""]}]"
duplicate-occurrence::differential-cell-testing::e5676a00b8,differential-cell-testing,0D Particle population degradation model coupled with performance model (prediction),,differential-cell-testing::n20; differential-cell-testing::n21,2,https://w3id.org/h2kg/decode/workflow/anchor/0d-particle-population-degradation-model-coupled-with-performance-model-prediction-model,True,distinct_branch_context,False,"[{""incoming_labels"": [""Cell crossover current density""], ""outgoing_labels"": []}, {""incoming_labels"": [""Cell crossover current density""], ""outgoing_labels"": [""CCL thickness""]}]"
duplicate-occurrence::differential-cell-testing::999963abf4,differential-cell-testing,FIB measurements on GDL/MPL and catalyst materials.,,differential-cell-testing::n25; differential-cell-testing::n26; differential-cell-testing::n27; differential-cell-testing::n28; differential-cell-testing::n29,5,https://w3id.org/h2kg/decode/workflow/anchor/fib-measurements-on-gdl-mpl-and-catalyst-materials-method,True,same_direct_label_context,False,"[{""incoming_labels"": [], ""outgoing_labels"": [""CCL thickness""]}]"
duplicate-occurrence::diffusion-theory::170599fb51,diffusion-theory,RDE on mono- or polycrystalline electrodes,,diffusion-theory::n7; diffusion-theory::n8,2,https://w3id.org/h2kg/decode/workflow/anchor/rde-on-mono-or-polycrystalline-electrodes-method,True,same_direct_label_context,False,"[{""incoming_labels"": [], ""outgoing_labels"": [""RDE electrochemical response (idealized)""]}]"
duplicate-occurrence::diffusion-theory::8ada5d4809,diffusion-theory,RRDE on model electrodes in acidic solutions,,diffusion-theory::n10; diffusion-theory::n9,2,https://w3id.org/h2kg/decode/workflow/anchor/rrde-on-model-electrodes-in-acidic-solutions-model,True,same_direct_label_context,False,"[{""incoming_labels"": [], ""outgoing_labels"": [""RDE electrochemical response (idealized)""]}]"
duplicate-occurrence::diffusion-theory::4c6d79e735,diffusion-theory,RRDE on model electrodes in alkaline solutions,,diffusion-theory::n11; diffusion-theory::n12,2,https://w3id.org/h2kg/decode/workflow/anchor/rrde-on-model-electrodes-in-alkaline-solutions-model,True,same_direct_label_context,False,"[{""incoming_labels"": [], ""outgoing_labels"": [""RDE electrochemical response (idealized)""]}]"
duplicate-occurrence::diffusivities-from-tortuosities::e5676a00b8,diffusivities-from-tortuosities,0D Particle population degradation model coupled with performance model (prediction),,diffusivities-from-tortuosities::n17; diffusivities-from-tortuosities::n18,2,https://w3id.org/h2kg/decode/workflow/anchor/0d-particle-population-degradation-model-coupled-with-performance-model-prediction-model,True,distinct_branch_context,False,"[{""incoming_labels"": [""GDL effective O2 diffusivity""], ""outgoing_labels"": []}, {""incoming_labels"": [""GDL effective O2 diffusivity""], ""outgoing_labels"": [""CCL porosity""]}]"
duplicate-occurrence::diffusivities-from-tortuosities::999963abf4,diffusivities-from-tortuosities,FIB measurements on GDL/MPL and catalyst materials.,,diffusivities-from-tortuosities::n20; diffusivities-from-tortuosities::n21,2,https://w3id.org/h2kg/decode/workflow/anchor/fib-measurements-on-gdl-mpl-and-catalyst-materials-method,True,same_direct_label_context,False,"[{""incoming_labels"": [], ""outgoing_labels"": [""MPL thickness""]}]"
duplicate-occurrence::diffusivities-from-tortuosities::9d1da7d3e8,diffusivities-from-tortuosities,GDL compressability,,diffusivities-from-tortuosities::n34; diffusivities-from-tortuosities::n35,2,https://w3id.org/h2kg/decode/workflow/anchor/gdl-compressability-method,True,distinct_branch_context,False,"[{""incoming_labels"": [], ""outgoing_labels"": [""GDL substrate thickness""]}, {""incoming_labels"": [], ""outgoing_labels"": [""GDL thickness""]}]"
duplicate-occurrence::diffusivities-from-tortuosities::5c495e16a4,diffusivities-from-tortuosities,Image parameter extraction 2D,,diffusivities-from-tortuosities::n24; diffusivities-from-tortuosities::n25; diffusivities-from-tortuosities::n26,3,https://w3id.org/h2kg/decode/workflow/anchor/image-parameter-extraction-2d-method,True,distinct_branch_context,False,"[{""incoming_labels"": [], ""outgoing_labels"": [""GDL substrate thickness""]}, {""incoming_labels"": [], ""outgoing_labels"": [""GDL substrate thickness"", ""GDL thickness"", ""MPL thickness""]}, {""incoming_labels"": [], ""outgoing_labels"": [""MPL thickness""]}]"
duplicate-occurrence::diffusivities-from-tortuosities::103e7fbe42,diffusivities-from-tortuosities,Image X-ray tomography data parameter extraction 3D,,diffusivities-from-tortuosities::n27; diffusivities-from-tortuosities::n28; diffusivities-from-tortuosities::n29,3,https://w3id.org/h2kg/decode/workflow/anchor/image-x-ray-tomography-data-parameter-extraction-3d-data,True,same_direct_label_context,False,"[{""incoming_labels"": [], ""outgoing_labels"": [""GDL substrate porosity"", ""GDL substrate thickness"", ""MPL thickness""]}]"
duplicate-occurrence::diffusivities-from-tortuosities::6f3fa84320,diffusivities-from-tortuosities,SEM and EDX,,diffusivities-from-tortuosities::n22; diffusivities-from-tortuosities::n23,2,https://w3id.org/h2kg/decode/workflow/anchor/sem-and-edx-method,True,distinct_branch_context,False,"[{""incoming_labels"": [], ""outgoing_labels"": [""GDL substrate thickness""]}, {""incoming_labels"": [], ""outgoing_labels"": [""GDL substrate thickness"", ""GDL thickness"", ""MPL thickness""]}]"
duplicate-occurrence::diffusivities-from-tortuosities::aad03d34f3,diffusivities-from-tortuosities,Voxel based 3D Effective Diffusivity simulation,,diffusivities-from-tortuosities::n31; diffusivities-from-tortuosities::n32; diffusivities-from-tortuosities::n33,3,https://w3id.org/h2kg/decode/workflow/anchor/voxel-based-3d-effective-diffusivity-simulation-model,True,distinct_branch_context,False,"[{""incoming_labels"": [], ""outgoing_labels"": [""CCL porosity"", ""CCL tortuosity""]}, {""incoming_labels"": [], ""outgoing_labels"": [""GDL substrate porosity"", ""GDL substrate through-plane tortuosity""]}, {""incoming_labels"": [], ""outgoing_labels"": [""MPL porosity"", ""MPL tortuosity""]}]"
duplicate-occurrence::distribution-of-contact-angles-in-ccl-fib-sem-image-from-ionomer-reconstruction::eb9f3e1a9a,distribution-of-contact-angles-in-ccl-fib-sem-image-from-ionomer-reconstruction,High resolution electron tomography for accessing Pt and ionomer distribution on carbon aggregate,,distribution-of-contact-angles-in-ccl-fib-sem-image-from-ionomer-reconstruction::n5; distribution-of-contact-angles-in-ccl-fib-sem-image-from-ionomer-reconstruction::n6,2,https://w3id.org/h2kg/decode/workflow/anchor/high-resolution-electron-tomography-for-accessing-pt-and-ionomer-distribution-on-carbon-aggregate-method,True,same_direct_label_context,False,"[{""incoming_labels"": [], ""outgoing_labels"": [""CCL 3D voxel data classified with ionomer and Pt""]}]"
duplicate-occurrence::dropcasted-ink-on-gc-tips::76ab634f1a,dropcasted-ink-on-gc-tips,Accelerated Stress Test (AST) on Nanostructured Electrodes,,dropcasted-ink-on-gc-tips::n11; dropcasted-ink-on-gc-tips::n12,2,https://w3id.org/h2kg/decode/workflow/anchor/accelerated-stress-test-ast-on-nanostructured-electrodes-method,True,same_direct_label_context,False,"[{""incoming_labels"": [""RDE electrode (nanostructured)""], ""outgoing_labels"": []}]"
duplicate-occurrence::dropcasted-ink-on-gc-tips::29ba27e6b3,dropcasted-ink-on-gc-tips,EIS on nanostructured electrodes,,dropcasted-ink-on-gc-tips::n10; dropcasted-ink-on-gc-tips::n9,2,https://w3id.org/h2kg/decode/workflow/anchor/eis-on-nanostructured-electrodes-method,True,same_direct_label_context,False,"[{""incoming_labels"": [""RDE electrode (nanostructured)""], ""outgoing_labels"": []}]"
duplicate-occurrence::eis-on-nanostructured-electrodes::29ba27e6b3,eis-on-nanostructured-electrodes,EIS on nanostructured electrodes,,eis-on-nanostructured-electrodes::n7; eis-on-nanostructured-electrodes::n8,2,https://w3id.org/h2kg/decode/workflow/anchor/eis-on-nanostructured-electrodes-method,True,distinct_branch_context,False,"[{""incoming_labels"": [""Catalyst loading"", ""Electrolyte"", ""Electrolyte composition"", ""I/C-ratio"", ""RDE electrode (nanostructured)""], ""outgoing_labels"": [""RDE EIS (nanostructured)""]}, {""incoming_labels"": [""Catalyst loading"", ""Electrolyte"", ""Electrolyte composition"", ""Monomer concentration in the electrolyte"", ""RDE electrode (nanostructured)""], ""outgoing_labels"": [""RDE EIS (nanostructured)""]}]"
duplicate-occurrence::electrical-conductivity::93d41e2ce2,electrical-conductivity,Electrical conductivity,,electrical-conductivity::n10; electrical-conductivity::n11,2,https://w3id.org/h2kg/decode/workflow/anchor/electrical-conductivity-method,True,distinct_branch_context,False,"[{""incoming_labels"": [""GDL"", ""GDL stress-strain curve"", ""GDL thickness""], ""outgoing_labels"": [""GDL in-plane conductivity"", ""GDL through-plane conductivity""]}, {""incoming_labels"": [""GDL substrate"", ""GDL substrate stress-strain curve"", ""GDL substrate thickness""], ""outgoing_labels"": [""GDL substrate in-plane conductivity"", ""GDL substrate through-plane conductivity""]}]"
duplicate-occurrence::electrical-conductivity::9d1da7d3e8,electrical-conductivity,GDL compressability,,electrical-conductivity::n14; electrical-conductivity::n24,2,https://w3id.org/h2kg/decode/workflow/anchor/gdl-compressability-method,True,distinct_branch_context,False,"[{""incoming_labels"": [], ""outgoing_labels"": [""GDL stress-strain curve"", ""GDL thickness""]}, {""incoming_labels"": [], ""outgoing_labels"": [""GDL substrate stress-strain curve"", ""GDL substrate thickness""]}]"
duplicate-occurrence::electrical-conductivity::5c495e16a4,electrical-conductivity,Image parameter extraction 2D,,electrical-conductivity::n13; electrical-conductivity::n20,2,https://w3id.org/h2kg/decode/workflow/anchor/image-parameter-extraction-2d-method,True,distinct_branch_context,False,"[{""incoming_labels"": [], ""outgoing_labels"": [""GDL substrate thickness""]}, {""incoming_labels"": [], ""outgoing_labels"": [""GDL substrate thickness"", ""GDL thickness""]}]"
duplicate-occurrence::electrical-conductivity::103e7fbe42,electrical-conductivity,Image X-ray tomography data parameter extraction 3D,,electrical-conductivity::n21; electrical-conductivity::n22; electrical-conductivity::n23,3,https://w3id.org/h2kg/decode/workflow/anchor/image-x-ray-tomography-data-parameter-extraction-3d-data,True,same_direct_label_context,False,"[{""incoming_labels"": [], ""outgoing_labels"": [""GDL substrate thickness""]}]"
duplicate-occurrence::electrical-conductivity::6f3fa84320,electrical-conductivity,SEM and EDX,,electrical-conductivity::n12; electrical-conductivity::n19,2,https://w3id.org/h2kg/decode/workflow/anchor/sem-and-edx-method,True,distinct_branch_context,False,"[{""incoming_labels"": [], ""outgoing_labels"": [""GDL substrate thickness""]}, {""incoming_labels"": [], ""outgoing_labels"": [""GDL substrate thickness"", ""GDL thickness""]}]"
duplicate-occurrence::electrical-contact-resistance::4fe4544775,electrical-contact-resistance,Electrical contact resistance,,electrical-contact-resistance::n11; electrical-contact-resistance::n12,2,https://w3id.org/h2kg/decode/workflow/anchor/electrical-contact-resistance-method,True,distinct_branch_context,False,"[{""incoming_labels"": [""BPP material"", ""GDL"", ""GDL stress-strain curve"", ""GDL thickness""], ""outgoing_labels"": [""GDL contact resistance vs BPP"", ""GDL through-plane conductivity""]}, {""incoming_labels"": [""BPP material"", ""GDL substrate"", ""GDL substrate stress-strain curve"", ""GDL substrate thickness""], ""outgoing_labels"": [""GDL substrate contact resistance vs BPP"", ""GDL substrate through-plane conductivity""]}]"
duplicate-occurrence::electrical-contact-resistance::9d1da7d3e8,electrical-contact-resistance,GDL compressability,,electrical-contact-resistance::n15; electrical-contact-resistance::n25,2,https://w3id.org/h2kg/decode/workflow/anchor/gdl-compressability-method,True,distinct_branch_context,False,"[{""incoming_labels"": [], ""outgoing_labels"": [""GDL stress-strain curve"", ""GDL thickness""]}, {""incoming_labels"": [], ""outgoing_labels"": [""GDL substrate stress-strain curve"", ""GDL substrate thickness""]}]"
duplicate-occurrence::electrical-contact-resistance::5c495e16a4,electrical-contact-resistance,Image parameter extraction 2D,,electrical-contact-resistance::n14; electrical-contact-resistance::n21,2,https://w3id.org/h2kg/decode/workflow/anchor/image-parameter-extraction-2d-method,True,distinct_branch_context,False,"[{""incoming_labels"": [], ""outgoing_labels"": [""GDL substrate thickness""]}, {""incoming_labels"": [], ""outgoing_labels"": [""GDL substrate thickness"", ""GDL thickness""]}]"
duplicate-occurrence::electrical-contact-resistance::103e7fbe42,electrical-contact-resistance,Image X-ray tomography data parameter extraction 3D,,electrical-contact-resistance::n22; electrical-contact-resistance::n23; electrical-contact-resistance::n24,3,https://w3id.org/h2kg/decode/workflow/anchor/image-x-ray-tomography-data-parameter-extraction-3d-data,True,same_direct_label_context,False,"[{""incoming_labels"": [], ""outgoing_labels"": [""GDL substrate thickness""]}]"
duplicate-occurrence::electrical-contact-resistance::6f3fa84320,electrical-contact-resistance,SEM and EDX,,electrical-contact-resistance::n13; electrical-contact-resistance::n20,2,https://w3id.org/h2kg/decode/workflow/anchor/sem-and-edx-method,True,distinct_branch_context,False,"[{""incoming_labels"": [], ""outgoing_labels"": [""GDL substrate thickness""]}, {""incoming_labels"": [], ""outgoing_labels"": [""GDL substrate thickness"", ""GDL thickness""]}]"
duplicate-occurrence::electrical-tlm-characterization-of-a-gdl-with-defined-compression::f15ca537f2,electrical-tlm-characterization-of-a-gdl-with-defined-compression,Electrical TLM characterization of a GDL with defined compression,,electrical-tlm-characterization-of-a-gdl-with-defined-compression::n10; electrical-tlm-characterization-of-a-gdl-with-defined-compression::n11,2,https://w3id.org/h2kg/decode/workflow/anchor/electrical-tlm-characterization-of-a-gdl-with-defined-compression-method,True,distinct_branch_context,False,"[{""incoming_labels"": [""GDL"", ""GDL stress-strain curve"", ""GDL thickness""], ""outgoing_labels"": [""GDL contact resistance vs Au"", ""GDL in-plane conductivity""]}, {""incoming_labels"": [""GDL substrate"", ""GDL substrate stress-strain curve"", ""GDL substrate thickness""], ""outgoing_labels"": [""GDL substrate contact resistance vs Au"", ""GDL substrate in-plane conductivity""]}]"
duplicate-occurrence::electrical-tlm-characterization-of-a-gdl-with-defined-compression::9d1da7d3e8,electrical-tlm-characterization-of-a-gdl-with-defined-compression,GDL compressability,,electrical-tlm-characterization-of-a-gdl-with-defined-compression::n14; electrical-tlm-characterization-of-a-gdl-with-defined-compression::n24,2,https://w3id.org/h2kg/decode/workflow/anchor/gdl-compressability-method,True,distinct_branch_context,False,"[{""incoming_labels"": [], ""outgoing_labels"": [""GDL stress-strain curve"", ""GDL thickness""]}, {""incoming_labels"": [], ""outgoing_labels"": [""GDL substrate stress-strain curve"", ""GDL substrate thickness""]}]"
duplicate-occurrence::electrical-tlm-characterization-of-a-gdl-with-defined-compression::5c495e16a4,electrical-tlm-characterization-of-a-gdl-with-defined-compression,Image parameter extraction 2D,,electrical-tlm-characterization-of-a-gdl-with-defined-compression::n13; electrical-tlm-characterization-of-a-gdl-with-defined-compression::n20,2,https://w3id.org/h2kg/decode/workflow/anchor/image-parameter-extraction-2d-method,True,distinct_branch_context,False,"[{""incoming_labels"": [], ""outgoing_labels"": [""GDL substrate thickness""]}, {""incoming_labels"": [], ""outgoing_labels"": [""GDL substrate thickness"", ""GDL thickness""]}]"
duplicate-occurrence::electrical-tlm-characterization-of-a-gdl-with-defined-compression::103e7fbe42,electrical-tlm-characterization-of-a-gdl-with-defined-compression,Image X-ray tomography data parameter extraction 3D,,electrical-tlm-characterization-of-a-gdl-with-defined-compression::n21; electrical-tlm-characterization-of-a-gdl-with-defined-compression::n22; electrical-tlm-characterization-of-a-gdl-with-defined-compression::n23,3,https://w3id.org/h2kg/decode/workflow/anchor/image-x-ray-tomography-data-parameter-extraction-3d-data,True,same_direct_label_context,False,"[{""incoming_labels"": [], ""outgoing_labels"": [""GDL substrate thickness""]}]"
duplicate-occurrence::electrical-tlm-characterization-of-a-gdl-with-defined-compression::6f3fa84320,electrical-tlm-characterization-of-a-gdl-with-defined-compression,SEM and EDX,,electrical-tlm-characterization-of-a-gdl-with-defined-compression::n12; electrical-tlm-characterization-of-a-gdl-with-defined-compression::n19,2,https://w3id.org/h2kg/decode/workflow/anchor/sem-and-edx-method,True,distinct_branch_context,False,"[{""incoming_labels"": [], ""outgoing_labels"": [""GDL substrate thickness""]}, {""incoming_labels"": [], ""outgoing_labels"": [""GDL substrate thickness"", ""GDL thickness""]}]"
duplicate-occurrence::electrospray-deposition-of-catalyst-layers::c1427ed4e0,electrospray-deposition-of-catalyst-layers,Electrospray deposition of Catalyst Layers,,electrospray-deposition-of-catalyst-layers::n11; electrospray-deposition-of-catalyst-layers::n12; electrospray-deposition-of-catalyst-layers::n13; electrospray-deposition-of-catalyst-layers::n14,4,https://w3id.org/h2kg/decode/workflow/anchor/electrospray-deposition-of-catalyst-layers-process,True,distinct_branch_context,False,"[{""incoming_labels"": [""CL on membrane"", ""Catalyst ink"", ""Electrospray DC voltage"", ""Electrospray needle to substrate distance"", ""Electrospray scan rate""], ""outgoing_labels"": [""CCM""]}, {""incoming_labels"": [""Catalyst ink"", ""Electrospray DC voltage"", ""Electrospray needle to substrate distance"", ""Electrospray scan rate"", ""GDL""], ""outgoing_labels"": [""GDE""]}, {""incoming_labels"": [""Catalyst ink"", ""Electrospray DC voltage"", ""Electrospray needle to substrate distance"", ""Electrospray scan rate"", ""Inert substrate""], ""outgoing_labels"": [""CL on substrate""]}, {""incoming_labels"": [""Catalyst ink"", ""Electrospray DC voltage"", ""Electrospray needle to substrate distance"", ""Electrospray scan rate"", ""Membrane""], ""outgoing_labels"": [""CL on membrane""]}]"
duplicate-occurrence::electrospray-deposition-of-catalyst-layers::999963abf4,electrospray-deposition-of-catalyst-layers,FIB measurements on GDL/MPL and catalyst materials.,,electrospray-deposition-of-catalyst-layers::n18; electrospray-deposition-of-catalyst-layers::n28; electrospray-deposition-of-catalyst-layers::n44,3,https://w3id.org/h2kg/decode/workflow/anchor/fib-measurements-on-gdl-mpl-and-catalyst-materials-method,True,distinct_branch_context,False,"[{""incoming_labels"": [""CCM""], ""outgoing_labels"": []}, {""incoming_labels"": [""CL on membrane""], ""outgoing_labels"": []}, {""incoming_labels"": [""CL on substrate""], ""outgoing_labels"": []}]"
duplicate-occurrence::electrospray-deposition-of-catalyst-layers::81049ae2c6,electrospray-deposition-of-catalyst-layers,GDE cell for electrochemical studies,,electrospray-deposition-of-catalyst-layers::n15; electrospray-deposition-of-catalyst-layers::n38; electrospray-deposition-of-catalyst-layers::n39,3,https://w3id.org/h2kg/decode/workflow/anchor/gde-cell-for-electrochemical-studies-method,True,distinct_branch_context,False,"[{""incoming_labels"": [""CL on membrane""], ""outgoing_labels"": []}, {""incoming_labels"": [""GDE""], ""outgoing_labels"": []}]"
duplicate-occurrence::electrospray-deposition-of-catalyst-layers::eb9f3e1a9a,electrospray-deposition-of-catalyst-layers,High resolution electron tomography for accessing Pt and ionomer distribution on carbon aggregate,,electrospray-deposition-of-catalyst-layers::n21; electrospray-deposition-of-catalyst-layers::n41,2,https://w3id.org/h2kg/decode/workflow/anchor/high-resolution-electron-tomography-for-accessing-pt-and-ionomer-distribution-on-carbon-aggregate-method,True,distinct_branch_context,False,"[{""incoming_labels"": [""CCM""], ""outgoing_labels"": []}, {""incoming_labels"": [""CL on substrate""], ""outgoing_labels"": []}]"
duplicate-occurrence::electrospray-deposition-of-catalyst-layers::bdae7b8612,electrospray-deposition-of-catalyst-layers,"Mechanical properties of catalyst layers, GDLs, and MEAs by small-punch and nanoindentation",,electrospray-deposition-of-catalyst-layers::n22; electrospray-deposition-of-catalyst-layers::n42,2,https://w3id.org/h2kg/decode/workflow/anchor/mechanical-properties-of-catalyst-layers-gdls-and-meas-by-small-punch-and-nanoindentation-method,True,distinct_branch_context,False,"[{""incoming_labels"": [""CCM""], ""outgoing_labels"": []}, {""incoming_labels"": [""CL on substrate""], ""outgoing_labels"": []}]"
duplicate-occurrence::electrospray-deposition-of-catalyst-layers::4df6cd947e,electrospray-deposition-of-catalyst-layers,Sheet resistance measurement,,electrospray-deposition-of-catalyst-layers::n17; electrospray-deposition-of-catalyst-layers::n27; electrospray-deposition-of-catalyst-layers::n43,3,https://w3id.org/h2kg/decode/workflow/anchor/sheet-resistance-measurement-method,True,distinct_branch_context,False,"[{""incoming_labels"": [""CCM""], ""outgoing_labels"": []}, {""incoming_labels"": [""CL on membrane""], ""outgoing_labels"": []}, {""incoming_labels"": [""CL on substrate""], ""outgoing_labels"": []}]"
duplicate-occurrence::fib-measurements-on-gdl-or-mpl-and-catalyst-materials::8a236b8da8,fib-measurements-on-gdl-or-mpl-and-catalyst-materials,CL for RDE,,fib-measurements-on-gdl-or-mpl-and-catalyst-materials::n39; fib-measurements-on-gdl-or-mpl-and-catalyst-materials::n40,2,https://w3id.org/h2kg/decode/workflow/anchor/cl-for-rde-method,True,distinct_branch_context,False,"[{""incoming_labels"": [], ""outgoing_labels"": [""CL on GDL""]}, {""incoming_labels"": [], ""outgoing_labels"": [""CL on glassy carbon""]}]"
duplicate-occurrence::fib-measurements-on-gdl-or-mpl-and-catalyst-materials::c1427ed4e0,fib-measurements-on-gdl-or-mpl-and-catalyst-materials,Electrospray deposition of Catalyst Layers,,fib-measurements-on-gdl-or-mpl-and-catalyst-materials::n31; fib-measurements-on-gdl-or-mpl-and-catalyst-materials::n35; fib-measurements-on-gdl-or-mpl-and-catalyst-materials::n37,3,https://w3id.org/h2kg/decode/workflow/anchor/electrospray-deposition-of-catalyst-layers-process,True,distinct_branch_context,False,"[{""incoming_labels"": [], ""outgoing_labels"": [""CCM""]}, {""incoming_labels"": [], ""outgoing_labels"": [""CL on membrane""]}, {""incoming_labels"": [], ""outgoing_labels"": [""CL on substrate""]}]"
duplicate-occurrence::fib-measurements-on-gdl-or-mpl-and-catalyst-materials::999963abf4,fib-measurements-on-gdl-or-mpl-and-catalyst-materials,FIB measurements on GDL/MPL and catalyst materials.,,fib-measurements-on-gdl-or-mpl-and-catalyst-materials::n10; fib-measurements-on-gdl-or-mpl-and-catalyst-materials::n11; fib-measurements-on-gdl-or-mpl-and-catalyst-materials::n12; fib-measurements-on-gdl-or-mpl-and-catalyst-materials::n13; fib-measurements-on-gdl-or-mpl-and-catalyst-materials::n14; fib-measurements-on-gdl-or-mpl-and-catalyst-materials::n15,6,https://w3id.org/h2kg/decode/workflow/anchor/fib-measurements-on-gdl-mpl-and-catalyst-materials-method,True,distinct_branch_context,False,"[{""incoming_labels"": [""CCM""], ""outgoing_labels"": [""CCL 3D voxel data raw"", ""CCL thickness""]}, {""incoming_labels"": [""CL on GDL""], ""outgoing_labels"": [""CCL 3D voxel data raw"", ""CCL thickness"", ""MPL 3D voxel data raw"", ""MPL thickness""]}, {""incoming_labels"": [""CL on glassy carbon""], ""outgoing_labels"": [""CCL 3D voxel data raw"", ""CCL thickness""]}, {""incoming_labels"": [""CL on membrane""], ""outgoing_labels"": [""CCL 3D voxel data raw"", ""CCL thickness""]}, {""incoming_labels"": [""CL on substrate""], ""outgoing_labels"": [""CCL 3D voxel data raw"", ""CCL thickness""]}, {""incoming_labels"": [""GDL""], ""outgoing_labels"": [""MPL 3D voxel data raw"", ""MPL thickness""]}]"
duplicate-occurrence::fib-measurements-on-gdl-or-mpl-and-catalyst-materials::4beec2447a,fib-measurements-on-gdl-or-mpl-and-catalyst-materials,Image classification of FIB tomography data,,fib-measurements-on-gdl-or-mpl-and-catalyst-materials::n18; fib-measurements-on-gdl-or-mpl-and-catalyst-materials::n30,2,https://w3id.org/h2kg/decode/workflow/anchor/image-classification-of-fib-tomography-data-data,True,distinct_branch_context,False,"[{""incoming_labels"": [""CCL 3D voxel data raw""], ""outgoing_labels"": []}, {""incoming_labels"": [""MPL 3D voxel data raw""], ""outgoing_labels"": []}]"
duplicate-occurrence::fib-measurements-on-gdl-or-mpl-and-catalyst-materials::d07d27ad90,fib-measurements-on-gdl-or-mpl-and-catalyst-materials,Image classification on nm scale,,fib-measurements-on-gdl-or-mpl-and-catalyst-materials::n17; fib-measurements-on-gdl-or-mpl-and-catalyst-materials::n29,2,https://w3id.org/h2kg/decode/workflow/anchor/image-classification-on-nm-scale-method,True,distinct_branch_context,False,"[{""incoming_labels"": [""CCL 3D voxel data raw""], ""outgoing_labels"": []}, {""incoming_labels"": [""MPL 3D voxel data raw""], ""outgoing_labels"": []}]"
duplicate-occurrence::fib-measurements-on-gdl-or-mpl-and-catalyst-materials::0ea0ec95cd,fib-measurements-on-gdl-or-mpl-and-catalyst-materials,Ultrasonic spray deposition for catalytic layers,,fib-measurements-on-gdl-or-mpl-and-catalyst-materials::n32; fib-measurements-on-gdl-or-mpl-and-catalyst-materials::n38,2,https://w3id.org/h2kg/decode/workflow/anchor/ultrasonic-spray-deposition-for-catalytic-layers-process,True,distinct_branch_context,False,"[{""incoming_labels"": [], ""outgoing_labels"": [""CCM""]}, {""incoming_labels"": [], ""outgoing_labels"": [""CL on substrate""]}]"
duplicate-occurrence::fitting-of-the-europium-model::e5676a00b8,fitting-of-the-europium-model,0D Particle population degradation model coupled with performance model (prediction),,fitting-of-the-europium-model::n67; fitting-of-the-europium-model::n68,2,https://w3id.org/h2kg/decode/workflow/anchor/0d-particle-population-degradation-model-coupled-with-performance-model-prediction-model,True,distinct_branch_context,False,"[{""incoming_labels"": [""CCL ORR apparent Tafel slope(s)"", ""CCL ORR effective exchange current density"", ""CCL porosity"", ""Membrane proton conductivity"", ""Membrane thickness""], ""outgoing_labels"": [""CCL thickness""]}, {""incoming_labels"": [""CCL ORR apparent Tafel slope(s)"", ""CCL ORR effective exchange current density"", ""Membrane proton conductivity"", ""Membrane thickness""], ""outgoing_labels"": [""CCL porosity""]}]"
duplicate-occurrence::fitting-of-the-europium-model::379089a0ca,fitting-of-the-europium-model,CT-based capillary pressure saturation curves,,fitting-of-the-europium-model::n74; fitting-of-the-europium-model::n75,2,https://w3id.org/h2kg/decode/workflow/anchor/ct-based-capillary-pressure-saturation-curves-method,True,distinct_branch_context,False,"[{""incoming_labels"": [], ""outgoing_labels"": [""GDL substrate water retention curve""]}, {""incoming_labels"": [], ""outgoing_labels"": [""GDL substrate water retention curve"", ""MPL water retention curve""]}]"
duplicate-occurrence::fitting-of-the-europium-model::999963abf4,fitting-of-the-europium-model,FIB measurements on GDL/MPL and catalyst materials.,,fitting-of-the-europium-model::n76; fitting-of-the-europium-model::n77; fitting-of-the-europium-model::n78; fitting-of-the-europium-model::n79; fitting-of-the-europium-model::n80; fitting-of-the-europium-model::n81,6,https://w3id.org/h2kg/decode/workflow/anchor/fib-measurements-on-gdl-mpl-and-catalyst-materials-method,True,distinct_branch_context,False,"[{""incoming_labels"": [], ""outgoing_labels"": [""CCL thickness""]}, {""incoming_labels"": [], ""outgoing_labels"": [""CCL thickness"", ""MPL thickness""]}, {""incoming_labels"": [], ""outgoing_labels"": [""MPL thickness""]}]"
duplicate-occurrence::fitting-of-the-europium-model::9d1da7d3e8,fitting-of-the-europium-model,GDL compressability,,fitting-of-the-europium-model::n109; fitting-of-the-europium-model::n110,2,https://w3id.org/h2kg/decode/workflow/anchor/gdl-compressability-method,True,distinct_branch_context,False,"[{""incoming_labels"": [], ""outgoing_labels"": [""GDL stress-strain curve""]}, {""incoming_labels"": [], ""outgoing_labels"": [""GDL substrate thickness""]}]"
duplicate-occurrence::fitting-of-the-europium-model::d5c7dd6f81,fitting-of-the-europium-model,Image FIB tomography dataparameter extraction 3D,,fitting-of-the-europium-model::n92; fitting-of-the-europium-model::n93,2,https://w3id.org/h2kg/decode/workflow/anchor/image-fib-tomography-dataparameter-extraction-3d-data,True,distinct_branch_context,False,"[{""incoming_labels"": [], ""outgoing_labels"": [""CCL thickness"", ""Catalyst loading""]}, {""incoming_labels"": [], ""outgoing_labels"": [""MPL thickness""]}]"
duplicate-occurrence::fitting-of-the-europium-model::5c495e16a4,fitting-of-the-europium-model,Image parameter extraction 2D,,fitting-of-the-europium-model::n85; fitting-of-the-europium-model::n86; fitting-of-the-europium-model::n87; fitting-of-the-europium-model::n88,4,https://w3id.org/h2kg/decode/workflow/anchor/image-parameter-extraction-2d-method,True,distinct_branch_context,False,"[{""incoming_labels"": [], ""outgoing_labels"": [""CCL thickness"", ""Catalyst loading""]}, {""incoming_labels"": [], ""outgoing_labels"": [""GDL substrate thickness""]}, {""incoming_labels"": [], ""outgoing_labels"": [""GDL substrate thickness"", ""MPL thickness""]}, {""incoming_labels"": [], ""outgoing_labels"": [""MPL thickness""]}]"
duplicate-occurrence::fitting-of-the-europium-model::103e7fbe42,fitting-of-the-europium-model,Image X-ray tomography data parameter extraction 3D,,fitting-of-the-europium-model::n89; fitting-of-the-europium-model::n90; fitting-of-the-europium-model::n91,3,https://w3id.org/h2kg/decode/workflow/anchor/image-x-ray-tomography-data-parameter-extraction-3d-data,True,distinct_branch_context,False,"[{""incoming_labels"": [], ""outgoing_labels"": [""GDL substrate average pore radius"", ""GDL substrate porosity"", ""GDL substrate thickness"", ""GDL substrate water retention curve"", ""MPL thickness""]}, {""incoming_labels"": [], ""outgoing_labels"": [""GDL substrate average pore radius"", ""GDL substrate porosity"", ""GDL substrate thickness"", ""MPL thickness""]}]"
duplicate-occurrence::fitting-of-the-europium-model::6f3fa84320,fitting-of-the-europium-model,SEM and EDX,,fitting-of-the-europium-model::n82; fitting-of-the-europium-model::n83; fitting-of-the-europium-model::n84,3,https://w3id.org/h2kg/decode/workflow/anchor/sem-and-edx-method,True,distinct_branch_context,False,"[{""incoming_labels"": [], ""outgoing_labels"": [""CCL thickness""]}, {""incoming_labels"": [], ""outgoing_labels"": [""GDL substrate thickness""]}, {""incoming_labels"": [], ""outgoing_labels"": [""GDL substrate thickness"", ""MPL thickness""]}]"
duplicate-occurrence::fitting-of-the-europium-model::aad03d34f3,fitting-of-the-europium-model,Voxel based 3D Effective Diffusivity simulation,,fitting-of-the-europium-model::n94; fitting-of-the-europium-model::n95; fitting-of-the-europium-model::n96,3,https://w3id.org/h2kg/decode/workflow/anchor/voxel-based-3d-effective-diffusivity-simulation-model,True,distinct_branch_context,False,"[{""incoming_labels"": [], ""outgoing_labels"": [""CCL porosity"", ""CCL tortuosity""]}, {""incoming_labels"": [], ""outgoing_labels"": [""GDL substrate in-plane tortuosity"", ""GDL substrate porosity"", ""GDL substrate through-plane tortuosity""]}, {""incoming_labels"": [], ""outgoing_labels"": [""MPL porosity"", ""MPL tortuosity""]}]"
duplicate-occurrence::fitting-of-the-europium-model::3ecaeac69e,fitting-of-the-europium-model,Voxel based 3D Electric conductiviy simulation,,fitting-of-the-europium-model::n100; fitting-of-the-europium-model::n101; fitting-of-the-europium-model::n102,3,https://w3id.org/h2kg/decode/workflow/anchor/voxel-based-3d-electric-conductiviy-simulation-model,True,distinct_branch_context,False,"[{""incoming_labels"": [], ""outgoing_labels"": [""CCL conductivity""]}, {""incoming_labels"": [], ""outgoing_labels"": [""GDL substrate in-plane conductivity"", ""GDL substrate through-plane conductivity""]}, {""incoming_labels"": [], ""outgoing_labels"": [""MPL conductivity""]}]"
duplicate-occurrence::fitting-of-the-europium-model::e0062c6fc7,fitting-of-the-europium-model,Voxel based 3D Permability simulation,,fitting-of-the-europium-model::n97; fitting-of-the-europium-model::n98; fitting-of-the-europium-model::n99,3,https://w3id.org/h2kg/decode/workflow/anchor/voxel-based-3d-permability-simulation-model,True,distinct_branch_context,False,"[{""incoming_labels"": [], ""outgoing_labels"": [""CCL permeability""]}, {""incoming_labels"": [], ""outgoing_labels"": [""GDL substrate in-plane permeability"", ""GDL substrate through-plane permeability""]}, {""incoming_labels"": [], ""outgoing_labels"": [""MPL permeability""]}]"
duplicate-occurrence::fitting-of-the-europium-model::9a561335f7,fitting-of-the-europium-model,Voxel based 3D Thermal conductivity simulation,,fitting-of-the-europium-model::n103; fitting-of-the-europium-model::n104; fitting-of-the-europium-model::n105,3,https://w3id.org/h2kg/decode/workflow/anchor/voxel-based-3d-thermal-conductivity-simulation-model,True,distinct_branch_context,False,"[{""incoming_labels"": [], ""outgoing_labels"": [""CCL thermal conductivity""]}, {""incoming_labels"": [], ""outgoing_labels"": [""GDL substrate in-plane thermal conductivity"", ""GDL substrate through-plane thermal conductivity""]}, {""incoming_labels"": [], ""outgoing_labels"": [""MPL thermal conductivity""]}]"
duplicate-occurrence::fitting-of-the-europium-model::d88ec53a62,fitting-of-the-europium-model,Water retention curve simulation,,fitting-of-the-europium-model::n106; fitting-of-the-europium-model::n107; fitting-of-the-europium-model::n108,3,https://w3id.org/h2kg/decode/workflow/anchor/water-retention-curve-simulation-model,True,distinct_branch_context,False,"[{""incoming_labels"": [], ""outgoing_labels"": [""CCL water retention curve""]}, {""incoming_labels"": [], ""outgoing_labels"": [""GDL substrate water retention curve""]}, {""incoming_labels"": [], ""outgoing_labels"": [""MPL water retention curve""]}]"
duplicate-occurrence::fitting-version-of-the-hierachical-model::aa990ac698,fitting-version-of-the-hierachical-model,Fitting Version of the Hierachical Model,,fitting-version-of-the-hierachical-model::n10; fitting-version-of-the-hierachical-model::n9,2,https://w3id.org/h2kg/decode/workflow/anchor/fitting-version-of-the-hierachical-model-model,True,distinct_branch_context,False,"[{""incoming_labels"": [""Activation barriers of elementary steps"", ""Binding energies of intermediates"", ""LRE pH distribution (idealized)"", ""LRE potential distribution (idealized)"", ""RDE electrochemical protocol"", ""RDE electrochemical response (idealized)"", ""Reaction mechanisms (ORR)""], ""outgoing_labels"": [""LRE capacitance (idealized)"", ""Transfer coefficients of elementary steps""]}, {""incoming_labels"": [""Binding energies of intermediates"", ""LRE pH distribution (idealized)"", ""LRE potential distribution (idealized)"", ""RDE electrochemical protocol"", ""RDE electrochemical response (idealized)"", ""Reaction mechanisms (ORR)"", ""Transfer coefficients of elementary steps""], ""outgoing_labels"": [""Activation barriers of elementary steps"", ""LRE capacitance (idealized)""]}]"
duplicate-occurrence::fitting-version-of-the-hierachical-model::170599fb51,fitting-version-of-the-hierachical-model,RDE on mono- or polycrystalline electrodes,,fitting-version-of-the-hierachical-model::n13; fitting-version-of-the-hierachical-model::n14,2,https://w3id.org/h2kg/decode/workflow/anchor/rde-on-mono-or-polycrystalline-electrodes-method,True,same_direct_label_context,False,"[{""incoming_labels"": [], ""outgoing_labels"": [""RDE electrochemical response (idealized)""]}]"
duplicate-occurrence::fitting-version-of-the-hierachical-model::8ada5d4809,fitting-version-of-the-hierachical-model,RRDE on model electrodes in acidic solutions,,fitting-version-of-the-hierachical-model::n15; fitting-version-of-the-hierachical-model::n16,2,https://w3id.org/h2kg/decode/workflow/anchor/rrde-on-model-electrodes-in-acidic-solutions-model,True,same_direct_label_context,False,"[{""incoming_labels"": [], ""outgoing_labels"": [""RDE electrochemical response (idealized)""]}]"
duplicate-occurrence::fitting-version-of-the-hierachical-model::4c6d79e735,fitting-version-of-the-hierachical-model,RRDE on model electrodes in alkaline solutions,,fitting-version-of-the-hierachical-model::n17; fitting-version-of-the-hierachical-model::n18,2,https://w3id.org/h2kg/decode/workflow/anchor/rrde-on-model-electrodes-in-alkaline-solutions-model,True,same_direct_label_context,False,"[{""incoming_labels"": [], ""outgoing_labels"": [""RDE electrochemical response (idealized)""]}]"
duplicate-occurrence::gas-permeability-of-a-gdl-with-defined-compression::251042d1bf,gas-permeability-of-a-gdl-with-defined-compression,Gas permeability of a GDL with defined compression,,gas-permeability-of-a-gdl-with-defined-compression::n10; gas-permeability-of-a-gdl-with-defined-compression::n11,2,https://w3id.org/h2kg/decode/workflow/anchor/gas-permeability-of-a-gdl-with-defined-compression-method,True,distinct_branch_context,False,"[{""incoming_labels"": [""GDL"", ""GDL stress-strain curve"", ""GDL thickness""], ""outgoing_labels"": [""GDL in-plane permeability"", ""GDL through-plane permeability""]}, {""incoming_labels"": [""GDL substrate"", ""GDL substrate stress-strain curve"", ""GDL substrate thickness""], ""outgoing_labels"": [""GDL substrate in-plane permeability"", ""GDL substrate through-plane permeability""]}]"
duplicate-occurrence::gas-permeability-of-a-gdl-with-defined-compression::9d1da7d3e8,gas-permeability-of-a-gdl-with-defined-compression,GDL compressability,,gas-permeability-of-a-gdl-with-defined-compression::n14; gas-permeability-of-a-gdl-with-defined-compression::n24,2,https://w3id.org/h2kg/decode/workflow/anchor/gdl-compressability-method,True,distinct_branch_context,False,"[{""incoming_labels"": [], ""outgoing_labels"": [""GDL stress-strain curve"", ""GDL thickness""]}, {""incoming_labels"": [], ""outgoing_labels"": [""GDL substrate stress-strain curve"", ""GDL substrate thickness""]}]"
duplicate-occurrence::gas-permeability-of-a-gdl-with-defined-compression::5c495e16a4,gas-permeability-of-a-gdl-with-defined-compression,Image parameter extraction 2D,,gas-permeability-of-a-gdl-with-defined-compression::n13; gas-permeability-of-a-gdl-with-defined-compression::n20,2,https://w3id.org/h2kg/decode/workflow/anchor/image-parameter-extraction-2d-method,True,distinct_branch_context,False,"[{""incoming_labels"": [], ""outgoing_labels"": [""GDL substrate thickness""]}, {""incoming_labels"": [], ""outgoing_labels"": [""GDL substrate thickness"", ""GDL thickness""]}]"
duplicate-occurrence::gas-permeability-of-a-gdl-with-defined-compression::103e7fbe42,gas-permeability-of-a-gdl-with-defined-compression,Image X-ray tomography data parameter extraction 3D,,gas-permeability-of-a-gdl-with-defined-compression::n21; gas-permeability-of-a-gdl-with-defined-compression::n22; gas-permeability-of-a-gdl-with-defined-compression::n23,3,https://w3id.org/h2kg/decode/workflow/anchor/image-x-ray-tomography-data-parameter-extraction-3d-data,True,same_direct_label_context,False,"[{""incoming_labels"": [], ""outgoing_labels"": [""GDL substrate thickness""]}]"
duplicate-occurrence::gas-permeability-of-a-gdl-with-defined-compression::6f3fa84320,gas-permeability-of-a-gdl-with-defined-compression,SEM and EDX,,gas-permeability-of-a-gdl-with-defined-compression::n12; gas-permeability-of-a-gdl-with-defined-compression::n19,2,https://w3id.org/h2kg/decode/workflow/anchor/sem-and-edx-method,True,distinct_branch_context,False,"[{""incoming_labels"": [], ""outgoing_labels"": [""GDL substrate thickness""]}, {""incoming_labels"": [], ""outgoing_labels"": [""GDL substrate thickness"", ""GDL thickness""]}]"
duplicate-occurrence::gde-catalytic-layer-preparation::81049ae2c6,gde-catalytic-layer-preparation,GDE cell for electrochemical studies,,gde-catalytic-layer-preparation::n10; gde-catalytic-layer-preparation::n11,2,https://w3id.org/h2kg/decode/workflow/anchor/gde-cell-for-electrochemical-studies-method,True,same_direct_label_context,False,"[{""incoming_labels"": [""GDE""], ""outgoing_labels"": []}]"
duplicate-occurrence::gde-cell-for-electrochemical-studies::c1427ed4e0,gde-cell-for-electrochemical-studies,Electrospray deposition of Catalyst Layers,,gde-cell-for-electrochemical-studies::n14; gde-cell-for-electrochemical-studies::n15,2,https://w3id.org/h2kg/decode/workflow/anchor/electrospray-deposition-of-catalyst-layers-process,True,distinct_branch_context,False,"[{""incoming_labels"": [], ""outgoing_labels"": [""CL on membrane""]}, {""incoming_labels"": [], ""outgoing_labels"": [""GDE""]}]"
duplicate-occurrence::gde-cell-for-electrochemical-studies::81049ae2c6,gde-cell-for-electrochemical-studies,GDE cell for electrochemical studies,,gde-cell-for-electrochemical-studies::n10; gde-cell-for-electrochemical-studies::n11; gde-cell-for-electrochemical-studies::n12,3,https://w3id.org/h2kg/decode/workflow/anchor/gde-cell-for-electrochemical-studies-method,True,distinct_branch_context,False,"[{""incoming_labels"": [""CL on membrane"", ""Electrolyte"", ""GDE RH"", ""GDE electrochemical protocol"", ""GDE gas flow rate"", ""GDE temperature"", ""GDL""], ""outgoing_labels"": [""GDE electrochemical response""]}, {""incoming_labels"": [""Electrolyte"", ""GDE"", ""GDE RH"", ""GDE electrochemical protocol"", ""GDE gas flow rate"", ""GDE temperature""], ""outgoing_labels"": [""GDE electrochemical response""]}, {""incoming_labels"": [""Electrolyte"", ""GDE"", ""GDE RH"", ""GDE electrochemical protocol"", ""GDE gas flow rate"", ""GDE temperature"", ""Membrane""], ""outgoing_labels"": [""GDE electrochemical response""]}]"
duplicate-occurrence::gdl-compressability::e5676a00b8,gdl-compressability,0D Particle population degradation model coupled with performance model (prediction),,gdl-compressability::n12; gdl-compressability::n13,2,https://w3id.org/h2kg/decode/workflow/anchor/0d-particle-population-degradation-model-coupled-with-performance-model-prediction-model,True,same_direct_label_context,False,"[{""incoming_labels"": [""GDL thickness""], ""outgoing_labels"": []}]"
duplicate-occurrence::gdl-compressability::93d41e2ce2,gdl-compressability,Electrical conductivity,,gdl-compressability::n15; gdl-compressability::n24,2,https://w3id.org/h2kg/decode/workflow/anchor/electrical-conductivity-method,True,distinct_branch_context,False,"[{""incoming_labels"": [""GDL stress-strain curve"", ""GDL thickness""], ""outgoing_labels"": []}, {""incoming_labels"": [""GDL substrate stress-strain curve"", ""GDL substrate thickness""], ""outgoing_labels"": []}]"
duplicate-occurrence::gdl-compressability::4fe4544775,gdl-compressability,Electrical contact resistance,,gdl-compressability::n19; gdl-compressability::n27,2,https://w3id.org/h2kg/decode/workflow/anchor/electrical-contact-resistance-method,True,distinct_branch_context,False,"[{""incoming_labels"": [""GDL stress-strain curve"", ""GDL thickness""], ""outgoing_labels"": []}, {""incoming_labels"": [""GDL substrate stress-strain curve"", ""GDL substrate thickness""], ""outgoing_labels"": []}]"
duplicate-occurrence::gdl-compressability::f15ca537f2,gdl-compressability,Electrical TLM characterization of a GDL with defined compression,,gdl-compressability::n17; gdl-compressability::n26,2,https://w3id.org/h2kg/decode/workflow/anchor/electrical-tlm-characterization-of-a-gdl-with-defined-compression-method,True,distinct_branch_context,False,"[{""incoming_labels"": [""GDL stress-strain curve"", ""GDL thickness""], ""outgoing_labels"": []}, {""incoming_labels"": [""GDL substrate stress-strain curve"", ""GDL substrate thickness""], ""outgoing_labels"": []}]"
duplicate-occurrence::gdl-compressability::251042d1bf,gdl-compressability,Gas permeability of a GDL with defined compression,,gdl-compressability::n16; gdl-compressability::n25,2,https://w3id.org/h2kg/decode/workflow/anchor/gas-permeability-of-a-gdl-with-defined-compression-method,True,distinct_branch_context,False,"[{""incoming_labels"": [""GDL stress-strain curve"", ""GDL thickness""], ""outgoing_labels"": []}, {""incoming_labels"": [""GDL substrate stress-strain curve"", ""GDL substrate thickness""], ""outgoing_labels"": []}]"
duplicate-occurrence::gdl-compressability::9d1da7d3e8,gdl-compressability,GDL compressability,,gdl-compressability::n6; gdl-compressability::n7,2,https://w3id.org/h2kg/decode/workflow/anchor/gdl-compressability-method,True,distinct_branch_context,False,"[{""incoming_labels"": [""GDL""], ""outgoing_labels"": [""GDL stress-strain curve"", ""GDL thickness""]}, {""incoming_labels"": [""GDL substrate""], ""outgoing_labels"": [""GDL substrate stress-strain curve"", ""GDL substrate thickness""]}]"
duplicate-occurrence::hg-porosimetry-gdl::3350bf5342,hg-porosimetry-gdl,Hg porosimetry GDL,,hg-porosimetry-gdl::n7; hg-porosimetry-gdl::n8,2,https://w3id.org/h2kg/decode/workflow/anchor/hg-porosimetry-gdl-method,True,distinct_branch_context,False,"[{""incoming_labels"": [""GDL""], ""outgoing_labels"": [""GDL pore size distribution"", ""GDL porosity""]}, {""incoming_labels"": [""GDL substrate""], ""outgoing_labels"": [""GDL substrate average pore radius"", ""GDL substrate pore size distribution"", ""GDL substrate porosity""]}]"
duplicate-occurrence::hierarchical-model-for-electrocatalytic-reactions::aa990ac698,hierarchical-model-for-electrocatalytic-reactions,Fitting Version of the Hierachical Model,,hierarchical-model-for-electrocatalytic-reactions::n23; hierarchical-model-for-electrocatalytic-reactions::n24,2,https://w3id.org/h2kg/decode/workflow/anchor/fitting-version-of-the-hierachical-model-model,True,distinct_branch_context,False,"[{""incoming_labels"": [""LRE pH distribution (idealized)"", ""LRE potential distribution (idealized)""], ""outgoing_labels"": [""Activation barriers of elementary steps""]}, {""incoming_labels"": [""LRE pH distribution (idealized)"", ""LRE potential distribution (idealized)""], ""outgoing_labels"": [""Transfer coefficients of elementary steps""]}]"
duplicate-occurrence::high-resolution-electron-tomography-for-accessing-pt-and-ionomer-distribution-on-carbon-aggregate::c1427ed4e0,high-resolution-electron-tomography-for-accessing-pt-and-ionomer-distribution-on-carbon-aggregate,Electrospray deposition of Catalyst Layers,,high-resolution-electron-tomography-for-accessing-pt-and-ionomer-distribution-on-carbon-aggregate::n11; high-resolution-electron-tomography-for-accessing-pt-and-ionomer-distribution-on-carbon-aggregate::n13,2,https://w3id.org/h2kg/decode/workflow/anchor/electrospray-deposition-of-catalyst-layers-process,True,distinct_branch_context,False,"[{""incoming_labels"": [], ""outgoing_labels"": [""CCM""]}, {""incoming_labels"": [], ""outgoing_labels"": [""CL on substrate""]}]"
duplicate-occurrence::high-resolution-electron-tomography-for-accessing-pt-and-ionomer-distribution-on-carbon-aggregate::eb9f3e1a9a,high-resolution-electron-tomography-for-accessing-pt-and-ionomer-distribution-on-carbon-aggregate,High resolution electron tomography for accessing Pt and ionomer distribution on carbon aggregate,,high-resolution-electron-tomography-for-accessing-pt-and-ionomer-distribution-on-carbon-aggregate::n4; high-resolution-electron-tomography-for-accessing-pt-and-ionomer-distribution-on-carbon-aggregate::n5,2,https://w3id.org/h2kg/decode/workflow/anchor/high-resolution-electron-tomography-for-accessing-pt-and-ionomer-distribution-on-carbon-aggregate-method,True,distinct_branch_context,False,"[{""incoming_labels"": [""CCM""], ""outgoing_labels"": [""CCL 3D TEM voxel data raw"", ""CCL 3D voxel data classified with ionomer and Pt""]}, {""incoming_labels"": [""CL on substrate""], ""outgoing_labels"": [""CCL 3D TEM voxel data raw"", ""CCL 3D voxel data classified with ionomer and Pt""]}]"
duplicate-occurrence::high-resolution-electron-tomography-for-accessing-pt-and-ionomer-distribution-on-carbon-aggregate::0ea0ec95cd,high-resolution-electron-tomography-for-accessing-pt-and-ionomer-distribution-on-carbon-aggregate,Ultrasonic spray deposition for catalytic layers,,high-resolution-electron-tomography-for-accessing-pt-and-ionomer-distribution-on-carbon-aggregate::n12; high-resolution-electron-tomography-for-accessing-pt-and-ionomer-distribution-on-carbon-aggregate::n14,2,https://w3id.org/h2kg/decode/workflow/anchor/ultrasonic-spray-deposition-for-catalytic-layers-process,True,distinct_branch_context,False,"[{""incoming_labels"": [], ""outgoing_labels"": [""CCM""]}, {""incoming_labels"": [], ""outgoing_labels"": [""CL on substrate""]}]"
duplicate-occurrence::iet-1d-mea-with-water-transport-eis-model::379089a0ca,iet-1d-mea-with-water-transport-eis-model,CT-based capillary pressure saturation curves,,iet-1d-mea-with-water-transport-eis-model::n32; iet-1d-mea-with-water-transport-eis-model::n33,2,https://w3id.org/h2kg/decode/workflow/anchor/ct-based-capillary-pressure-saturation-curves-method,True,same_direct_label_context,False,"[{""incoming_labels"": [], ""outgoing_labels"": [""GDL substrate water retention curve""]}]"
duplicate-occurrence::iet-1d-mea-with-water-transport-eis-model::999963abf4,iet-1d-mea-with-water-transport-eis-model,FIB measurements on GDL/MPL and catalyst materials.,,iet-1d-mea-with-water-transport-eis-model::n34; iet-1d-mea-with-water-transport-eis-model::n35; iet-1d-mea-with-water-transport-eis-model::n36; iet-1d-mea-with-water-transport-eis-model::n37; iet-1d-mea-with-water-transport-eis-model::n38,5,https://w3id.org/h2kg/decode/workflow/anchor/fib-measurements-on-gdl-mpl-and-catalyst-materials-method,True,same_direct_label_context,False,"[{""incoming_labels"": [], ""outgoing_labels"": [""CCL thickness""]}]"
duplicate-occurrence::iet-1d-mea-with-water-transport-eis-model::5c495e16a4,iet-1d-mea-with-water-transport-eis-model,Image parameter extraction 2D,,iet-1d-mea-with-water-transport-eis-model::n41; iet-1d-mea-with-water-transport-eis-model::n42,2,https://w3id.org/h2kg/decode/workflow/anchor/image-parameter-extraction-2d-method,True,distinct_branch_context,False,"[{""incoming_labels"": [], ""outgoing_labels"": [""CCL thickness""]}, {""incoming_labels"": [], ""outgoing_labels"": [""GDL thickness""]}]"
duplicate-occurrence::iet-1d-mea-with-water-transport-eis-model::6f3fa84320,iet-1d-mea-with-water-transport-eis-model,SEM and EDX,,iet-1d-mea-with-water-transport-eis-model::n39; iet-1d-mea-with-water-transport-eis-model::n40,2,https://w3id.org/h2kg/decode/workflow/anchor/sem-and-edx-method,True,distinct_branch_context,False,"[{""incoming_labels"": [], ""outgoing_labels"": [""CCL thickness""]}, {""incoming_labels"": [], ""outgoing_labels"": [""GDL thickness""]}]"
duplicate-occurrence::iet-1d-mea-with-water-transport-eis-model::d88ec53a62,iet-1d-mea-with-water-transport-eis-model,Water retention curve simulation,,iet-1d-mea-with-water-transport-eis-model::n45; iet-1d-mea-with-water-transport-eis-model::n46,2,https://w3id.org/h2kg/decode/workflow/anchor/water-retention-curve-simulation-model,True,distinct_branch_context,False,"[{""incoming_labels"": [], ""outgoing_labels"": [""CCL water retention curve""]}, {""incoming_labels"": [], ""outgoing_labels"": [""GDL substrate water retention curve""]}]"
duplicate-occurrence::iet-1d-mea-with-water-transport-in-ccl-eis-model::999963abf4,iet-1d-mea-with-water-transport-in-ccl-eis-model,FIB measurements on GDL/MPL and catalyst materials.,,iet-1d-mea-with-water-transport-in-ccl-eis-model::n27; iet-1d-mea-with-water-transport-in-ccl-eis-model::n28; iet-1d-mea-with-water-transport-in-ccl-eis-model::n29; iet-1d-mea-with-water-transport-in-ccl-eis-model::n30; iet-1d-mea-with-water-transport-in-ccl-eis-model::n31,5,https://w3id.org/h2kg/decode/workflow/anchor/fib-measurements-on-gdl-mpl-and-catalyst-materials-method,True,same_direct_label_context,False,"[{""incoming_labels"": [], ""outgoing_labels"": [""CCL thickness""]}]"
duplicate-occurrence::iet-1d-mea-with-water-transport-in-ccl-eis-model::5c495e16a4,iet-1d-mea-with-water-transport-in-ccl-eis-model,Image parameter extraction 2D,,iet-1d-mea-with-water-transport-in-ccl-eis-model::n34; iet-1d-mea-with-water-transport-in-ccl-eis-model::n35,2,https://w3id.org/h2kg/decode/workflow/anchor/image-parameter-extraction-2d-method,True,distinct_branch_context,False,"[{""incoming_labels"": [], ""outgoing_labels"": [""CCL thickness""]}, {""incoming_labels"": [], ""outgoing_labels"": [""GDL thickness""]}]"
duplicate-occurrence::iet-1d-mea-with-water-transport-in-ccl-eis-model::6f3fa84320,iet-1d-mea-with-water-transport-in-ccl-eis-model,SEM and EDX,,iet-1d-mea-with-water-transport-in-ccl-eis-model::n32; iet-1d-mea-with-water-transport-in-ccl-eis-model::n33,2,https://w3id.org/h2kg/decode/workflow/anchor/sem-and-edx-method,True,distinct_branch_context,False,"[{""incoming_labels"": [], ""outgoing_labels"": [""CCL thickness""]}, {""incoming_labels"": [], ""outgoing_labels"": [""GDL thickness""]}]"
duplicate-occurrence::iet-1d-performance-model-for-mea-fitting::e5676a00b8,iet-1d-performance-model-for-mea-fitting,0D Particle population degradation model coupled with performance model (prediction),,iet-1d-performance-model-for-mea-fitting::n17; iet-1d-performance-model-for-mea-fitting::n18,2,https://w3id.org/h2kg/decode/workflow/anchor/0d-particle-population-degradation-model-coupled-with-performance-model-prediction-model,True,distinct_branch_context,False,"[{""incoming_labels"": [""GDL effective O2 diffusivity""], ""outgoing_labels"": []}, {""incoming_labels"": [""GDL effective O2 diffusivity""], ""outgoing_labels"": [""CCL thickness""]}]"
duplicate-occurrence::iet-1d-performance-model-for-mea-fitting::999963abf4,iet-1d-performance-model-for-mea-fitting,FIB measurements on GDL/MPL and catalyst materials.,,iet-1d-performance-model-for-mea-fitting::n21; iet-1d-performance-model-for-mea-fitting::n22; iet-1d-performance-model-for-mea-fitting::n23; iet-1d-performance-model-for-mea-fitting::n24; iet-1d-performance-model-for-mea-fitting::n25,5,https://w3id.org/h2kg/decode/workflow/anchor/fib-measurements-on-gdl-mpl-and-catalyst-materials-method,True,same_direct_label_context,False,"[{""incoming_labels"": [], ""outgoing_labels"": [""CCL thickness""]}]"
duplicate-occurrence::iet-1d-performance-model-for-mea-fitting::5c495e16a4,iet-1d-performance-model-for-mea-fitting,Image parameter extraction 2D,,iet-1d-performance-model-for-mea-fitting::n28; iet-1d-performance-model-for-mea-fitting::n29,2,https://w3id.org/h2kg/decode/workflow/anchor/image-parameter-extraction-2d-method,True,distinct_branch_context,False,"[{""incoming_labels"": [], ""outgoing_labels"": [""CCL thickness""]}, {""incoming_labels"": [], ""outgoing_labels"": [""GDL thickness""]}]"
duplicate-occurrence::iet-1d-performance-model-for-mea-fitting::6f3fa84320,iet-1d-performance-model-for-mea-fitting,SEM and EDX,,iet-1d-performance-model-for-mea-fitting::n26; iet-1d-performance-model-for-mea-fitting::n27,2,https://w3id.org/h2kg/decode/workflow/anchor/sem-and-edx-method,True,distinct_branch_context,False,"[{""incoming_labels"": [], ""outgoing_labels"": [""CCL thickness""]}, {""incoming_labels"": [], ""outgoing_labels"": [""GDL thickness""]}]"
duplicate-occurrence::iet-1d-performance-model-for-mea-prediction::e5676a00b8,iet-1d-performance-model-for-mea-prediction,0D Particle population degradation model coupled with performance model (prediction),,iet-1d-performance-model-for-mea-prediction::n31; iet-1d-performance-model-for-mea-prediction::n32,2,https://w3id.org/h2kg/decode/workflow/anchor/0d-particle-population-degradation-model-coupled-with-performance-model-prediction-model,True,distinct_branch_context,False,"[{""incoming_labels"": [], ""outgoing_labels"": [""CCL porosity""]}, {""incoming_labels"": [], ""outgoing_labels"": [""CCL thickness""]}]"
duplicate-occurrence::iet-1d-performance-model-for-mea-prediction::379089a0ca,iet-1d-performance-model-for-mea-prediction,CT-based capillary pressure saturation curves,,iet-1d-performance-model-for-mea-prediction::n37; iet-1d-performance-model-for-mea-prediction::n38,2,https://w3id.org/h2kg/decode/workflow/anchor/ct-based-capillary-pressure-saturation-curves-method,True,same_direct_label_context,False,"[{""incoming_labels"": [], ""outgoing_labels"": [""GDL substrate water retention curve""]}]"
duplicate-occurrence::iet-1d-performance-model-for-mea-prediction::999963abf4,iet-1d-performance-model-for-mea-prediction,FIB measurements on GDL/MPL and catalyst materials.,,iet-1d-performance-model-for-mea-prediction::n39; iet-1d-performance-model-for-mea-prediction::n40; iet-1d-performance-model-for-mea-prediction::n41; iet-1d-performance-model-for-mea-prediction::n42; iet-1d-performance-model-for-mea-prediction::n43,5,https://w3id.org/h2kg/decode/workflow/anchor/fib-measurements-on-gdl-mpl-and-catalyst-materials-method,True,same_direct_label_context,False,"[{""incoming_labels"": [], ""outgoing_labels"": [""CCL thickness""]}]"
duplicate-occurrence::iet-1d-performance-model-for-mea-prediction::5c495e16a4,iet-1d-performance-model-for-mea-prediction,Image parameter extraction 2D,,iet-1d-performance-model-for-mea-prediction::n46; iet-1d-performance-model-for-mea-prediction::n47,2,https://w3id.org/h2kg/decode/workflow/anchor/image-parameter-extraction-2d-method,True,distinct_branch_context,False,"[{""incoming_labels"": [], ""outgoing_labels"": [""CCL thickness""]}, {""incoming_labels"": [], ""outgoing_labels"": [""GDL thickness""]}]"
duplicate-occurrence::iet-1d-performance-model-for-mea-prediction::6f3fa84320,iet-1d-performance-model-for-mea-prediction,SEM and EDX,,iet-1d-performance-model-for-mea-prediction::n44; iet-1d-performance-model-for-mea-prediction::n45,2,https://w3id.org/h2kg/decode/workflow/anchor/sem-and-edx-method,True,distinct_branch_context,False,"[{""incoming_labels"": [], ""outgoing_labels"": [""CCL thickness""]}, {""incoming_labels"": [], ""outgoing_labels"": [""GDL thickness""]}]"
duplicate-occurrence::iet-1d-performance-model-for-mea-prediction::d88ec53a62,iet-1d-performance-model-for-mea-prediction,Water retention curve simulation,,iet-1d-performance-model-for-mea-prediction::n51; iet-1d-performance-model-for-mea-prediction::n52,2,https://w3id.org/h2kg/decode/workflow/anchor/water-retention-curve-simulation-model,True,distinct_branch_context,False,"[{""incoming_labels"": [], ""outgoing_labels"": [""CCL water retention curve""]}, {""incoming_labels"": [], ""outgoing_labels"": [""GDL substrate water retention curve""]}]"
duplicate-occurrence::iet-composition-to-property-model::e5676a00b8,iet-composition-to-property-model,0D Particle population degradation model coupled with performance model (prediction),,iet-composition-to-property-model::n17; iet-composition-to-property-model::n18,2,https://w3id.org/h2kg/decode/workflow/anchor/0d-particle-population-degradation-model-coupled-with-performance-model-prediction-model,True,same_direct_label_context,False,"[{""incoming_labels"": [""CCL ORR effective exchange current density""], ""outgoing_labels"": []}]"
duplicate-occurrence::image-based-ccl-effective-transport-property-computation-from-numerical-simulations::eb9f3e1a9a,image-based-ccl-effective-transport-property-computation-from-numerical-simulations,High resolution electron tomography for accessing Pt and ionomer distribution on carbon aggregate,,image-based-ccl-effective-transport-property-computation-from-numerical-simulations::n7; image-based-ccl-effective-transport-property-computation-from-numerical-simulations::n8,2,https://w3id.org/h2kg/decode/workflow/anchor/high-resolution-electron-tomography-for-accessing-pt-and-ionomer-distribution-on-carbon-aggregate-method,True,same_direct_label_context,False,"[{""incoming_labels"": [], ""outgoing_labels"": [""CCL 3D voxel data classified with ionomer and Pt""]}]"
duplicate-occurrence::image-classification-of-fib-tomography-data::b9a3fc7aaf,image-classification-of-fib-tomography-data,AI-based generation of structural digital twins of multi-scale tomographies,,image-classification-of-fib-tomography-data::n13; image-classification-of-fib-tomography-data::n23,2,https://w3id.org/h2kg/decode/workflow/anchor/ai-based-generation-of-structural-digital-twins-of-multi-scale-tomographies-model,True,distinct_branch_context,False,"[{""incoming_labels"": [""CCL 3D voxel data classified""], ""outgoing_labels"": []}, {""incoming_labels"": [""MPL 3D voxel data classified""], ""outgoing_labels"": []}]"
duplicate-occurrence::image-classification-of-fib-tomography-data::999963abf4,image-classification-of-fib-tomography-data,FIB measurements on GDL/MPL and catalyst materials.,,image-classification-of-fib-tomography-data::n10; image-classification-of-fib-tomography-data::n11; image-classification-of-fib-tomography-data::n12; image-classification-of-fib-tomography-data::n22; image-classification-of-fib-tomography-data::n8; image-classification-of-fib-tomography-data::n9,6,https://w3id.org/h2kg/decode/workflow/anchor/fib-measurements-on-gdl-mpl-and-catalyst-materials-method,True,distinct_branch_context,False,"[{""incoming_labels"": [], ""outgoing_labels"": [""CCL 3D voxel data raw""]}, {""incoming_labels"": [], ""outgoing_labels"": [""CCL 3D voxel data raw"", ""MPL 3D voxel data raw""]}, {""incoming_labels"": [], ""outgoing_labels"": [""MPL 3D voxel data raw""]}]"
duplicate-occurrence::image-classification-of-fib-tomography-data::4beec2447a,image-classification-of-fib-tomography-data,Image classification of FIB tomography data,,image-classification-of-fib-tomography-data::n4; image-classification-of-fib-tomography-data::n5,2,https://w3id.org/h2kg/decode/workflow/anchor/image-classification-of-fib-tomography-data-data,True,distinct_branch_context,False,"[{""incoming_labels"": [""CCL 3D voxel data raw""], ""outgoing_labels"": [""CCL 3D voxel data classified""]}, {""incoming_labels"": [""MPL 3D voxel data raw""], ""outgoing_labels"": [""MPL 3D voxel data classified""]}]"
duplicate-occurrence::image-classification-of-fib-tomography-data::d5c7dd6f81,image-classification-of-fib-tomography-data,Image FIB tomography dataparameter extraction 3D,,image-classification-of-fib-tomography-data::n14; image-classification-of-fib-tomography-data::n24,2,https://w3id.org/h2kg/decode/workflow/anchor/image-fib-tomography-dataparameter-extraction-3d-data,True,distinct_branch_context,False,"[{""incoming_labels"": [""CCL 3D voxel data classified""], ""outgoing_labels"": []}, {""incoming_labels"": [""MPL 3D voxel data classified""], ""outgoing_labels"": []}]"
duplicate-occurrence::image-classification-of-fib-tomography-data::aad03d34f3,image-classification-of-fib-tomography-data,Voxel based 3D Effective Diffusivity simulation,,image-classification-of-fib-tomography-data::n15; image-classification-of-fib-tomography-data::n25,2,https://w3id.org/h2kg/decode/workflow/anchor/voxel-based-3d-effective-diffusivity-simulation-model,True,distinct_branch_context,False,"[{""incoming_labels"": [""CCL 3D voxel data classified""], ""outgoing_labels"": []}, {""incoming_labels"": [""MPL 3D voxel data classified""], ""outgoing_labels"": []}]"
duplicate-occurrence::image-classification-of-fib-tomography-data::3ecaeac69e,image-classification-of-fib-tomography-data,Voxel based 3D Electric conductiviy simulation,,image-classification-of-fib-tomography-data::n17; image-classification-of-fib-tomography-data::n27,2,https://w3id.org/h2kg/decode/workflow/anchor/voxel-based-3d-electric-conductiviy-simulation-model,True,distinct_branch_context,False,"[{""incoming_labels"": [""CCL 3D voxel data classified""], ""outgoing_labels"": []}, {""incoming_labels"": [""MPL 3D voxel data classified""], ""outgoing_labels"": []}]"
duplicate-occurrence::image-classification-of-fib-tomography-data::e0062c6fc7,image-classification-of-fib-tomography-data,Voxel based 3D Permability simulation,,image-classification-of-fib-tomography-data::n16; image-classification-of-fib-tomography-data::n26,2,https://w3id.org/h2kg/decode/workflow/anchor/voxel-based-3d-permability-simulation-model,True,distinct_branch_context,False,"[{""incoming_labels"": [""CCL 3D voxel data classified""], ""outgoing_labels"": []}, {""incoming_labels"": [""MPL 3D voxel data classified""], ""outgoing_labels"": []}]"
duplicate-occurrence::image-classification-of-fib-tomography-data::9a561335f7,image-classification-of-fib-tomography-data,Voxel based 3D Thermal conductivity simulation,,image-classification-of-fib-tomography-data::n18; image-classification-of-fib-tomography-data::n28,2,https://w3id.org/h2kg/decode/workflow/anchor/voxel-based-3d-thermal-conductivity-simulation-model,True,distinct_branch_context,False,"[{""incoming_labels"": [""CCL 3D voxel data classified""], ""outgoing_labels"": []}, {""incoming_labels"": [""MPL 3D voxel data classified""], ""outgoing_labels"": []}]"
duplicate-occurrence::image-classification-of-fib-tomography-data::d88ec53a62,image-classification-of-fib-tomography-data,Water retention curve simulation,,image-classification-of-fib-tomography-data::n19; image-classification-of-fib-tomography-data::n29,2,https://w3id.org/h2kg/decode/workflow/anchor/water-retention-curve-simulation-model,True,distinct_branch_context,False,"[{""incoming_labels"": [""CCL 3D voxel data classified""], ""outgoing_labels"": []}, {""incoming_labels"": [""MPL 3D voxel data classified""], ""outgoing_labels"": []}]"
duplicate-occurrence::image-classification-of-x-ray-tomography-data::b9a3fc7aaf,image-classification-of-x-ray-tomography-data,AI-based generation of structural digital twins of multi-scale tomographies,,image-classification-of-x-ray-tomography-data::n25; image-classification-of-x-ray-tomography-data::n37; image-classification-of-x-ray-tomography-data::n39; image-classification-of-x-ray-tomography-data::n41; image-classification-of-x-ray-tomography-data::n42; image-classification-of-x-ray-tomography-data::n43,6,https://w3id.org/h2kg/decode/workflow/anchor/ai-based-generation-of-structural-digital-twins-of-multi-scale-tomographies-model,True,distinct_branch_context,False,"[{""incoming_labels"": [""GDL substrate 3D voxel data classified""], ""outgoing_labels"": []}, {""incoming_labels"": [""GDL substrate 3D voxel data wet classified""], ""outgoing_labels"": []}, {""incoming_labels"": [""GDL substrate 3D voxel data wet operando classified""], ""outgoing_labels"": []}, {""incoming_labels"": [""MPL X-ray 3D voxel data classified""], ""outgoing_labels"": []}, {""incoming_labels"": [""MPL X-ray 3D voxel data wet classified""], ""outgoing_labels"": []}, {""incoming_labels"": [""MPL X-ray 3D voxel data wet operando classified""], ""outgoing_labels"": []}]"
duplicate-occurrence::image-classification-of-x-ray-tomography-data::471514a56d,image-classification-of-x-ray-tomography-data,Contact angle extraction of CT data,,image-classification-of-x-ray-tomography-data::n35; image-classification-of-x-ray-tomography-data::n36,2,https://w3id.org/h2kg/decode/workflow/anchor/contact-angle-extraction-of-ct-data-method,True,same_direct_label_context,False,"[{""incoming_labels"": [], ""outgoing_labels"": [""GDL substrate 3D voxel data wet raw""]}]"
duplicate-occurrence::image-classification-of-x-ray-tomography-data::379089a0ca,image-classification-of-x-ray-tomography-data,CT-based capillary pressure saturation curves,,image-classification-of-x-ray-tomography-data::n19; image-classification-of-x-ray-tomography-data::n20,2,https://w3id.org/h2kg/decode/workflow/anchor/ct-based-capillary-pressure-saturation-curves-method,True,distinct_branch_context,False,"[{""incoming_labels"": [], ""outgoing_labels"": [""GDL substrate 3D voxel data raw"", ""GDL substrate 3D voxel data wet raw""]}, {""incoming_labels"": [], ""outgoing_labels"": [""GDL substrate 3D voxel data raw"", ""GDL substrate 3D voxel data wet raw"", ""MPL X-ray 3D voxel data raw"", ""MPL X-ray 3D voxel data wet raw""]}]"
duplicate-occurrence::image-classification-of-x-ray-tomography-data::6c13a8ff70,image-classification-of-x-ray-tomography-data,Image classification of X-ray tomography data,,image-classification-of-x-ray-tomography-data::n12; image-classification-of-x-ray-tomography-data::n13; image-classification-of-x-ray-tomography-data::n14; image-classification-of-x-ray-tomography-data::n15; image-classification-of-x-ray-tomography-data::n16; image-classification-of-x-ray-tomography-data::n17,6,https://w3id.org/h2kg/decode/workflow/anchor/image-classification-of-x-ray-tomography-data-data,True,distinct_branch_context,False,"[{""incoming_labels"": [""GDL substrate 3D voxel data raw""], ""outgoing_labels"": [""GDL substrate 3D voxel data classified""]}, {""incoming_labels"": [""GDL substrate 3D voxel data wet operando raw""], ""outgoing_labels"": [""GDL substrate 3D voxel data wet operando classified""]}, {""incoming_labels"": [""GDL substrate 3D voxel data wet raw""], ""outgoing_labels"": [""GDL substrate 3D voxel data wet classified""]}, {""incoming_labels"": [""MPL X-ray 3D voxel data raw""], ""outgoing_labels"": [""MPL X-ray 3D voxel data classified""]}, {""incoming_labels"": [""MPL X-ray 3D voxel data wet operando raw""], ""outgoing_labels"": [""MPL X-ray 3D voxel data wet operando classified""]}, {""incoming_labels"": [""MPL X-ray 3D voxel data wet raw""], ""outgoing_labels"": [""MPL X-ray 3D voxel data wet classified""]}]"
duplicate-occurrence::image-classification-of-x-ray-tomography-data::103e7fbe42,image-classification-of-x-ray-tomography-data,Image X-ray tomography data parameter extraction 3D,,image-classification-of-x-ray-tomography-data::n26; image-classification-of-x-ray-tomography-data::n38; image-classification-of-x-ray-tomography-data::n40,3,https://w3id.org/h2kg/decode/workflow/anchor/image-x-ray-tomography-data-parameter-extraction-3d-data,True,distinct_branch_context,False,"[{""incoming_labels"": [""GDL substrate 3D voxel data classified"", ""MPL X-ray 3D voxel data classified""], ""outgoing_labels"": []}, {""incoming_labels"": [""GDL substrate 3D voxel data wet classified"", ""MPL X-ray 3D voxel data wet classified""], ""outgoing_labels"": []}, {""incoming_labels"": [""GDL substrate 3D voxel data wet operando classified"", ""MPL X-ray 3D voxel data wet operando classified""], ""outgoing_labels"": []}]"
duplicate-occurrence::image-classification-of-x-ray-tomography-data::d15559da31,image-classification-of-x-ray-tomography-data,LAB-CT measurements on GDL/MPL materials,,image-classification-of-x-ray-tomography-data::n21; image-classification-of-x-ray-tomography-data::n22,2,https://w3id.org/h2kg/decode/workflow/anchor/lab-ct-measurements-on-gdl-mpl-materials-method,True,distinct_branch_context,False,"[{""incoming_labels"": [], ""outgoing_labels"": [""GDL substrate 3D voxel data raw""]}, {""incoming_labels"": [], ""outgoing_labels"": [""GDL substrate 3D voxel data raw"", ""GDL substrate 3D voxel data wet raw""]}]"
duplicate-occurrence::image-classification-of-x-ray-tomography-data::f742ef7cdf,image-classification-of-x-ray-tomography-data,Synch-CT measurements on GDL/MPL materials.,,image-classification-of-x-ray-tomography-data::n23; image-classification-of-x-ray-tomography-data::n24,2,https://w3id.org/h2kg/decode/workflow/anchor/synch-ct-measurements-on-gdl-mpl-materials-method,True,distinct_branch_context,False,"[{""incoming_labels"": [], ""outgoing_labels"": [""GDL substrate 3D voxel data raw""]}, {""incoming_labels"": [], ""outgoing_labels"": [""GDL substrate 3D voxel data raw"", ""GDL substrate 3D voxel data wet raw""]}]"
duplicate-occurrence::image-classification-on-nm-scale::b9a3fc7aaf,image-classification-on-nm-scale,AI-based generation of structural digital twins of multi-scale tomographies,,image-classification-on-nm-scale::n13; image-classification-on-nm-scale::n23,2,https://w3id.org/h2kg/decode/workflow/anchor/ai-based-generation-of-structural-digital-twins-of-multi-scale-tomographies-model,True,distinct_branch_context,False,"[{""incoming_labels"": [""CCL 3D voxel data classified""], ""outgoing_labels"": []}, {""incoming_labels"": [""MPL 3D voxel data classified""], ""outgoing_labels"": []}]"
duplicate-occurrence::image-classification-on-nm-scale::999963abf4,image-classification-on-nm-scale,FIB measurements on GDL/MPL and catalyst materials.,,image-classification-on-nm-scale::n10; image-classification-on-nm-scale::n11; image-classification-on-nm-scale::n12; image-classification-on-nm-scale::n22; image-classification-on-nm-scale::n8; image-classification-on-nm-scale::n9,6,https://w3id.org/h2kg/decode/workflow/anchor/fib-measurements-on-gdl-mpl-and-catalyst-materials-method,True,distinct_branch_context,False,"[{""incoming_labels"": [], ""outgoing_labels"": [""CCL 3D voxel data raw""]}, {""incoming_labels"": [], ""outgoing_labels"": [""CCL 3D voxel data raw"", ""MPL 3D voxel data raw""]}, {""incoming_labels"": [], ""outgoing_labels"": [""MPL 3D voxel data raw""]}]"
duplicate-occurrence::image-classification-on-nm-scale::d07d27ad90,image-classification-on-nm-scale,Image classification on nm scale,,image-classification-on-nm-scale::n4; image-classification-on-nm-scale::n5,2,https://w3id.org/h2kg/decode/workflow/anchor/image-classification-on-nm-scale-method,True,distinct_branch_context,False,"[{""incoming_labels"": [""CCL 3D voxel data raw""], ""outgoing_labels"": [""CCL 3D voxel data classified""]}, {""incoming_labels"": [""MPL 3D voxel data raw""], ""outgoing_labels"": [""MPL 3D voxel data classified""]}]"
duplicate-occurrence::image-classification-on-nm-scale::d5c7dd6f81,image-classification-on-nm-scale,Image FIB tomography dataparameter extraction 3D,,image-classification-on-nm-scale::n14; image-classification-on-nm-scale::n24,2,https://w3id.org/h2kg/decode/workflow/anchor/image-fib-tomography-dataparameter-extraction-3d-data,True,distinct_branch_context,False,"[{""incoming_labels"": [""CCL 3D voxel data classified""], ""outgoing_labels"": []}, {""incoming_labels"": [""MPL 3D voxel data classified""], ""outgoing_labels"": []}]"
duplicate-occurrence::image-classification-on-nm-scale::aad03d34f3,image-classification-on-nm-scale,Voxel based 3D Effective Diffusivity simulation,,image-classification-on-nm-scale::n15; image-classification-on-nm-scale::n25,2,https://w3id.org/h2kg/decode/workflow/anchor/voxel-based-3d-effective-diffusivity-simulation-model,True,distinct_branch_context,False,"[{""incoming_labels"": [""CCL 3D voxel data classified""], ""outgoing_labels"": []}, {""incoming_labels"": [""MPL 3D voxel data classified""], ""outgoing_labels"": []}]"
duplicate-occurrence::image-classification-on-nm-scale::3ecaeac69e,image-classification-on-nm-scale,Voxel based 3D Electric conductiviy simulation,,image-classification-on-nm-scale::n17; image-classification-on-nm-scale::n27,2,https://w3id.org/h2kg/decode/workflow/anchor/voxel-based-3d-electric-conductiviy-simulation-model,True,distinct_branch_context,False,"[{""incoming_labels"": [""CCL 3D voxel data classified""], ""outgoing_labels"": []}, {""incoming_labels"": [""MPL 3D voxel data classified""], ""outgoing_labels"": []}]"
duplicate-occurrence::image-classification-on-nm-scale::e0062c6fc7,image-classification-on-nm-scale,Voxel based 3D Permability simulation,,image-classification-on-nm-scale::n16; image-classification-on-nm-scale::n26,2,https://w3id.org/h2kg/decode/workflow/anchor/voxel-based-3d-permability-simulation-model,True,distinct_branch_context,False,"[{""incoming_labels"": [""CCL 3D voxel data classified""], ""outgoing_labels"": []}, {""incoming_labels"": [""MPL 3D voxel data classified""], ""outgoing_labels"": []}]"
duplicate-occurrence::image-classification-on-nm-scale::9a561335f7,image-classification-on-nm-scale,Voxel based 3D Thermal conductivity simulation,,image-classification-on-nm-scale::n18; image-classification-on-nm-scale::n28,2,https://w3id.org/h2kg/decode/workflow/anchor/voxel-based-3d-thermal-conductivity-simulation-model,True,distinct_branch_context,False,"[{""incoming_labels"": [""CCL 3D voxel data classified""], ""outgoing_labels"": []}, {""incoming_labels"": [""MPL 3D voxel data classified""], ""outgoing_labels"": []}]"
duplicate-occurrence::image-classification-on-nm-scale::d88ec53a62,image-classification-on-nm-scale,Water retention curve simulation,,image-classification-on-nm-scale::n19; image-classification-on-nm-scale::n29,2,https://w3id.org/h2kg/decode/workflow/anchor/water-retention-curve-simulation-model,True,distinct_branch_context,False,"[{""incoming_labels"": [""CCL 3D voxel data classified""], ""outgoing_labels"": []}, {""incoming_labels"": [""MPL 3D voxel data classified""], ""outgoing_labels"": []}]"
duplicate-occurrence::image-classification-on-tem-data::eb9f3e1a9a,image-classification-on-tem-data,High resolution electron tomography for accessing Pt and ionomer distribution on carbon aggregate,,image-classification-on-tem-data::n3; image-classification-on-tem-data::n4,2,https://w3id.org/h2kg/decode/workflow/anchor/high-resolution-electron-tomography-for-accessing-pt-and-ionomer-distribution-on-carbon-aggregate-method,True,same_direct_label_context,False,"[{""incoming_labels"": [], ""outgoing_labels"": [""CCL 3D TEM voxel data raw""]}]"
duplicate-occurrence::image-fib-tomography-dataparameter-extraction-3d::e5676a00b8,image-fib-tomography-dataparameter-extraction-3d,0D Particle population degradation model coupled with performance model (prediction),,image-fib-tomography-dataparameter-extraction-3d::n20; image-fib-tomography-dataparameter-extraction-3d::n21,2,https://w3id.org/h2kg/decode/workflow/anchor/0d-particle-population-degradation-model-coupled-with-performance-model-prediction-model,True,distinct_branch_context,False,"[{""incoming_labels"": [""CCL thickness"", ""Catalyst active particle density"", ""Catalyst loading"", ""Catalyst support density"", ""Catalyst-support ratio""], ""outgoing_labels"": []}, {""incoming_labels"": [""Catalyst active particle density"", ""Catalyst loading"", ""Catalyst support density"", ""Catalyst-support ratio""], ""outgoing_labels"": []}]"
duplicate-occurrence::image-fib-tomography-dataparameter-extraction-3d::76ab634f1a,image-fib-tomography-dataparameter-extraction-3d,Accelerated Stress Test (AST) on Nanostructured Electrodes,,image-fib-tomography-dataparameter-extraction-3d::n34; image-fib-tomography-dataparameter-extraction-3d::n35,2,https://w3id.org/h2kg/decode/workflow/anchor/accelerated-stress-test-ast-on-nanostructured-electrodes-method,True,same_direct_label_context,False,"[{""incoming_labels"": [""Catalyst loading""], ""outgoing_labels"": []}]"
duplicate-occurrence::image-fib-tomography-dataparameter-extraction-3d::b9a3fc7aaf,image-fib-tomography-dataparameter-extraction-3d,AI-based generation of structural digital twins of multi-scale tomographies,,image-fib-tomography-dataparameter-extraction-3d::n27; image-fib-tomography-dataparameter-extraction-3d::n44,2,https://w3id.org/h2kg/decode/workflow/anchor/ai-based-generation-of-structural-digital-twins-of-multi-scale-tomographies-model,True,distinct_branch_context,False,"[{""incoming_labels"": [], ""outgoing_labels"": [""CCL 3D voxel data classified""]}, {""incoming_labels"": [], ""outgoing_labels"": [""MPL 3D voxel data classified""]}]"
duplicate-occurrence::image-fib-tomography-dataparameter-extraction-3d::29ba27e6b3,image-fib-tomography-dataparameter-extraction-3d,EIS on nanostructured electrodes,,image-fib-tomography-dataparameter-extraction-3d::n32; image-fib-tomography-dataparameter-extraction-3d::n33,2,https://w3id.org/h2kg/decode/workflow/anchor/eis-on-nanostructured-electrodes-method,True,same_direct_label_context,False,"[{""incoming_labels"": [""Catalyst loading""], ""outgoing_labels"": []}]"
duplicate-occurrence::image-fib-tomography-dataparameter-extraction-3d::4beec2447a,image-fib-tomography-dataparameter-extraction-3d,Image classification of FIB tomography data,,image-fib-tomography-dataparameter-extraction-3d::n29; image-fib-tomography-dataparameter-extraction-3d::n46,2,https://w3id.org/h2kg/decode/workflow/anchor/image-classification-of-fib-tomography-data-data,True,distinct_branch_context,False,"[{""incoming_labels"": [], ""outgoing_labels"": [""CCL 3D voxel data classified""]}, {""incoming_labels"": [], ""outgoing_labels"": [""MPL 3D voxel data classified""]}]"
duplicate-occurrence::image-fib-tomography-dataparameter-extraction-3d::d07d27ad90,image-fib-tomography-dataparameter-extraction-3d,Image classification on nm scale,,image-fib-tomography-dataparameter-extraction-3d::n28; image-fib-tomography-dataparameter-extraction-3d::n45,2,https://w3id.org/h2kg/decode/workflow/anchor/image-classification-on-nm-scale-method,True,distinct_branch_context,False,"[{""incoming_labels"": [], ""outgoing_labels"": [""CCL 3D voxel data classified""]}, {""incoming_labels"": [], ""outgoing_labels"": [""MPL 3D voxel data classified""]}]"
duplicate-occurrence::image-fib-tomography-dataparameter-extraction-3d::d5c7dd6f81,image-fib-tomography-dataparameter-extraction-3d,Image FIB tomography dataparameter extraction 3D,,image-fib-tomography-dataparameter-extraction-3d::n11; image-fib-tomography-dataparameter-extraction-3d::n12,2,https://w3id.org/h2kg/decode/workflow/anchor/image-fib-tomography-dataparameter-extraction-3d-data,True,distinct_branch_context,False,"[{""incoming_labels"": [""CCL 3D voxel data classified""], ""outgoing_labels"": [""CCL thickness"", ""Catalyst active particle density"", ""Catalyst elemental composition"", ""Catalyst loading"", ""Catalyst support density"", ""Catalyst-support ratio"", ""Mass of Pt in the membrane (aged)""]}, {""incoming_labels"": [""MPL 3D voxel data classified""], ""outgoing_labels"": [""MPL density"", ""MPL thickness""]}]"
duplicate-occurrence::image-fib-tomography-dataparameter-extraction-3d::0bdcc1d5ca,image-fib-tomography-dataparameter-extraction-3d,IRRAS operando/in-situ FTIR,,image-fib-tomography-dataparameter-extraction-3d::n38; image-fib-tomography-dataparameter-extraction-3d::n39,2,https://w3id.org/h2kg/decode/workflow/anchor/irras-operando-in-situ-ftir-method,True,same_direct_label_context,False,"[{""incoming_labels"": [""Catalyst loading""], ""outgoing_labels"": []}]"
duplicate-occurrence::image-fib-tomography-dataparameter-extraction-3d::94acda9c49,image-fib-tomography-dataparameter-extraction-3d,Model Electrochemistry in a RDE Cell,,image-fib-tomography-dataparameter-extraction-3d::n30; image-fib-tomography-dataparameter-extraction-3d::n31,2,https://w3id.org/h2kg/decode/workflow/anchor/model-electrochemistry-in-a-rde-cell-model,True,same_direct_label_context,False,"[{""incoming_labels"": [""Catalyst loading""], ""outgoing_labels"": []}]"
duplicate-occurrence::image-parameter-extraction-2d::e5676a00b8,image-parameter-extraction-2d,0D Particle population degradation model coupled with performance model (prediction),,image-parameter-extraction-2d::n26; image-parameter-extraction-2d::n27,2,https://w3id.org/h2kg/decode/workflow/anchor/0d-particle-population-degradation-model-coupled-with-performance-model-prediction-model,True,distinct_branch_context,False,"[{""incoming_labels"": [""CCL thickness"", ""Catalyst active particle density"", ""Catalyst loading"", ""Catalyst support density"", ""Catalyst-support ratio"", ""GDL thickness""], ""outgoing_labels"": []}, {""incoming_labels"": [""Catalyst active particle density"", ""Catalyst loading"", ""Catalyst support density"", ""Catalyst-support ratio"", ""GDL thickness""], ""outgoing_labels"": []}]"
duplicate-occurrence::image-parameter-extraction-2d::76ab634f1a,image-parameter-extraction-2d,Accelerated Stress Test (AST) on Nanostructured Electrodes,,image-parameter-extraction-2d::n54; image-parameter-extraction-2d::n55,2,https://w3id.org/h2kg/decode/workflow/anchor/accelerated-stress-test-ast-on-nanostructured-electrodes-method,True,same_direct_label_context,False,"[{""incoming_labels"": [""Catalyst loading""], ""outgoing_labels"": []}]"
duplicate-occurrence::image-parameter-extraction-2d::29ba27e6b3,image-parameter-extraction-2d,EIS on nanostructured electrodes,,image-parameter-extraction-2d::n52; image-parameter-extraction-2d::n53,2,https://w3id.org/h2kg/decode/workflow/anchor/eis-on-nanostructured-electrodes-method,True,same_direct_label_context,False,"[{""incoming_labels"": [""Catalyst loading""], ""outgoing_labels"": []}]"
duplicate-occurrence::image-parameter-extraction-2d::93d41e2ce2,image-parameter-extraction-2d,Electrical conductivity,,image-parameter-extraction-2d::n29; image-parameter-extraction-2d::n30,2,https://w3id.org/h2kg/decode/workflow/anchor/electrical-conductivity-method,True,distinct_branch_context,False,"[{""incoming_labels"": [""GDL substrate thickness""], ""outgoing_labels"": []}, {""incoming_labels"": [""GDL thickness""], ""outgoing_labels"": []}]"
duplicate-occurrence::image-parameter-extraction-2d::4fe4544775,image-parameter-extraction-2d,Electrical contact resistance,,image-parameter-extraction-2d::n37; image-parameter-extraction-2d::n38,2,https://w3id.org/h2kg/decode/workflow/anchor/electrical-contact-resistance-method,True,distinct_branch_context,False,"[{""incoming_labels"": [""GDL substrate thickness""], ""outgoing_labels"": []}, {""incoming_labels"": [""GDL thickness""], ""outgoing_labels"": []}]"
duplicate-occurrence::image-parameter-extraction-2d::f15ca537f2,image-parameter-extraction-2d,Electrical TLM characterization of a GDL with defined compression,,image-parameter-extraction-2d::n34; image-parameter-extraction-2d::n35,2,https://w3id.org/h2kg/decode/workflow/anchor/electrical-tlm-characterization-of-a-gdl-with-defined-compression-method,True,distinct_branch_context,False,"[{""incoming_labels"": [""GDL substrate thickness""], ""outgoing_labels"": []}, {""incoming_labels"": [""GDL thickness""], ""outgoing_labels"": []}]"
duplicate-occurrence::image-parameter-extraction-2d::251042d1bf,image-parameter-extraction-2d,Gas permeability of a GDL with defined compression,,image-parameter-extraction-2d::n32; image-parameter-extraction-2d::n33,2,https://w3id.org/h2kg/decode/workflow/anchor/gas-permeability-of-a-gdl-with-defined-compression-method,True,distinct_branch_context,False,"[{""incoming_labels"": [""GDL substrate thickness""], ""outgoing_labels"": []}, {""incoming_labels"": [""GDL thickness""], ""outgoing_labels"": []}]"
duplicate-occurrence::image-parameter-extraction-2d::5c495e16a4,image-parameter-extraction-2d,Image parameter extraction 2D,,image-parameter-extraction-2d::n18; image-parameter-extraction-2d::n19; image-parameter-extraction-2d::n20; image-parameter-extraction-2d::n21,4,https://w3id.org/h2kg/decode/workflow/anchor/image-parameter-extraction-2d-method,True,distinct_branch_context,False,"[{""incoming_labels"": [""CCL cross section 2D pixel data containing surface information of element distributions""], ""outgoing_labels"": [""CCL thickness"", ""Catalyst active particle density"", ""Catalyst elemental composition"", ""Catalyst loading"", ""Catalyst support density"", ""Catalyst-support ratio"", ""Mass of Pt in the membrane (aged)""]}, {""incoming_labels"": [""GDL cross section 2D pixel data containing surface information of element distributions""], ""outgoing_labels"": [""Binder distribution"", ""GDL substrate density"", ""GDL substrate thickness"", ""GDL thickness"", ""MPL density"", ""MPL thickness"", ""Teflon distribution""]}, {""incoming_labels"": [""GDL substrate cross section 2D pixel data containing surface information of element distributions""], ""outgoing_labels"": [""Binder distribution"", ""GDL substrate density"", ""GDL substrate thickness"", ""Teflon distribution""]}, {""incoming_labels"": [""MPL cross section 2D pixel data containing surface information of element distributions""], ""outgoing_labels"": [""MPL density"", ""MPL thickness"", ""Teflon distribution""]}]"
duplicate-occurrence::image-parameter-extraction-2d::0bdcc1d5ca,image-parameter-extraction-2d,IRRAS operando/in-situ FTIR,,image-parameter-extraction-2d::n56; image-parameter-extraction-2d::n57,2,https://w3id.org/h2kg/decode/workflow/anchor/irras-operando-in-situ-ftir-method,True,same_direct_label_context,False,"[{""incoming_labels"": [""Catalyst loading""], ""outgoing_labels"": []}]"
duplicate-occurrence::image-parameter-extraction-2d::94acda9c49,image-parameter-extraction-2d,Model Electrochemistry in a RDE Cell,,image-parameter-extraction-2d::n50; image-parameter-extraction-2d::n51,2,https://w3id.org/h2kg/decode/workflow/anchor/model-electrochemistry-in-a-rde-cell-model,True,same_direct_label_context,False,"[{""incoming_labels"": [""Catalyst loading""], ""outgoing_labels"": []}]"
duplicate-occurrence::image-parameter-extraction-2d::6f3fa84320,image-parameter-extraction-2d,SEM and EDX,,image-parameter-extraction-2d::n31; image-parameter-extraction-2d::n42; image-parameter-extraction-2d::n49,3,https://w3id.org/h2kg/decode/workflow/anchor/sem-and-edx-method,True,distinct_branch_context,False,"[{""incoming_labels"": [], ""outgoing_labels"": [""CCL cross section 2D pixel data containing surface information of element distributions""]}, {""incoming_labels"": [], ""outgoing_labels"": [""GDL cross section 2D pixel data containing surface information of element distributions"", ""MPL cross section 2D pixel data containing surface information of element distributions""]}, {""incoming_labels"": [], ""outgoing_labels"": [""GDL substrate cross section 2D pixel data containing surface information of element distributions""]}]"
duplicate-occurrence::image-tem-data-parameter-extraction-3d::e5676a00b8,image-tem-data-parameter-extraction-3d,0D Particle population degradation model coupled with performance model (prediction),,image-tem-data-parameter-extraction-3d::n15; image-tem-data-parameter-extraction-3d::n16,2,https://w3id.org/h2kg/decode/workflow/anchor/0d-particle-population-degradation-model-coupled-with-performance-model-prediction-model,True,same_direct_label_context,False,"[{""incoming_labels"": [""Catalyst active particle density"", ""Catalyst active particle radius distribution"", ""Catalyst-support ratio""], ""outgoing_labels"": []}]"
duplicate-occurrence::image-tem-data-parameter-extraction-3d::eb9f3e1a9a,image-tem-data-parameter-extraction-3d,High resolution electron tomography for accessing Pt and ionomer distribution on carbon aggregate,,image-tem-data-parameter-extraction-3d::n11; image-tem-data-parameter-extraction-3d::n12,2,https://w3id.org/h2kg/decode/workflow/anchor/high-resolution-electron-tomography-for-accessing-pt-and-ionomer-distribution-on-carbon-aggregate-method,True,same_direct_label_context,False,"[{""incoming_labels"": [], ""outgoing_labels"": [""CCL 3D voxel data classified with ionomer and Pt""]}]"
duplicate-occurrence::image-x-ray-tomography-data-parameter-extraction-3d::b9a3fc7aaf,image-x-ray-tomography-data-parameter-extraction-3d,AI-based generation of structural digital twins of multi-scale tomographies,,image-x-ray-tomography-data-parameter-extraction-3d::n24; image-x-ray-tomography-data-parameter-extraction-3d::n25; image-x-ray-tomography-data-parameter-extraction-3d::n38; image-x-ray-tomography-data-parameter-extraction-3d::n39; image-x-ray-tomography-data-parameter-extraction-3d::n42; image-x-ray-tomography-data-parameter-extraction-3d::n43,6,https://w3id.org/h2kg/decode/workflow/anchor/ai-based-generation-of-structural-digital-twins-of-multi-scale-tomographies-model,True,distinct_branch_context,False,"[{""incoming_labels"": [], ""outgoing_labels"": [""GDL substrate 3D voxel data classified""]}, {""incoming_labels"": [], ""outgoing_labels"": [""GDL substrate 3D voxel data wet classified""]}, {""incoming_labels"": [], ""outgoing_labels"": [""GDL substrate 3D voxel data wet operando classified""]}, {""incoming_labels"": [], ""outgoing_labels"": [""MPL X-ray 3D voxel data classified""]}, {""incoming_labels"": [], ""outgoing_labels"": [""MPL X-ray 3D voxel data wet classified""]}, {""incoming_labels"": [], ""outgoing_labels"": [""MPL X-ray 3D voxel data wet operando classified""]}]"
duplicate-occurrence::image-x-ray-tomography-data-parameter-extraction-3d::6c13a8ff70,image-x-ray-tomography-data-parameter-extraction-3d,Image classification of X-ray tomography data,,image-x-ray-tomography-data-parameter-extraction-3d::n26; image-x-ray-tomography-data-parameter-extraction-3d::n27; image-x-ray-tomography-data-parameter-extraction-3d::n40; image-x-ray-tomography-data-parameter-extraction-3d::n41; image-x-ray-tomography-data-parameter-extraction-3d::n44; image-x-ray-tomography-data-parameter-extraction-3d::n45,6,https://w3id.org/h2kg/decode/workflow/anchor/image-classification-of-x-ray-tomography-data-data,True,distinct_branch_context,False,"[{""incoming_labels"": [], ""outgoing_labels"": [""GDL substrate 3D voxel data classified""]}, {""incoming_labels"": [], ""outgoing_labels"": [""GDL substrate 3D voxel data wet classified""]}, {""incoming_labels"": [], ""outgoing_labels"": [""GDL substrate 3D voxel data wet operando classified""]}, {""incoming_labels"": [], ""outgoing_labels"": [""MPL X-ray 3D voxel data classified""]}, {""incoming_labels"": [], ""outgoing_labels"": [""MPL X-ray 3D voxel data wet classified""]}, {""incoming_labels"": [], ""outgoing_labels"": [""MPL X-ray 3D voxel data wet operando classified""]}]"
duplicate-occurrence::image-x-ray-tomography-data-parameter-extraction-3d::103e7fbe42,image-x-ray-tomography-data-parameter-extraction-3d,Image X-ray tomography data parameter extraction 3D,,image-x-ray-tomography-data-parameter-extraction-3d::n17; image-x-ray-tomography-data-parameter-extraction-3d::n18; image-x-ray-tomography-data-parameter-extraction-3d::n19,3,https://w3id.org/h2kg/decode/workflow/anchor/image-x-ray-tomography-data-parameter-extraction-3d-data,True,distinct_branch_context,False,"[{""incoming_labels"": [""GDL substrate 3D voxel data classified"", ""MPL X-ray 3D voxel data classified""], ""outgoing_labels"": [""GDL substrate average pore radius"", ""GDL substrate pore size distribution"", ""GDL substrate porosity"", ""GDL substrate structural parameters"", ""GDL substrate thickness"", ""MPL thickness""]}, {""incoming_labels"": [""GDL substrate 3D voxel data wet classified"", ""MPL X-ray 3D voxel data wet classified""], ""outgoing_labels"": [""GDL substrate average pore radius"", ""GDL substrate pore size distribution"", ""GDL substrate porosity"", ""GDL substrate saturation"", ""GDL substrate saturation profiles"", ""GDL substrate structural parameters"", ""GDL substrate thickness"", ""GDL substrate water retention curve"", ""MPL thickness""]}, {""incoming_labels"": [""GDL substrate 3D voxel data wet operando classified"", ""MPL X-ray 3D voxel data wet operando classified""], ""outgoing_labels"": [""GDL substrate average pore radius"", ""GDL substrate pore size distribution"", ""GDL substrate porosity"", ""GDL substrate saturation"", ""GDL substrate saturation profiles"", ""GDL substrate structural parameters"", ""GDL substrate thickness"", ""MPL saturation"", ""MPL saturation maps"", ""MPL thickness""]}]"
duplicate-occurrence::ink-preparation-for-deposition-of-catalytic-layers::c1427ed4e0,ink-preparation-for-deposition-of-catalytic-layers,Electrospray deposition of Catalyst Layers,,ink-preparation-for-deposition-of-catalytic-layers::n11; ink-preparation-for-deposition-of-catalytic-layers::n12; ink-preparation-for-deposition-of-catalytic-layers::n13; ink-preparation-for-deposition-of-catalytic-layers::n14,4,https://w3id.org/h2kg/decode/workflow/anchor/electrospray-deposition-of-catalyst-layers-process,True,same_direct_label_context,False,"[{""incoming_labels"": [""Catalyst ink""], ""outgoing_labels"": []}]"
duplicate-occurrence::irras-operando-or-in-situ-ftir::0bdcc1d5ca,irras-operando-or-in-situ-ftir,IRRAS operando/in-situ FTIR,,irras-operando-or-in-situ-ftir::n8; irras-operando-or-in-situ-ftir::n9,2,https://w3id.org/h2kg/decode/workflow/anchor/irras-operando-in-situ-ftir-method,True,distinct_branch_context,False,"[{""incoming_labels"": [""Catalyst ink composition"", ""Catalyst loading"", ""Catalyst powder"", ""Cell current density"", ""Electrolyte"", ""Ionomer"", ""Prism for ATR-FTIR""], ""outgoing_labels"": [""Electrode chemistry""]}, {""incoming_labels"": [""Catalyst loading"", ""Catalyst powder"", ""Cell current density"", ""Electrolyte"", ""Prism for ATR-FTIR""], ""outgoing_labels"": [""Electrode chemistry""]}]"
duplicate-occurrence::lab-ct-measurements-on-gdl-or-mpl-materials::6c13a8ff70,lab-ct-measurements-on-gdl-or-mpl-materials,Image classification of X-ray tomography data,,lab-ct-measurements-on-gdl-or-mpl-materials::n12; lab-ct-measurements-on-gdl-or-mpl-materials::n8,2,https://w3id.org/h2kg/decode/workflow/anchor/image-classification-of-x-ray-tomography-data-data,True,distinct_branch_context,False,"[{""incoming_labels"": [""GDL substrate 3D voxel data raw""], ""outgoing_labels"": []}, {""incoming_labels"": [""GDL substrate 3D voxel data wet raw""], ""outgoing_labels"": []}]"
duplicate-occurrence::lab-ct-measurements-on-gdl-or-mpl-materials::d15559da31,lab-ct-measurements-on-gdl-or-mpl-materials,LAB-CT measurements on GDL/MPL materials,,lab-ct-measurements-on-gdl-or-mpl-materials::n6; lab-ct-measurements-on-gdl-or-mpl-materials::n7,2,https://w3id.org/h2kg/decode/workflow/anchor/lab-ct-measurements-on-gdl-mpl-materials-method,True,distinct_branch_context,False,"[{""incoming_labels"": [""GDL""], ""outgoing_labels"": [""GDL substrate 3D voxel data raw"", ""MPL 3D voxel data raw""]}, {""incoming_labels"": [""GDL substrate""], ""outgoing_labels"": [""GDL substrate 3D voxel data raw"", ""GDL substrate 3D voxel data wet raw"", ""GDL substrate breakthrough pressure""]}]"
duplicate-occurrence::mechanical-properties-of-catalyst-layers-gdls-and-meas-by-small-punch-and-nanoindentation::c1427ed4e0,mechanical-properties-of-catalyst-layers-gdls-and-meas-by-small-punch-and-nanoindentation,Electrospray deposition of Catalyst Layers,,mechanical-properties-of-catalyst-layers-gdls-and-meas-by-small-punch-and-nanoindentation::n12; mechanical-properties-of-catalyst-layers-gdls-and-meas-by-small-punch-and-nanoindentation::n16,2,https://w3id.org/h2kg/decode/workflow/anchor/electrospray-deposition-of-catalyst-layers-process,True,distinct_branch_context,False,"[{""incoming_labels"": [], ""outgoing_labels"": [""CCM""]}, {""incoming_labels"": [], ""outgoing_labels"": [""CL on substrate""]}]"
duplicate-occurrence::mechanical-properties-of-catalyst-layers-gdls-and-meas-by-small-punch-and-nanoindentation::bdae7b8612,mechanical-properties-of-catalyst-layers-gdls-and-meas-by-small-punch-and-nanoindentation,"Mechanical properties of catalyst layers, GDLs, and MEAs by small-punch and nanoindentation",,mechanical-properties-of-catalyst-layers-gdls-and-meas-by-small-punch-and-nanoindentation::n10; mechanical-properties-of-catalyst-layers-gdls-and-meas-by-small-punch-and-nanoindentation::n11; mechanical-properties-of-catalyst-layers-gdls-and-meas-by-small-punch-and-nanoindentation::n9,3,https://w3id.org/h2kg/decode/workflow/anchor/mechanical-properties-of-catalyst-layers-gdls-and-meas-by-small-punch-and-nanoindentation-method,True,distinct_branch_context,False,"[{""incoming_labels"": [""CCM""], ""outgoing_labels"": [""CCM local Youngs modulus"", ""CCM local mechanical strength""]}, {""incoming_labels"": [""CL on substrate""], ""outgoing_labels"": [""CL local Youngs modulus"", ""CL local mechanical strength""]}, {""incoming_labels"": [""GDL""], ""outgoing_labels"": [""GDL local Youngs modulus"", ""GDL local mechanical strength""]}]"
duplicate-occurrence::mechanical-properties-of-catalyst-layers-gdls-and-meas-by-small-punch-and-nanoindentation::0ea0ec95cd,mechanical-properties-of-catalyst-layers-gdls-and-meas-by-small-punch-and-nanoindentation,Ultrasonic spray deposition for catalytic layers,,mechanical-properties-of-catalyst-layers-gdls-and-meas-by-small-punch-and-nanoindentation::n13; mechanical-properties-of-catalyst-layers-gdls-and-meas-by-small-punch-and-nanoindentation::n17,2,https://w3id.org/h2kg/decode/workflow/anchor/ultrasonic-spray-deposition-for-catalytic-layers-process,True,distinct_branch_context,False,"[{""incoming_labels"": [], ""outgoing_labels"": [""CCM""]}, {""incoming_labels"": [], ""outgoing_labels"": [""CL on substrate""]}]"
duplicate-occurrence::microscopy-sem-and-optical-in-mea-cross-section::e5676a00b8,microscopy-sem-and-optical-in-mea-cross-section,0D Particle population degradation model coupled with performance model (prediction),,microscopy-sem-and-optical-in-mea-cross-section::n13; microscopy-sem-and-optical-in-mea-cross-section::n14,2,https://w3id.org/h2kg/decode/workflow/anchor/0d-particle-population-degradation-model-coupled-with-performance-model-prediction-model,True,distinct_branch_context,False,"[{""incoming_labels"": [""CCL thickness"", ""GDL thickness""], ""outgoing_labels"": []}, {""incoming_labels"": [""GDL thickness""], ""outgoing_labels"": []}]"
duplicate-occurrence::microscopy-sem-and-optical-in-mea-cross-section::6f3fa84320,microscopy-sem-and-optical-in-mea-cross-section,SEM and EDX,,microscopy-sem-and-optical-in-mea-cross-section::n20; microscopy-sem-and-optical-in-mea-cross-section::n21,2,https://w3id.org/h2kg/decode/workflow/anchor/sem-and-edx-method,True,distinct_branch_context,False,"[{""incoming_labels"": [""CCL cross section""], ""outgoing_labels"": []}, {""incoming_labels"": [""GDL cross section""], ""outgoing_labels"": []}]"
duplicate-occurrence::model-electrochemistry-in-a-rde-cell::94acda9c49,model-electrochemistry-in-a-rde-cell,Model Electrochemistry in a RDE Cell,,model-electrochemistry-in-a-rde-cell::n10; model-electrochemistry-in-a-rde-cell::n11,2,https://w3id.org/h2kg/decode/workflow/anchor/model-electrochemistry-in-a-rde-cell-model,True,distinct_branch_context,False,"[{""incoming_labels"": [""CL on glassy carbon"", ""Catalyst loading"", ""Electrolyte"", ""Electrolyte composition"", ""I/C-ratio""], ""outgoing_labels"": [""RDE CV"", ""RDE ECSA"", ""RDE diffusion current"", ""RDE kinetic current""]}, {""incoming_labels"": [""CL on glassy carbon"", ""Catalyst loading"", ""Electrolyte"", ""Electrolyte composition"", ""Monomer concentration in the electrolyte""], ""outgoing_labels"": [""RDE CV"", ""RDE ECSA"", ""RDE diffusion current"", ""RDE kinetic current""]}]"
duplicate-occurrence::modeling-of-mpl-coating-of-gdl::b9a3fc7aaf,modeling-of-mpl-coating-of-gdl,AI-based generation of structural digital twins of multi-scale tomographies,,modeling-of-mpl-coating-of-gdl::n6; modeling-of-mpl-coating-of-gdl::n7,2,https://w3id.org/h2kg/decode/workflow/anchor/ai-based-generation-of-structural-digital-twins-of-multi-scale-tomographies-model,True,distinct_branch_context,False,"[{""incoming_labels"": [""GDL substrate 3D voxel data classified""], ""outgoing_labels"": [""GDL substrate 3D voxel data classified""]}, {""incoming_labels"": [""MPL 3D voxel data classified""], ""outgoing_labels"": []}]"
duplicate-occurrence::modeling-of-mpl-coating-of-gdl::aad03d34f3,modeling-of-mpl-coating-of-gdl,Voxel based 3D Effective Diffusivity simulation,,modeling-of-mpl-coating-of-gdl::n11; modeling-of-mpl-coating-of-gdl::n12,2,https://w3id.org/h2kg/decode/workflow/anchor/voxel-based-3d-effective-diffusivity-simulation-model,True,distinct_branch_context,False,"[{""incoming_labels"": [""GDL substrate 3D voxel data classified""], ""outgoing_labels"": []}, {""incoming_labels"": [""MPL 3D voxel data classified""], ""outgoing_labels"": []}]"
duplicate-occurrence::modeling-of-mpl-coating-of-gdl::3ecaeac69e,modeling-of-mpl-coating-of-gdl,Voxel based 3D Electric conductiviy simulation,,modeling-of-mpl-coating-of-gdl::n15; modeling-of-mpl-coating-of-gdl::n16,2,https://w3id.org/h2kg/decode/workflow/anchor/voxel-based-3d-electric-conductiviy-simulation-model,True,distinct_branch_context,False,"[{""incoming_labels"": [""GDL substrate 3D voxel data classified""], ""outgoing_labels"": []}, {""incoming_labels"": [""MPL 3D voxel data classified""], ""outgoing_labels"": []}]"
duplicate-occurrence::modeling-of-mpl-coating-of-gdl::e0062c6fc7,modeling-of-mpl-coating-of-gdl,Voxel based 3D Permability simulation,,modeling-of-mpl-coating-of-gdl::n13; modeling-of-mpl-coating-of-gdl::n14,2,https://w3id.org/h2kg/decode/workflow/anchor/voxel-based-3d-permability-simulation-model,True,distinct_branch_context,False,"[{""incoming_labels"": [""GDL substrate 3D voxel data classified""], ""outgoing_labels"": []}, {""incoming_labels"": [""MPL 3D voxel data classified""], ""outgoing_labels"": []}]"
duplicate-occurrence::modeling-of-mpl-coating-of-gdl::9a561335f7,modeling-of-mpl-coating-of-gdl,Voxel based 3D Thermal conductivity simulation,,modeling-of-mpl-coating-of-gdl::n17; modeling-of-mpl-coating-of-gdl::n18,2,https://w3id.org/h2kg/decode/workflow/anchor/voxel-based-3d-thermal-conductivity-simulation-model,True,distinct_branch_context,False,"[{""incoming_labels"": [""GDL substrate 3D voxel data classified""], ""outgoing_labels"": []}, {""incoming_labels"": [""MPL 3D voxel data classified""], ""outgoing_labels"": []}]"
duplicate-occurrence::modeling-of-mpl-coating-of-gdl::d88ec53a62,modeling-of-mpl-coating-of-gdl,Water retention curve simulation,,modeling-of-mpl-coating-of-gdl::n19; modeling-of-mpl-coating-of-gdl::n20,2,https://w3id.org/h2kg/decode/workflow/anchor/water-retention-curve-simulation-model,True,distinct_branch_context,False,"[{""incoming_labels"": [""GDL substrate 3D voxel data classified""], ""outgoing_labels"": []}, {""incoming_labels"": [""MPL 3D voxel data classified""], ""outgoing_labels"": []}]"
duplicate-occurrence::molecular-dynamics-for-the-electrode-electrolyte-interface-in-presence-of-ionomer::0bdcc1d5ca,molecular-dynamics-for-the-electrode-electrolyte-interface-in-presence-of-ionomer,IRRAS operando/in-situ FTIR,,molecular-dynamics-for-the-electrode-electrolyte-interface-in-presence-of-ionomer::n18; molecular-dynamics-for-the-electrode-electrolyte-interface-in-presence-of-ionomer::n19,2,https://w3id.org/h2kg/decode/workflow/anchor/irras-operando-in-situ-ftir-method,True,same_direct_label_context,False,"[{""incoming_labels"": [], ""outgoing_labels"": [""Electrode chemistry""]}]"
duplicate-occurrence::molecular-dynamics-for-the-electrode-electrolyte-interface-metalwalls::0bdcc1d5ca,molecular-dynamics-for-the-electrode-electrolyte-interface-metalwalls,IRRAS operando/in-situ FTIR,,molecular-dynamics-for-the-electrode-electrolyte-interface-metalwalls::n11; molecular-dynamics-for-the-electrode-electrolyte-interface-metalwalls::n12,2,https://w3id.org/h2kg/decode/workflow/anchor/irras-operando-in-situ-ftir-method,True,same_direct_label_context,False,"[{""incoming_labels"": [], ""outgoing_labels"": [""Electrode chemistry""]}]"
duplicate-occurrence::mpl-parameter-estimation-from-gdl-and-substrate-data::93d41e2ce2,mpl-parameter-estimation-from-gdl-and-substrate-data,Electrical conductivity,,mpl-parameter-estimation-from-gdl-and-substrate-data::n22; mpl-parameter-estimation-from-gdl-and-substrate-data::n23,2,https://w3id.org/h2kg/decode/workflow/anchor/electrical-conductivity-method,True,distinct_branch_context,False,"[{""incoming_labels"": [], ""outgoing_labels"": [""GDL in-plane conductivity"", ""GDL through-plane conductivity""]}, {""incoming_labels"": [], ""outgoing_labels"": [""GDL substrate in-plane conductivity"", ""GDL substrate through-plane conductivity""]}]"
duplicate-occurrence::mpl-parameter-estimation-from-gdl-and-substrate-data::4fe4544775,mpl-parameter-estimation-from-gdl-and-substrate-data,Electrical contact resistance,,mpl-parameter-estimation-from-gdl-and-substrate-data::n44; mpl-parameter-estimation-from-gdl-and-substrate-data::n45,2,https://w3id.org/h2kg/decode/workflow/anchor/electrical-contact-resistance-method,True,distinct_branch_context,False,"[{""incoming_labels"": [], ""outgoing_labels"": [""GDL substrate through-plane conductivity""]}, {""incoming_labels"": [], ""outgoing_labels"": [""GDL through-plane conductivity""]}]"
duplicate-occurrence::mpl-parameter-estimation-from-gdl-and-substrate-data::f15ca537f2,mpl-parameter-estimation-from-gdl-and-substrate-data,Electrical TLM characterization of a GDL with defined compression,,mpl-parameter-estimation-from-gdl-and-substrate-data::n38; mpl-parameter-estimation-from-gdl-and-substrate-data::n39,2,https://w3id.org/h2kg/decode/workflow/anchor/electrical-tlm-characterization-of-a-gdl-with-defined-compression-method,True,distinct_branch_context,False,"[{""incoming_labels"": [], ""outgoing_labels"": [""GDL in-plane conductivity""]}, {""incoming_labels"": [], ""outgoing_labels"": [""GDL substrate in-plane conductivity""]}]"
duplicate-occurrence::mpl-parameter-estimation-from-gdl-and-substrate-data::251042d1bf,mpl-parameter-estimation-from-gdl-and-substrate-data,Gas permeability of a GDL with defined compression,,mpl-parameter-estimation-from-gdl-and-substrate-data::n36; mpl-parameter-estimation-from-gdl-and-substrate-data::n37,2,https://w3id.org/h2kg/decode/workflow/anchor/gas-permeability-of-a-gdl-with-defined-compression-method,True,distinct_branch_context,False,"[{""incoming_labels"": [], ""outgoing_labels"": [""GDL in-plane permeability"", ""GDL through-plane permeability""]}, {""incoming_labels"": [], ""outgoing_labels"": [""GDL substrate in-plane permeability"", ""GDL substrate through-plane permeability""]}]"
duplicate-occurrence::mpl-parameter-estimation-from-gdl-and-substrate-data::9d1da7d3e8,mpl-parameter-estimation-from-gdl-and-substrate-data,GDL compressability,,mpl-parameter-estimation-from-gdl-and-substrate-data::n34; mpl-parameter-estimation-from-gdl-and-substrate-data::n35,2,https://w3id.org/h2kg/decode/workflow/anchor/gdl-compressability-method,True,distinct_branch_context,False,"[{""incoming_labels"": [], ""outgoing_labels"": [""GDL substrate thickness""]}, {""incoming_labels"": [], ""outgoing_labels"": [""GDL thickness""]}]"
duplicate-occurrence::mpl-parameter-estimation-from-gdl-and-substrate-data::3350bf5342,mpl-parameter-estimation-from-gdl-and-substrate-data,Hg porosimetry GDL,,mpl-parameter-estimation-from-gdl-and-substrate-data::n40; mpl-parameter-estimation-from-gdl-and-substrate-data::n41,2,https://w3id.org/h2kg/decode/workflow/anchor/hg-porosimetry-gdl-method,True,distinct_branch_context,False,"[{""incoming_labels"": [], ""outgoing_labels"": [""GDL pore size distribution"", ""GDL porosity""]}, {""incoming_labels"": [], ""outgoing_labels"": [""GDL substrate pore size distribution"", ""GDL substrate porosity""]}]"
duplicate-occurrence::mpl-parameter-estimation-from-gdl-and-substrate-data::5c495e16a4,mpl-parameter-estimation-from-gdl-and-substrate-data,Image parameter extraction 2D,,mpl-parameter-estimation-from-gdl-and-substrate-data::n26; mpl-parameter-estimation-from-gdl-and-substrate-data::n27,2,https://w3id.org/h2kg/decode/workflow/anchor/image-parameter-extraction-2d-method,True,distinct_branch_context,False,"[{""incoming_labels"": [], ""outgoing_labels"": [""GDL substrate thickness""]}, {""incoming_labels"": [], ""outgoing_labels"": [""GDL substrate thickness"", ""GDL thickness""]}]"
duplicate-occurrence::mpl-parameter-estimation-from-gdl-and-substrate-data::103e7fbe42,mpl-parameter-estimation-from-gdl-and-substrate-data,Image X-ray tomography data parameter extraction 3D,,mpl-parameter-estimation-from-gdl-and-substrate-data::n28; mpl-parameter-estimation-from-gdl-and-substrate-data::n29; mpl-parameter-estimation-from-gdl-and-substrate-data::n30,3,https://w3id.org/h2kg/decode/workflow/anchor/image-x-ray-tomography-data-parameter-extraction-3d-data,True,same_direct_label_context,False,"[{""incoming_labels"": [], ""outgoing_labels"": [""GDL substrate pore size distribution"", ""GDL substrate porosity"", ""GDL substrate thickness""]}]"
duplicate-occurrence::mpl-parameter-estimation-from-gdl-and-substrate-data::6f3fa84320,mpl-parameter-estimation-from-gdl-and-substrate-data,SEM and EDX,,mpl-parameter-estimation-from-gdl-and-substrate-data::n24; mpl-parameter-estimation-from-gdl-and-substrate-data::n25,2,https://w3id.org/h2kg/decode/workflow/anchor/sem-and-edx-method,True,distinct_branch_context,False,"[{""incoming_labels"": [], ""outgoing_labels"": [""GDL substrate thickness""]}, {""incoming_labels"": [], ""outgoing_labels"": [""GDL substrate thickness"", ""GDL thickness""]}]"
duplicate-occurrence::mpl-saturation-determination-from-x-ray-ct-data::b9a3fc7aaf,mpl-saturation-determination-from-x-ray-ct-data,AI-based generation of structural digital twins of multi-scale tomographies,,mpl-saturation-determination-from-x-ray-ct-data::n22; mpl-saturation-determination-from-x-ray-ct-data::n23; mpl-saturation-determination-from-x-ray-ct-data::n24; mpl-saturation-determination-from-x-ray-ct-data::n25,4,https://w3id.org/h2kg/decode/workflow/anchor/ai-based-generation-of-structural-digital-twins-of-multi-scale-tomographies-model,True,distinct_branch_context,False,"[{""incoming_labels"": [""GDL substrate 3D voxel data classified""], ""outgoing_labels"": []}, {""incoming_labels"": [""GDL substrate 3D voxel data wet classified""], ""outgoing_labels"": []}, {""incoming_labels"": [""MPL X-ray 3D voxel data classified""], ""outgoing_labels"": []}, {""incoming_labels"": [""MPL X-ray 3D voxel data wet classified""], ""outgoing_labels"": []}]"
duplicate-occurrence::mpl-saturation-determination-from-x-ray-ct-data::6c13a8ff70,mpl-saturation-determination-from-x-ray-ct-data,Image classification of X-ray tomography data,,mpl-saturation-determination-from-x-ray-ct-data::n26; mpl-saturation-determination-from-x-ray-ct-data::n27; mpl-saturation-determination-from-x-ray-ct-data::n28; mpl-saturation-determination-from-x-ray-ct-data::n29,4,https://w3id.org/h2kg/decode/workflow/anchor/image-classification-of-x-ray-tomography-data-data,True,distinct_branch_context,False,"[{""incoming_labels"": [""GDL substrate 3D voxel data raw""], ""outgoing_labels"": []}, {""incoming_labels"": [""GDL substrate 3D voxel data wet raw""], ""outgoing_labels"": []}, {""incoming_labels"": [""MPL X-ray 3D voxel data raw""], ""outgoing_labels"": []}, {""incoming_labels"": [""MPL X-ray 3D voxel data wet raw""], ""outgoing_labels"": []}]"
duplicate-occurrence::mpl-saturation-determination-from-x-ray-ct-data::103e7fbe42,mpl-saturation-determination-from-x-ray-ct-data,Image X-ray tomography data parameter extraction 3D,,mpl-saturation-determination-from-x-ray-ct-data::n30; mpl-saturation-determination-from-x-ray-ct-data::n31,2,https://w3id.org/h2kg/decode/workflow/anchor/image-x-ray-tomography-data-parameter-extraction-3d-data,True,distinct_branch_context,False,"[{""incoming_labels"": [""GDL substrate 3D voxel data classified"", ""MPL X-ray 3D voxel data classified""], ""outgoing_labels"": []}, {""incoming_labels"": [""GDL substrate 3D voxel data wet classified"", ""MPL X-ray 3D voxel data wet classified""], ""outgoing_labels"": []}]"
duplicate-occurrence::rde-on-mono-or-polycrystalline-electrodes::aa990ac698,rde-on-mono-or-polycrystalline-electrodes,Fitting Version of the Hierachical Model,,rde-on-mono-or-polycrystalline-electrodes::n11; rde-on-mono-or-polycrystalline-electrodes::n12,2,https://w3id.org/h2kg/decode/workflow/anchor/fitting-version-of-the-hierachical-model-model,True,same_direct_label_context,False,"[{""incoming_labels"": [""RDE electrochemical response (idealized)""], ""outgoing_labels"": []}]"
duplicate-occurrence::rde-on-mono-or-polycrystalline-electrodes::170599fb51,rde-on-mono-or-polycrystalline-electrodes,RDE on mono- or polycrystalline electrodes,,rde-on-mono-or-polycrystalline-electrodes::n7; rde-on-mono-or-polycrystalline-electrodes::n8,2,https://w3id.org/h2kg/decode/workflow/anchor/rde-on-mono-or-polycrystalline-electrodes-method,True,distinct_branch_context,False,"[{""incoming_labels"": [""Electrolyte"", ""RDE electrochemical protocol"", ""RDE monocrystalline electrode"", ""RDE rotation rate"", ""RDE temperature""], ""outgoing_labels"": [""RDE electrochemical response (idealized)""]}, {""incoming_labels"": [""Electrolyte"", ""RDE electrochemical protocol"", ""RDE polycrystalline electrode"", ""RDE rotation rate"", ""RDE temperature""], ""outgoing_labels"": [""RDE electrochemical response (idealized)""]}]"
duplicate-occurrence::rde-simulation-in-comsol::aa990ac698,rde-simulation-in-comsol,Fitting Version of the Hierachical Model,,rde-simulation-in-comsol::n12; rde-simulation-in-comsol::n13,2,https://w3id.org/h2kg/decode/workflow/anchor/fitting-version-of-the-hierachical-model-model,True,same_direct_label_context,False,"[{""incoming_labels"": [""LRE pH distribution (idealized)"", ""RDE electrochemical response (idealized)""], ""outgoing_labels"": []}]"
duplicate-occurrence::roller-mixer-and-zirconia-beads-for-ref-pefc-inks::c1427ed4e0,roller-mixer-and-zirconia-beads-for-ref-pefc-inks,Electrospray deposition of Catalyst Layers,,roller-mixer-and-zirconia-beads-for-ref-pefc-inks::n11; roller-mixer-and-zirconia-beads-for-ref-pefc-inks::n12; roller-mixer-and-zirconia-beads-for-ref-pefc-inks::n13; roller-mixer-and-zirconia-beads-for-ref-pefc-inks::n14,4,https://w3id.org/h2kg/decode/workflow/anchor/electrospray-deposition-of-catalyst-layers-process,True,same_direct_label_context,False,"[{""incoming_labels"": [""Catalyst ink""], ""outgoing_labels"": []}]"
duplicate-occurrence::rrde-on-model-electrodes-in-acidic-solutions::aa990ac698,rrde-on-model-electrodes-in-acidic-solutions,Fitting Version of the Hierachical Model,,rrde-on-model-electrodes-in-acidic-solutions::n16; rrde-on-model-electrodes-in-acidic-solutions::n17,2,https://w3id.org/h2kg/decode/workflow/anchor/fitting-version-of-the-hierachical-model-model,True,same_direct_label_context,False,"[{""incoming_labels"": [""RDE electrochemical response (idealized)""], ""outgoing_labels"": []}]"
duplicate-occurrence::rrde-on-model-electrodes-in-acidic-solutions::8ada5d4809,rrde-on-model-electrodes-in-acidic-solutions,RRDE on model electrodes in acidic solutions,,rrde-on-model-electrodes-in-acidic-solutions::n11; rrde-on-model-electrodes-in-acidic-solutions::n12,2,https://w3id.org/h2kg/decode/workflow/anchor/rrde-on-model-electrodes-in-acidic-solutions-model,True,distinct_branch_context,False,"[{""incoming_labels"": [""Electrolyte"", ""RDE electrochemical protocol"", ""RDE monocrystalline electrode"", ""RDE rotation rate"", ""RDE temperature"", ""RRDE collection efficiency"", ""RRDE ring redox couple"", ""RRDE ring vs pH calibration curve""], ""outgoing_labels"": [""RDE electrochemical response (idealized)"", ""RRDE near-electrode (ca. 1mm) pH distribution""]}, {""incoming_labels"": [""Electrolyte"", ""RDE electrochemical protocol"", ""RDE polycrystalline electrode"", ""RDE rotation rate"", ""RDE temperature"", ""RRDE collection efficiency"", ""RRDE ring redox couple"", ""RRDE ring vs pH calibration curve""], ""outgoing_labels"": [""RDE electrochemical response (idealized)"", ""RRDE near-electrode (ca. 1mm) pH distribution""]}]"
duplicate-occurrence::rrde-on-model-electrodes-in-alkaline-solutions::aa990ac698,rrde-on-model-electrodes-in-alkaline-solutions,Fitting Version of the Hierachical Model,,rrde-on-model-electrodes-in-alkaline-solutions::n16; rrde-on-model-electrodes-in-alkaline-solutions::n17,2,https://w3id.org/h2kg/decode/workflow/anchor/fitting-version-of-the-hierachical-model-model,True,same_direct_label_context,False,"[{""incoming_labels"": [""RDE electrochemical response (idealized)""], ""outgoing_labels"": []}]"
duplicate-occurrence::rrde-on-model-electrodes-in-alkaline-solutions::4c6d79e735,rrde-on-model-electrodes-in-alkaline-solutions,RRDE on model electrodes in alkaline solutions,,rrde-on-model-electrodes-in-alkaline-solutions::n11; rrde-on-model-electrodes-in-alkaline-solutions::n12,2,https://w3id.org/h2kg/decode/workflow/anchor/rrde-on-model-electrodes-in-alkaline-solutions-model,True,distinct_branch_context,False,"[{""incoming_labels"": [""Electrolyte"", ""RDE electrochemical protocol"", ""RDE monocrystalline electrode"", ""RDE rotation rate"", ""RDE temperature"", ""RRDE collection efficiency"", ""RRDE ring redox couple"", ""RRDE ring vs pH calibration curve""], ""outgoing_labels"": [""RDE electrochemical response (idealized)"", ""RRDE near-electrode (ca. 1mm) pH distribution""]}, {""incoming_labels"": [""Electrolyte"", ""RDE electrochemical protocol"", ""RDE polycrystalline electrode"", ""RDE rotation rate"", ""RDE temperature"", ""RRDE collection efficiency"", ""RRDE ring redox couple"", ""RRDE ring vs pH calibration curve""], ""outgoing_labels"": [""RDE electrochemical response (idealized)"", ""RRDE near-electrode (ca. 1mm) pH distribution""]}]"
duplicate-occurrence::rrde-simulation-in-comsol::aa990ac698,rrde-simulation-in-comsol,Fitting Version of the Hierachical Model,,rrde-simulation-in-comsol::n20; rrde-simulation-in-comsol::n21,2,https://w3id.org/h2kg/decode/workflow/anchor/fitting-version-of-the-hierachical-model-model,True,same_direct_label_context,False,"[{""incoming_labels"": [""LRE pH distribution (idealized)"", ""RDE electrochemical response (idealized)""], ""outgoing_labels"": []}]"
duplicate-occurrence::rrde-simulation-in-comsol::8ada5d4809,rrde-simulation-in-comsol,RRDE on model electrodes in acidic solutions,,rrde-simulation-in-comsol::n14; rrde-simulation-in-comsol::n15,2,https://w3id.org/h2kg/decode/workflow/anchor/rrde-on-model-electrodes-in-acidic-solutions-model,True,same_direct_label_context,False,"[{""incoming_labels"": [""RRDE collection efficiency""], ""outgoing_labels"": []}]"
duplicate-occurrence::rrde-simulation-in-comsol::4c6d79e735,rrde-simulation-in-comsol,RRDE on model electrodes in alkaline solutions,,rrde-simulation-in-comsol::n16; rrde-simulation-in-comsol::n17,2,https://w3id.org/h2kg/decode/workflow/anchor/rrde-on-model-electrodes-in-alkaline-solutions-model,True,same_direct_label_context,False,"[{""incoming_labels"": [""RRDE collection efficiency""], ""outgoing_labels"": []}]"
duplicate-occurrence::rrde-theory::aa990ac698,rrde-theory,Fitting Version of the Hierachical Model,,rrde-theory::n16; rrde-theory::n17,2,https://w3id.org/h2kg/decode/workflow/anchor/fitting-version-of-the-hierachical-model-model,True,same_direct_label_context,False,"[{""incoming_labels"": [""LRE pH distribution (idealized)""], ""outgoing_labels"": []}]"
duplicate-occurrence::rrde-theory::170599fb51,rrde-theory,RDE on mono- or polycrystalline electrodes,,rrde-theory::n8; rrde-theory::n9,2,https://w3id.org/h2kg/decode/workflow/anchor/rde-on-mono-or-polycrystalline-electrodes-method,True,same_direct_label_context,False,"[{""incoming_labels"": [], ""outgoing_labels"": [""RDE electrochemical response (idealized)""]}]"
duplicate-occurrence::rrde-theory::8ada5d4809,rrde-theory,RRDE on model electrodes in acidic solutions,,rrde-theory::n10; rrde-theory::n11,2,https://w3id.org/h2kg/decode/workflow/anchor/rrde-on-model-electrodes-in-acidic-solutions-model,True,same_direct_label_context,False,"[{""incoming_labels"": [], ""outgoing_labels"": [""RDE electrochemical response (idealized)"", ""RRDE near-electrode (ca. 1mm) pH distribution""]}]"
duplicate-occurrence::rrde-theory::4c6d79e735,rrde-theory,RRDE on model electrodes in alkaline solutions,,rrde-theory::n12; rrde-theory::n13,2,https://w3id.org/h2kg/decode/workflow/anchor/rrde-on-model-electrodes-in-alkaline-solutions-model,True,same_direct_label_context,False,"[{""incoming_labels"": [], ""outgoing_labels"": [""RDE electrochemical response (idealized)"", ""RRDE near-electrode (ca. 1mm) pH distribution""]}]"
duplicate-occurrence::sem-and-edx::e5676a00b8,sem-and-edx,0D Particle population degradation model coupled with performance model (prediction),,sem-and-edx::n26; sem-and-edx::n27,2,https://w3id.org/h2kg/decode/workflow/anchor/0d-particle-population-degradation-model-coupled-with-performance-model-prediction-model,True,distinct_branch_context,False,"[{""incoming_labels"": [""CCL thickness"", ""GDL thickness""], ""outgoing_labels"": []}, {""incoming_labels"": [""GDL thickness""], ""outgoing_labels"": []}]"
duplicate-occurrence::sem-and-edx::93d41e2ce2,sem-and-edx,Electrical conductivity,,sem-and-edx::n29; sem-and-edx::n30,2,https://w3id.org/h2kg/decode/workflow/anchor/electrical-conductivity-method,True,distinct_branch_context,False,"[{""incoming_labels"": [""GDL substrate thickness""], ""outgoing_labels"": []}, {""incoming_labels"": [""GDL thickness""], ""outgoing_labels"": []}]"
duplicate-occurrence::sem-and-edx::4fe4544775,sem-and-edx,Electrical contact resistance,,sem-and-edx::n39; sem-and-edx::n40,2,https://w3id.org/h2kg/decode/workflow/anchor/electrical-contact-resistance-method,True,distinct_branch_context,False,"[{""incoming_labels"": [""GDL substrate thickness""], ""outgoing_labels"": []}, {""incoming_labels"": [""GDL thickness""], ""outgoing_labels"": []}]"
duplicate-occurrence::sem-and-edx::f15ca537f2,sem-and-edx,Electrical TLM characterization of a GDL with defined compression,,sem-and-edx::n35; sem-and-edx::n36,2,https://w3id.org/h2kg/decode/workflow/anchor/electrical-tlm-characterization-of-a-gdl-with-defined-compression-method,True,distinct_branch_context,False,"[{""incoming_labels"": [""GDL substrate thickness""], ""outgoing_labels"": []}, {""incoming_labels"": [""GDL thickness""], ""outgoing_labels"": []}]"
duplicate-occurrence::sem-and-edx::251042d1bf,sem-and-edx,Gas permeability of a GDL with defined compression,,sem-and-edx::n33; sem-and-edx::n34,2,https://w3id.org/h2kg/decode/workflow/anchor/gas-permeability-of-a-gdl-with-defined-compression-method,True,distinct_branch_context,False,"[{""incoming_labels"": [""GDL substrate thickness""], ""outgoing_labels"": []}, {""incoming_labels"": [""GDL thickness""], ""outgoing_labels"": []}]"
duplicate-occurrence::sem-and-edx::5c495e16a4,sem-and-edx,Image parameter extraction 2D,,sem-and-edx::n31; sem-and-edx::n32; sem-and-edx::n44; sem-and-edx::n46,4,https://w3id.org/h2kg/decode/workflow/anchor/image-parameter-extraction-2d-method,True,distinct_branch_context,False,"[{""incoming_labels"": [""CCL cross section 2D pixel data containing surface information of element distributions""], ""outgoing_labels"": []}, {""incoming_labels"": [""GDL cross section 2D pixel data containing surface information of element distributions""], ""outgoing_labels"": []}, {""incoming_labels"": [""GDL substrate cross section 2D pixel data containing surface information of element distributions""], ""outgoing_labels"": []}, {""incoming_labels"": [""MPL cross section 2D pixel data containing surface information of element distributions""], ""outgoing_labels"": []}]"
duplicate-occurrence::sem-and-edx::6f3fa84320,sem-and-edx,SEM and EDX,,sem-and-edx::n16; sem-and-edx::n17; sem-and-edx::n18; sem-and-edx::n19; sem-and-edx::n20,5,https://w3id.org/h2kg/decode/workflow/anchor/sem-and-edx-method,True,distinct_branch_context,False,"[{""incoming_labels"": [""CCL cross section""], ""outgoing_labels"": [""CCL cross section 2D pixel data containing surface information of element distributions"", ""CCL thickness""]}, {""incoming_labels"": [""GDL""], ""outgoing_labels"": [""GDL in plane 2D pixel data containing surface information of element distributions"", ""MPL in plane 2D pixel data containing surface information of element distributions""]}, {""incoming_labels"": [""GDL cross section""], ""outgoing_labels"": [""GDL cross section 2D pixel data containing surface information of element distributions"", ""GDL substrate thickness"", ""GDL thickness"", ""MPL cross section 2D pixel data containing surface information of element distributions"", ""MPL thickness""]}, {""incoming_labels"": [""GDL substrate""], ""outgoing_labels"": [""GDL substrate in plane 2D pixel data containing surface information of element distributions""]}, {""incoming_labels"": [""GDL substrate cross section""], ""outgoing_labels"": [""GDL substrate cross section 2D pixel data containing surface information of element distributions"", ""GDL substrate thickness""]}]"
duplicate-occurrence::sem-and-fib-layer::e5676a00b8,sem-and-fib-layer,0D Particle population degradation model coupled with performance model (prediction),,sem-and-fib-layer::n13; sem-and-fib-layer::n14,2,https://w3id.org/h2kg/decode/workflow/anchor/0d-particle-population-degradation-model-coupled-with-performance-model-prediction-model,True,distinct_branch_context,False,"[{""incoming_labels"": [""CCL thickness"", ""GDL thickness"", ""Membrane thickness""], ""outgoing_labels"": []}, {""incoming_labels"": [""GDL thickness"", ""Membrane thickness""], ""outgoing_labels"": []}]"
duplicate-occurrence::sheet-resistance-measurement::8a236b8da8,sheet-resistance-measurement,CL for RDE,,sheet-resistance-measurement::n18; sheet-resistance-measurement::n19,2,https://w3id.org/h2kg/decode/workflow/anchor/cl-for-rde-method,True,distinct_branch_context,False,"[{""incoming_labels"": [], ""outgoing_labels"": [""CL on GDL""]}, {""incoming_labels"": [], ""outgoing_labels"": [""CL on glassy carbon""]}]"
duplicate-occurrence::sheet-resistance-measurement::c1427ed4e0,sheet-resistance-measurement,Electrospray deposition of Catalyst Layers,,sheet-resistance-measurement::n12; sheet-resistance-measurement::n14; sheet-resistance-measurement::n16,3,https://w3id.org/h2kg/decode/workflow/anchor/electrospray-deposition-of-catalyst-layers-process,True,distinct_branch_context,False,"[{""incoming_labels"": [], ""outgoing_labels"": [""CCM""]}, {""incoming_labels"": [], ""outgoing_labels"": [""CL on membrane""]}, {""incoming_labels"": [], ""outgoing_labels"": [""CL on substrate""]}]"
duplicate-occurrence::sheet-resistance-measurement::4df6cd947e,sheet-resistance-measurement,Sheet resistance measurement,,sheet-resistance-measurement::n10; sheet-resistance-measurement::n11; sheet-resistance-measurement::n7; sheet-resistance-measurement::n8; sheet-resistance-measurement::n9,5,https://w3id.org/h2kg/decode/workflow/anchor/sheet-resistance-measurement-method,True,distinct_branch_context,False,"[{""incoming_labels"": [""CCM""], ""outgoing_labels"": [""CCL sheet resistance"", ""CCL sheet resistance homogeneity""]}, {""incoming_labels"": [""CL on GDL""], ""outgoing_labels"": [""CCL sheet resistance"", ""CCL sheet resistance homogeneity""]}, {""incoming_labels"": [""CL on glassy carbon""], ""outgoing_labels"": [""CCL sheet resistance"", ""CCL sheet resistance homogeneity""]}, {""incoming_labels"": [""CL on membrane""], ""outgoing_labels"": [""CCL sheet resistance"", ""CCL sheet resistance homogeneity""]}, {""incoming_labels"": [""CL on substrate""], ""outgoing_labels"": [""CCL sheet resistance"", ""CCL sheet resistance homogeneity""]}]"
duplicate-occurrence::sheet-resistance-measurement::0ea0ec95cd,sheet-resistance-measurement,Ultrasonic spray deposition for catalytic layers,,sheet-resistance-measurement::n13; sheet-resistance-measurement::n17,2,https://w3id.org/h2kg/decode/workflow/anchor/ultrasonic-spray-deposition-for-catalytic-layers-process,True,distinct_branch_context,False,"[{""incoming_labels"": [], ""outgoing_labels"": [""CCM""]}, {""incoming_labels"": [], ""outgoing_labels"": [""CL on substrate""]}]"
duplicate-occurrence::simulation-of-single-phase-3d-apparent-properties::b9a3fc7aaf,simulation-of-single-phase-3d-apparent-properties,AI-based generation of structural digital twins of multi-scale tomographies,,simulation-of-single-phase-3d-apparent-properties::n22; simulation-of-single-phase-3d-apparent-properties::n23,2,https://w3id.org/h2kg/decode/workflow/anchor/ai-based-generation-of-structural-digital-twins-of-multi-scale-tomographies-model,True,distinct_branch_context,False,"[{""incoming_labels"": [], ""outgoing_labels"": [""GDL substrate 3D voxel data classified""]}, {""incoming_labels"": [], ""outgoing_labels"": [""MPL 3D voxel data classified""]}]"
duplicate-occurrence::simulation-of-two-phase-3d-apparent-properties::b9a3fc7aaf,simulation-of-two-phase-3d-apparent-properties,AI-based generation of structural digital twins of multi-scale tomographies,,simulation-of-two-phase-3d-apparent-properties::n23; simulation-of-two-phase-3d-apparent-properties::n24,2,https://w3id.org/h2kg/decode/workflow/anchor/ai-based-generation-of-structural-digital-twins-of-multi-scale-tomographies-model,True,distinct_branch_context,False,"[{""incoming_labels"": [], ""outgoing_labels"": [""GDL substrate 3D voxel data classified""]}, {""incoming_labels"": [], ""outgoing_labels"": [""MPL 3D voxel data classified""]}]"
duplicate-occurrence::synch-ct-measurements-on-gdl-or-mpl-materials::6c13a8ff70,synch-ct-measurements-on-gdl-or-mpl-materials,Image classification of X-ray tomography data,,synch-ct-measurements-on-gdl-or-mpl-materials::n12; synch-ct-measurements-on-gdl-or-mpl-materials::n8,2,https://w3id.org/h2kg/decode/workflow/anchor/image-classification-of-x-ray-tomography-data-data,True,distinct_branch_context,False,"[{""incoming_labels"": [""GDL substrate 3D voxel data raw""], ""outgoing_labels"": []}, {""incoming_labels"": [""GDL substrate 3D voxel data wet raw""], ""outgoing_labels"": []}]"
duplicate-occurrence::synch-ct-measurements-on-gdl-or-mpl-materials::f742ef7cdf,synch-ct-measurements-on-gdl-or-mpl-materials,Synch-CT measurements on GDL/MPL materials.,,synch-ct-measurements-on-gdl-or-mpl-materials::n6; synch-ct-measurements-on-gdl-or-mpl-materials::n7,2,https://w3id.org/h2kg/decode/workflow/anchor/synch-ct-measurements-on-gdl-mpl-materials-method,True,distinct_branch_context,False,"[{""incoming_labels"": [""GDL""], ""outgoing_labels"": [""GDL substrate 3D voxel data raw"", ""MPL 3D voxel data raw""]}, {""incoming_labels"": [""GDL substrate""], ""outgoing_labels"": [""GDL substrate 3D voxel data raw"", ""GDL substrate 3D voxel data wet raw"", ""GDL substrate breakthrough pressure""]}]"
duplicate-occurrence::tem-and-eds-analysis-of-mea::e5676a00b8,tem-and-eds-analysis-of-mea,0D Particle population degradation model coupled with performance model (prediction),,tem-and-eds-analysis-of-mea::n7; tem-and-eds-analysis-of-mea::n8,2,https://w3id.org/h2kg/decode/workflow/anchor/0d-particle-population-degradation-model-coupled-with-performance-model-prediction-model,True,same_direct_label_context,False,"[{""incoming_labels"": [""Catalyst active particle radius distribution""], ""outgoing_labels"": []}]"
duplicate-occurrence::transmission-line-model-fitting-of-cl-eis-patterns-for-components-distribution::664b4970db,transmission-line-model-fitting-of-cl-eis-patterns-for-components-distribution,Transmission Line Model Fitting of CL EIS patterns for components distribution,,transmission-line-model-fitting-of-cl-eis-patterns-for-components-distribution::n7; transmission-line-model-fitting-of-cl-eis-patterns-for-components-distribution::n8,2,https://w3id.org/h2kg/decode/workflow/anchor/transmission-line-model-fitting-of-cl-eis-patterns-for-components-distribution-model,True,distinct_branch_context,False,"[{""incoming_labels"": [""GDE EIS"", ""GDE EIS (catalyst-free)"", ""GDE EIS (ionomer-free)""], ""outgoing_labels"": [""CL nanostructure porous network model""]}, {""incoming_labels"": [""RDE EIS"", ""RDE EIS (catalyst-free)"", ""RDE EIS (ionomer-free)""], ""outgoing_labels"": [""CL nanostructure porous network model""]}]"
duplicate-occurrence::ultrasonic-spray-deposition-for-catalytic-layers::999963abf4,ultrasonic-spray-deposition-for-catalytic-layers,FIB measurements on GDL/MPL and catalyst materials.,,ultrasonic-spray-deposition-for-catalytic-layers::n16; ultrasonic-spray-deposition-for-catalytic-layers::n27,2,https://w3id.org/h2kg/decode/workflow/anchor/fib-measurements-on-gdl-mpl-and-catalyst-materials-method,True,distinct_branch_context,False,"[{""incoming_labels"": [""CCM""], ""outgoing_labels"": []}, {""incoming_labels"": [""CL on substrate""], ""outgoing_labels"": []}]"
duplicate-occurrence::ultrasonic-spray-deposition-for-catalytic-layers::eb9f3e1a9a,ultrasonic-spray-deposition-for-catalytic-layers,High resolution electron tomography for accessing Pt and ionomer distribution on carbon aggregate,,ultrasonic-spray-deposition-for-catalytic-layers::n24; ultrasonic-spray-deposition-for-catalytic-layers::n9,2,https://w3id.org/h2kg/decode/workflow/anchor/high-resolution-electron-tomography-for-accessing-pt-and-ionomer-distribution-on-carbon-aggregate-method,True,distinct_branch_context,False,"[{""incoming_labels"": [""CCM""], ""outgoing_labels"": []}, {""incoming_labels"": [""CL on substrate""], ""outgoing_labels"": []}]"
duplicate-occurrence::ultrasonic-spray-deposition-for-catalytic-layers::bdae7b8612,ultrasonic-spray-deposition-for-catalytic-layers,"Mechanical properties of catalyst layers, GDLs, and MEAs by small-punch and nanoindentation",,ultrasonic-spray-deposition-for-catalytic-layers::n10; ultrasonic-spray-deposition-for-catalytic-layers::n25,2,https://w3id.org/h2kg/decode/workflow/anchor/mechanical-properties-of-catalyst-layers-gdls-and-meas-by-small-punch-and-nanoindentation-method,True,distinct_branch_context,False,"[{""incoming_labels"": [""CCM""], ""outgoing_labels"": []}, {""incoming_labels"": [""CL on substrate""], ""outgoing_labels"": []}]"
duplicate-occurrence::ultrasonic-spray-deposition-for-catalytic-layers::4df6cd947e,ultrasonic-spray-deposition-for-catalytic-layers,Sheet resistance measurement,,ultrasonic-spray-deposition-for-catalytic-layers::n15; ultrasonic-spray-deposition-for-catalytic-layers::n26,2,https://w3id.org/h2kg/decode/workflow/anchor/sheet-resistance-measurement-method,True,distinct_branch_context,False,"[{""incoming_labels"": [""CCM""], ""outgoing_labels"": []}, {""incoming_labels"": [""CL on substrate""], ""outgoing_labels"": []}]"
duplicate-occurrence::ultrasonic-spray-deposition-for-catalytic-layers::0ea0ec95cd,ultrasonic-spray-deposition-for-catalytic-layers,Ultrasonic spray deposition for catalytic layers,,ultrasonic-spray-deposition-for-catalytic-layers::n6; ultrasonic-spray-deposition-for-catalytic-layers::n7,2,https://w3id.org/h2kg/decode/workflow/anchor/ultrasonic-spray-deposition-for-catalytic-layers-process,True,distinct_branch_context,False,"[{""incoming_labels"": [""Catalyst powder"", ""Inert substrate"", ""Ionomer""], ""outgoing_labels"": [""CL on substrate""]}, {""incoming_labels"": [""Catalyst powder"", ""Ionomer"", ""Membrane""], ""outgoing_labels"": [""CCM""]}]"
duplicate-occurrence::voxel-based-3d-effective-diffusivity-simulation::b9a3fc7aaf,voxel-based-3d-effective-diffusivity-simulation,AI-based generation of structural digital twins of multi-scale tomographies,,voxel-based-3d-effective-diffusivity-simulation::n22; voxel-based-3d-effective-diffusivity-simulation::n28; voxel-based-3d-effective-diffusivity-simulation::n33,3,https://w3id.org/h2kg/decode/workflow/anchor/ai-based-generation-of-structural-digital-twins-of-multi-scale-tomographies-model,True,distinct_branch_context,False,"[{""incoming_labels"": [], ""outgoing_labels"": [""CCL 3D voxel data classified""]}, {""incoming_labels"": [], ""outgoing_labels"": [""GDL substrate 3D voxel data classified""]}, {""incoming_labels"": [], ""outgoing_labels"": [""MPL 3D voxel data classified""]}]"
duplicate-occurrence::voxel-based-3d-effective-diffusivity-simulation::4beec2447a,voxel-based-3d-effective-diffusivity-simulation,Image classification of FIB tomography data,,voxel-based-3d-effective-diffusivity-simulation::n24; voxel-based-3d-effective-diffusivity-simulation::n30,2,https://w3id.org/h2kg/decode/workflow/anchor/image-classification-of-fib-tomography-data-data,True,distinct_branch_context,False,"[{""incoming_labels"": [], ""outgoing_labels"": [""CCL 3D voxel data classified""]}, {""incoming_labels"": [], ""outgoing_labels"": [""MPL 3D voxel data classified""]}]"
duplicate-occurrence::voxel-based-3d-effective-diffusivity-simulation::d07d27ad90,voxel-based-3d-effective-diffusivity-simulation,Image classification on nm scale,,voxel-based-3d-effective-diffusivity-simulation::n23; voxel-based-3d-effective-diffusivity-simulation::n29,2,https://w3id.org/h2kg/decode/workflow/anchor/image-classification-on-nm-scale-method,True,distinct_branch_context,False,"[{""incoming_labels"": [], ""outgoing_labels"": [""CCL 3D voxel data classified""]}, {""incoming_labels"": [], ""outgoing_labels"": [""MPL 3D voxel data classified""]}]"
duplicate-occurrence::voxel-based-3d-effective-diffusivity-simulation::aad03d34f3,voxel-based-3d-effective-diffusivity-simulation,Voxel based 3D Effective Diffusivity simulation,,voxel-based-3d-effective-diffusivity-simulation::n13; voxel-based-3d-effective-diffusivity-simulation::n14; voxel-based-3d-effective-diffusivity-simulation::n15; voxel-based-3d-effective-diffusivity-simulation::n16,4,https://w3id.org/h2kg/decode/workflow/anchor/voxel-based-3d-effective-diffusivity-simulation-model,True,distinct_branch_context,False,"[{""incoming_labels"": [""CCL 3D voxel data classified""], ""outgoing_labels"": [""CCL porosity"", ""CCL tortuosity""]}, {""incoming_labels"": [""GDL substrate 3D voxel data classified""], ""outgoing_labels"": [""GDL substrate in-plane tortuosity"", ""GDL substrate porosity"", ""GDL substrate through-plane tortuosity""]}, {""incoming_labels"": [""MPL 3D voxel data classified""], ""outgoing_labels"": [""MPL porosity"", ""MPL tortuosity""]}, {""incoming_labels"": [""PTL 3D voxel data classified""], ""outgoing_labels"": [""PTL porosity"", ""PTL tortuosity""]}]"
duplicate-occurrence::voxel-based-3d-electric-conductiviy-simulation::b9a3fc7aaf,voxel-based-3d-electric-conductiviy-simulation,AI-based generation of structural digital twins of multi-scale tomographies,,voxel-based-3d-electric-conductiviy-simulation::n15; voxel-based-3d-electric-conductiviy-simulation::n21; voxel-based-3d-electric-conductiviy-simulation::n25,3,https://w3id.org/h2kg/decode/workflow/anchor/ai-based-generation-of-structural-digital-twins-of-multi-scale-tomographies-model,True,distinct_branch_context,False,"[{""incoming_labels"": [], ""outgoing_labels"": [""CCL 3D voxel data classified""]}, {""incoming_labels"": [], ""outgoing_labels"": [""GDL substrate 3D voxel data classified""]}, {""incoming_labels"": [], ""outgoing_labels"": [""MPL 3D voxel data classified""]}]"
duplicate-occurrence::voxel-based-3d-electric-conductiviy-simulation::4beec2447a,voxel-based-3d-electric-conductiviy-simulation,Image classification of FIB tomography data,,voxel-based-3d-electric-conductiviy-simulation::n17; voxel-based-3d-electric-conductiviy-simulation::n23,2,https://w3id.org/h2kg/decode/workflow/anchor/image-classification-of-fib-tomography-data-data,True,distinct_branch_context,False,"[{""incoming_labels"": [], ""outgoing_labels"": [""CCL 3D voxel data classified""]}, {""incoming_labels"": [], ""outgoing_labels"": [""MPL 3D voxel data classified""]}]"
duplicate-occurrence::voxel-based-3d-electric-conductiviy-simulation::d07d27ad90,voxel-based-3d-electric-conductiviy-simulation,Image classification on nm scale,,voxel-based-3d-electric-conductiviy-simulation::n16; voxel-based-3d-electric-conductiviy-simulation::n22,2,https://w3id.org/h2kg/decode/workflow/anchor/image-classification-on-nm-scale-method,True,distinct_branch_context,False,"[{""incoming_labels"": [], ""outgoing_labels"": [""CCL 3D voxel data classified""]}, {""incoming_labels"": [], ""outgoing_labels"": [""MPL 3D voxel data classified""]}]"
duplicate-occurrence::voxel-based-3d-electric-conductiviy-simulation::3ecaeac69e,voxel-based-3d-electric-conductiviy-simulation,Voxel based 3D Electric conductiviy simulation,,voxel-based-3d-electric-conductiviy-simulation::n10; voxel-based-3d-electric-conductiviy-simulation::n11; voxel-based-3d-electric-conductiviy-simulation::n12; voxel-based-3d-electric-conductiviy-simulation::n9,4,https://w3id.org/h2kg/decode/workflow/anchor/voxel-based-3d-electric-conductiviy-simulation-model,True,distinct_branch_context,False,"[{""incoming_labels"": [""CCL 3D voxel data classified""], ""outgoing_labels"": [""CCL conductivity""]}, {""incoming_labels"": [""GDL substrate 3D voxel data classified""], ""outgoing_labels"": [""GDL substrate in-plane conductivity"", ""GDL substrate through-plane conductivity""]}, {""incoming_labels"": [""MPL 3D voxel data classified""], ""outgoing_labels"": [""MPL conductivity""]}, {""incoming_labels"": [""PTL 3D voxel data classified""], ""outgoing_labels"": [""PTL conductivity""]}]"
duplicate-occurrence::voxel-based-3d-permability-simulation::b9a3fc7aaf,voxel-based-3d-permability-simulation,AI-based generation of structural digital twins of multi-scale tomographies,,voxel-based-3d-permability-simulation::n15; voxel-based-3d-permability-simulation::n21; voxel-based-3d-permability-simulation::n25,3,https://w3id.org/h2kg/decode/workflow/anchor/ai-based-generation-of-structural-digital-twins-of-multi-scale-tomographies-model,True,distinct_branch_context,False,"[{""incoming_labels"": [], ""outgoing_labels"": [""CCL 3D voxel data classified""]}, {""incoming_labels"": [], ""outgoing_labels"": [""GDL substrate 3D voxel data classified""]}, {""incoming_labels"": [], ""outgoing_labels"": [""MPL 3D voxel data classified""]}]"
duplicate-occurrence::voxel-based-3d-permability-simulation::4beec2447a,voxel-based-3d-permability-simulation,Image classification of FIB tomography data,,voxel-based-3d-permability-simulation::n17; voxel-based-3d-permability-simulation::n23,2,https://w3id.org/h2kg/decode/workflow/anchor/image-classification-of-fib-tomography-data-data,True,distinct_branch_context,False,"[{""incoming_labels"": [], ""outgoing_labels"": [""CCL 3D voxel data classified""]}, {""incoming_labels"": [], ""outgoing_labels"": [""MPL 3D voxel data classified""]}]"
duplicate-occurrence::voxel-based-3d-permability-simulation::d07d27ad90,voxel-based-3d-permability-simulation,Image classification on nm scale,,voxel-based-3d-permability-simulation::n16; voxel-based-3d-permability-simulation::n22,2,https://w3id.org/h2kg/decode/workflow/anchor/image-classification-on-nm-scale-method,True,distinct_branch_context,False,"[{""incoming_labels"": [], ""outgoing_labels"": [""CCL 3D voxel data classified""]}, {""incoming_labels"": [], ""outgoing_labels"": [""MPL 3D voxel data classified""]}]"
duplicate-occurrence::voxel-based-3d-permability-simulation::e0062c6fc7,voxel-based-3d-permability-simulation,Voxel based 3D Permability simulation,,voxel-based-3d-permability-simulation::n10; voxel-based-3d-permability-simulation::n11; voxel-based-3d-permability-simulation::n12; voxel-based-3d-permability-simulation::n9,4,https://w3id.org/h2kg/decode/workflow/anchor/voxel-based-3d-permability-simulation-model,True,distinct_branch_context,False,"[{""incoming_labels"": [""CCL 3D voxel data classified""], ""outgoing_labels"": [""CCL permeability""]}, {""incoming_labels"": [""GDL substrate 3D voxel data classified""], ""outgoing_labels"": [""GDL substrate in-plane permeability"", ""GDL substrate through-plane permeability""]}, {""incoming_labels"": [""MPL 3D voxel data classified""], ""outgoing_labels"": [""MPL permeability""]}, {""incoming_labels"": [""PTL 3D voxel data classified""], ""outgoing_labels"": [""PTL permeability""]}]"
duplicate-occurrence::voxel-based-3d-thermal-conductivity-simulation::b9a3fc7aaf,voxel-based-3d-thermal-conductivity-simulation,AI-based generation of structural digital twins of multi-scale tomographies,,voxel-based-3d-thermal-conductivity-simulation::n15; voxel-based-3d-thermal-conductivity-simulation::n21; voxel-based-3d-thermal-conductivity-simulation::n25,3,https://w3id.org/h2kg/decode/workflow/anchor/ai-based-generation-of-structural-digital-twins-of-multi-scale-tomographies-model,True,distinct_branch_context,False,"[{""incoming_labels"": [], ""outgoing_labels"": [""CCL 3D voxel data classified""]}, {""incoming_labels"": [], ""outgoing_labels"": [""GDL substrate 3D voxel data classified""]}, {""incoming_labels"": [], ""outgoing_labels"": [""MPL 3D voxel data classified""]}]"
duplicate-occurrence::voxel-based-3d-thermal-conductivity-simulation::4beec2447a,voxel-based-3d-thermal-conductivity-simulation,Image classification of FIB tomography data,,voxel-based-3d-thermal-conductivity-simulation::n17; voxel-based-3d-thermal-conductivity-simulation::n23,2,https://w3id.org/h2kg/decode/workflow/anchor/image-classification-of-fib-tomography-data-data,True,distinct_branch_context,False,"[{""incoming_labels"": [], ""outgoing_labels"": [""CCL 3D voxel data classified""]}, {""incoming_labels"": [], ""outgoing_labels"": [""MPL 3D voxel data classified""]}]"
duplicate-occurrence::voxel-based-3d-thermal-conductivity-simulation::d07d27ad90,voxel-based-3d-thermal-conductivity-simulation,Image classification on nm scale,,voxel-based-3d-thermal-conductivity-simulation::n16; voxel-based-3d-thermal-conductivity-simulation::n22,2,https://w3id.org/h2kg/decode/workflow/anchor/image-classification-on-nm-scale-method,True,distinct_branch_context,False,"[{""incoming_labels"": [], ""outgoing_labels"": [""CCL 3D voxel data classified""]}, {""incoming_labels"": [], ""outgoing_labels"": [""MPL 3D voxel data classified""]}]"
duplicate-occurrence::voxel-based-3d-thermal-conductivity-simulation::9a561335f7,voxel-based-3d-thermal-conductivity-simulation,Voxel based 3D Thermal conductivity simulation,,voxel-based-3d-thermal-conductivity-simulation::n10; voxel-based-3d-thermal-conductivity-simulation::n11; voxel-based-3d-thermal-conductivity-simulation::n12; voxel-based-3d-thermal-conductivity-simulation::n9,4,https://w3id.org/h2kg/decode/workflow/anchor/voxel-based-3d-thermal-conductivity-simulation-model,True,distinct_branch_context,False,"[{""incoming_labels"": [""CCL 3D voxel data classified""], ""outgoing_labels"": [""CCL thermal conductivity""]}, {""incoming_labels"": [""GDL substrate 3D voxel data classified""], ""outgoing_labels"": [""GDL substrate in-plane thermal conductivity"", ""GDL substrate through-plane thermal conductivity""]}, {""incoming_labels"": [""MPL 3D voxel data classified""], ""outgoing_labels"": [""MPL thermal conductivity""]}, {""incoming_labels"": [""PTL 3D voxel data classified""], ""outgoing_labels"": [""PTL thermal conductivity""]}]"
duplicate-occurrence::water-retention-curve-simulation::b9a3fc7aaf,water-retention-curve-simulation,AI-based generation of structural digital twins of multi-scale tomographies,,water-retention-curve-simulation::n25; water-retention-curve-simulation::n31; water-retention-curve-simulation::n35,3,https://w3id.org/h2kg/decode/workflow/anchor/ai-based-generation-of-structural-digital-twins-of-multi-scale-tomographies-model,True,distinct_branch_context,False,"[{""incoming_labels"": [], ""outgoing_labels"": [""CCL 3D voxel data classified""]}, {""incoming_labels"": [], ""outgoing_labels"": [""GDL substrate 3D voxel data classified""]}, {""incoming_labels"": [], ""outgoing_labels"": [""MPL 3D voxel data classified""]}]"
duplicate-occurrence::water-retention-curve-simulation::4beec2447a,water-retention-curve-simulation,Image classification of FIB tomography data,,water-retention-curve-simulation::n27; water-retention-curve-simulation::n33,2,https://w3id.org/h2kg/decode/workflow/anchor/image-classification-of-fib-tomography-data-data,True,distinct_branch_context,False,"[{""incoming_labels"": [], ""outgoing_labels"": [""CCL 3D voxel data classified""]}, {""incoming_labels"": [], ""outgoing_labels"": [""MPL 3D voxel data classified""]}]"
duplicate-occurrence::water-retention-curve-simulation::d07d27ad90,water-retention-curve-simulation,Image classification on nm scale,,water-retention-curve-simulation::n26; water-retention-curve-simulation::n32,2,https://w3id.org/h2kg/decode/workflow/anchor/image-classification-on-nm-scale-method,True,distinct_branch_context,False,"[{""incoming_labels"": [], ""outgoing_labels"": [""CCL 3D voxel data classified""]}, {""incoming_labels"": [], ""outgoing_labels"": [""MPL 3D voxel data classified""]}]"
duplicate-occurrence::water-retention-curve-simulation::d88ec53a62,water-retention-curve-simulation,Water retention curve simulation,,water-retention-curve-simulation::n16; water-retention-curve-simulation::n17; water-retention-curve-simulation::n18; water-retention-curve-simulation::n19,4,https://w3id.org/h2kg/decode/workflow/anchor/water-retention-curve-simulation-model,True,distinct_branch_context,False,"[{""incoming_labels"": [""CCL 3D voxel data classified"", ""CCL internal contact angle""], ""outgoing_labels"": [""CCL breakthrough pressure"", ""CCL water retention curve""]}, {""incoming_labels"": [""GDL substrate 3D voxel data classified"", ""GDL substrate internal contact angle""], ""outgoing_labels"": [""GDL substrate breakthrough pressure"", ""GDL substrate water retention curve""]}, {""incoming_labels"": [""MPL 3D voxel data classified"", ""MPL internal contact angle""], ""outgoing_labels"": [""MPL breakthrough pressure"", ""MPL water retention curve""]}, {""incoming_labels"": [""PTL 3D voxel data classified"", ""PTL internal contact angle""], ""outgoing_labels"": [""PTL breakthrough pressure"", ""PTL water retention curve""]}]"
duplicate-occurrence::wilhelmy-wettability-measurement::019b761762,wilhelmy-wettability-measurement,Wilhelmy wettability measurement,,wilhelmy-wettability-measurement::n5; wilhelmy-wettability-measurement::n6,2,https://w3id.org/h2kg/decode/workflow/anchor/wilhelmy-wettability-measurement-method,True,distinct_branch_context,False,"[{""incoming_labels"": [""Contact angle probe liquid(s)"", ""GDL""], ""outgoing_labels"": [""GDL substrate external contact angle"", ""MPL external contact angle""]}, {""incoming_labels"": [""Contact angle probe liquid(s)"", ""GDL substrate""], ""outgoing_labels"": [""GDL substrate external contact angle""]}]"
