concept_id,source_label,native_category,visual_category,occurrence_count,workflow_ids,source_descriptions,neighbor_context,decision,mapping_state,anchor_iri,canonical_role_iri,semantic_role,role_assignment,confidence,rationale,candidate_h2kg_terms
https://w3id.org/h2kg/decode/workflow/concept/0d-particle-population-degradation-model-fitting-model,0D Particle population degradation model (fitting),,model,3,0d-particle-population-degradation-model-coupled-with-performance-model-prediction; 0d-particle-population-degradation-model-fitting; 0d-particle-population-degradation-model-prediction,"0D Particle population degradation model (fitting)
Owner: FZJ-IET-3:Jannik Heitz
Task: T1.4
Maturity: established method
Documentation: DOI:10.1016/j.electacta.2015.03.152
Range of validity or processability: 
Considers only catalyst particles; Degradation rates only valid for one specific Test protocol (e. g. one specific Accelerated Stress Test)
internal key: 0D Particle population degradation model (fitting)0",Catalyst active particle radius distribution (aged); Catalyst coagulation rate constant; Catalyst deactivation rate constant; Catalyst dissolution rate constant; Catalyst re-deposition rate constant; Catalyst surface tension; ECSA (aged); Time series of electrode potential,reviewed_decode_anchor,reviewed_decode,https://w3id.org/h2kg/decode/workflow/anchor/0d-particle-population-degradation-model-fitting-model,https://w3id.org/h2kg/hydrogen-ontology#Process,Process,workflow_or_analysis,reviewed_structural,DECODE-specific concept retained as a stable reviewed anchor. Its source topology is preserved; no H2KG synonym or new public term was asserted.,"[{""iri"": ""https://w3id.org/h2kg/hydrogen-ontology#DegradationPredictionEvaluationMeasurement"", ""label"": ""Degradation Prediction Evaluation Measurement"", ""score"": 0.581}, {""iri"": ""https://w3id.org/h2kg/hydrogen-ontology#PolarizationPointDuration"", ""label"": ""Polarization Point Duration"", ""score"": 0.56}, {""iri"": ""https://w3id.org/h2kg/hydrogen-ontology#CriticalConcentrationOfParticlesPerVolume"", ""label"": ""Critical Concentration Of Particles Per Volume"", ""score"": 0.553}]"
https://w3id.org/h2kg/decode/workflow/concept/0d-particle-population-degradation-model-prediction-model,0D Particle population degradation model (prediction),,model,5,0d-particle-population-degradation-model-coupled-with-performance-model-fitting; 0d-particle-population-degradation-model-fitting; 0d-particle-population-degradation-model-prediction; image-tem-data-parameter-extraction-3d; tem-and-eds-analysis-of-mea,"0D Particle population degradation model (prediction)
Owner: FZJ-IET-3:Jannik Heitz
Task: T1.4
Maturity: established method
Documentation: DOI:10.1016/j.electacta.2015.03.152
Range of validity or processability: 
Considers only catalyst particles; Degradation rates only valid for one specific Test protocol (e. g. one specific Accelerated Stress Test)
internal key: 0D Particle population degradation model (prediction)0",Catalyst active particle radius distribution; Catalyst active particle radius distribution (aged); Catalyst coagulation rate constant; Catalyst deactivation rate constant; Catalyst dissolution rate constant; Catalyst loading (aged); Catalyst re-deposition rate constant; Catalyst surface tension; ECSA (aged),reviewed_decode_anchor,reviewed_decode,https://w3id.org/h2kg/decode/workflow/anchor/0d-particle-population-degradation-model-prediction-model,https://w3id.org/h2kg/hydrogen-ontology#Process,Process,workflow_or_analysis,reviewed_structural,DECODE-specific concept retained as a stable reviewed anchor. Its source topology is preserved; no H2KG synonym or new public term was asserted.,"[{""iri"": ""https://w3id.org/h2kg/hydrogen-ontology#DegradationPredictionEvaluationMeasurement"", ""label"": ""Degradation Prediction Evaluation Measurement"", ""score"": 0.667}, {""iri"": ""https://w3id.org/h2kg/hydrogen-ontology#PhotocatalyticDegradationMeasurement"", ""label"": ""Photocatalytic Degradation Measurement"", ""score"": 0.562}, {""iri"": ""https://w3id.org/h2kg/hydrogen-ontology#FabricationDesignSpecification"", ""label"": ""Fabrication Design Specification"", ""score"": 0.554}]"
https://w3id.org/h2kg/decode/workflow/concept/0d-particle-population-degradation-model-coupled-with-performance-model-fitting-model,0D Particle population degradation model coupled with performance model (fitting),,model,11,0d-particle-population-degradation-model-coupled-with-performance-model-fitting; 0d-particle-population-degradation-model-coupled-with-performance-model-prediction; 0d-particle-population-degradation-model-prediction; differential-cell-testing; fib-measurements-on-gdl-or-mpl-and-catalyst-materials; iet-ink-to-composition-model; image-fib-tomography-dataparameter-extraction-3d; image-parameter-extraction-2d; microscopy-sem-and-optical-in-mea-cross-section; sem-and-edx; sem-and-fib-layer,"0D Particle population degradation model coupled with performance model (fitting)
Owner: FZJ-IET-3:Jannik Heitz
Task: T1.4
Maturity: under development
Documentation: DOI:10.1016/j.electacta.2015.03.152
Range of validity or processability: 
Considers influence of degradation on exchange current density, validation in progress. Prediction of mass transport losses and ohmic losses due to degradation is under developement
internal key: 0D Particle population degradation model coupled with performance model (fitting)0",CCL thickness; CCL thickness (aged); Catalyst active particle radius distribution (aged); Catalyst coagulation rate constant; Catalyst deactivation rate constant; Catalyst dissolution rate constant; Catalyst re-deposition rate constant; Catalyst surface tension; Cell crossover current density; Cell high-frequency resistance (aged); Cell operation conditions; ECSA (aged); Mass of Pt in the membrane (aged); Time series of cell voltage; Time series of current density,reviewed_decode_anchor,reviewed_decode,https://w3id.org/h2kg/decode/workflow/anchor/0d-particle-population-degradation-model-coupled-with-performance-model-fitting-model,https://w3id.org/h2kg/hydrogen-ontology#Process,Process,workflow_or_analysis,reviewed_structural,DECODE-specific concept retained as a stable reviewed anchor. Its source topology is preserved; no H2KG synonym or new public term was asserted.,[]
https://w3id.org/h2kg/decode/workflow/concept/0d-particle-population-degradation-model-coupled-with-performance-model-prediction-model,0D Particle population degradation model coupled with performance model (prediction),,model,44,0d-particle-population-degradation-model-coupled-with-performance-model-fitting; 0d-particle-population-degradation-model-coupled-with-performance-model-prediction; 0d-particle-population-degradation-model-coupled-with-performance-model-prediction-without-fitting-methods; 0d-particle-population-degradation-model-fitting; cea-mea-model-europium-2d; differential-cell-testing; diffusivities-from-tortuosities; fib-measurements-on-gdl-or-mpl-and-catalyst-materials; fitting-of-the-europium-model; gdl-compressability; iet-1d-mea-with-water-transport-eis-model; iet-1d-mea-with-water-transport-in-ccl-eis-model; iet-1d-performance-model-for-mea-fitting; iet-1d-performance-model-for-mea-prediction; iet-composition-to-property-model; iet-ink-to-composition-model; image-based-ccl-effective-transport-property-computation-from-numerical-simulations; image-fib-tomography-dataparameter-extraction-3d; image-parameter-extraction-2d; image-tem-data-parameter-extraction-3d; microscopy-sem-and-optical-in-mea-cross-section; sem-and-edx; sem-and-fib-layer; tem-and-eds-analysis-of-mea; voxel-based-3d-effective-diffusivity-simulation,"0D Particle population degradation model coupled with performance model (prediction)
Owner: FZJ-IET-3:Jannik Heitz
Task: T1.4
Maturity: under development
Documentation: DOI:10.1016/j.electacta.2015.03.152
Range of validity or processability: 
Considers influence of degradation on exchange current density, validation in progress. Prediction of mass transport losses and ohmic losses due to degradation is under developement
internal key: 0D Particle population degradation model coupled with performance model (prediction)0; 0D Particle population degradation model coupled with performance model (prediction)
Owner: FZJ-IET-3:Jannik Heitz
Task: T1.4
Maturity: under development
Documentation: DOI:10.1016/j.electacta.2015.03.152
Range of validity or processability: 
Considers influence of degradation on exchange current density, validation in progress. Prediction of mass transport losses and ohmic losses due to degradation is under developement
internal key: 0D Particle population degradation model coupled with performance model (prediction)1",CCL ORR apparent Tafel slope(s); CCL ORR effective exchange current density; CCL ORR effective exchange current density (aged); CCL effective O2 diffusivity (aged); CCL effective proton conductivity (aged); CCL porosity; CCL thickness; Catalyst active particle density; Catalyst active particle radius distribution; Catalyst active particle radius distribution (aged); Catalyst coagulation rate constant; Catalyst deactivation rate constant; Catalyst dissolution rate constant; Catalyst loading; Catalyst loading (aged); Catalyst re-deposition rate constant; Catalyst support density; Catalyst surface tension; Catalyst-support ratio; Cell crossover current density,reviewed_decode_anchor,reviewed_decode,https://w3id.org/h2kg/decode/workflow/anchor/0d-particle-population-degradation-model-coupled-with-performance-model-prediction-model,https://w3id.org/h2kg/hydrogen-ontology#Process,Process,workflow_or_analysis,reviewed_structural,DECODE-specific concept retained as a stable reviewed anchor. Its source topology is preserved; no H2KG synonym or new public term was asserted.,[]
https://w3id.org/h2kg/decode/workflow/concept/ab-initio-molecular-dynamics-aimd-of-the-solid-liquid-interface-at-a-pt-electrode-method,Ab-initio molecular dynamics (AIMD) of the solid-liquid interface at a Pt electrode,,method,6,ab-initio-molecular-dynamics-aimd-of-the-solid-liquid-interface-at-a-pt-electrode; dip-and-pull-operando-or-in-situ-xps; irras-operando-or-in-situ-ftir; operando-or-in-situ-xas-photon-out; operando-saxs-or-waxs-small-or-wide-angle-x-ray-spectroscopy; thin-windows-operando-or-in-situ-xps,"Ab-initio molecular dynamics (AIMD) of the solid-liquid interface at a Pt electrode
Owner: DTU:Andr Philipp Wark
Task: T1.2
Maturity: established method
Documentation: 
Range of validity or processability: 
General limitations and accuracy of density functional theory apply; model system size and possible size effects
internal key: Ab-initio molecular dynamics (AIMD) of the solid-liquid interface at a Pt electrode0",Electrode chemistry; Electrode morphology; Electrolyte composition; LRE capacitance (idealized); LRE species distribution (idealized),reviewed_decode_anchor,reviewed_decode,https://w3id.org/h2kg/decode/workflow/anchor/ab-initio-molecular-dynamics-aimd-of-the-solid-liquid-interface-at-a-pt-electrode-method,https://w3id.org/h2kg/hydrogen-ontology#Process,Process,aimd_is_process,reviewed_structural,DECODE-specific concept retained as a stable reviewed anchor. Its source topology is preserved; no H2KG synonym or new public term was asserted.,[]
https://w3id.org/h2kg/decode/workflow/concept/accelerated-stress-test-ast-on-nanostructured-electrodes-method,Accelerated Stress Test (AST) on Nanostructured Electrodes,,method,8,accelerated-stress-test-ast-on-nanostructured-electrodes; dropcasted-ink-on-gc-tips; image-fib-tomography-dataparameter-extraction-3d; image-parameter-extraction-2d,"Accelerated Stress Test (AST) on Nanostructured Electrodes
Owner: ICPEES@CNRS/Unistra:Tristan Asset
Task: T2.1.
Maturity: established method
Documentation: 
Range of validity or processability: 
Act as screening method for the real durability in real systems, and thus is an approximation for all systems it is investigated into - but it should be valid for all DECODE system if the AST is correctly chosen
internal key: Accelerated Stress Test (AST) on Nanostructured Electrodes0; Accelerated Stress Test (AST) on Nanostructured Electrodes
Owner: ICPEES@CNRS/Unistra:Tristan Asset
Task: T2.1.
Maturity: established method
Documentation: 
Range of validity or processability: 
Act as screening method for the real durability in real systems, and thus is an approximation for all systems it is investigated into - but it should be valid for all DECODE system if the AST is correctly chosen
internal key: Accelerated Stress Test (AST) on Nanostructured Electrodes1",Catalyst loading; Electrolyte; Electrolyte composition; EoT RDE electrochemical response (nanostructured); I/C-ratio; Monomer concentration in the electrolyte; RDE electrode (nanostructured),reviewed_decode_anchor,reviewed_decode,https://w3id.org/h2kg/decode/workflow/anchor/accelerated-stress-test-ast-on-nanostructured-electrodes-method,https://w3id.org/h2kg/hydrogen-ontology#Property,Property,physical_or_derived_property,reviewed_structural,DECODE-specific concept retained as a stable reviewed anchor. Its source topology is preserved; no H2KG synonym or new public term was asserted.,"[{""iri"": ""https://w3id.org/h2kg/hydrogen-ontology#ASTDataset"", ""label"": ""AST Dataset"", ""score"": 0.667}, {""iri"": ""https://w3id.org/h2kg/hydrogen-ontology#AcceleratedStressTestVoltageCycling"", ""label"": ""Accelerated Stress Test Voltage Cycling"", ""score"": 0.568}]"
https://w3id.org/h2kg/decode/workflow/concept/activation-barriers-of-elementary-steps-lre,Activation barriers of elementary steps,LRE,device,3,dft-onto-idealized-surfaces; fitting-version-of-the-hierachical-model; hierarchical-model-for-electrocatalytic-reactions,"Activation barriers of elementary steps
internal key: Activation barriers of elementary steps: LRE",DFT onto idealized surfaces; Fitting Version of the Hierachical Model; Hierarchical model for electrocatalytic reactions,reviewed_decode_anchor,reviewed_decode,https://w3id.org/h2kg/decode/workflow/anchor/activation-barriers-of-elementary-steps-lre,https://w3id.org/h2kg/hydrogen-ontology#Property,Property,lre_category_default,reviewed_structural,DECODE-specific concept retained as a stable reviewed anchor. Its source topology is preserved; no H2KG synonym or new public term was asserted.,"[{""iri"": ""https://w3id.org/h2kg/hydrogen-ontology#ActivationMechanismTimeScale"", ""label"": ""Activation Mechanism Time Scale"", ""score"": 0.571}, {""iri"": ""https://w3id.org/h2kg/hydrogen-ontology#KOHImmersionActivation"", ""label"": ""KOH Immersion Activation"", ""score"": 0.571}, {""iri"": ""https://w3id.org/h2kg/hydrogen-ontology#SteamActivationProcess"", ""label"": ""Steam Activation Process"", ""score"": 0.571}]"
https://w3id.org/h2kg/decode/workflow/concept/active-material-density-in-the-electrode-material,Active material density in the electrode,material,material,1,adsorbate-surface-diffusion-on-electrocatalyst-support,"Active material density in the electrode
internal key: Active material density in the electrode: material",Adsorbate Surface Diffusion on Electrocatalyst Support,reviewed_decode_anchor,reviewed_decode,https://w3id.org/h2kg/decode/workflow/anchor/active-material-density-in-the-electrode-material,https://w3id.org/h2kg/hydrogen-ontology#Property,Property,physical_or_derived_property,reviewed_structural,DECODE-specific concept retained as a stable reviewed anchor. Its source topology is preserved; no H2KG synonym or new public term was asserted.,"[{""iri"": ""https://w3id.org/h2kg/hydrogen-ontology#InterdigitatedElectrodeArray"", ""label"": ""Interdigitated Electrode Array"", ""score"": 0.629}, {""iri"": ""https://w3id.org/h2kg/hydrogen-ontology#FeN4SiteDensity"", ""label"": ""Fe N 4 Site Density"", ""score"": 0.61}, {""iri"": ""https://w3id.org/h2kg/hydrogen-ontology#DensityFunctionalTheoryCalculation"", ""label"": ""Density Functional Theory Calculation"", ""score"": 0.597}]"
https://w3id.org/h2kg/decode/workflow/concept/active-material-macroscopic-distribution-material,Active material macroscopic distribution,material,material,1,adsorbate-surface-diffusion-on-electrocatalyst-support,"Active material macroscopic distribution
internal key: Active material macroscopic distribution: material",Adsorbate Surface Diffusion on Electrocatalyst Support,reviewed_decode_anchor,reviewed_decode,https://w3id.org/h2kg/decode/workflow/anchor/active-material-macroscopic-distribution-material,https://w3id.org/h2kg/hydrogen-ontology#Matter,Matter,material_category_default,reviewed_structural,DECODE-specific concept retained as a stable reviewed anchor. Its source topology is preserved; no H2KG synonym or new public term was asserted.,"[{""iri"": ""https://w3id.org/h2kg/hydrogen-ontology#PoreSizeDistributionDataset"", ""label"": ""Pore Size Distribution Dataset"", ""score"": 0.613}, {""iri"": ""https://w3id.org/h2kg/hydrogen-ontology#AgglomerateSizeDistributionDataset"", ""label"": ""Agglomerate Size Distribution Dataset"", ""score"": 0.58}, {""iri"": ""https://w3id.org/h2kg/hydrogen-ontology#PoreSizeDistributionPeakDiameter"", ""label"": ""Pore Size Distribution Peak Diameter"", ""score"": 0.579}]"
https://w3id.org/h2kg/decode/workflow/concept/active-phase-lre,Active phase,LRE,device,2,development-of-a-zero-gap-cell-for-gde-based-spectrocopy-measurement; three-electrode-cell-assesement-of-cl-by-xas-xanes-exafs-xrd,"Active phase
internal key: Active phase: LRE","Development of a zero gap cell for GDE based spectrocopy measurement; Three electrode cell assesement of CL by XAS, XANES, EXAFS, XRD",reviewed_decode_anchor,reviewed_decode,https://w3id.org/h2kg/decode/workflow/anchor/active-phase-lre,https://w3id.org/h2kg/hydrogen-ontology#Matter,Matter,lre_active_phase_is_matter,reviewed_structural,DECODE-specific concept retained as a stable reviewed anchor. Its source topology is preserved; no H2KG synonym or new public term was asserted.,"[{""iri"": ""https://w3id.org/h2kg/hydrogen-ontology#CellActiveArea"", ""label"": ""Cell Active Area"", ""score"": 0.783}, {""iri"": ""https://w3id.org/h2kg/hydrogen-ontology#GeometricArea"", ""label"": ""Geometric Area"", ""score"": 0.783}, {""iri"": ""https://w3id.org/h2kg/hydrogen-ontology#ReactionLayer"", ""label"": ""Reaction Layer"", ""score"": 0.75}]"
https://w3id.org/h2kg/decode/workflow/concept/additional-measurements-on-pewe-during-operation-method,Additional measurements on PEWE during operation,,method,1,additional-measurements-on-pewe-during-operation,"Additional measurements on PEWE during operation
Owner: FZJ-IET-4:Andreas Glsen
Task: T2.4
Maturity: established method
Documentation: Publication in preparation
Range of validity or processability: unkonwn
internal key: Additional measurements on PEWE during operation0",CL (aged); CL structure (aged); CL thickness (aged); Information on corrosion; Membrane (aged); Membrane thickness (aged); Operating PEWE cell; Process water samples taken during operation,reviewed_decode_anchor,reviewed_decode,https://w3id.org/h2kg/decode/workflow/anchor/additional-measurements-on-pewe-during-operation-method,https://w3id.org/h2kg/hydrogen-ontology#Parameter,Parameter,operating_or_geometric_parameter,reviewed_structural,DECODE-specific concept retained as a stable reviewed anchor. Its source topology is preserved; no H2KG synonym or new public term was asserted.,"[{""iri"": ""https://w3id.org/h2kg/hydrogen-ontology#DegradationPredictionEvaluationMeasurement"", ""label"": ""Degradation Prediction Evaluation Measurement"", ""score"": 0.645}, {""iri"": ""https://w3id.org/h2kg/hydrogen-ontology#IonomerAdsorptionIsothermMeasurement"", ""label"": ""Ionomer Adsorption Isotherm Measurement"", ""score"": 0.632}, {""iri"": ""https://w3id.org/h2kg/hydrogen-ontology#InkFormulationSpecificationMeasurement"", ""label"": ""Ink Formulation Specification Measurement"", ""score"": 0.629}]"
https://w3id.org/h2kg/decode/workflow/concept/adsorbate-adsorption-energies-idealized-lre,Adsorbate adsorption energies (idealized),LRE,device,2,adsorbate-surface-diffusion-on-electrocatalyst-support; dft-onto-idealized-surfaces,"Adsorbate adsorption energies (idealized)
internal key: Adsorbate adsorption energies (idealized): LRE",Adsorbate Surface Diffusion on Electrocatalyst Support; DFT onto idealized surfaces,reviewed_decode_anchor,reviewed_decode,https://w3id.org/h2kg/decode/workflow/anchor/adsorbate-adsorption-energies-idealized-lre,https://w3id.org/h2kg/hydrogen-ontology#Property,Property,physical_or_derived_property,reviewed_structural,DECODE-specific concept retained as a stable reviewed anchor. Its source topology is preserved; no H2KG synonym or new public term was asserted.,"[{""iri"": ""https://w3id.org/h2kg/hydrogen-ontology#AdsorbedAggregateLateralSize"", ""label"": ""Adsorbed Aggregate Lateral Size"", ""score"": 0.571}, {""iri"": ""https://w3id.org/h2kg/hydrogen-ontology#AgglomerateSizeDistributionDataset"", ""label"": ""Agglomerate Size Distribution Dataset"", ""score"": 0.559}, {""iri"": ""https://w3id.org/h2kg/hydrogen-ontology#PhosphoricAcidAdsorptionEnergyOnPt"", ""label"": ""Phosphoric Acid Adsorption Energy On Pt"", ""score"": 0.554}]"
https://w3id.org/h2kg/decode/workflow/concept/adsorbate-conformation-on-electrode-idealized-lre,Adsorbate conformation on electrode (idealized),LRE,device,4,dft-onto-idealized-surfaces; hierarchical-model-for-electrocatalytic-reactions; in-situ-fourier-transformed-ir-in-atr-configuration; molecular-dynamics-for-the-electrode-electrolyte-interface-in-presence-of-ionomer,"Adsorbate conformation on electrode (idealized)
internal key: Adsorbate conformation on electrode (idealized): LRE",DFT onto idealized surfaces; Hierarchical model for electrocatalytic reactions; In Situ Fourier Transformed IR in ATR configuration; Molecular Dynamics for the Electrode | Electrolyte Interface in presence of ionomer,reviewed_decode_anchor,reviewed_decode,https://w3id.org/h2kg/decode/workflow/anchor/adsorbate-conformation-on-electrode-idealized-lre,https://w3id.org/h2kg/hydrogen-ontology#Data,Data,lre_adsorbate_conformation_is_data,reviewed_structural,DECODE-specific concept retained as a stable reviewed anchor. Its source topology is preserved; no H2KG synonym or new public term was asserted.,"[{""iri"": ""https://w3id.org/h2kg/hydrogen-ontology#ThermalDecompositionElectrodePreparation"", ""label"": ""Thermal Decomposition Electrode Preparation"", ""score"": 0.568}]"
https://w3id.org/h2kg/decode/workflow/concept/adsorbate-coverage-on-electrode-idealized-lre,Adsorbate coverage on electrode (idealized),LRE,device,4,dip-and-pull-operando-or-in-situ-xps; hierarchical-model-for-electrocatalytic-reactions; in-situ-fourier-transformed-ir-in-atr-configuration; molecular-dynamics-for-the-electrode-electrolyte-interface-in-presence-of-ionomer,"Adsorbate coverage on electrode (idealized)
internal key: Adsorbate coverage on electrode (idealized): LRE",Hierarchical model for electrocatalytic reactions; In Situ Fourier Transformed IR in ATR configuration; Molecular Dynamics for the Electrode | Electrolyte Interface in presence of ionomer; dip-and-pull operando/in-situ XPS,reviewed_decode_anchor,reviewed_decode,https://w3id.org/h2kg/decode/workflow/anchor/adsorbate-coverage-on-electrode-idealized-lre,https://w3id.org/h2kg/hydrogen-ontology#Property,Property,physical_or_derived_property,reviewed_structural,DECODE-specific concept retained as a stable reviewed anchor. Its source topology is preserved; no H2KG synonym or new public term was asserted.,"[{""iri"": ""https://w3id.org/h2kg/hydrogen-ontology#PtCounterElectrode"", ""label"": ""Pt Counter Electrode"", ""score"": 0.58}, {""iri"": ""https://w3id.org/h2kg/hydrogen-ontology#SprayDistance"", ""label"": ""Spray Distance"", ""score"": 0.58}, {""iri"": ""https://w3id.org/h2kg/hydrogen-ontology#CoverageRelaxationRateConstant"", ""label"": ""Coverage Relaxation Rate Constant"", ""score"": 0.568}]"
https://w3id.org/h2kg/decode/workflow/concept/adsorbate-coverage-on-electrode-nanostructured-lre,Adsorbate coverage on electrode (nanostructured),LRE,device,1,thin-windows-operando-or-in-situ-xps,"Adsorbate coverage on electrode (nanostructured)
internal key: Adsorbate coverage on electrode (nanostructured): LRE",thin windows operando/in-situ XPS,reviewed_decode_anchor,reviewed_decode,https://w3id.org/h2kg/decode/workflow/anchor/adsorbate-coverage-on-electrode-nanostructured-lre,https://w3id.org/h2kg/hydrogen-ontology#Property,Property,physical_or_derived_property,reviewed_structural,DECODE-specific concept retained as a stable reviewed anchor. Its source topology is preserved; no H2KG synonym or new public term was asserted.,"[{""iri"": ""https://w3id.org/h2kg/hydrogen-ontology#MicrostructureImageDataset"", ""label"": ""Microstructure Image Dataset"", ""score"": 0.568}, {""iri"": ""https://w3id.org/h2kg/hydrogen-ontology#SprayDistance"", ""label"": ""Spray Distance"", ""score"": 0.568}, {""iri"": ""https://w3id.org/h2kg/hydrogen-ontology#IonomerCoverageOnCarbon"", ""label"": ""Ionomer Coverage On Carbon"", ""score"": 0.556}]"
https://w3id.org/h2kg/decode/workflow/concept/adsorbate-dipole-moments-lre,Adsorbate dipole moments,LRE,device,2,dft-onto-idealized-surfaces; hierarchical-model-for-electrocatalytic-reactions,"Adsorbate dipole moments
internal key: Adsorbate dipole moments: LRE",DFT onto idealized surfaces; Hierarchical model for electrocatalytic reactions,reviewed_decode_anchor,reviewed_decode,https://w3id.org/h2kg/decode/workflow/anchor/adsorbate-dipole-moments-lre,https://w3id.org/h2kg/hydrogen-ontology#Property,Property,lre_category_default,reviewed_structural,DECODE-specific concept retained as a stable reviewed anchor. Its source topology is preserved; no H2KG synonym or new public term was asserted.,"[{""iri"": ""https://w3id.org/h2kg/hydrogen-ontology#IonomerAdsorptionIsothermMeasurement"", ""label"": ""Ionomer Adsorption Isotherm Measurement"", ""score"": 0.582}, {""iri"": ""https://w3id.org/h2kg/hydrogen-ontology#DipCoaterInstrument"", ""label"": ""Dip Coater Instrument"", ""score"": 0.578}, {""iri"": ""https://w3id.org/h2kg/hydrogen-ontology#IonomerAdsorptionRatio"", ""label"": ""Ionomer Adsorption Ratio"", ""score"": 0.571}]"
https://w3id.org/h2kg/decode/workflow/concept/adsorbate-surface-diffusion-on-electrocatalyst-support-method,Adsorbate Surface Diffusion on Electrocatalyst Support,,method,7,adsorbate-surface-diffusion-on-electrocatalyst-support; dft-onto-idealized-surfaces; rde-on-mono-or-polycrystalline-electrodes; rde-simulation-in-comsol; rrde-on-model-electrodes-in-acidic-solutions; rrde-on-model-electrodes-in-alkaline-solutions; rrde-simulation-in-comsol,"Adsorbate Surface Diffusion on Electrocatalyst Support
Owner: CIEMAT:Antonio M. Chaparro
Task: T2.2
Maturity: established method
Documentation: DOI: 10.1016/j.electacta.2021.137856
Range of validity or processability: 
Applicable to two dimensional catalyst dispersions of centers embedded in a support
internal key: Adsorbate Surface Diffusion on Electrocatalyst Support0",Active material density in the electrode; Active material macroscopic distribution; Adsorbate adsorption energies (idealized); Diffusion coefficients of species; Electrolyte viscosity; LRE relevance of surface diffusion on support; LRE surface diffusivity of rate-determining species on support; ORR charge transfer coefficient; RDE electrochemical response (idealized); RRDE ring electrochemical response (idealized),reviewed_decode_anchor,reviewed_decode,https://w3id.org/h2kg/decode/workflow/anchor/adsorbate-surface-diffusion-on-electrocatalyst-support-method,https://w3id.org/h2kg/hydrogen-ontology#Property,Property,physical_or_derived_property,reviewed_structural,DECODE-specific concept retained as a stable reviewed anchor. Its source topology is preserved; no H2KG synonym or new public term was asserted.,"[{""iri"": ""https://w3id.org/h2kg/hydrogen-ontology#PhosphoricAcidAdsorptionEnergyOnPt"", ""label"": ""Phosphoric Acid Adsorption Energy On Pt"", ""score"": 0.659}, {""iri"": ""https://w3id.org/h2kg/hydrogen-ontology#IonomerAdsorptionCapacityPerSurfaceArea"", ""label"": ""Ionomer Adsorption Capacity Per Surface Area"", ""score"": 0.592}, {""iri"": ""https://w3id.org/h2kg/hydrogen-ontology#BETSurfaceAreaOctaneAdsorption"", ""label"": ""BET Surface Area Octane Adsorption"", ""score"": 0.591}]"
https://w3id.org/h2kg/decode/workflow/concept/adsorbate-types-on-electrode-idealized-lre,Adsorbate types on electrode (idealized),LRE,device,5,dft-onto-idealized-surfaces; dip-and-pull-operando-or-in-situ-xps; hierarchical-model-for-electrocatalytic-reactions; in-situ-fourier-transformed-ir-in-atr-configuration; molecular-dynamics-for-the-electrode-electrolyte-interface-in-presence-of-ionomer,"Adsorbate types on electrode (idealized)
internal key: Adsorbate types on electrode (idealized): LRE",DFT onto idealized surfaces; Hierarchical model for electrocatalytic reactions; In Situ Fourier Transformed IR in ATR configuration; Molecular Dynamics for the Electrode | Electrolyte Interface in presence of ionomer; dip-and-pull operando/in-situ XPS,reviewed_decode_anchor,reviewed_decode,https://w3id.org/h2kg/decode/workflow/anchor/adsorbate-types-on-electrode-idealized-lre,https://w3id.org/h2kg/hydrogen-ontology#Matter,Matter,lre_adsorbate_types_are_matter,reviewed_structural,DECODE-specific concept retained as a stable reviewed anchor. Its source topology is preserved; no H2KG synonym or new public term was asserted.,"[{""iri"": ""https://w3id.org/h2kg/hydrogen-ontology#CarbonFeltElectrode"", ""label"": ""Carbon Felt Electrode"", ""score"": 0.576}, {""iri"": ""https://w3id.org/h2kg/hydrogen-ontology#PtCounterElectrode"", ""label"": ""Pt Counter Electrode"", ""score"": 0.576}, {""iri"": ""https://w3id.org/h2kg/hydrogen-ontology#SprayDistance"", ""label"": ""Spray Distance"", ""score"": 0.576}]"
https://w3id.org/h2kg/decode/workflow/concept/adsorbate-types-on-electrode-nanostructured-lre,Adsorbate types on electrode (nanostructured),LRE,device,2,operando-or-in-situ-xas-photon-out; thin-windows-operando-or-in-situ-xps,"Adsorbate types on electrode (nanostructured)
internal key: Adsorbate types on electrode (nanostructured): LRE",operando/in-situ XAS (photon-out); thin windows operando/in-situ XPS,reviewed_decode_anchor,reviewed_decode,https://w3id.org/h2kg/decode/workflow/anchor/adsorbate-types-on-electrode-nanostructured-lre,https://w3id.org/h2kg/hydrogen-ontology#Matter,Matter,lre_adsorbate_types_nanostructured_are_matter,reviewed_structural,DECODE-specific concept retained as a stable reviewed anchor. Its source topology is preserved; no H2KG synonym or new public term was asserted.,"[{""iri"": ""https://w3id.org/h2kg/hydrogen-ontology#SCE"", ""label"": ""SCE"", ""score"": 0.571}, {""iri"": ""https://w3id.org/h2kg/hydrogen-ontology#SprayDistance"", ""label"": ""Spray Distance"", ""score"": 0.563}, {""iri"": ""https://w3id.org/h2kg/hydrogen-ontology#NiFe2O4Nanostructure"", ""label"": ""Ni Fe 2 O 4 Nanostructure"", ""score"": 0.559}]"
https://w3id.org/h2kg/decode/workflow/concept/ai-based-generation-of-structural-digital-twins-of-multi-scale-tomographies-model,AI-based generation of structural digital twins of multi-scale tomographies,,model,55,ai-based-generation-of-structural-digital-twins-of-multi-scale-tomographies; fib-sem-on-cl-material; image-classification-of-fib-tomography-data; image-classification-of-x-ray-tomography-data; image-classification-on-nm-scale; image-fib-tomography-dataparameter-extraction-3d; image-x-ray-tomography-data-parameter-extraction-3d; inpt-cl-process-model; ionomer-reconstruction-in-ccl-3d-images; modeling-of-hydrophobic-treatment-of-gdl; modeling-of-mpl-coating-of-gdl; mpl-saturation-determination-from-x-ray-ct-data; simulation-of-single-phase-3d-apparent-properties; simulation-of-two-phase-3d-apparent-properties; voxel-based-3d-effective-diffusivity-simulation; voxel-based-3d-electric-conductiviy-simulation; voxel-based-3d-permability-simulation; voxel-based-3d-thermal-conductivity-simulation; water-retention-curve-simulation,"AI-based generation of structural digital twins of multi-scale tomographies
Owner: HZB:Markus Osenberg
Task: T2.1
Maturity: under development
Documentation: publication in preparation
Range of validity or processability: unkonwn
internal key: AI-based generation of structural digital twins of multi-scale tomographies0; AI-based generation of structural digital twins of multi-scale tomographies
Owner: HZB:Markus Osenberg
Task: T2.1
Maturity: under development
Documentation: publication in preparation
Range of validity or processability: unkonwn
internal key: AI-based generation of structural digital twins of multi-scale tomographies1; AI-based generation of structural digital twins of multi-scale tomographies
Owner: HZB:Markus Osenberg
Task: T2.1
Maturity: under development
Documentation: publication in preparation
Range of validity or processability: unkonwn
internal key: AI-based generation of structural digital twins of multi-scale tomographies2; AI-based generation of structural digital twins of multi-scale tomographies
Owner: HZB:Markus Osenberg
Task: T2.1
Maturity: under development
Documentation: publication in preparation
Range of validity or processability: unkonwn
internal key: AI-based generation of structural digital twins of multi-scale tomographies3; AI-based generation of structural digital twins of multi-scale tomographies
Owner: HZB:Markus Osenberg
Task: T2.1
Maturity: under development
Documentation: publication in preparation
Range of validity or processability: unkonwn
internal key: AI-based generation of structural digital twins of multi-scale tomographies4; AI-based generation of structural digital twins of multi-scale tomographies
Owner: HZB:Markus Osenberg
Task: T2.1
Maturity: under development
Documentation: publication in preparation
Range of validity or processability: unkonwn
internal key: AI-based generation of structural digital twins of multi-scale tomographies5; AI-based generation of structural digital twins of multi-scale tomographies
Owner: HZB:Markus Osenberg
Task: T2.1
Maturity: under development
Documentation: publication in preparation
Range of validity or processability: unkonwn
internal key: AI-based generation of structural digital twins of multi-scale tomographies6; AI-based generation of structural digital twins of multi-scale tomographies
Owner: HZB:Markus Osenberg
Task: T2.1
Maturity: under development
Documentation: publication in preparation
Range of validity or processability: unkonwn
internal key: AI-based generation of structural digital twins of multi-scale tomographies7",CCL 3D voxel data classified; GDL substrate 3D voxel data classified; GDL substrate 3D voxel data wet classified; GDL substrate 3D voxel data wet operando classified; MPL 3D voxel data classified; MPL X-ray 3D voxel data classified; MPL X-ray 3D voxel data wet classified; MPL X-ray 3D voxel data wet operando classified,reviewed_decode_anchor,reviewed_decode,https://w3id.org/h2kg/decode/workflow/anchor/ai-based-generation-of-structural-digital-twins-of-multi-scale-tomographies-model,https://w3id.org/h2kg/hydrogen-ontology#Parameter,Parameter,operating_or_geometric_parameter,reviewed_structural,DECODE-specific concept retained as a stable reviewed anchor. Its source topology is preserved; no H2KG synonym or new public term was asserted.,[]
https://w3id.org/h2kg/decode/workflow/concept/atr-ftir-cell-temperature-device,ATR-FTIR cell temperature,device,device,1,in-situ-fourier-transformed-ir-in-atr-configuration,"ATR-FTIR cell temperature
internal key: ATR-FTIR cell temperature: device",In Situ Fourier Transformed IR in ATR configuration,reviewed_decode_anchor,reviewed_decode,https://w3id.org/h2kg/decode/workflow/anchor/atr-ftir-cell-temperature-device,https://w3id.org/h2kg/hydrogen-ontology#Parameter,Parameter,operating_or_geometric_parameter,reviewed_structural,DECODE-specific concept retained as a stable reviewed anchor. Its source topology is preserved; no H2KG synonym or new public term was asserted.,"[{""iri"": ""https://w3id.org/h2kg/hydrogen-ontology#OperatingTemperature"", ""label"": ""Operating Temperature"", ""score"": 0.78}, {""iri"": ""https://w3id.org/h2kg/hydrogen-ontology#Temperature"", ""label"": ""Temperature"", ""score"": 0.78}, {""iri"": ""https://w3id.org/h2kg/hydrogen-ontology#HoldTime"", ""label"": ""Hold Time"", ""score"": 0.727}]"
https://w3id.org/h2kg/decode/workflow/concept/atr-ftir-electrochemical-protocol-component,ATR-FTIR electrochemical protocol,component,component,1,in-situ-fourier-transformed-ir-in-atr-configuration,"ATR-FTIR electrochemical protocol
internal key: ATR-FTIR electrochemical protocol: component",In Situ Fourier Transformed IR in ATR configuration,reviewed_decode_anchor,reviewed_decode,https://w3id.org/h2kg/decode/workflow/anchor/atr-ftir-electrochemical-protocol-component,https://w3id.org/h2kg/hydrogen-ontology#Process,Process,workflow_or_analysis,reviewed_structural,DECODE-specific concept retained as a stable reviewed anchor. Its source topology is preserved; no H2KG synonym or new public term was asserted.,"[{""iri"": ""https://w3id.org/h2kg/hydrogen-ontology#ElectrochemicalImpedanceSpectroscopyPotentiostatic"", ""label"": ""Electrochemical Impedance Spectroscopy Potentiostatic"", ""score"": 0.648}, {""iri"": ""https://w3id.org/h2kg/hydrogen-ontology#ElectrochemicalWorkstation"", ""label"": ""Electrochemical Workstation"", ""score"": 0.633}, {""iri"": ""https://w3id.org/h2kg/hydrogen-ontology#ElectrochemicallyActiveSurfaceArea"", ""label"": ""Electrochemically Active Surface Area"", ""score"": 0.629}]"
https://w3id.org/h2kg/decode/workflow/concept/atr-ftir-electrochemical-response-component,ATR-FTIR electrochemical response,component,component,1,in-situ-fourier-transformed-ir-in-atr-configuration,"ATR-FTIR electrochemical response
internal key: ATR-FTIR electrochemical response: component",In Situ Fourier Transformed IR in ATR configuration,reviewed_decode_anchor,reviewed_decode,https://w3id.org/h2kg/decode/workflow/anchor/atr-ftir-electrochemical-response-component,https://w3id.org/h2kg/hydrogen-ontology#Data,Data,data_product,reviewed_structural,DECODE-specific concept retained as a stable reviewed anchor. Its source topology is preserved; no H2KG synonym or new public term was asserted.,"[{""iri"": ""https://w3id.org/h2kg/hydrogen-ontology#ElectrochemicalWorkstation"", ""label"": ""Electrochemical Workstation"", ""score"": 0.667}, {""iri"": ""https://w3id.org/h2kg/hydrogen-ontology#ElectrochemicalReactionSimulation"", ""label"": ""Electrochemical Reaction Simulation"", ""score"": 0.647}, {""iri"": ""https://w3id.org/h2kg/hydrogen-ontology#ElectrochemicallyActiveSurfaceArea"", ""label"": ""Electrochemically Active Surface Area"", ""score"": 0.629}]"
https://w3id.org/h2kg/decode/workflow/concept/atr-ftir-electrode-component,ATR-FTIR electrode,component,component,2,in-situ-fourier-transformed-ir-in-atr-configuration; prism-preparation-for-atr-ftir,"ATR-FTIR electrode
internal key: ATR-FTIR electrode: component",In Situ Fourier Transformed IR in ATR configuration; Prism Preparation for ATR-FTIR,reviewed_decode_anchor,reviewed_decode,https://w3id.org/h2kg/decode/workflow/anchor/atr-ftir-electrode-component,https://w3id.org/h2kg/hydrogen-ontology#Instrument,Instrument,apparatus_or_electrode,reviewed_structural,DECODE-specific concept retained as a stable reviewed anchor. Its source topology is preserved; no H2KG synonym or new public term was asserted.,"[{""iri"": ""https://w3id.org/h2kg/hydrogen-ontology#CarbonFeltElectrode"", ""label"": ""Carbon Felt Electrode"", ""score"": 0.769}, {""iri"": ""https://w3id.org/h2kg/hydrogen-ontology#PlatinumWireCounterElectrode"", ""label"": ""Platinum Wire Counter Electrode"", ""score"": 0.744}, {""iri"": ""https://w3id.org/h2kg/hydrogen-ontology#PtCounterElectrode"", ""label"": ""Pt Counter Electrode"", ""score"": 0.737}]"
https://w3id.org/h2kg/decode/workflow/concept/binder-distribution-component,Binder distribution,component,component,2,image-parameter-extraction-2d; modeling-of-hydrophobic-treatment-of-gdl,"Binder distribution
internal key: Binder distribution: component",Image parameter extraction 2D; Modeling of Hydrophobic Treatment of GDL,reviewed_decode_anchor,reviewed_decode,https://w3id.org/h2kg/decode/workflow/anchor/binder-distribution-component,https://w3id.org/h2kg/hydrogen-ontology#Data,Data,data_product,reviewed_structural,DECODE-specific concept retained as a stable reviewed anchor. Its source topology is preserved; no H2KG synonym or new public term was asserted.,"[{""iri"": ""https://w3id.org/h2kg/hydrogen-ontology#AgglomerateSizeDistributionDataset"", ""label"": ""Agglomerate Size Distribution Dataset"", ""score"": 0.667}, {""iri"": ""https://w3id.org/h2kg/hydrogen-ontology#IonomerSolution"", ""label"": ""Ionomer Solution"", ""score"": 0.629}, {""iri"": ""https://w3id.org/h2kg/hydrogen-ontology#BinderMassFraction"", ""label"": ""Binder Mass Fraction"", ""score"": 0.615}]"
https://w3id.org/h2kg/decode/workflow/concept/binding-energies-of-intermediates-lre,Binding energies of intermediates,LRE,device,3,dft-onto-idealized-surfaces; fitting-version-of-the-hierachical-model; hierarchical-model-for-electrocatalytic-reactions,"Binding energies of intermediates
internal key: Binding energies of intermediates: LRE",DFT onto idealized surfaces; Fitting Version of the Hierachical Model; Hierarchical model for electrocatalytic reactions,reviewed_decode_anchor,reviewed_decode,https://w3id.org/h2kg/decode/workflow/anchor/binding-energies-of-intermediates-lre,https://w3id.org/h2kg/hydrogen-ontology#Property,Property,lre_category_default,reviewed_structural,DECODE-specific concept retained as a stable reviewed anchor. Its source topology is preserved; no H2KG synonym or new public term was asserted.,"[{""iri"": ""https://w3id.org/h2kg/hydrogen-ontology#BindingEnergy"", ""label"": ""Binding Energy"", ""score"": 0.607}, {""iri"": ""https://w3id.org/h2kg/hydrogen-ontology#PhosphoricAcidBindingEnergy"", ""label"": ""Phosphoric Acid Binding Energy"", ""score"": 0.6}, {""iri"": ""https://w3id.org/h2kg/hydrogen-ontology#InterdigitatedElectrodeArray"", ""label"": ""Interdigitated Electrode Array"", ""score"": 0.552}]"
https://w3id.org/h2kg/decode/workflow/concept/blade-coating-and-decal-transfer-for-ref-pefc-ccm-process,Blade coating and Decal transfer for ref PEFC CCM,,process,19,blade-coating-and-decal-transfer-for-ref-pefc-ccm; determination-of-cl-saturation-by-saxs-or-sans; development-of-a-zero-gap-cell-for-gde-based-spectrocopy-measurement; electron-tomography-for-pt-c-and-ionomer-distribution-in-cl; fib-measurements-on-gdl-or-mpl-and-catalyst-materials; fib-sem-on-cl-material; high-resolution-electron-tomography-for-accessing-pt-and-ionomer-distribution-on-carbon-aggregate; ink-preparation-for-deposition-of-catalytic-layers; mea-assembly-for-pefc-ref-mea; mechanical-properties-of-catalyst-layers-gdls-and-meas-by-small-punch-and-nanoindentation; mpl-saturation-determination-from-x-ray-ct-data; neutron-imaging; pulsed-gas-analysis; roller-mixer-and-zirconia-beads-for-ref-pefc-inks; rotating-ring-disk-electrode-rrde; sem-and-fib-layer; sheet-resistance-measurement; tem-and-eds-analysis-of-mea; three-electrode-cell-assesement-of-cl-by-xas-xanes-exafs-xrd,"Blade coating and Decal transfer for ref PEFC CCM
Owner: CEA:Pierre TOUDRET
Task: T1.4
Maturity: established method
Documentation: 
Range of validity or processability: unkonwn
internal key: Blade coating and Decal transfer for ref PEFC CCM0",CCM; Catalyst ink; Inert substrate; Membrane,reviewed_decode_anchor,reviewed_decode,https://w3id.org/h2kg/decode/workflow/anchor/blade-coating-and-decal-transfer-for-ref-pefc-ccm-process,https://w3id.org/h2kg/hydrogen-ontology#Manufacturing,Manufacturing,physical_manufacturing_workflow,reviewed_structural,DECODE-specific concept retained as a stable reviewed anchor. Its source topology is preserved; no H2KG synonym or new public term was asserted.,"[{""iri"": ""https://w3id.org/h2kg/hydrogen-ontology#DoctorBladeCoating"", ""label"": ""Doctor Blade Coating"", ""score"": 0.551}]"
https://w3id.org/h2kg/decode/workflow/concept/bpp-material-material,BPP material,material,material,1,electrical-contact-resistance,"BPP material
internal key: BPP material: material",Electrical contact resistance,reviewed_decode_anchor,reviewed_decode,https://w3id.org/h2kg/decode/workflow/anchor/bpp-material-material,https://w3id.org/h2kg/hydrogen-ontology#Matter,Matter,material_category_default,reviewed_structural,DECODE-specific concept retained as a stable reviewed anchor. Its source topology is preserved; no H2KG synonym or new public term was asserted.,"[{""iri"": ""https://w3id.org/h2kg/hydrogen-ontology#hasInputMaterial"", ""label"": ""hasInputMaterial"", ""score"": 0.643}, {""iri"": ""https://w3id.org/h2kg/hydrogen-ontology#hasOutputMaterial"", ""label"": ""hasOutputMaterial"", ""score"": 0.621}, {""iri"": ""https://w3id.org/h2kg/hydrogen-ontology#SupportMaterial"", ""label"": ""Support Material"", ""score"": 0.571}]"
https://w3id.org/h2kg/decode/workflow/concept/catalyst-active-particle-contact-angle-material,Catalyst active particle contact angle,material,material,1,iet-ink-to-composition-model,"Catalyst active particle contact angle
internal key: Catalyst active particle contact angle: material",IET ink to composition model,reviewed_decode_anchor,reviewed_decode,https://w3id.org/h2kg/decode/workflow/anchor/catalyst-active-particle-contact-angle-material,https://w3id.org/h2kg/hydrogen-ontology#Property,Property,physical_or_derived_property,reviewed_structural,DECODE-specific concept retained as a stable reviewed anchor. Its source topology is preserved; no H2KG synonym or new public term was asserted.,"[{""iri"": ""https://w3id.org/h2kg/hydrogen-ontology#IronIronOxideCatalystNanoparticle"", ""label"": ""Iron Iron Oxide Catalyst Nanoparticle"", ""score"": 0.687}, {""iri"": ""https://w3id.org/h2kg/hydrogen-ontology#SteamActivatedFeNCCatalyst"", ""label"": ""Steam Activated Fe NC Catalyst"", ""score"": 0.647}, {""iri"": ""https://w3id.org/h2kg/hydrogen-ontology#NonPtCatalystVolumetricActivity"", ""label"": ""Non Pt Catalyst Volumetric Activity"", ""score"": 0.63}]"
https://w3id.org/h2kg/decode/workflow/concept/catalyst-active-particle-density-material,Catalyst active particle density,material,material,6,0d-particle-population-degradation-model-coupled-with-performance-model-prediction; 0d-particle-population-degradation-model-coupled-with-performance-model-prediction-without-fitting-methods; iet-ink-to-composition-model; image-fib-tomography-dataparameter-extraction-3d; image-parameter-extraction-2d; image-tem-data-parameter-extraction-3d,"Catalyst active particle density
internal key: Catalyst active particle density: material",0D Particle population degradation model coupled with performance model (prediction); IET ink to composition model; Image FIB tomography dataparameter extraction 3D; Image TEM data parameter extraction 3D; Image parameter extraction 2D,reviewed_decode_anchor,reviewed_decode,https://w3id.org/h2kg/decode/workflow/anchor/catalyst-active-particle-density-material,https://w3id.org/h2kg/hydrogen-ontology#Property,Property,physical_or_derived_property,reviewed_structural,DECODE-specific concept retained as a stable reviewed anchor. Its source topology is preserved; no H2KG synonym or new public term was asserted.,"[{""iri"": ""https://w3id.org/h2kg/hydrogen-ontology#CatalystParticleDiameter"", ""label"": ""Catalyst Particle Diameter"", ""score"": 0.724}, {""iri"": ""https://w3id.org/h2kg/hydrogen-ontology#IronIronOxideCatalystNanoparticle"", ""label"": ""Iron Iron Oxide Catalyst Nanoparticle"", ""score"": 0.721}, {""iri"": ""https://w3id.org/h2kg/hydrogen-ontology#PtOnCarbonCatalyst"", ""label"": ""Pt On Carbon Catalyst"", ""score"": 0.68}]"
https://w3id.org/h2kg/decode/workflow/concept/catalyst-active-particle-diameter-material,Catalyst active particle diameter,material,material,4,iet-ink-to-composition-model; image-tem-data-parameter-extraction-3d; sem-and-fib-powder; tem-and-eds-analysis-of-mea,"Catalyst active particle diameter
internal key: Catalyst active particle diameter: material",IET ink to composition model; Image TEM data parameter extraction 3D; SEM and FIB (powder); TEM and EDS analysis of MEA,reviewed_decode_anchor,reviewed_decode,https://w3id.org/h2kg/decode/workflow/anchor/catalyst-active-particle-diameter-material,https://w3id.org/h2kg/hydrogen-ontology#Matter,Matter,material_category_default,reviewed_structural,DECODE-specific concept retained as a stable reviewed anchor. Its source topology is preserved; no H2KG synonym or new public term was asserted.,"[{""iri"": ""https://w3id.org/h2kg/hydrogen-ontology#CatalystParticleDiameter"", ""label"": ""Catalyst Particle Diameter"", ""score"": 0.881}, {""iri"": ""https://w3id.org/h2kg/hydrogen-ontology#IronIronOxideCatalystNanoparticle"", ""label"": ""Iron Iron Oxide Catalyst Nanoparticle"", ""score"": 0.742}, {""iri"": ""https://w3id.org/h2kg/hydrogen-ontology#CarbonBlackParticleSize"", ""label"": ""Carbon Black Particle Size"", ""score"": 0.702}]"
https://w3id.org/h2kg/decode/workflow/concept/catalyst-active-particle-radius-distribution-material,Catalyst active particle radius distribution,material,material,5,0d-particle-population-degradation-model-coupled-with-performance-model-prediction; 0d-particle-population-degradation-model-coupled-with-performance-model-prediction-without-fitting-methods; 0d-particle-population-degradation-model-prediction; image-tem-data-parameter-extraction-3d; tem-and-eds-analysis-of-mea,"Catalyst active particle radius distribution
internal key: Catalyst active particle radius distribution: material",0D Particle population degradation model (prediction); 0D Particle population degradation model coupled with performance model (prediction); Image TEM data parameter extraction 3D; TEM and EDS analysis of MEA,reviewed_decode_anchor,reviewed_decode,https://w3id.org/h2kg/decode/workflow/anchor/catalyst-active-particle-radius-distribution-material,https://w3id.org/h2kg/hydrogen-ontology#Property,Property,physical_or_derived_property,reviewed_structural,DECODE-specific concept retained as a stable reviewed anchor. Its source topology is preserved; no H2KG synonym or new public term was asserted.,"[{""iri"": ""https://w3id.org/h2kg/hydrogen-ontology#IronIronOxideCatalystNanoparticle"", ""label"": ""Iron Iron Oxide Catalyst Nanoparticle"", ""score"": 0.712}, {""iri"": ""https://w3id.org/h2kg/hydrogen-ontology#CatalystLayerAcidLoadingDetermination"", ""label"": ""Catalyst Layer Acid Loading Determination"", ""score"": 0.659}, {""iri"": ""https://w3id.org/h2kg/hydrogen-ontology#AgglomerateSizeDistributionDataset"", ""label"": ""Agglomerate Size Distribution Dataset"", ""score"": 0.657}]"
https://w3id.org/h2kg/decode/workflow/concept/catalyst-active-particle-radius-distribution-aged-component,Catalyst active particle radius distribution (aged),component,component,5,0d-particle-population-degradation-model-coupled-with-performance-model-fitting; 0d-particle-population-degradation-model-coupled-with-performance-model-prediction; 0d-particle-population-degradation-model-coupled-with-performance-model-prediction-without-fitting-methods; 0d-particle-population-degradation-model-fitting; 0d-particle-population-degradation-model-prediction,"Catalyst active particle radius distribution (aged)
internal key: Catalyst active particle radius distribution (aged): component",0D Particle population degradation model (fitting); 0D Particle population degradation model (prediction); 0D Particle population degradation model coupled with performance model (fitting); 0D Particle population degradation model coupled with performance model (prediction),reviewed_decode_anchor,reviewed_decode,https://w3id.org/h2kg/decode/workflow/anchor/catalyst-active-particle-radius-distribution-aged-component,https://w3id.org/h2kg/hydrogen-ontology#Data,Data,data_product,reviewed_structural,DECODE-specific concept retained as a stable reviewed anchor. Its source topology is preserved; no H2KG synonym or new public term was asserted.,"[{""iri"": ""https://w3id.org/h2kg/hydrogen-ontology#IronIronOxideCatalystNanoparticle"", ""label"": ""Iron Iron Oxide Catalyst Nanoparticle"", ""score"": 0.692}, {""iri"": ""https://w3id.org/h2kg/hydrogen-ontology#CatalystLayerAcidLoadingDetermination"", ""label"": ""Catalyst Layer Acid Loading Determination"", ""score"": 0.644}, {""iri"": ""https://w3id.org/h2kg/hydrogen-ontology#PoreSizeDistributionDataset"", ""label"": ""Pore Size Distribution Dataset"", ""score"": 0.633}]"
https://w3id.org/h2kg/decode/workflow/concept/catalyst-coagulation-rate-constant-component,Catalyst coagulation rate constant,component,component,5,0d-particle-population-degradation-model-coupled-with-performance-model-fitting; 0d-particle-population-degradation-model-coupled-with-performance-model-prediction; 0d-particle-population-degradation-model-coupled-with-performance-model-prediction-without-fitting-methods; 0d-particle-population-degradation-model-fitting; 0d-particle-population-degradation-model-prediction,"Catalyst coagulation rate constant
internal key: Catalyst coagulation rate constant: component",0D Particle population degradation model (fitting); 0D Particle population degradation model (prediction); 0D Particle population degradation model coupled with performance model (fitting); 0D Particle population degradation model coupled with performance model (prediction),reviewed_decode_anchor,reviewed_decode,https://w3id.org/h2kg/decode/workflow/anchor/catalyst-coagulation-rate-constant-component,https://w3id.org/h2kg/hydrogen-ontology#Property,Property,physical_or_derived_property,reviewed_structural,DECODE-specific concept retained as a stable reviewed anchor. Its source topology is preserved; no H2KG synonym or new public term was asserted.,"[{""iri"": ""https://w3id.org/h2kg/hydrogen-ontology#CatalystCoatedSubstrate"", ""label"": ""Catalyst Coated Substrate"", ""score"": 0.678}, {""iri"": ""https://w3id.org/h2kg/hydrogen-ontology#PtNCNTFsCatalyst"", ""label"": ""Pt NCNT Fs Catalyst"", ""score"": 0.633}, {""iri"": ""https://w3id.org/h2kg/hydrogen-ontology#CatalystPlatinumMassFraction"", ""label"": ""Catalyst Platinum Mass Fraction"", ""score"": 0.632}]"
https://w3id.org/h2kg/decode/workflow/concept/catalyst-deactivation-rate-constant-component,Catalyst deactivation rate constant,component,component,5,0d-particle-population-degradation-model-coupled-with-performance-model-fitting; 0d-particle-population-degradation-model-coupled-with-performance-model-prediction; 0d-particle-population-degradation-model-coupled-with-performance-model-prediction-without-fitting-methods; 0d-particle-population-degradation-model-fitting; 0d-particle-population-degradation-model-prediction,"Catalyst deactivation rate constant
internal key: Catalyst deactivation rate constant: component",0D Particle population degradation model (fitting); 0D Particle population degradation model (prediction); 0D Particle population degradation model coupled with performance model (fitting); 0D Particle population degradation model coupled with performance model (prediction),reviewed_decode_anchor,reviewed_decode,https://w3id.org/h2kg/decode/workflow/anchor/catalyst-deactivation-rate-constant-component,https://w3id.org/h2kg/hydrogen-ontology#Property,Property,physical_or_derived_property,reviewed_structural,DECODE-specific concept retained as a stable reviewed anchor. Its source topology is preserved; no H2KG synonym or new public term was asserted.,"[{""iri"": ""https://w3id.org/h2kg/hydrogen-ontology#PtMassFractionInCatalyst"", ""label"": ""Pt Mass Fraction In Catalyst"", ""score"": 0.702}, {""iri"": ""https://w3id.org/h2kg/hydrogen-ontology#PtOnCarbonCatalystMassFractionInInk"", ""label"": ""Pt On Carbon Catalyst Mass Fraction In Ink"", ""score"": 0.677}, {""iri"": ""https://w3id.org/h2kg/hydrogen-ontology#PrecursorConcentration"", ""label"": ""Precursor Concentration"", ""score"": 0.656}]"
https://w3id.org/h2kg/decode/workflow/concept/catalyst-dissolution-rate-constant-component,Catalyst dissolution rate constant,component,component,5,0d-particle-population-degradation-model-coupled-with-performance-model-fitting; 0d-particle-population-degradation-model-coupled-with-performance-model-prediction; 0d-particle-population-degradation-model-coupled-with-performance-model-prediction-without-fitting-methods; 0d-particle-population-degradation-model-fitting; 0d-particle-population-degradation-model-prediction,"Catalyst dissolution rate constant
internal key: Catalyst dissolution rate constant: component",0D Particle population degradation model (fitting); 0D Particle population degradation model (prediction); 0D Particle population degradation model coupled with performance model (fitting); 0D Particle population degradation model coupled with performance model (prediction),reviewed_decode_anchor,reviewed_decode,https://w3id.org/h2kg/decode/workflow/anchor/catalyst-dissolution-rate-constant-component,https://w3id.org/h2kg/hydrogen-ontology#Property,Property,physical_or_derived_property,reviewed_structural,DECODE-specific concept retained as a stable reviewed anchor. Its source topology is preserved; no H2KG synonym or new public term was asserted.,"[{""iri"": ""https://w3id.org/h2kg/hydrogen-ontology#PtMassFractionInCatalyst"", ""label"": ""Pt Mass Fraction In Catalyst"", ""score"": 0.714}, {""iri"": ""https://w3id.org/h2kg/hydrogen-ontology#CatalystCoatedSubstrate"", ""label"": ""Catalyst Coated Substrate"", ""score"": 0.712}, {""iri"": ""https://w3id.org/h2kg/hydrogen-ontology#HydrophilicCatalystInk"", ""label"": ""Hydrophilic Catalyst Ink"", ""score"": 0.679}]"
https://w3id.org/h2kg/decode/workflow/concept/catalyst-elemental-composition-material,Catalyst elemental composition,material,material,3,image-fib-tomography-dataparameter-extraction-3d; image-parameter-extraction-2d; sem-and-fib-powder,"Catalyst elemental composition
internal key: Catalyst elemental composition: material",Image FIB tomography dataparameter extraction 3D; Image parameter extraction 2D; SEM and FIB (powder),reviewed_decode_anchor,reviewed_decode,https://w3id.org/h2kg/decode/workflow/anchor/catalyst-elemental-composition-material,https://w3id.org/h2kg/hydrogen-ontology#Matter,Matter,material_category_default,reviewed_structural,DECODE-specific concept retained as a stable reviewed anchor. Its source topology is preserved; no H2KG synonym or new public term was asserted.,"[{""iri"": ""https://w3id.org/h2kg/hydrogen-ontology#InkCompositionSpecification"", ""label"": ""Ink Composition Specification"", ""score"": 0.815}, {""iri"": ""https://w3id.org/h2kg/hydrogen-ontology#XPSDataset"", ""label"": ""XPS Dataset"", ""score"": 0.764}, {""iri"": ""https://w3id.org/h2kg/hydrogen-ontology#CatalystLayerCompositionSpecification"", ""label"": ""Catalyst Layer Composition Specification"", ""score"": 0.714}]"
https://w3id.org/h2kg/decode/workflow/concept/catalyst-ink-material,Catalyst ink,material,material,6,blade-coating-and-decal-transfer-for-ref-pefc-ccm; electrospray-deposition-of-catalyst-layers; ink-preparation-for-deposition-of-catalytic-layers; rheology; roller-mixer-and-zirconia-beads-for-ref-pefc-inks; turbiscan-transmission-and-backscattering-stability-testing,"Catalyst ink
internal key: Catalyst ink: material",Blade coating and Decal transfer for ref PEFC CCM; Electrospray deposition of Catalyst Layers; Ink preparation for deposition of catalytic layers; Rheology; Roller mixer and zirconia beads for ref PEFC inks; Turbiscan Transmission and Backscattering stability testing,existing_h2kg_mapping,approved_h2kg,https://w3id.org/h2kg/hydrogen-ontology#CatalystInk,https://w3id.org/h2kg/hydrogen-ontology#Matter,Matter,material_category_default,unreviewed,Reviewed exact domain concept mapping to the public H2KG catalyst-ink anchor.,"[{""iri"": ""https://w3id.org/h2kg/hydrogen-ontology#CatalystInk"", ""label"": ""Catalyst Ink"", ""score"": 1.0}, {""iri"": ""https://w3id.org/h2kg/hydrogen-ontology#CatalystInkPreparation"", ""label"": ""Catalyst Ink Preparation"", ""score"": 1.0}, {""iri"": ""https://w3id.org/h2kg/hydrogen-ontology#CatalystLoading"", ""label"": ""Catalyst Loading"", ""score"": 0.786}]"
https://w3id.org/h2kg/decode/workflow/concept/catalyst-ink-composition-material,Catalyst ink composition,material,material,8,cl-for-rde; dropcasted-ink-on-gc-tips; gde-catalytic-layer-preparation; ink-preparation-for-deposition-of-catalytic-layers; inpt-cl-process-model; irras-operando-or-in-situ-ftir; prism-preparation-for-atr-ftir; roller-mixer-and-zirconia-beads-for-ref-pefc-inks,"Catalyst ink composition
internal key: Catalyst ink composition: material",CL for RDE; Dropcasted Ink on GC Tips; GDE Catalytic Layer Preparation; INPT CL process model; IRRAS operando/in-situ FTIR; Ink preparation for deposition of catalytic layers; Prism Preparation for ATR-FTIR; Roller mixer and zirconia beads for ref PEFC inks,reviewed_decode_anchor,reviewed_decode,https://w3id.org/h2kg/decode/workflow/anchor/catalyst-ink-composition-material,https://w3id.org/h2kg/hydrogen-ontology#Matter,Matter,material_category_default,reviewed_structural,DECODE-specific concept retained as a stable reviewed anchor. Its source topology is preserved; no H2KG synonym or new public term was asserted.,"[{""iri"": ""https://w3id.org/h2kg/hydrogen-ontology#InkCompositionSpecification"", ""label"": ""Ink Composition Specification"", ""score"": 1.0}, {""iri"": ""https://w3id.org/h2kg/hydrogen-ontology#PrecursorConcentration"", ""label"": ""Precursor Concentration"", ""score"": 0.76}, {""iri"": ""https://w3id.org/h2kg/hydrogen-ontology#CIFeCompositeCatalyst"", ""label"": ""CI Fe Composite Catalyst"", ""score"": 0.75}]"
https://w3id.org/h2kg/decode/workflow/concept/catalyst-ink-rheologic-properties-material,Catalyst ink rheologic properties,material,material,1,rheology,"Catalyst ink rheologic properties
internal key: Catalyst ink rheologic properties: material",Rheology,reviewed_decode_anchor,reviewed_decode,https://w3id.org/h2kg/decode/workflow/anchor/catalyst-ink-rheologic-properties-material,https://w3id.org/h2kg/hydrogen-ontology#Matter,Matter,material_category_default,reviewed_structural,DECODE-specific concept retained as a stable reviewed anchor. Its source topology is preserved; no H2KG synonym or new public term was asserted.,"[{""iri"": ""https://w3id.org/h2kg/hydrogen-ontology#CatalystInkPreparation"", ""label"": ""Catalyst Ink Preparation"", ""score"": 0.702}, {""iri"": ""https://w3id.org/h2kg/hydrogen-ontology#CatalystWeightPercentInOil"", ""label"": ""Catalyst Weight Percent In Oil"", ""score"": 0.635}, {""iri"": ""https://w3id.org/h2kg/hydrogen-ontology#IronIronOxideCatalystNanoparticle"", ""label"": ""Iron Iron Oxide Catalyst Nanoparticle"", ""score"": 0.629}]"
https://w3id.org/h2kg/decode/workflow/concept/catalyst-ink-stability-material,Catalyst ink stability,material,material,1,rheology,"Catalyst ink stability
internal key: Catalyst ink stability: material",Rheology,reviewed_decode_anchor,reviewed_decode,https://w3id.org/h2kg/decode/workflow/anchor/catalyst-ink-stability-material,https://w3id.org/h2kg/hydrogen-ontology#Matter,Matter,material_category_default,reviewed_structural,DECODE-specific concept retained as a stable reviewed anchor. Its source topology is preserved; no H2KG synonym or new public term was asserted.,"[{""iri"": ""https://w3id.org/h2kg/hydrogen-ontology#InkStorageStabilityDuration"", ""label"": ""Ink Storage Stability Duration"", ""score"": 0.743}, {""iri"": ""https://w3id.org/h2kg/hydrogen-ontology#CatalystInkStructureDataset"", ""label"": ""Catalyst Ink Structure Dataset"", ""score"": 0.727}, {""iri"": ""https://w3id.org/h2kg/hydrogen-ontology#HydrophilicCatalystInk"", ""label"": ""Hydrophilic Catalyst Ink"", ""score"": 0.727}]"
https://w3id.org/h2kg/decode/workflow/concept/catalyst-ink-stability-turbiscan-factor-material,Catalyst ink stability (turbiscan factor),material,material,1,turbiscan-transmission-and-backscattering-stability-testing,"Catalyst ink stability (turbiscan factor)
internal key: Catalyst ink stability (turbiscan factor): material",Turbiscan Transmission and Backscattering stability testing,reviewed_decode_anchor,reviewed_decode,https://w3id.org/h2kg/decode/workflow/anchor/catalyst-ink-stability-turbiscan-factor-material,https://w3id.org/h2kg/hydrogen-ontology#Matter,Matter,material_category_default,reviewed_structural,DECODE-specific concept retained as a stable reviewed anchor. Its source topology is preserved; no H2KG synonym or new public term was asserted.,"[{""iri"": ""https://w3id.org/h2kg/hydrogen-ontology#CatalystMassFractionInInkSolids"", ""label"": ""Catalyst Mass Fraction In Ink Solids"", ""score"": 0.657}, {""iri"": ""https://w3id.org/h2kg/hydrogen-ontology#PtMassFractionInCatalyst"", ""label"": ""Pt Mass Fraction In Catalyst"", ""score"": 0.63}, {""iri"": ""https://w3id.org/h2kg/hydrogen-ontology#CatalystMassFractionInInk"", ""label"": ""Catalyst Mass Fraction In Ink"", ""score"": 0.618}]"
https://w3id.org/h2kg/decode/workflow/concept/catalyst-loading-component,Catalyst loading,component,component,15,0d-particle-population-degradation-model-coupled-with-performance-model-prediction; 0d-particle-population-degradation-model-coupled-with-performance-model-prediction-without-fitting-methods; accelerated-stress-test-ast-on-nanostructured-electrodes; cea-mea-model-europium-2d; differential-cell-testing; eis-on-nanostructured-electrodes; fitting-of-the-europium-model; iet-ink-to-composition-model; image-fib-tomography-dataparameter-extraction-3d; image-parameter-extraction-2d; ionomer-reconstruction-in-ccl-3d-images; irras-operando-or-in-situ-ftir; model-electrochemistry-in-a-rde-cell; prism-preparation-for-atr-ftir; rotating-ring-disk-electrode-rrde,"Catalyst loading
internal key: Catalyst loading: component","0D Particle population degradation model coupled with performance model (prediction); Accelerated Stress Test (AST) on Nanostructured Electrodes; CEA MEA model (Europium 2D); Differential Cell Testing; EIS on nanostructured electrodes; Fitting of the Europium model; IET ink to composition model; IRRAS operando/in-situ FTIR; Image FIB tomography dataparameter extraction 3D; Image parameter extraction 2D; Ionomer reconstruction in CCL 3D images; Model Electrochemistry in a RDE Cell; Prism Preparation for ATR-FTIR; Rotating Ring Disk Electrode (RRDE); Single cell test bench: polarization, EIS",existing_h2kg_mapping,approved_h2kg,https://w3id.org/h2kg/hydrogen-ontology#CatalystLoading,https://w3id.org/h2kg/hydrogen-ontology#Parameter,Parameter,explicit_mapping,high,Reviewed exact mapping to the established catalyst-loading term.,"[{""iri"": ""https://w3id.org/h2kg/hydrogen-ontology#CatalystLoading"", ""label"": ""Catalyst Loading"", ""score"": 1.0}, {""iri"": ""https://w3id.org/h2kg/hydrogen-ontology#PtLoading"", ""label"": ""Pt Loading"", ""score"": 0.914}, {""iri"": ""https://w3id.org/h2kg/hydrogen-ontology#AnodeCatalystLoading"", ""label"": ""Anode Catalyst Loading"", ""score"": 0.842}]"
https://w3id.org/h2kg/decode/workflow/concept/catalyst-loading-aged-component,Catalyst loading (aged),component,component,3,0d-particle-population-degradation-model-coupled-with-performance-model-prediction; 0d-particle-population-degradation-model-coupled-with-performance-model-prediction-without-fitting-methods; 0d-particle-population-degradation-model-prediction,"Catalyst loading (aged)
internal key: Catalyst loading (aged): component",0D Particle population degradation model (prediction); 0D Particle population degradation model coupled with performance model (prediction),reviewed_decode_anchor,reviewed_decode,https://w3id.org/h2kg/decode/workflow/anchor/catalyst-loading-aged-component,https://w3id.org/h2kg/hydrogen-ontology#Parameter,Parameter,operating_or_geometric_parameter,reviewed_structural,DECODE-specific concept retained as a stable reviewed anchor. Its source topology is preserved; no H2KG synonym or new public term was asserted.,"[{""iri"": ""https://w3id.org/h2kg/hydrogen-ontology#AnodeCatalystLoading"", ""label"": ""Anode Catalyst Loading"", ""score"": 0.884}, {""iri"": ""https://w3id.org/h2kg/hydrogen-ontology#CatalystLoading"", ""label"": ""Catalyst Loading"", ""score"": 0.865}, {""iri"": ""https://w3id.org/h2kg/hydrogen-ontology#PtLoading"", ""label"": ""Pt Loading"", ""score"": 0.8}]"
https://w3id.org/h2kg/decode/workflow/concept/catalyst-morphology-material,Catalyst morphology,material,material,2,image-tem-data-parameter-extraction-3d; sem-and-fib-powder,"Catalyst morphology
internal key: Catalyst morphology: material",Image TEM data parameter extraction 3D; SEM and FIB (powder),reviewed_decode_anchor,reviewed_decode,https://w3id.org/h2kg/decode/workflow/anchor/catalyst-morphology-material,https://w3id.org/h2kg/hydrogen-ontology#Property,Property,physical_or_derived_property,reviewed_structural,DECODE-specific concept retained as a stable reviewed anchor. Its source topology is preserved; no H2KG synonym or new public term was asserted.,"[{""iri"": ""https://w3id.org/h2kg/hydrogen-ontology#CatalystLayerMorphology"", ""label"": ""Catalyst Layer Morphology"", ""score"": 0.864}, {""iri"": ""https://w3id.org/h2kg/hydrogen-ontology#RheologyDataset"", ""label"": ""Rheology Dataset"", ""score"": 0.743}, {""iri"": ""https://w3id.org/h2kg/hydrogen-ontology#CatalystLoading"", ""label"": ""Catalyst Loading"", ""score"": 0.686}]"
https://w3id.org/h2kg/decode/workflow/concept/catalyst-pore-size-distribution-material,Catalyst pore size distribution,material,material,1,iet-ink-to-composition-model,"Catalyst pore size distribution
internal key: Catalyst pore size distribution: material",IET ink to composition model,reviewed_decode_anchor,reviewed_decode,https://w3id.org/h2kg/decode/workflow/anchor/catalyst-pore-size-distribution-material,https://w3id.org/h2kg/hydrogen-ontology#Property,Property,physical_or_derived_property,reviewed_structural,DECODE-specific concept retained as a stable reviewed anchor. Its source topology is preserved; no H2KG synonym or new public term was asserted.,"[{""iri"": ""https://w3id.org/h2kg/hydrogen-ontology#PoreSizeDistributionDataset"", ""label"": ""Pore Size Distribution Dataset"", ""score"": 0.918}, {""iri"": ""https://w3id.org/h2kg/hydrogen-ontology#PoreSizeDistribution"", ""label"": ""Pore Size Distribution"", ""score"": 0.83}, {""iri"": ""https://w3id.org/h2kg/hydrogen-ontology#PoreSizeDistributionPeakDiameter"", ""label"": ""Pore Size Distribution Peak Diameter"", ""score"": 0.759}]"
https://w3id.org/h2kg/decode/workflow/concept/catalyst-powder-material,Catalyst powder,material,material,14,cl-for-rde; dip-and-pull-operando-or-in-situ-xps; dropcasted-ink-on-gc-tips; gde-catalytic-layer-preparation; ink-preparation-for-deposition-of-catalytic-layers; irras-operando-or-in-situ-ftir; operando-or-in-situ-xas-photon-out; operando-saxs-or-waxs-small-or-wide-angle-x-ray-spectroscopy; prism-preparation-for-atr-ftir; roller-mixer-and-zirconia-beads-for-ref-pefc-inks; rotating-ring-disk-electrode-rrde; sem-and-fib-powder; thin-windows-operando-or-in-situ-xps; ultrasonic-spray-deposition-for-catalytic-layers,"Catalyst powder
internal key: Catalyst powder: material",CL for RDE; Dropcasted Ink on GC Tips; GDE Catalytic Layer Preparation; IRRAS operando/in-situ FTIR; Ink preparation for deposition of catalytic layers; Prism Preparation for ATR-FTIR; Roller mixer and zirconia beads for ref PEFC inks; Rotating Ring Disk Electrode (RRDE); SEM and FIB (powder); Ultrasonic spray deposition for catalytic layers; dip-and-pull operando/in-situ XPS; operando SAXS/WAXS (small/wide angle X-ray spectroscopy); operando/in-situ XAS (photon-out); thin windows operando/in-situ XPS,existing_h2kg_mapping,approved_h2kg,https://w3id.org/h2kg/hydrogen-ontology#CatalystPowder,https://w3id.org/h2kg/hydrogen-ontology#Matter,Matter,material_category_default,unreviewed,Reviewed exact domain concept mapping to the public H2KG catalyst-powder anchor.,"[{""iri"": ""https://w3id.org/h2kg/hydrogen-ontology#CatalystPowder"", ""label"": ""Catalyst Powder"", ""score"": 1.0}, {""iri"": ""https://w3id.org/h2kg/hydrogen-ontology#PtRuBlackCatalyst"", ""label"": ""Pt Ru Black Catalyst"", ""score"": 0.786}, {""iri"": ""https://w3id.org/h2kg/hydrogen-ontology#PlatinumBlackCatalyst"", ""label"": ""Platinum Black Catalyst"", ""score"": 0.774}]"
https://w3id.org/h2kg/decode/workflow/concept/catalyst-re-deposition-rate-constant-component,Catalyst re-deposition rate constant,component,component,5,0d-particle-population-degradation-model-coupled-with-performance-model-fitting; 0d-particle-population-degradation-model-coupled-with-performance-model-prediction; 0d-particle-population-degradation-model-coupled-with-performance-model-prediction-without-fitting-methods; 0d-particle-population-degradation-model-fitting; 0d-particle-population-degradation-model-prediction,"Catalyst re-deposition rate constant
internal key: Catalyst re-deposition rate constant: component",0D Particle population degradation model (fitting); 0D Particle population degradation model (prediction); 0D Particle population degradation model coupled with performance model (fitting); 0D Particle population degradation model coupled with performance model (prediction),reviewed_decode_anchor,reviewed_decode,https://w3id.org/h2kg/decode/workflow/anchor/catalyst-re-deposition-rate-constant-component,https://w3id.org/h2kg/hydrogen-ontology#Property,Property,catalyst_redeposition_rate_is_property,reviewed_structural,DECODE-specific concept retained as a stable reviewed anchor. Its source topology is preserved; no H2KG synonym or new public term was asserted.,"[{""iri"": ""https://w3id.org/h2kg/hydrogen-ontology#PtMassFractionInCatalyst"", ""label"": ""Pt Mass Fraction In Catalyst"", ""score"": 0.69}, {""iri"": ""https://w3id.org/h2kg/hydrogen-ontology#InkCompositionSpecification"", ""label"": ""Ink Composition Specification"", ""score"": 0.667}, {""iri"": ""https://w3id.org/h2kg/hydrogen-ontology#CatalystCoatedSubstrate"", ""label"": ""Catalyst Coated Substrate"", ""score"": 0.656}]"
https://w3id.org/h2kg/decode/workflow/concept/catalyst-support-contact-angle-material,Catalyst support contact angle,material,material,1,iet-ink-to-composition-model,"Catalyst support contact angle
internal key: Catalyst support contact angle: material",IET ink to composition model,reviewed_decode_anchor,reviewed_decode,https://w3id.org/h2kg/decode/workflow/anchor/catalyst-support-contact-angle-material,https://w3id.org/h2kg/hydrogen-ontology#Property,Property,physical_or_derived_property,reviewed_structural,DECODE-specific concept retained as a stable reviewed anchor. Its source topology is preserved; no H2KG synonym or new public term was asserted.,"[{""iri"": ""https://w3id.org/h2kg/hydrogen-ontology#NickelOnCarbonCatalyst"", ""label"": ""Nickel On Carbon Catalyst"", ""score"": 0.73}, {""iri"": ""https://w3id.org/h2kg/hydrogen-ontology#ElectrocatalystSupportStabilityPercent"", ""label"": ""Electrocatalyst Support Stability Percent"", ""score"": 0.698}, {""iri"": ""https://w3id.org/h2kg/hydrogen-ontology#CoAAPyrCatalyst"", ""label"": ""Co AA Pyr Catalyst"", ""score"": 0.667}]"
https://w3id.org/h2kg/decode/workflow/concept/catalyst-support-density-material,Catalyst support density,material,material,4,0d-particle-population-degradation-model-coupled-with-performance-model-prediction; 0d-particle-population-degradation-model-coupled-with-performance-model-prediction-without-fitting-methods; image-fib-tomography-dataparameter-extraction-3d; image-parameter-extraction-2d,"Catalyst support density
internal key: Catalyst support density: material",0D Particle population degradation model coupled with performance model (prediction); Image FIB tomography dataparameter extraction 3D; Image parameter extraction 2D,reviewed_decode_anchor,reviewed_decode,https://w3id.org/h2kg/decode/workflow/anchor/catalyst-support-density-material,https://w3id.org/h2kg/hydrogen-ontology#Property,Property,physical_or_derived_property,reviewed_structural,DECODE-specific concept retained as a stable reviewed anchor. Its source topology is preserved; no H2KG synonym or new public term was asserted.,"[{""iri"": ""https://w3id.org/h2kg/hydrogen-ontology#ElectrocatalystSupportStabilityPercent"", ""label"": ""Electrocatalyst Support Stability Percent"", ""score"": 0.737}, {""iri"": ""https://w3id.org/h2kg/hydrogen-ontology#CatalystPowder"", ""label"": ""Catalyst Powder"", ""score"": 0.696}, {""iri"": ""https://w3id.org/h2kg/hydrogen-ontology#NiPBCatalyst"", ""label"": ""Ni PB Catalyst"", ""score"": 0.684}]"
https://w3id.org/h2kg/decode/workflow/concept/catalyst-support-particle-diameter-material,Catalyst support particle diameter,material,material,2,image-tem-data-parameter-extraction-3d; sem-and-fib-powder,"Catalyst support particle diameter
internal key: Catalyst support particle diameter: material",Image TEM data parameter extraction 3D; SEM and FIB (powder),reviewed_decode_anchor,reviewed_decode,https://w3id.org/h2kg/decode/workflow/anchor/catalyst-support-particle-diameter-material,https://w3id.org/h2kg/hydrogen-ontology#Matter,Matter,material_category_default,reviewed_structural,DECODE-specific concept retained as a stable reviewed anchor. Its source topology is preserved; no H2KG synonym or new public term was asserted.,"[{""iri"": ""https://w3id.org/h2kg/hydrogen-ontology#CatalystParticleDiameter"", ""label"": ""Catalyst Particle Diameter"", ""score"": 0.867}, {""iri"": ""https://w3id.org/h2kg/hydrogen-ontology#PtParticleSize"", ""label"": ""Pt Particle Size"", ""score"": 0.741}, {""iri"": ""https://w3id.org/h2kg/hydrogen-ontology#CarbonPrimaryParticleDiameter"", ""label"": ""Carbon Primary Particle Diameter"", ""score"": 0.697}]"
https://w3id.org/h2kg/decode/workflow/concept/catalyst-surface-tension-component,Catalyst surface tension,component,component,5,0d-particle-population-degradation-model-coupled-with-performance-model-fitting; 0d-particle-population-degradation-model-coupled-with-performance-model-prediction; 0d-particle-population-degradation-model-coupled-with-performance-model-prediction-without-fitting-methods; 0d-particle-population-degradation-model-fitting; 0d-particle-population-degradation-model-prediction,"Catalyst surface tension
internal key: Catalyst surface tension: component",0D Particle population degradation model (fitting); 0D Particle population degradation model (prediction); 0D Particle population degradation model coupled with performance model (fitting); 0D Particle population degradation model coupled with performance model (prediction),reviewed_decode_anchor,reviewed_decode,https://w3id.org/h2kg/decode/workflow/anchor/catalyst-surface-tension-component,https://w3id.org/h2kg/hydrogen-ontology#Property,Property,physical_or_derived_property,reviewed_structural,DECODE-specific concept retained as a stable reviewed anchor. Its source topology is preserved; no H2KG synonym or new public term was asserted.,"[{""iri"": ""https://w3id.org/h2kg/hydrogen-ontology#SurfaceTension"", ""label"": ""Surface Tension"", ""score"": 0.769}, {""iri"": ""https://w3id.org/h2kg/hydrogen-ontology#SolventPropertyMeasurement"", ""label"": ""Solvent Property Measurement"", ""score"": 0.745}, {""iri"": ""https://w3id.org/h2kg/hydrogen-ontology#CatalystInk"", ""label"": ""Catalyst Ink"", ""score"": 0.732}]"
https://w3id.org/h2kg/decode/workflow/concept/catalyst-support-ratio-component,Catalyst-support ratio,component,component,7,0d-particle-population-degradation-model-coupled-with-performance-model-prediction; 0d-particle-population-degradation-model-coupled-with-performance-model-prediction-without-fitting-methods; iet-composition-to-property-model; iet-ink-to-composition-model; image-fib-tomography-dataparameter-extraction-3d; image-parameter-extraction-2d; image-tem-data-parameter-extraction-3d,"Catalyst-support ratio
internal key: Catalyst-support ratio: component",0D Particle population degradation model coupled with performance model (prediction); IET composition to property model; IET ink to composition model; Image FIB tomography dataparameter extraction 3D; Image TEM data parameter extraction 3D; Image parameter extraction 2D,reviewed_decode_anchor,reviewed_decode,https://w3id.org/h2kg/decode/workflow/anchor/catalyst-support-ratio-component,https://w3id.org/h2kg/hydrogen-ontology#Parameter,Parameter,operating_or_geometric_parameter,reviewed_structural,DECODE-specific concept retained as a stable reviewed anchor. Its source topology is preserved; no H2KG synonym or new public term was asserted.,"[{""iri"": ""https://w3id.org/h2kg/hydrogen-ontology#CatalystPlatinumMassFraction"", ""label"": ""Catalyst Platinum Mass Fraction"", ""score"": 0.756}, {""iri"": ""https://w3id.org/h2kg/hydrogen-ontology#PDMSBaseToCatalystWeightRatio"", ""label"": ""PDMS Base To Catalyst Weight Ratio"", ""score"": 0.727}, {""iri"": ""https://w3id.org/h2kg/hydrogen-ontology#PtAlloyCatalyst"", ""label"": ""Pt Alloy Catalyst"", ""score"": 0.722}]"
https://w3id.org/h2kg/decode/workflow/concept/catalysts-for-molecular-probe-synthesis-material,Catalysts for molecular probe synthesis,material,material,1,development-of-ratiometric-fluorescent-probes-for-local-ph-assessement-in-alkaline-media,"Catalysts for molecular probe synthesis
internal key: Catalysts for molecular probe synthesis: material",Development of ratiometric fluorescent probes for local pH assessement in alkaline media,reviewed_decode_anchor,reviewed_decode,https://w3id.org/h2kg/decode/workflow/anchor/catalysts-for-molecular-probe-synthesis-material,https://w3id.org/h2kg/hydrogen-ontology#Matter,Matter,material_category_default,reviewed_structural,DECODE-specific concept retained as a stable reviewed anchor. Its source topology is preserved; no H2KG synonym or new public term was asserted.,"[{""iri"": ""https://w3id.org/h2kg/hydrogen-ontology#ColloidalSynthesisProcess"", ""label"": ""Colloidal Synthesis Process"", ""score"": 0.606}, {""iri"": ""https://w3id.org/h2kg/hydrogen-ontology#FluorineWeightPercentInCatalystLayer"", ""label"": ""Fluorine Weight Percent In Catalyst Layer"", ""score"": 0.6}, {""iri"": ""https://w3id.org/h2kg/hydrogen-ontology#CatalystLayerThicknessMeasurement"", ""label"": ""Catalyst Layer Thickness Measurement"", ""score"": 0.587}]"
https://w3id.org/h2kg/decode/workflow/concept/cathode-eis-device,Cathode EIS,device,device,2,iet-1d-mea-with-water-transport-eis-model; iet-1d-mea-with-water-transport-in-ccl-eis-model,"Cathode EIS
internal key: Cathode EIS: device",IET 1D MEA with water transport EIS model; IET 1D MEA with water transport in CCL EIS model,reviewed_decode_anchor,reviewed_decode,https://w3id.org/h2kg/decode/workflow/anchor/cathode-eis-device,https://w3id.org/h2kg/hydrogen-ontology#Data,Data,cathode_eis_is_data,reviewed_structural,DECODE-specific concept retained as a stable reviewed anchor. Its source topology is preserved; no H2KG synonym or new public term was asserted.,"[{""iri"": ""https://w3id.org/h2kg/hydrogen-ontology#CathodeGDE"", ""label"": ""Cathode GDE"", ""score"": 0.818}, {""iri"": ""https://w3id.org/h2kg/hydrogen-ontology#CathodeStoichiometricRatio"", ""label"": ""Cathode Stoichiometric Ratio"", ""score"": 0.778}, {""iri"": ""https://w3id.org/h2kg/hydrogen-ontology#CathodeResistance"", ""label"": ""Cathode Resistance"", ""score"": 0.759}]"
https://w3id.org/h2kg/decode/workflow/concept/ccl-3d-tem-voxel-data-raw-meso,CCL 3D TEM voxel data raw,meso,data,3,electron-tomography-for-pt-c-and-ionomer-distribution-in-cl; high-resolution-electron-tomography-for-accessing-pt-and-ionomer-distribution-on-carbon-aggregate; image-classification-on-tem-data,"CCL 3D TEM voxel data raw
internal key: CCL 3D TEM voxel data raw: meso","Electron tomography for Pt, C and ionomer distribution in CL; High resolution electron tomography for accessing Pt and ionomer distribution on carbon aggregate; Image classification on TEM data",reviewed_decode_anchor,reviewed_decode,https://w3id.org/h2kg/decode/workflow/anchor/ccl-3d-tem-voxel-data-raw-meso,https://w3id.org/h2kg/hydrogen-ontology#Data,Data,data_product,reviewed_structural,DECODE-specific concept retained as a stable reviewed anchor. Its source topology is preserved; no H2KG synonym or new public term was asserted.,[]
https://w3id.org/h2kg/decode/workflow/concept/ccl-3d-voxel-data-classified-meso,CCL 3D voxel data classified,meso,data,12,ai-based-generation-of-structural-digital-twins-of-multi-scale-tomographies; fib-sem-on-cl-material; image-classification-of-fib-tomography-data; image-classification-on-nm-scale; image-fib-tomography-dataparameter-extraction-3d; inpt-cl-process-model; ionomer-reconstruction-in-ccl-3d-images; voxel-based-3d-effective-diffusivity-simulation; voxel-based-3d-electric-conductiviy-simulation; voxel-based-3d-permability-simulation; voxel-based-3d-thermal-conductivity-simulation; water-retention-curve-simulation,"CCL 3D voxel data classified
internal key: CCL 3D voxel data classified: meso",AI-based generation of structural digital twins of multi-scale tomographies; FIB-SEM on CL material; INPT CL process model; Image FIB tomography dataparameter extraction 3D; Image classification of FIB tomography data; Image classification on nm scale; Ionomer reconstruction in CCL 3D images; Voxel based 3D Effective Diffusivity simulation; Voxel based 3D Electric conductiviy simulation; Voxel based 3D Permability simulation; Voxel based 3D Thermal conductivity simulation; Water retention curve simulation,reviewed_decode_anchor,reviewed_decode,https://w3id.org/h2kg/decode/workflow/anchor/ccl-3d-voxel-data-classified,https://w3id.org/h2kg/hydrogen-ontology#Data,Data,data_product,unreviewed,Reviewed recurring DECODE dataset anchor pending an H2KG vocabulary decision.,[]
https://w3id.org/h2kg/decode/workflow/concept/ccl-3d-voxel-data-classified-with-ionomer-and-pt-meso,CCL 3D voxel data classified with ionomer and Pt,meso,data,9,determination-of-cl-saturation-by-saxs-or-sans; distribution-of-contact-angles-in-ccl-fib-sem-image-from-ionomer-reconstruction; electron-tomography-for-pt-c-and-ionomer-distribution-in-cl; high-resolution-electron-tomography-for-accessing-pt-and-ionomer-distribution-on-carbon-aggregate; image-based-ccl-effective-transport-property-computation-from-numerical-simulations; image-classification-on-tem-data; image-tem-data-parameter-extraction-3d; inpt-cl-process-model; ionomer-reconstruction-in-ccl-3d-images,"CCL 3D voxel data classified with ionomer and Pt
internal key: CCL 3D voxel data classified with ionomer and Pt: meso","Determination of CL saturation by SAXS/SANS; Distribution of contact angles in CCL FIB-SEM image from ionomer reconstruction; Electron tomography for Pt, C and ionomer distribution in CL; High resolution electron tomography for accessing Pt and ionomer distribution on carbon aggregate; INPT CL process model; Image TEM data parameter extraction 3D; Image based CCL effective transport property computation from numerical simulations; Image classification on TEM data; Ionomer reconstruction in CCL 3D images",reviewed_decode_anchor,reviewed_decode,https://w3id.org/h2kg/decode/workflow/anchor/ccl-3d-voxel-data-classified-with-ionomer-and-pt-meso,https://w3id.org/h2kg/hydrogen-ontology#Data,Data,data_product,reviewed_structural,DECODE-specific concept retained as a stable reviewed anchor. Its source topology is preserved; no H2KG synonym or new public term was asserted.,[]
https://w3id.org/h2kg/decode/workflow/concept/ccl-3d-voxel-data-raw-meso,CCL 3D voxel data raw,meso,data,4,fib-measurements-on-gdl-or-mpl-and-catalyst-materials; fib-sem-on-cl-material; image-classification-of-fib-tomography-data; image-classification-on-nm-scale,"CCL 3D voxel data raw
internal key: CCL 3D voxel data raw: meso",FIB measurements on GDL/MPL and catalyst materials.; FIB-SEM on CL material; Image classification of FIB tomography data; Image classification on nm scale,reviewed_decode_anchor,reviewed_decode,https://w3id.org/h2kg/decode/workflow/anchor/ccl-3d-voxel-data-raw-meso,https://w3id.org/h2kg/hydrogen-ontology#Data,Data,data_product,reviewed_structural,DECODE-specific concept retained as a stable reviewed anchor. Its source topology is preserved; no H2KG synonym or new public term was asserted.,[]
https://w3id.org/h2kg/decode/workflow/concept/ccl-3d-voxel-data-wet-classified-meso,CCL 3D voxel data wet classified,meso,data,1,determination-of-cl-saturation-by-saxs-or-sans,"CCL 3D voxel data wet classified
internal key: CCL 3D voxel data wet classified: meso",Determination of CL saturation by SAXS/SANS,reviewed_decode_anchor,reviewed_decode,https://w3id.org/h2kg/decode/workflow/anchor/ccl-3d-voxel-data-wet-classified-meso,https://w3id.org/h2kg/hydrogen-ontology#Data,Data,data_product,reviewed_structural,DECODE-specific concept retained as a stable reviewed anchor. Its source topology is preserved; no H2KG synonym or new public term was asserted.,[]
https://w3id.org/h2kg/decode/workflow/concept/ccl-average-pore-radius-component,CCL average pore radius,component,component,3,cea-mea-model-europium-2d; fitting-of-the-europium-model; microscopy-sem-and-optical-in-mea-cross-section,"CCL average pore radius
internal key: CCL average pore radius: component",CEA MEA model (Europium 2D); Fitting of the Europium model; Microscopy (SEM and optical) in MEA cross section,reviewed_decode_anchor,reviewed_decode,https://w3id.org/h2kg/decode/workflow/anchor/ccl-average-pore-radius-component,https://w3id.org/h2kg/hydrogen-ontology#Property,Property,physical_or_derived_property,reviewed_structural,DECODE-specific concept retained as a stable reviewed anchor. Its source topology is preserved; no H2KG synonym or new public term was asserted.,"[{""iri"": ""https://w3id.org/h2kg/hydrogen-ontology#AveragePoreDiameter"", ""label"": ""Average Pore Diameter"", ""score"": 0.7}, {""iri"": ""https://w3id.org/h2kg/hydrogen-ontology#AveragePoreSize"", ""label"": ""Average Pore Size"", ""score"": 0.7}, {""iri"": ""https://w3id.org/h2kg/hydrogen-ontology#InterAgglomeratePoreSize"", ""label"": ""Inter Agglomerate Pore Size"", ""score"": 0.7}]"
https://w3id.org/h2kg/decode/workflow/concept/ccl-breakthrough-pressure-component,CCL breakthrough pressure,component,component,1,water-retention-curve-simulation,"CCL breakthrough pressure
internal key: CCL breakthrough pressure: component",Water retention curve simulation,reviewed_decode_anchor,reviewed_decode,https://w3id.org/h2kg/decode/workflow/anchor/ccl-breakthrough-pressure-component,https://w3id.org/h2kg/hydrogen-ontology#Parameter,Parameter,operating_or_geometric_parameter,reviewed_structural,DECODE-specific concept retained as a stable reviewed anchor. Its source topology is preserved; no H2KG synonym or new public term was asserted.,"[{""iri"": ""https://w3id.org/h2kg/hydrogen-ontology#CellPressure"", ""label"": ""Cell Pressure"", ""score"": 0.652}, {""iri"": ""https://w3id.org/h2kg/hydrogen-ontology#AmbientPressureChemicalVaporDepositionSynthesis"", ""label"": ""Ambient Pressure Chemical Vapor Deposition Synthesis"", ""score"": 0.622}, {""iri"": ""https://w3id.org/h2kg/hydrogen-ontology#SprayAirPressure"", ""label"": ""Spray Air Pressure"", ""score"": 0.619}]"
https://w3id.org/h2kg/decode/workflow/concept/ccl-coating-process-parameters-process,CCL coating process parameters,process,process,1,inpt-cl-process-model,"CCL coating process parameters
internal key: CCL coating process parameters: process",INPT CL process model,reviewed_decode_anchor,reviewed_decode,https://w3id.org/h2kg/decode/workflow/anchor/ccl-coating-process-parameters-process,https://w3id.org/h2kg/hydrogen-ontology#Parameter,Parameter,ccl_coating_parameters_are_parameters,reviewed_structural,DECODE-specific concept retained as a stable reviewed anchor. Its source topology is preserved; no H2KG synonym or new public term was asserted.,"[{""iri"": ""https://w3id.org/h2kg/hydrogen-ontology#SprayCoatingParameterSpecification"", ""label"": ""Spray Coating Parameter Specification"", ""score"": 0.778}, {""iri"": ""https://w3id.org/h2kg/hydrogen-ontology#DipCoatingProcess"", ""label"": ""Dip Coating Process"", ""score"": 0.694}, {""iri"": ""https://w3id.org/h2kg/hydrogen-ontology#MembraneCastingProcess"", ""label"": ""Membrane Casting Process"", ""score"": 0.667}]"
https://w3id.org/h2kg/decode/workflow/concept/ccl-conductivity-component,CCL conductivity,component,component,3,cea-mea-model-europium-2d; fitting-of-the-europium-model; voxel-based-3d-electric-conductiviy-simulation,"CCL conductivity
internal key: CCL conductivity: component",CEA MEA model (Europium 2D); Fitting of the Europium model; Voxel based 3D Electric conductiviy simulation,reviewed_decode_anchor,reviewed_decode,https://w3id.org/h2kg/decode/workflow/anchor/ccl-conductivity-component,https://w3id.org/h2kg/hydrogen-ontology#Property,Property,physical_or_derived_property,reviewed_structural,DECODE-specific concept retained as a stable reviewed anchor. Its source topology is preserved; no H2KG synonym or new public term was asserted.,"[{""iri"": ""https://w3id.org/h2kg/hydrogen-ontology#ConductivityDataset"", ""label"": ""Conductivity Dataset"", ""score"": 0.727}, {""iri"": ""https://w3id.org/h2kg/hydrogen-ontology#ElectronicConductivityLossPercent"", ""label"": ""Electronic Conductivity Loss Percent"", ""score"": 0.727}, {""iri"": ""https://w3id.org/h2kg/hydrogen-ontology#CatalystLayerConductivityExponentB"", ""label"": ""Catalyst Layer Conductivity Exponent B"", ""score"": 0.714}]"
https://w3id.org/h2kg/decode/workflow/concept/ccl-contact-angle-distribution-image-meso,CCL contact angle distribution image,meso,data,1,distribution-of-contact-angles-in-ccl-fib-sem-image-from-ionomer-reconstruction,"CCL contact angle distribution image
internal key: CCL contact angle distribution image: meso",Distribution of contact angles in CCL FIB-SEM image from ionomer reconstruction,reviewed_decode_anchor,reviewed_decode,https://w3id.org/h2kg/decode/workflow/anchor/ccl-contact-angle-distribution-image-meso,https://w3id.org/h2kg/hydrogen-ontology#Data,Data,data_product,reviewed_structural,DECODE-specific concept retained as a stable reviewed anchor. Its source topology is preserved; no H2KG synonym or new public term was asserted.,"[{""iri"": ""https://w3id.org/h2kg/hydrogen-ontology#AgglomerateSizeDistributionDataset"", ""label"": ""Agglomerate Size Distribution Dataset"", ""score"": 0.677}, {""iri"": ""https://w3id.org/h2kg/hydrogen-ontology#ContactAngle"", ""label"": ""Contact Angle"", ""score"": 0.667}, {""iri"": ""https://w3id.org/h2kg/hydrogen-ontology#ContactAngleGoniometer"", ""label"": ""Contact Angle Goniometer"", ""score"": 0.633}]"
https://w3id.org/h2kg/decode/workflow/concept/ccl-contact-angle-distribution-statistics-component,CCL contact angle distribution statistics,component,component,1,distribution-of-contact-angles-in-ccl-fib-sem-image-from-ionomer-reconstruction,"CCL contact angle distribution statistics
internal key: CCL contact angle distribution statistics: component",Distribution of contact angles in CCL FIB-SEM image from ionomer reconstruction,reviewed_decode_anchor,reviewed_decode,https://w3id.org/h2kg/decode/workflow/anchor/ccl-contact-angle-distribution-statistics-component,https://w3id.org/h2kg/hydrogen-ontology#Data,Data,data_product,reviewed_structural,DECODE-specific concept retained as a stable reviewed anchor. Its source topology is preserved; no H2KG synonym or new public term was asserted.,"[{""iri"": ""https://w3id.org/h2kg/hydrogen-ontology#AgglomerateSizeDistributionDataset"", ""label"": ""Agglomerate Size Distribution Dataset"", ""score"": 0.629}, {""iri"": ""https://w3id.org/h2kg/hydrogen-ontology#ContactAngle"", ""label"": ""Contact Angle"", ""score"": 0.613}, {""iri"": ""https://w3id.org/h2kg/hydrogen-ontology#ContactAngleMeasurement"", ""label"": ""Contact Angle Measurement"", ""score"": 0.576}]"
https://w3id.org/h2kg/decode/workflow/concept/ccl-cross-section-component,CCL cross section,component,component,2,microscopy-sem-and-optical-in-mea-cross-section; sem-and-edx,"CCL cross section
internal key: CCL cross section: component",Microscopy (SEM and optical) in MEA cross section; SEM and EDX,reviewed_decode_anchor,reviewed_decode,https://w3id.org/h2kg/decode/workflow/anchor/ccl-cross-section-component,https://w3id.org/h2kg/hydrogen-ontology#Matter,Matter,component_category_default,reviewed_structural,DECODE-specific concept retained as a stable reviewed anchor. Its source topology is preserved; no H2KG synonym or new public term was asserted.,"[{""iri"": ""https://w3id.org/h2kg/hydrogen-ontology#CoReductionProcess"", ""label"": ""Co Reduction Process"", ""score"": 0.703}, {""iri"": ""https://w3id.org/h2kg/hydrogen-ontology#CatalystLayerCompositionSpecification"", ""label"": ""Catalyst Layer Composition Specification"", ""score"": 0.622}, {""iri"": ""https://w3id.org/h2kg/hydrogen-ontology#ProjectionNumber"", ""label"": ""Projection Number"", ""score"": 0.606}]"
https://w3id.org/h2kg/decode/workflow/concept/ccl-cross-section-2d-pixel-data-containing-surface-information-of-element-distributions-meso,CCL cross section 2D pixel data containing surface information of element distributions,meso,data,2,image-parameter-extraction-2d; sem-and-edx,"CCL cross section 2D pixel data containing surface information of element distributions
internal key: CCL cross section 2D pixel data containing surface information of element distributions: meso",Image parameter extraction 2D; SEM and EDX,reviewed_decode_anchor,reviewed_decode,https://w3id.org/h2kg/decode/workflow/anchor/ccl-cross-section-2d-pixel-data-containing-surface-information-of-element-distributions-meso,https://w3id.org/h2kg/hydrogen-ontology#Data,Data,data_product,reviewed_structural,DECODE-specific concept retained as a stable reviewed anchor. Its source topology is preserved; no H2KG synonym or new public term was asserted.,[]
https://w3id.org/h2kg/decode/workflow/concept/ccl-current-density-distribution-macrohomogeneous-local,CCL current density distribution,macrohomogeneous local,other,1,cea-mea-model-europium-2d,"CCL current density distribution
internal key: CCL current density distribution: macrohomogeneous local",CEA MEA model (Europium 2D),reviewed_decode_anchor,reviewed_decode,https://w3id.org/h2kg/decode/workflow/anchor/ccl-current-density-distribution-macrohomogeneous-local,https://w3id.org/h2kg/hydrogen-ontology#Property,Property,physical_or_derived_property,reviewed_structural,DECODE-specific concept retained as a stable reviewed anchor. Its source topology is preserved; no H2KG synonym or new public term was asserted.,"[{""iri"": ""https://w3id.org/h2kg/hydrogen-ontology#LimitingCurrentDensity"", ""label"": ""Limiting Current Density"", ""score"": 0.75}, {""iri"": ""https://w3id.org/h2kg/hydrogen-ontology#MaximumCurrentDensity"", ""label"": ""Maximum Current Density"", ""score"": 0.721}, {""iri"": ""https://w3id.org/h2kg/hydrogen-ontology#ShortCircuitCurrentDensity"", ""label"": ""Short Circuit Current Density"", ""score"": 0.721}]"
https://w3id.org/h2kg/decode/workflow/concept/ccl-effective-catalyst-utilization-component,CCL effective catalyst utilization,component,component,1,iet-1d-performance-model-for-mea-prediction,"CCL effective catalyst utilization
internal key: CCL effective catalyst utilization: component",IET 1D Performance model for MEA (prediction),reviewed_decode_anchor,reviewed_decode,https://w3id.org/h2kg/decode/workflow/anchor/ccl-effective-catalyst-utilization-component,https://w3id.org/h2kg/hydrogen-ontology#Property,Property,physical_or_derived_property,reviewed_structural,DECODE-specific concept retained as a stable reviewed anchor. Its source topology is preserved; no H2KG synonym or new public term was asserted.,"[{""iri"": ""https://w3id.org/h2kg/hydrogen-ontology#PtUtilization"", ""label"": ""Pt Utilization"", ""score"": 0.741}, {""iri"": ""https://w3id.org/h2kg/hydrogen-ontology#PtUtilizationRelativeIncrease"", ""label"": ""Pt Utilization Relative Increase"", ""score"": 0.667}, {""iri"": ""https://w3id.org/h2kg/hydrogen-ontology#CatalystLayerMicrostructureSimulation"", ""label"": ""Catalyst Layer Microstructure Simulation"", ""score"": 0.644}]"
https://w3id.org/h2kg/decode/workflow/concept/ccl-effective-double-layer-capacitance-component,CCL effective double-layer capacitance,component,component,5,cea-mea-model-europium-2d; differential-cell-testing; fitting-of-the-europium-model; iet-1d-mea-with-water-transport-eis-model; iet-1d-mea-with-water-transport-in-ccl-eis-model,"CCL effective double-layer capacitance
internal key: CCL effective double-layer capacitance: component","CEA MEA model (Europium 2D); Differential Cell Testing; Fitting of the Europium model; IET 1D MEA with water transport EIS model; IET 1D MEA with water transport in CCL EIS model; Single cell test bench: polarization, EIS",reviewed_decode_anchor,reviewed_decode,https://w3id.org/h2kg/decode/workflow/anchor/ccl-effective-double-layer-capacitance-component,https://w3id.org/h2kg/hydrogen-ontology#Property,Property,physical_or_derived_property,reviewed_structural,DECODE-specific concept retained as a stable reviewed anchor. Its source topology is preserved; no H2KG synonym or new public term was asserted.,"[{""iri"": ""https://w3id.org/h2kg/hydrogen-ontology#DoubleLayerCapacitance"", ""label"": ""Double Layer Capacitance"", ""score"": 0.774}, {""iri"": ""https://w3id.org/h2kg/hydrogen-ontology#ECSAByDoubleLayerCapacitance"", ""label"": ""ECSA by Double-Layer Capacitance"", ""score"": 0.771}, {""iri"": ""https://w3id.org/h2kg/hydrogen-ontology#DoubleLayerCapacitanceRatio"", ""label"": ""Double Layer Capacitance Ratio"", ""score"": 0.706}]"
https://w3id.org/h2kg/decode/workflow/concept/ccl-effective-gas-transport-equation-and-coefficients-in-presence-of-electrochemistry-component,CCL effective gas transport equation and coefficients in presence of electrochemistry,component,component,1,cea-mea-model-europium-2d,"CCL effective gas transport equation and coefficients in presence of electrochemistry
internal key: CCL effective gas transport equation and coefficients in presence of electrochemistry: component",CEA MEA model (Europium 2D),reviewed_decode_anchor,reviewed_decode,https://w3id.org/h2kg/decode/workflow/anchor/ccl-effective-gas-transport-equation-and-coefficients-in-presence-of-electrochemistry-component,https://w3id.org/h2kg/hydrogen-ontology#Property,Property,physical_or_derived_property,reviewed_structural,DECODE-specific concept retained as a stable reviewed anchor. Its source topology is preserved; no H2KG synonym or new public term was asserted.,[]
https://w3id.org/h2kg/decode/workflow/concept/ccl-effective-ionomer-coverage-component,CCL effective ionomer coverage,component,component,1,iet-ink-to-composition-model,"CCL effective ionomer coverage
internal key: CCL effective ionomer coverage: component",IET ink to composition model,reviewed_decode_anchor,reviewed_decode,https://w3id.org/h2kg/decode/workflow/anchor/ccl-effective-ionomer-coverage-component,https://w3id.org/h2kg/hydrogen-ontology#Property,Property,physical_or_derived_property,reviewed_structural,DECODE-specific concept retained as a stable reviewed anchor. Its source topology is preserved; no H2KG synonym or new public term was asserted.,"[{""iri"": ""https://w3id.org/h2kg/hydrogen-ontology#IonomerPatchSurfaceCoverage"", ""label"": ""Ionomer Patch Surface Coverage"", ""score"": 0.737}, {""iri"": ""https://w3id.org/h2kg/hydrogen-ontology#IonomerCoverageIntercept"", ""label"": ""Ionomer Coverage Intercept"", ""score"": 0.714}, {""iri"": ""https://w3id.org/h2kg/hydrogen-ontology#IonomerCoverageOnCarbon"", ""label"": ""Ionomer Coverage On Carbon"", ""score"": 0.706}]"
https://w3id.org/h2kg/decode/workflow/concept/ccl-effective-mass-activity-component,CCL effective mass activity,component,component,1,iet-1d-performance-model-for-mea-prediction,"CCL effective mass activity
internal key: CCL effective mass activity: component",IET 1D Performance model for MEA (prediction),reviewed_decode_anchor,reviewed_decode,https://w3id.org/h2kg/decode/workflow/anchor/ccl-effective-mass-activity-component,https://w3id.org/h2kg/hydrogen-ontology#Parameter,Parameter,operating_or_geometric_parameter,reviewed_structural,DECODE-specific concept retained as a stable reviewed anchor. Its source topology is preserved; no H2KG synonym or new public term was asserted.,"[{""iri"": ""https://w3id.org/h2kg/hydrogen-ontology#MassActivityLossPercent"", ""label"": ""Mass Activity Loss Percent"", ""score"": 0.667}, {""iri"": ""https://w3id.org/h2kg/hydrogen-ontology#EffectiveIonicConductivity"", ""label"": ""Effective Ionic Conductivity"", ""score"": 0.655}, {""iri"": ""https://w3id.org/h2kg/hydrogen-ontology#MassActivity"", ""label"": ""Mass Activity"", ""score"": 0.65}]"
https://w3id.org/h2kg/decode/workflow/concept/ccl-effective-o2-diffusivity-component,CCL effective O2 diffusivity,component,component,6,diffusivities-from-tortuosities; iet-1d-mea-with-water-transport-eis-model; iet-1d-mea-with-water-transport-in-ccl-eis-model; iet-1d-performance-model-for-mea-fitting; iet-1d-performance-model-for-mea-prediction; iet-composition-to-property-model,"CCL effective O2 diffusivity
internal key: CCL effective O2 diffusivity: component",Diffusivities from tortuosities; IET 1D MEA with water transport EIS model; IET 1D MEA with water transport in CCL EIS model; IET 1D Performance model for MEA (fitting); IET 1D Performance model for MEA (prediction); IET composition to property model,reviewed_decode_anchor,reviewed_decode,https://w3id.org/h2kg/decode/workflow/anchor/ccl-effective-o2-diffusivity-component,https://w3id.org/h2kg/hydrogen-ontology#Property,Property,physical_or_derived_property,reviewed_structural,DECODE-specific concept retained as a stable reviewed anchor. Its source topology is preserved; no H2KG synonym or new public term was asserted.,"[{""iri"": ""https://w3id.org/h2kg/hydrogen-ontology#EffectiveIonicConductivity"", ""label"": ""Effective Ionic Conductivity"", ""score"": 0.714}, {""iri"": ""https://w3id.org/h2kg/hydrogen-ontology#CarbonAggregateEffectiveDensity"", ""label"": ""Carbon Aggregate Effective Density"", ""score"": 0.667}, {""iri"": ""https://w3id.org/h2kg/hydrogen-ontology#EffectiveOxygenDiffusionCoefficient"", ""label"": ""Effective Oxygen Diffusion Coefficient"", ""score"": 0.667}]"
https://w3id.org/h2kg/decode/workflow/concept/ccl-effective-o2-diffusivity-aged-component,CCL effective O2 diffusivity (aged),component,component,2,0d-particle-population-degradation-model-coupled-with-performance-model-prediction; 0d-particle-population-degradation-model-coupled-with-performance-model-prediction-without-fitting-methods,"CCL effective O2 diffusivity (aged)
internal key: CCL effective O2 diffusivity (aged): component",0D Particle population degradation model coupled with performance model (prediction),reviewed_decode_anchor,reviewed_decode,https://w3id.org/h2kg/decode/workflow/anchor/ccl-effective-o2-diffusivity-aged-component,https://w3id.org/h2kg/hydrogen-ontology#Property,Property,physical_or_derived_property,reviewed_structural,DECODE-specific concept retained as a stable reviewed anchor. Its source topology is preserved; no H2KG synonym or new public term was asserted.,"[{""iri"": ""https://w3id.org/h2kg/hydrogen-ontology#EffectiveIonicConductivity"", ""label"": ""Effective Ionic Conductivity"", ""score"": 0.656}, {""iri"": ""https://w3id.org/h2kg/hydrogen-ontology#CarbonAggregateEffectiveDensity"", ""label"": ""Carbon Aggregate Effective Density"", ""score"": 0.627}, {""iri"": ""https://w3id.org/h2kg/hydrogen-ontology#EffectiveOxygenDiffusionCoefficient"", ""label"": ""Effective Oxygen Diffusion Coefficient"", ""score"": 0.62}]"
https://w3id.org/h2kg/decode/workflow/concept/ccl-effective-proton-conductivity-component,CCL effective proton conductivity,component,component,10,cea-mea-model-europium-2d; differential-cell-testing; fitting-of-the-europium-model; iet-1d-mea-with-water-transport-eis-model; iet-1d-mea-with-water-transport-in-ccl-eis-model; iet-1d-performance-model-for-mea-fitting; iet-1d-performance-model-for-mea-prediction; iet-composition-to-property-model; iet-ink-to-composition-model; image-based-ccl-effective-transport-property-computation-from-numerical-simulations,"CCL effective proton conductivity
internal key: CCL effective proton conductivity: component","CEA MEA model (Europium 2D); Differential Cell Testing; Fitting of the Europium model; IET 1D MEA with water transport EIS model; IET 1D MEA with water transport in CCL EIS model; IET 1D Performance model for MEA (fitting); IET 1D Performance model for MEA (prediction); IET composition to property model; IET ink to composition model; Image based CCL effective transport property computation from numerical simulations; Single cell test bench: polarization, EIS",reviewed_decode_anchor,reviewed_decode,https://w3id.org/h2kg/decode/workflow/anchor/ccl-effective-proton-conductivity-component,https://w3id.org/h2kg/hydrogen-ontology#Property,Property,physical_or_derived_property,reviewed_structural,DECODE-specific concept retained as a stable reviewed anchor. Its source topology is preserved; no H2KG synonym or new public term was asserted.,"[{""iri"": ""https://w3id.org/h2kg/hydrogen-ontology#EffectiveIonicConductivity"", ""label"": ""Effective Ionic Conductivity"", ""score"": 0.935}, {""iri"": ""https://w3id.org/h2kg/hydrogen-ontology#ProtonConductivityMeasurement"", ""label"": ""Proton Conductivity Measurement"", ""score"": 0.731}, {""iri"": ""https://w3id.org/h2kg/hydrogen-ontology#SolutionConductivity"", ""label"": ""Solution Conductivity"", ""score"": 0.702}]"
https://w3id.org/h2kg/decode/workflow/concept/ccl-effective-proton-conductivity-aged-component,CCL effective proton conductivity (aged),component,component,2,0d-particle-population-degradation-model-coupled-with-performance-model-prediction; 0d-particle-population-degradation-model-coupled-with-performance-model-prediction-without-fitting-methods,"CCL effective proton conductivity (aged)
internal key: CCL effective proton conductivity (aged): component",0D Particle population degradation model coupled with performance model (prediction),reviewed_decode_anchor,reviewed_decode,https://w3id.org/h2kg/decode/workflow/anchor/ccl-effective-proton-conductivity-aged-component,https://w3id.org/h2kg/hydrogen-ontology#Property,Property,physical_or_derived_property,reviewed_structural,DECODE-specific concept retained as a stable reviewed anchor. Its source topology is preserved; no H2KG synonym or new public term was asserted.,"[{""iri"": ""https://w3id.org/h2kg/hydrogen-ontology#EffectiveIonicConductivity"", ""label"": ""Effective Ionic Conductivity"", ""score"": 0.866}, {""iri"": ""https://w3id.org/h2kg/hydrogen-ontology#ProtonConductivityMeasurement"", ""label"": ""Proton Conductivity Measurement"", ""score"": 0.667}, {""iri"": ""https://w3id.org/h2kg/hydrogen-ontology#CatalystLayerConductivityExponentB"", ""label"": ""Catalyst Layer Conductivity Exponent B"", ""score"": 0.656}]"
https://w3id.org/h2kg/decode/workflow/concept/ccl-effective-vapor-diffusivity-component,CCL effective vapor diffusivity,component,component,4,diffusivities-from-tortuosities; iet-1d-mea-with-water-transport-eis-model; iet-1d-mea-with-water-transport-in-ccl-eis-model; iet-composition-to-property-model,"CCL effective vapor diffusivity
internal key: CCL effective vapor diffusivity: component",Diffusivities from tortuosities; IET 1D MEA with water transport EIS model; IET 1D MEA with water transport in CCL EIS model; IET composition to property model,reviewed_decode_anchor,reviewed_decode,https://w3id.org/h2kg/decode/workflow/anchor/ccl-effective-vapor-diffusivity-component,https://w3id.org/h2kg/hydrogen-ontology#Property,Property,physical_or_derived_property,reviewed_structural,DECODE-specific concept retained as a stable reviewed anchor. Its source topology is preserved; no H2KG synonym or new public term was asserted.,"[{""iri"": ""https://w3id.org/h2kg/hydrogen-ontology#EffectiveIonicConductivity"", ""label"": ""Effective Ionic Conductivity"", ""score"": 0.7}, {""iri"": ""https://w3id.org/h2kg/hydrogen-ontology#InPlaneEffectiveDiffusivityMeasurement"", ""label"": ""In Plane Effective Diffusivity Measurement"", ""score"": 0.658}, {""iri"": ""https://w3id.org/h2kg/hydrogen-ontology#EffectiveOxygenDiffusionCoefficient"", ""label"": ""Effective Oxygen Diffusion Coefficient"", ""score"": 0.638}]"
https://w3id.org/h2kg/decode/workflow/concept/ccl-effective-water-permeability-component,CCL effective water permeability,component,component,5,cea-mea-model-europium-2d; fitting-of-the-europium-model; iet-1d-mea-with-water-transport-eis-model; iet-1d-mea-with-water-transport-in-ccl-eis-model; iet-composition-to-property-model,"CCL effective water permeability
internal key: CCL effective water permeability: component",CEA MEA model (Europium 2D); Fitting of the Europium model; IET 1D MEA with water transport EIS model; IET 1D MEA with water transport in CCL EIS model; IET composition to property model,reviewed_decode_anchor,reviewed_decode,https://w3id.org/h2kg/decode/workflow/anchor/ccl-effective-water-permeability-component,https://w3id.org/h2kg/hydrogen-ontology#Property,Property,physical_or_derived_property,reviewed_structural,DECODE-specific concept retained as a stable reviewed anchor. Its source topology is preserved; no H2KG synonym or new public term was asserted.,"[{""iri"": ""https://w3id.org/h2kg/hydrogen-ontology#IonomerThinFilmPermeability"", ""label"": ""Ionomer Thin Film Permeability"", ""score"": 0.613}, {""iri"": ""https://w3id.org/h2kg/hydrogen-ontology#RelativeOxygenPermeability"", ""label"": ""Relative Oxygen Permeability"", ""score"": 0.6}, {""iri"": ""https://w3id.org/h2kg/hydrogen-ontology#OxygenPermeabilityFactorVsNafion"", ""label"": ""Oxygen Permeability Factor Vs Nafion"", ""score"": 0.593}]"
https://w3id.org/h2kg/decode/workflow/concept/ccl-fraction-of-hydrophobic-pores-component,CCL fraction of hydrophobic pores,component,component,1,iet-ink-to-composition-model,"CCL fraction of hydrophobic pores
internal key: CCL fraction of hydrophobic pores: component",IET ink to composition model,reviewed_decode_anchor,reviewed_decode,https://w3id.org/h2kg/decode/workflow/anchor/ccl-fraction-of-hydrophobic-pores-component,https://w3id.org/h2kg/hydrogen-ontology#Parameter,Parameter,operating_or_geometric_parameter,reviewed_structural,DECODE-specific concept retained as a stable reviewed anchor. Its source topology is preserved; no H2KG synonym or new public term was asserted.,"[{""iri"": ""https://w3id.org/h2kg/hydrogen-ontology#C1sPeakFraction_O_CeqO"", ""label"": ""C 1 s Peak Fraction O Ceq O"", ""score"": 0.654}, {""iri"": ""https://w3id.org/h2kg/hydrogen-ontology#C1sPeakFraction_C_O"", ""label"": ""C 1 s Peak Fraction C O"", ""score"": 0.607}, {""iri"": ""https://w3id.org/h2kg/hydrogen-ontology#GraphiticCarbonFractionPercent"", ""label"": ""Graphitic Carbon Fraction Percent"", ""score"": 0.606}]"
https://w3id.org/h2kg/decode/workflow/concept/ccl-generalized-darcy-law-and-gas-transport-coefficients-component,CCL generalized Darcy law and gas transport coefficients,component,component,1,cea-mea-model-europium-2d,"CCL generalized Darcy law and gas transport coefficients
internal key: CCL generalized Darcy law and gas transport coefficients: component",CEA MEA model (Europium 2D),reviewed_decode_anchor,reviewed_decode,https://w3id.org/h2kg/decode/workflow/anchor/ccl-generalized-darcy-law-and-gas-transport-coefficients-component,https://w3id.org/h2kg/hydrogen-ontology#Property,Property,physical_or_derived_property,reviewed_structural,DECODE-specific concept retained as a stable reviewed anchor. Its source topology is preserved; no H2KG synonym or new public term was asserted.,[]
https://w3id.org/h2kg/decode/workflow/concept/ccl-internal-contact-angle-component,CCL internal contact angle,component,component,1,water-retention-curve-simulation,"CCL internal contact angle
internal key: CCL internal contact angle: component",Water retention curve simulation,reviewed_decode_anchor,reviewed_decode,https://w3id.org/h2kg/decode/workflow/anchor/ccl-internal-contact-angle-component,https://w3id.org/h2kg/hydrogen-ontology#Property,Property,physical_or_derived_property,reviewed_structural,DECODE-specific concept retained as a stable reviewed anchor. Its source topology is preserved; no H2KG synonym or new public term was asserted.,"[{""iri"": ""https://w3id.org/h2kg/hydrogen-ontology#ContactAngle"", ""label"": ""Contact Angle"", ""score"": 0.809}, {""iri"": ""https://w3id.org/h2kg/hydrogen-ontology#ContactAngleMeasurement"", ""label"": ""Contact Angle Measurement"", ""score"": 0.727}, {""iri"": ""https://w3id.org/h2kg/hydrogen-ontology#ContactAngleGoniometer"", ""label"": ""Contact Angle Goniometer"", ""score"": 0.72}]"
https://w3id.org/h2kg/decode/workflow/concept/ccl-ionomer-distribution-statistics-component,CCL ionomer distribution statistics,component,component,3,determination-of-cl-saturation-by-saxs-or-sans; image-tem-data-parameter-extraction-3d; ionomer-reconstruction-in-ccl-3d-images,"CCL ionomer distribution statistics
internal key: CCL ionomer distribution statistics: component",Determination of CL saturation by SAXS/SANS; Image TEM data parameter extraction 3D; Ionomer reconstruction in CCL 3D images,reviewed_decode_anchor,reviewed_decode,https://w3id.org/h2kg/decode/workflow/anchor/ccl-ionomer-distribution-statistics-component,https://w3id.org/h2kg/hydrogen-ontology#Data,Data,data_product,reviewed_structural,DECODE-specific concept retained as a stable reviewed anchor. Its source topology is preserved; no H2KG synonym or new public term was asserted.,"[{""iri"": ""https://w3id.org/h2kg/hydrogen-ontology#IonomerUniformity"", ""label"": ""Ionomer Uniformity"", ""score"": 0.698}, {""iri"": ""https://w3id.org/h2kg/hydrogen-ontology#IonomerAdsorptionRatio"", ""label"": ""Ionomer Adsorption Ratio"", ""score"": 0.644}, {""iri"": ""https://w3id.org/h2kg/hydrogen-ontology#IonomerDispersionPropertyCompilation"", ""label"": ""Ionomer Dispersion Property Compilation"", ""score"": 0.635}]"
https://w3id.org/h2kg/decode/workflow/concept/ccl-ionomer-effective-film-thickness-component,CCL ionomer effective film thickness,component,component,3,cea-mea-model-europium-2d; fitting-of-the-europium-model; iet-ink-to-composition-model,"CCL ionomer effective film thickness
internal key: CCL ionomer effective film thickness: component",CEA MEA model (Europium 2D); Fitting of the Europium model; IET ink to composition model,reviewed_decode_anchor,reviewed_decode,https://w3id.org/h2kg/decode/workflow/anchor/ccl-ionomer-effective-film-thickness-component,https://w3id.org/h2kg/hydrogen-ontology#Property,Property,physical_or_derived_property,reviewed_structural,DECODE-specific concept retained as a stable reviewed anchor. Its source topology is preserved; no H2KG synonym or new public term was asserted.,"[{""iri"": ""https://w3id.org/h2kg/hydrogen-ontology#EquivalentIonomerFilmThickness"", ""label"": ""Equivalent Ionomer Film Thickness"", ""score"": 0.783}, {""iri"": ""https://w3id.org/h2kg/hydrogen-ontology#IonomerFilmThickness"", ""label"": ""Ionomer Film Thickness"", ""score"": 0.759}, {""iri"": ""https://w3id.org/h2kg/hydrogen-ontology#IonomerThinFilmThickness"", ""label"": ""Ionomer Thin Film Thickness"", ""score"": 0.698}]"
https://w3id.org/h2kg/decode/workflow/concept/ccl-ionomer-saturation-component,CCL ionomer saturation,component,component,2,cea-mea-model-europium-2d; determination-of-cl-saturation-by-saxs-or-sans,"CCL ionomer saturation
internal key: CCL ionomer saturation: component",CEA MEA model (Europium 2D); Determination of CL saturation by SAXS/SANS,reviewed_decode_anchor,reviewed_decode,https://w3id.org/h2kg/decode/workflow/anchor/ccl-ionomer-saturation-component,https://w3id.org/h2kg/hydrogen-ontology#Parameter,Parameter,operating_or_geometric_parameter,reviewed_structural,DECODE-specific concept retained as a stable reviewed anchor. Its source topology is preserved; no H2KG synonym or new public term was asserted.,"[{""iri"": ""https://w3id.org/h2kg/hydrogen-ontology#IonomerSolution"", ""label"": ""Ionomer Solution"", ""score"": 0.737}, {""iri"": ""https://w3id.org/h2kg/hydrogen-ontology#IonomerCoatingSimulation"", ""label"": ""Ionomer Coating Simulation"", ""score"": 0.708}, {""iri"": ""https://w3id.org/h2kg/hydrogen-ontology#IonomerToCatalystMassRatio"", ""label"": ""Ionomer To Catalyst Mass Ratio"", ""score"": 0.681}]"
https://w3id.org/h2kg/decode/workflow/concept/ccl-ionomer-volume-fraction-dry-component,CCL ionomer volume fraction (dry),component,component,2,cea-mea-model-europium-2d; fitting-of-the-europium-model,"CCL ionomer volume fraction (dry)
internal key: CCL ionomer volume fraction (dry): component",CEA MEA model (Europium 2D); Fitting of the Europium model,reviewed_decode_anchor,reviewed_decode,https://w3id.org/h2kg/decode/workflow/anchor/ccl-ionomer-volume-fraction-dry-component,https://w3id.org/h2kg/hydrogen-ontology#Parameter,Parameter,operating_or_geometric_parameter,reviewed_structural,DECODE-specific concept retained as a stable reviewed anchor. Its source topology is preserved; no H2KG synonym or new public term was asserted.,"[{""iri"": ""https://w3id.org/h2kg/hydrogen-ontology#IonomerVolumeFraction"", ""label"": ""Ionomer Volume Fraction"", ""score"": 0.852}, {""iri"": ""https://w3id.org/h2kg/hydrogen-ontology#FiberIonomerVolumeFraction"", ""label"": ""Fiber Ionomer Volume Fraction"", ""score"": 0.833}, {""iri"": ""https://w3id.org/h2kg/hydrogen-ontology#RheologicalPercolationThresholdVolumeFraction"", ""label"": ""Rheological Percolation Threshold Volume Fraction"", ""score"": 0.737}]"
https://w3id.org/h2kg/decode/workflow/concept/ccl-orr-apparent-tafel-slope-s-component,CCL ORR apparent Tafel slope(s),component,component,7,0d-particle-population-degradation-model-coupled-with-performance-model-prediction; 0d-particle-population-degradation-model-coupled-with-performance-model-prediction-without-fitting-methods; cea-mea-model-europium-2d; fitting-of-the-europium-model; iet-1d-mea-with-water-transport-eis-model; iet-1d-mea-with-water-transport-in-ccl-eis-model; iet-1d-performance-model-for-mea-prediction,"CCL ORR apparent Tafel slope(s)
internal key: CCL ORR apparent Tafel slope(s): component",0D Particle population degradation model coupled with performance model (prediction); CEA MEA model (Europium 2D); Fitting of the Europium model; IET 1D MEA with water transport EIS model; IET 1D MEA with water transport in CCL EIS model; IET 1D Performance model for MEA (prediction),reviewed_decode_anchor,reviewed_decode,https://w3id.org/h2kg/decode/workflow/anchor/ccl-orr-apparent-tafel-slope-s-component,https://w3id.org/h2kg/hydrogen-ontology#Property,Property,physical_or_derived_property,reviewed_structural,DECODE-specific concept retained as a stable reviewed anchor. Its source topology is preserved; no H2KG synonym or new public term was asserted.,"[{""iri"": ""https://w3id.org/h2kg/hydrogen-ontology#TafelSlopeStepAnalysis"", ""label"": ""Tafel Slope Step Analysis"", ""score"": 0.64}, {""iri"": ""https://w3id.org/h2kg/hydrogen-ontology#TafelSlope"", ""label"": ""Tafel Slope"", ""score"": 0.625}, {""iri"": ""https://w3id.org/h2kg/hydrogen-ontology#CellCapacitance"", ""label"": ""Cell Capacitance"", ""score"": 0.56}]"
https://w3id.org/h2kg/decode/workflow/concept/ccl-orr-effective-exchange-current-density-component,CCL ORR effective exchange current density,component,component,9,0d-particle-population-degradation-model-coupled-with-performance-model-prediction; 0d-particle-population-degradation-model-coupled-with-performance-model-prediction-without-fitting-methods; cea-mea-model-europium-2d; fitting-of-the-europium-model; iet-1d-mea-with-water-transport-eis-model; iet-1d-mea-with-water-transport-in-ccl-eis-model; iet-1d-performance-model-for-mea-fitting; iet-1d-performance-model-for-mea-prediction; iet-composition-to-property-model,"CCL ORR effective exchange current density
internal key: CCL ORR effective exchange current density: component",0D Particle population degradation model coupled with performance model (prediction); CEA MEA model (Europium 2D); Fitting of the Europium model; IET 1D MEA with water transport EIS model; IET 1D MEA with water transport in CCL EIS model; IET 1D Performance model for MEA (fitting); IET 1D Performance model for MEA (prediction); IET composition to property model,reviewed_decode_anchor,reviewed_decode,https://w3id.org/h2kg/decode/workflow/anchor/ccl-orr-effective-exchange-current-density-component,https://w3id.org/h2kg/hydrogen-ontology#Property,Property,physical_or_derived_property,reviewed_structural,DECODE-specific concept retained as a stable reviewed anchor. Its source topology is preserved; no H2KG synonym or new public term was asserted.,"[{""iri"": ""https://w3id.org/h2kg/hydrogen-ontology#ExchangeCurrentDensity"", ""label"": ""Exchange Current Density"", ""score"": 0.727}, {""iri"": ""https://w3id.org/h2kg/hydrogen-ontology#ReferenceCurrentDensity"", ""label"": ""Reference Current Density"", ""score"": 0.657}, {""iri"": ""https://w3id.org/h2kg/hydrogen-ontology#RelativeCurrentDensityChange"", ""label"": ""Relative Current Density Change"", ""score"": 0.63}]"
https://w3id.org/h2kg/decode/workflow/concept/ccl-orr-effective-exchange-current-density-aged-component,CCL ORR effective exchange current density (aged),component,component,2,0d-particle-population-degradation-model-coupled-with-performance-model-prediction; 0d-particle-population-degradation-model-coupled-with-performance-model-prediction-without-fitting-methods,"CCL ORR effective exchange current density (aged)
internal key: CCL ORR effective exchange current density (aged): component",0D Particle population degradation model coupled with performance model (prediction),reviewed_decode_anchor,reviewed_decode,https://w3id.org/h2kg/decode/workflow/anchor/ccl-orr-effective-exchange-current-density-aged-component,https://w3id.org/h2kg/hydrogen-ontology#Property,Property,physical_or_derived_property,reviewed_structural,DECODE-specific concept retained as a stable reviewed anchor. Its source topology is preserved; no H2KG synonym or new public term was asserted.,"[{""iri"": ""https://w3id.org/h2kg/hydrogen-ontology#ExchangeCurrentDensity"", ""label"": ""Exchange Current Density"", ""score"": 0.676}, {""iri"": ""https://w3id.org/h2kg/hydrogen-ontology#RelativeCurrentDensityChange"", ""label"": ""Relative Current Density Change"", ""score"": 0.641}, {""iri"": ""https://w3id.org/h2kg/hydrogen-ontology#CarbonAggregateEffectiveDensity"", ""label"": ""Carbon Aggregate Effective Density"", ""score"": 0.617}]"
https://w3id.org/h2kg/decode/workflow/concept/ccl-orr-effective-reaction-order-s-component,CCL ORR effective reaction order(s),component,component,2,cea-mea-model-europium-2d; fitting-of-the-europium-model,"CCL ORR effective reaction order(s)
internal key: CCL ORR effective reaction order(s): component",CEA MEA model (Europium 2D); Fitting of the Europium model,reviewed_decode_anchor,reviewed_decode,https://w3id.org/h2kg/decode/workflow/anchor/ccl-orr-effective-reaction-order-s-component,https://w3id.org/h2kg/hydrogen-ontology#Matter,Matter,component_category_default,reviewed_structural,DECODE-specific concept retained as a stable reviewed anchor. Its source topology is preserved; no H2KG synonym or new public term was asserted.,"[{""iri"": ""https://w3id.org/h2kg/hydrogen-ontology#EffectiveIonicConductivity"", ""label"": ""Effective Ionic Conductivity"", ""score"": 0.571}, {""iri"": ""https://w3id.org/h2kg/hydrogen-ontology#FiberOrientationAngleStdDev"", ""label"": ""Fiber Orientation Angle Std Dev"", ""score"": 0.554}, {""iri"": ""https://w3id.org/h2kg/hydrogen-ontology#CoverageRelaxationRateConstant"", ""label"": ""Coverage Relaxation Rate Constant"", ""score"": 0.551}]"
https://w3id.org/h2kg/decode/workflow/concept/ccl-orr-rate-prefactor-component,CCL ORR rate prefactor,component,component,4,cea-mea-model-europium-2d; fitting-of-the-europium-model; iet-1d-performance-model-for-mea-fitting; iet-1d-performance-model-for-mea-prediction,"CCL ORR rate prefactor
internal key: CCL ORR rate prefactor: component",CEA MEA model (Europium 2D); Fitting of the Europium model; IET 1D Performance model for MEA (fitting); IET 1D Performance model for MEA (prediction),reviewed_decode_anchor,reviewed_decode,https://w3id.org/h2kg/decode/workflow/anchor/ccl-orr-rate-prefactor-component,https://w3id.org/h2kg/hydrogen-ontology#Property,Property,physical_or_derived_property,reviewed_structural,DECODE-specific concept retained as a stable reviewed anchor. Its source topology is preserved; no H2KG synonym or new public term was asserted.,"[{""iri"": ""https://w3id.org/h2kg/hydrogen-ontology#IonomerFilmResistancePrefactorC"", ""label"": ""Ionomer Film Resistance Prefactor C"", ""score"": 0.667}, {""iri"": ""https://w3id.org/h2kg/hydrogen-ontology#ReferenceCurrentDensity"", ""label"": ""Reference Current Density"", ""score"": 0.653}, {""iri"": ""https://w3id.org/h2kg/hydrogen-ontology#FixedBedReactor"", ""label"": ""Fixed Bed Reactor"", ""score"": 0.585}]"
https://w3id.org/h2kg/decode/workflow/concept/ccl-permeability-component,CCL permeability,component,component,3,cea-mea-model-europium-2d; fitting-of-the-europium-model; voxel-based-3d-permability-simulation,"CCL permeability
internal key: CCL permeability: component",CEA MEA model (Europium 2D); Fitting of the Europium model; Voxel based 3D Permability simulation,reviewed_decode_anchor,reviewed_decode,https://w3id.org/h2kg/decode/workflow/anchor/ccl-permeability-component,https://w3id.org/h2kg/hydrogen-ontology#Property,Property,physical_or_derived_property,reviewed_structural,DECODE-specific concept retained as a stable reviewed anchor. Its source topology is preserved; no H2KG synonym or new public term was asserted.,"[{""iri"": ""https://w3id.org/h2kg/hydrogen-ontology#MicroporousLayerPermeability"", ""label"": ""Microporous Layer Permeability"", ""score"": 0.875}, {""iri"": ""https://w3id.org/h2kg/hydrogen-ontology#HydrogenPermeability"", ""label"": ""Hydrogen Permeability"", ""score"": 0.867}, {""iri"": ""https://w3id.org/h2kg/hydrogen-ontology#OxygenPermeability"", ""label"": ""Oxygen Permeability"", ""score"": 0.867}]"
https://w3id.org/h2kg/decode/workflow/concept/ccl-porosity-component,CCL porosity,component,component,8,0d-particle-population-degradation-model-coupled-with-performance-model-prediction; 0d-particle-population-degradation-model-coupled-with-performance-model-prediction-without-fitting-methods; cea-mea-model-europium-2d; diffusivities-from-tortuosities; fitting-of-the-europium-model; iet-1d-performance-model-for-mea-prediction; image-based-ccl-effective-transport-property-computation-from-numerical-simulations; voxel-based-3d-effective-diffusivity-simulation,"CCL porosity
internal key: CCL porosity: component",0D Particle population degradation model coupled with performance model (prediction); CEA MEA model (Europium 2D); Diffusivities from tortuosities; Fitting of the Europium model; IET 1D Performance model for MEA (prediction); Image based CCL effective transport property computation from numerical simulations; Voxel based 3D Effective Diffusivity simulation,reviewed_decode_anchor,reviewed_decode,https://w3id.org/h2kg/decode/workflow/anchor/ccl-porosity-component,https://w3id.org/h2kg/hydrogen-ontology#Property,Property,physical_or_derived_property,reviewed_structural,DECODE-specific concept retained as a stable reviewed anchor. Its source topology is preserved; no H2KG synonym or new public term was asserted.,"[{""iri"": ""https://w3id.org/h2kg/hydrogen-ontology#CatalystLayerPorosity"", ""label"": ""Catalyst Layer Porosity"", ""score"": 0.957}, {""iri"": ""https://w3id.org/h2kg/hydrogen-ontology#GasDiffusionLayerPorosity"", ""label"": ""Gas Diffusion Layer Porosity"", ""score"": 0.833}, {""iri"": ""https://w3id.org/h2kg/hydrogen-ontology#MicroporousLayerPorosity"", ""label"": ""Microporous Layer Porosity"", ""score"": 0.833}]"
https://w3id.org/h2kg/decode/workflow/concept/ccl-refined-pore-size-distribution-with-contact-angle-distribution-component,CCL refined pore size distribution (with contact angle distribution),component,component,2,iet-composition-to-property-model; iet-ink-to-composition-model,"CCL refined pore size distribution (with contact angle distribution)
internal key: CCL refined pore size distribution (with contact angle distribution): component",IET composition to property model; IET ink to composition model,reviewed_decode_anchor,reviewed_decode,https://w3id.org/h2kg/decode/workflow/anchor/ccl-refined-pore-size-distribution-with-contact-angle-distribution-component,https://w3id.org/h2kg/hydrogen-ontology#Data,Data,data_product,reviewed_structural,DECODE-specific concept retained as a stable reviewed anchor. Its source topology is preserved; no H2KG synonym or new public term was asserted.,"[{""iri"": ""https://w3id.org/h2kg/hydrogen-ontology#PoreSizeDistributionDataset"", ""label"": ""Pore Size Distribution Dataset"", ""score"": 0.583}]"
https://w3id.org/h2kg/decode/workflow/concept/ccl-saturation-component,CCL saturation,component,component,3,cea-mea-model-europium-2d; determination-of-cl-saturation-by-saxs-or-sans; iet-1d-performance-model-for-mea-prediction,"CCL saturation
internal key: CCL saturation: component",CEA MEA model (Europium 2D); Determination of CL saturation by SAXS/SANS; IET 1D Performance model for MEA (prediction),reviewed_decode_anchor,reviewed_decode,https://w3id.org/h2kg/decode/workflow/anchor/ccl-saturation-component,https://w3id.org/h2kg/hydrogen-ontology#Parameter,Parameter,operating_or_geometric_parameter,reviewed_structural,DECODE-specific concept retained as a stable reviewed anchor. Its source topology is preserved; no H2KG synonym or new public term was asserted.,"[{""iri"": ""https://w3id.org/h2kg/hydrogen-ontology#PhosphoricAcidSaturationInCracks"", ""label"": ""Phosphoric Acid Saturation In Cracks"", ""score"": 0.718}, {""iri"": ""https://w3id.org/h2kg/hydrogen-ontology#AgAgCl"", ""label"": ""Ag/AgCl"", ""score"": 0.645}, {""iri"": ""https://w3id.org/h2kg/hydrogen-ontology#PEMFCCFDSimulation"", ""label"": ""PEMFCCFD Simulation"", ""score"": 0.643}]"
https://w3id.org/h2kg/decode/workflow/concept/ccl-saturation-profiles-macrohomogeneous-local,CCL saturation profiles,macrohomogeneous local,other,3,cea-mea-model-europium-2d; determination-of-cl-saturation-by-saxs-or-sans; iet-1d-performance-model-for-mea-prediction,"CCL saturation profiles
internal key: CCL saturation profiles: macrohomogeneous local",CEA MEA model (Europium 2D); Determination of CL saturation by SAXS/SANS; IET 1D Performance model for MEA (prediction),reviewed_decode_anchor,reviewed_decode,https://w3id.org/h2kg/decode/workflow/anchor/ccl-saturation-profiles-macrohomogeneous-local,https://w3id.org/h2kg/hydrogen-ontology#Parameter,Parameter,operating_or_geometric_parameter,reviewed_structural,DECODE-specific concept retained as a stable reviewed anchor. Its source topology is preserved; no H2KG synonym or new public term was asserted.,"[{""iri"": ""https://w3id.org/h2kg/hydrogen-ontology#PhosphoricAcidSaturationInCracks"", ""label"": ""Phosphoric Acid Saturation In Cracks"", ""score"": 0.667}, {""iri"": ""https://w3id.org/h2kg/hydrogen-ontology#OpticalSurfaceProfiler"", ""label"": ""Optical Surface Profiler"", ""score"": 0.638}, {""iri"": ""https://w3id.org/h2kg/hydrogen-ontology#ColdStartTest"", ""label"": ""Cold Start Test"", ""score"": 0.634}]"
https://w3id.org/h2kg/decode/workflow/concept/ccl-sheet-resistance-component,CCL sheet resistance,component,component,1,sheet-resistance-measurement,"CCL sheet resistance
internal key: CCL sheet resistance: component",Sheet resistance measurement,reviewed_decode_anchor,reviewed_decode,https://w3id.org/h2kg/decode/workflow/anchor/ccl-sheet-resistance-component,https://w3id.org/h2kg/hydrogen-ontology#Property,Property,physical_or_derived_property,reviewed_structural,DECODE-specific concept retained as a stable reviewed anchor. Its source topology is preserved; no H2KG synonym or new public term was asserted.,"[{""iri"": ""https://w3id.org/h2kg/hydrogen-ontology#SheetResistance"", ""label"": ""Sheet Resistance"", ""score"": 0.889}, {""iri"": ""https://w3id.org/h2kg/hydrogen-ontology#HighFrequencyResistance"", ""label"": ""High Frequency Resistance"", ""score"": 0.762}, {""iri"": ""https://w3id.org/h2kg/hydrogen-ontology#SurfaceFilmResistance"", ""label"": ""Surface Film Resistance"", ""score"": 0.698}]"
https://w3id.org/h2kg/decode/workflow/concept/ccl-sheet-resistance-homogeneity-component,CCL sheet resistance homogeneity,component,component,1,sheet-resistance-measurement,"CCL sheet resistance homogeneity
internal key: CCL sheet resistance homogeneity: component",Sheet resistance measurement,reviewed_decode_anchor,reviewed_decode,https://w3id.org/h2kg/decode/workflow/anchor/ccl-sheet-resistance-homogeneity-component,https://w3id.org/h2kg/hydrogen-ontology#Property,Property,physical_or_derived_property,reviewed_structural,DECODE-specific concept retained as a stable reviewed anchor. Its source topology is preserved; no H2KG synonym or new public term was asserted.,"[{""iri"": ""https://w3id.org/h2kg/hydrogen-ontology#SheetResistance"", ""label"": ""Sheet Resistance"", ""score"": 0.678}, {""iri"": ""https://w3id.org/h2kg/hydrogen-ontology#ProtonicCatalystLayerResistance"", ""label"": ""Protonic Catalyst Layer Resistance"", ""score"": 0.667}, {""iri"": ""https://w3id.org/h2kg/hydrogen-ontology#LocalOxygenTransportResistance"", ""label"": ""Local Oxygen Transport Resistance"", ""score"": 0.646}]"
https://w3id.org/h2kg/decode/workflow/concept/ccl-structural-parameters-component,CCL structural parameters,component,component,5,iet-composition-to-property-model; iet-ink-to-composition-model; image-based-ccl-effective-transport-property-computation-from-numerical-simulations; image-tem-data-parameter-extraction-3d; microscopy-sem-and-optical-in-mea-cross-section,"CCL structural parameters
internal key: CCL structural parameters: component",IET composition to property model; IET ink to composition model; Image TEM data parameter extraction 3D; Image based CCL effective transport property computation from numerical simulations; Microscopy (SEM and optical) in MEA cross section,reviewed_decode_anchor,reviewed_decode,https://w3id.org/h2kg/decode/workflow/anchor/ccl-structural-parameters-component,https://w3id.org/h2kg/hydrogen-ontology#Matter,Matter,component_category_default,reviewed_structural,DECODE-specific concept retained as a stable reviewed anchor. Its source topology is preserved; no H2KG synonym or new public term was asserted.,"[{""iri"": ""https://w3id.org/h2kg/hydrogen-ontology#CatalystInkStructureDataset"", ""label"": ""Catalyst Ink Structure Dataset"", ""score"": 0.815}, {""iri"": ""https://w3id.org/h2kg/hydrogen-ontology#SprayCoatingParameterSpecification"", ""label"": ""Spray Coating Parameter Specification"", ""score"": 0.653}, {""iri"": ""https://w3id.org/h2kg/hydrogen-ontology#PrintedGridStructure"", ""label"": ""Printed Grid Structure"", ""score"": 0.605}]"
https://w3id.org/h2kg/decode/workflow/concept/ccl-thermal-conductivity-component,CCL thermal conductivity,component,component,3,cea-mea-model-europium-2d; fitting-of-the-europium-model; voxel-based-3d-thermal-conductivity-simulation,"CCL thermal conductivity
internal key: CCL thermal conductivity: component",CEA MEA model (Europium 2D); Fitting of the Europium model; Voxel based 3D Thermal conductivity simulation,reviewed_decode_anchor,reviewed_decode,https://w3id.org/h2kg/decode/workflow/anchor/ccl-thermal-conductivity-component,https://w3id.org/h2kg/hydrogen-ontology#Property,Property,physical_or_derived_property,reviewed_structural,DECODE-specific concept retained as a stable reviewed anchor. Its source topology is preserved; no H2KG synonym or new public term was asserted.,"[{""iri"": ""https://w3id.org/h2kg/hydrogen-ontology#ThermalConductivity"", ""label"": ""Thermal Conductivity"", ""score"": 0.909}, {""iri"": ""https://w3id.org/h2kg/hydrogen-ontology#ThroughPlaneThermalConductivityMeasurement"", ""label"": ""Through Plane Thermal Conductivity Measurement"", ""score"": 0.778}, {""iri"": ""https://w3id.org/h2kg/hydrogen-ontology#ConductivityDataset"", ""label"": ""Conductivity Dataset"", ""score"": 0.732}]"
https://w3id.org/h2kg/decode/workflow/concept/ccl-thickness-component,CCL thickness,component,component,17,0d-particle-population-degradation-model-coupled-with-performance-model-fitting; 0d-particle-population-degradation-model-coupled-with-performance-model-prediction; 0d-particle-population-degradation-model-coupled-with-performance-model-prediction-without-fitting-methods; cea-mea-model-europium-2d; differential-cell-testing; fib-measurements-on-gdl-or-mpl-and-catalyst-materials; fitting-of-the-europium-model; iet-1d-mea-with-water-transport-eis-model; iet-1d-mea-with-water-transport-in-ccl-eis-model; iet-1d-performance-model-for-mea-fitting; iet-1d-performance-model-for-mea-prediction; iet-ink-to-composition-model; image-fib-tomography-dataparameter-extraction-3d; image-parameter-extraction-2d; microscopy-sem-and-optical-in-mea-cross-section; sem-and-edx; sem-and-fib-layer,"CCL thickness
internal key: CCL thickness: component","0D Particle population degradation model coupled with performance model (fitting); 0D Particle population degradation model coupled with performance model (prediction); CEA MEA model (Europium 2D); Differential Cell Testing; FIB measurements on GDL/MPL and catalyst materials.; Fitting of the Europium model; IET 1D MEA with water transport EIS model; IET 1D MEA with water transport in CCL EIS model; IET 1D Performance model for MEA (fitting); IET 1D Performance model for MEA (prediction); IET ink to composition model; Image FIB tomography dataparameter extraction 3D; Image parameter extraction 2D; Microscopy (SEM and optical) in MEA cross section; SEM and EDX; SEM and FIB (layer); Single cell test bench: polarization, EIS",strict_alt_label,approved_h2kg,https://w3id.org/h2kg/hydrogen-ontology#CathodeCatalystLayerThickness,https://w3id.org/h2kg/hydrogen-ontology#Property,Property,explicit_mapping,high,Reviewed abbreviation for cathode catalyst-layer thickness.,"[{""iri"": ""https://w3id.org/h2kg/hydrogen-ontology#CathodeCatalystLayerThickness"", ""label"": ""Cathode Catalyst Layer Thickness"", ""score"": 1.0}, {""iri"": ""https://w3id.org/h2kg/hydrogen-ontology#CatalystLayerThickness_2"", ""label"": ""Catalyst Layer Thickness"", ""score"": 0.96}, {""iri"": ""https://w3id.org/h2kg/hydrogen-ontology#CutThickness"", ""label"": ""Cut Thickness"", ""score"": 0.846}]"
https://w3id.org/h2kg/decode/workflow/concept/ccl-thickness-aged-component,CCL thickness (aged),component,component,1,0d-particle-population-degradation-model-coupled-with-performance-model-fitting,"CCL thickness (aged)
internal key: CCL thickness (aged): component",0D Particle population degradation model coupled with performance model (fitting),reviewed_decode_anchor,reviewed_decode,https://w3id.org/h2kg/decode/workflow/anchor/ccl-thickness-aged-component,https://w3id.org/h2kg/hydrogen-ontology#Property,Property,physical_or_derived_property,reviewed_structural,DECODE-specific concept retained as a stable reviewed anchor. Its source topology is preserved; no H2KG synonym or new public term was asserted.,"[{""iri"": ""https://w3id.org/h2kg/hydrogen-ontology#CathodeCatalystLayerThickness"", ""label"": ""Cathode Catalyst Layer Thickness"", ""score"": 0.839}, {""iri"": ""https://w3id.org/h2kg/hydrogen-ontology#GasDiffusionLayerThickness"", ""label"": ""Gas Diffusion Layer Thickness"", ""score"": 0.839}, {""iri"": ""https://w3id.org/h2kg/hydrogen-ontology#CatalystLayerThickness_2"", ""label"": ""Catalyst Layer Thickness"", ""score"": 0.8}]"
https://w3id.org/h2kg/decode/workflow/concept/ccl-tortuosity-component,CCL tortuosity,component,component,5,cea-mea-model-europium-2d; diffusivities-from-tortuosities; fitting-of-the-europium-model; image-based-ccl-effective-transport-property-computation-from-numerical-simulations; voxel-based-3d-effective-diffusivity-simulation,"CCL tortuosity
internal key: CCL tortuosity: component",CEA MEA model (Europium 2D); Diffusivities from tortuosities; Fitting of the Europium model; Image based CCL effective transport property computation from numerical simulations; Voxel based 3D Effective Diffusivity simulation,reviewed_decode_anchor,reviewed_decode,https://w3id.org/h2kg/decode/workflow/anchor/ccl-tortuosity-component,https://w3id.org/h2kg/hydrogen-ontology#Property,Property,physical_or_derived_property,reviewed_structural,DECODE-specific concept retained as a stable reviewed anchor. Its source topology is preserved; no H2KG synonym or new public term was asserted.,"[{""iri"": ""https://w3id.org/h2kg/hydrogen-ontology#CatalystLayerPorosity"", ""label"": ""Catalyst Layer Porosity"", ""score"": 0.8}, {""iri"": ""https://w3id.org/h2kg/hydrogen-ontology#TortuosityCalculation"", ""label"": ""Tortuosity Calculation"", ""score"": 0.778}, {""iri"": ""https://w3id.org/h2kg/hydrogen-ontology#TortuosityFactor"", ""label"": ""Tortuosity Factor"", ""score"": 0.774}]"
https://w3id.org/h2kg/decode/workflow/concept/ccl-vaporization-interfacial-area-factor-component,CCL vaporization interfacial area factor,component,component,3,iet-1d-mea-with-water-transport-eis-model; iet-1d-mea-with-water-transport-in-ccl-eis-model; iet-composition-to-property-model,"CCL vaporization interfacial area factor
internal key: CCL vaporization interfacial area factor: component",IET 1D MEA with water transport EIS model; IET 1D MEA with water transport in CCL EIS model; IET composition to property model,reviewed_decode_anchor,reviewed_decode,https://w3id.org/h2kg/decode/workflow/anchor/ccl-vaporization-interfacial-area-factor-component,https://w3id.org/h2kg/hydrogen-ontology#Parameter,Parameter,operating_or_geometric_parameter,reviewed_structural,DECODE-specific concept retained as a stable reviewed anchor. Its source topology is preserved; no H2KG synonym or new public term was asserted.,"[{""iri"": ""https://w3id.org/h2kg/hydrogen-ontology#ElectronBeamEvaporationDeposition"", ""label"": ""Electron Beam Evaporation Deposition"", ""score"": 0.585}, {""iri"": ""https://w3id.org/h2kg/hydrogen-ontology#CarbothermalGraphitizationAnnealing"", ""label"": ""Carbothermal Graphitization Annealing"", ""score"": 0.571}, {""iri"": ""https://w3id.org/h2kg/hydrogen-ontology#PolarizationPointDuration"", ""label"": ""Polarization Point Duration"", ""score"": 0.567}]"
https://w3id.org/h2kg/decode/workflow/concept/ccl-vaporization-rate-constant-component,CCL vaporization rate constant,component,component,2,iet-1d-mea-with-water-transport-eis-model; iet-1d-mea-with-water-transport-in-ccl-eis-model,"CCL vaporization rate constant
internal key: CCL vaporization rate constant: component",IET 1D MEA with water transport EIS model; IET 1D MEA with water transport in CCL EIS model,reviewed_decode_anchor,reviewed_decode,https://w3id.org/h2kg/decode/workflow/anchor/ccl-vaporization-rate-constant-component,https://w3id.org/h2kg/hydrogen-ontology#Property,Property,physical_or_derived_property,reviewed_structural,DECODE-specific concept retained as a stable reviewed anchor. Its source topology is preserved; no H2KG synonym or new public term was asserted.,"[{""iri"": ""https://w3id.org/h2kg/hydrogen-ontology#HydrogenOxidationChargeConstant"", ""label"": ""Hydrogen Oxidation Charge Constant"", ""score"": 0.656}, {""iri"": ""https://w3id.org/h2kg/hydrogen-ontology#RelativeVariationPercent"", ""label"": ""Relative Variation Percent"", ""score"": 0.643}, {""iri"": ""https://w3id.org/h2kg/hydrogen-ontology#CoverageRelaxationRateConstant"", ""label"": ""Coverage Relaxation Rate Constant"", ""score"": 0.635}]"
https://w3id.org/h2kg/decode/workflow/concept/ccl-water-retention-curve-component,CCL water retention curve,component,component,8,cea-mea-model-europium-2d; distribution-of-contact-angles-in-ccl-fib-sem-image-from-ionomer-reconstruction; fitting-of-the-europium-model; iet-1d-mea-with-water-transport-eis-model; iet-1d-mea-with-water-transport-in-ccl-eis-model; iet-1d-performance-model-for-mea-prediction; iet-ink-to-composition-model; water-retention-curve-simulation,"CCL water retention curve
internal key: CCL water retention curve: component",CEA MEA model (Europium 2D); Distribution of contact angles in CCL FIB-SEM image from ionomer reconstruction; Fitting of the Europium model; IET 1D MEA with water transport EIS model; IET 1D MEA with water transport in CCL EIS model; IET 1D Performance model for MEA (prediction); IET ink to composition model; Water retention curve simulation,reviewed_decode_anchor,reviewed_decode,https://w3id.org/h2kg/decode/workflow/anchor/ccl-water-retention-curve-component,https://w3id.org/h2kg/hydrogen-ontology#Data,Data,data_product,reviewed_structural,DECODE-specific concept retained as a stable reviewed anchor. Its source topology is preserved; no H2KG synonym or new public term was asserted.,"[{""iri"": ""https://w3id.org/h2kg/hydrogen-ontology#CurrentRetentionPercentAfterChronoamperometry"", ""label"": ""Current Retention Percent After Chronoamperometry"", ""score"": 0.667}, {""iri"": ""https://w3id.org/h2kg/hydrogen-ontology#DoubleBondConversionRate"", ""label"": ""Double Bond Conversion Rate"", ""score"": 0.636}, {""iri"": ""https://w3id.org/h2kg/hydrogen-ontology#FuelCellTestStation"", ""label"": ""Fuel Cell Test Station"", ""score"": 0.596}]"
https://w3id.org/h2kg/decode/workflow/concept/ccm-component,CCM,component,component,19,blade-coating-and-decal-transfer-for-ref-pefc-ccm; determination-of-cl-saturation-by-saxs-or-sans; development-of-a-zero-gap-cell-for-gde-based-spectrocopy-measurement; electron-tomography-for-pt-c-and-ionomer-distribution-in-cl; electrospray-deposition-of-catalyst-layers; fib-measurements-on-gdl-or-mpl-and-catalyst-materials; fib-sem-on-cl-material; high-resolution-electron-tomography-for-accessing-pt-and-ionomer-distribution-on-carbon-aggregate; mea-assembly-for-pefc-ref-mea; mechanical-properties-of-catalyst-layers-gdls-and-meas-by-small-punch-and-nanoindentation; mpl-saturation-determination-from-x-ray-ct-data; neutron-imaging; pulsed-gas-analysis; rotating-ring-disk-electrode-rrde; sem-and-fib-layer; sheet-resistance-measurement; tem-and-eds-analysis-of-mea; three-electrode-cell-assesement-of-cl-by-xas-xanes-exafs-xrd; ultrasonic-spray-deposition-for-catalytic-layers,"CCM
internal key: CCM: component","Blade coating and Decal transfer for ref PEFC CCM; Determination of CL saturation by SAXS/SANS; Development of a zero gap cell for GDE based spectrocopy measurement; Electron tomography for Pt, C and ionomer distribution in CL; Electrospray deposition of Catalyst Layers; FIB measurements on GDL/MPL and catalyst materials.; FIB-SEM on CL material; High resolution electron tomography for accessing Pt and ionomer distribution on carbon aggregate; MEA assembly for PEFC ref MEA; MPL saturation determination from X-ray CT-data; Mechanical properties of catalyst layers, GDLs, and MEAs by small-punch and nanoindentation; Neutron Imaging; Pulsed gas analysis; Rotating Ring Disk Electrode (RRDE); SEM and FIB (layer); Sheet resistance measurement; TEM and EDS analysis of MEA; Three electrode cell assesement of CL by XAS, XANES, EXAFS, XRD; Ultrasonic spray deposition for catalytic layers",existing_h2kg_mapping,approved_h2kg,https://w3id.org/h2kg/hydrogen-ontology#CatalystCoatedMembrane,https://w3id.org/h2kg/hydrogen-ontology#Matter,Matter,component_category_default,unreviewed,Reviewed abbreviation mapping to the established H2KG CCM anchor.,"[{""iri"": ""https://w3id.org/h2kg/hydrogen-ontology#CatalystCoatedMembrane"", ""label"": ""Catalyst Coated Membrane"", ""score"": 1.0}, {""iri"": ""https://w3id.org/h2kg/hydrogen-ontology#CarbonClothSubstrate"", ""label"": ""Carbon Cloth Substrate"", ""score"": 0.8}, {""iri"": ""https://w3id.org/h2kg/hydrogen-ontology#CathodeCapacitance"", ""label"": ""Cathode Capacitance"", ""score"": 0.8}]"
https://w3id.org/h2kg/decode/workflow/concept/ccm-area-component,CCM area,component,component,2,development-of-a-zero-gap-cell-for-gde-based-spectrocopy-measurement; three-electrode-cell-assesement-of-cl-by-xas-xanes-exafs-xrd,"CCM area
internal key: CCM area: component","Development of a zero gap cell for GDE based spectrocopy measurement; Three electrode cell assesement of CL by XAS, XANES, EXAFS, XRD",reviewed_decode_anchor,reviewed_decode,https://w3id.org/h2kg/decode/workflow/anchor/ccm-area-component,https://w3id.org/h2kg/hydrogen-ontology#Parameter,Parameter,operating_or_geometric_parameter,reviewed_structural,DECODE-specific concept retained as a stable reviewed anchor. Its source topology is preserved; no H2KG synonym or new public term was asserted.,"[{""iri"": ""https://w3id.org/h2kg/hydrogen-ontology#BETSurfaceAreaNitrogen"", ""label"": ""BET Surface Area Nitrogen"", ""score"": 0.625}, {""iri"": ""https://w3id.org/h2kg/hydrogen-ontology#SegmentActiveArea"", ""label"": ""Segment Active Area"", ""score"": 0.6}, {""iri"": ""https://w3id.org/h2kg/hydrogen-ontology#PoreAreaFraction"", ""label"": ""Pore Area Fraction"", ""score"": 0.588}]"
https://w3id.org/h2kg/decode/workflow/concept/ccm-composition-component,CCM composition,component,component,2,development-of-a-zero-gap-cell-for-gde-based-spectrocopy-measurement; three-electrode-cell-assesement-of-cl-by-xas-xanes-exafs-xrd,"CCM composition
internal key: CCM composition: component","Development of a zero gap cell for GDE based spectrocopy measurement; Three electrode cell assesement of CL by XAS, XANES, EXAFS, XRD",reviewed_decode_anchor,reviewed_decode,https://w3id.org/h2kg/decode/workflow/anchor/ccm-composition-component,https://w3id.org/h2kg/hydrogen-ontology#Matter,Matter,component_category_default,reviewed_structural,DECODE-specific concept retained as a stable reviewed anchor. Its source topology is preserved; no H2KG synonym or new public term was asserted.,"[{""iri"": ""https://w3id.org/h2kg/hydrogen-ontology#GasComposition"", ""label"": ""Gas Composition"", ""score"": 0.733}, {""iri"": ""https://w3id.org/h2kg/hydrogen-ontology#InkCompositionSpecification"", ""label"": ""Ink Composition Specification"", ""score"": 0.733}, {""iri"": ""https://w3id.org/h2kg/hydrogen-ontology#CathodeGasComposition"", ""label"": ""Cathode Gas Composition"", ""score"": 0.684}]"
https://w3id.org/h2kg/decode/workflow/concept/ccm-local-mechanical-strength-macrohomogeneous-local,CCM local mechanical strength,macrohomogeneous local,other,1,mechanical-properties-of-catalyst-layers-gdls-and-meas-by-small-punch-and-nanoindentation,"CCM local mechanical strength
internal key: CCM local mechanical strength: macrohomogeneous local","Mechanical properties of catalyst layers, GDLs, and MEAs by small-punch and nanoindentation",reviewed_decode_anchor,reviewed_decode,https://w3id.org/h2kg/decode/workflow/anchor/ccm-local-mechanical-strength-macrohomogeneous-local,https://w3id.org/h2kg/hydrogen-ontology#Property,Property,local_mechanical_strength_is_property,reviewed_structural,DECODE-specific concept retained as a stable reviewed anchor. Its source topology is preserved; no H2KG synonym or new public term was asserted.,"[{""iri"": ""https://w3id.org/h2kg/hydrogen-ontology#MagneticFieldStrength"", ""label"": ""Magnetic Field Strength"", ""score"": 0.615}, {""iri"": ""https://w3id.org/h2kg/hydrogen-ontology#IonicStrength"", ""label"": ""Ionic Strength"", ""score"": 0.605}, {""iri"": ""https://w3id.org/h2kg/hydrogen-ontology#CrushStrength"", ""label"": ""Crush Strength"", ""score"": 0.6}]"
https://w3id.org/h2kg/decode/workflow/concept/ccm-local-youngs-modulus-macrohomogeneous-local,CCM local Youngs modulus,macrohomogeneous local,other,1,mechanical-properties-of-catalyst-layers-gdls-and-meas-by-small-punch-and-nanoindentation,"CCM local Youngs modulus
internal key: CCM local Youngs modulus: macrohomogeneous local","Mechanical properties of catalyst layers, GDLs, and MEAs by small-punch and nanoindentation",reviewed_decode_anchor,reviewed_decode,https://w3id.org/h2kg/decode/workflow/anchor/ccm-local-youngs-modulus-macrohomogeneous-local,https://w3id.org/h2kg/hydrogen-ontology#Property,Property,local_youngs_modulus_is_property,reviewed_structural,DECODE-specific concept retained as a stable reviewed anchor. Its source topology is preserved; no H2KG synonym or new public term was asserted.,"[{""iri"": ""https://w3id.org/h2kg/hydrogen-ontology#YoungsModulus"", ""label"": ""Youngs Modulus"", ""score"": 0.737}, {""iri"": ""https://w3id.org/h2kg/hydrogen-ontology#LossModulus"", ""label"": ""Loss Modulus"", ""score"": 0.579}]"
https://w3id.org/h2kg/decode/workflow/concept/cea-mea-model-europium-2d-model,CEA MEA model (Europium 2D),,model,34,0d-particle-population-degradation-model-coupled-with-performance-model-prediction; 0d-particle-population-degradation-model-coupled-with-performance-model-prediction-without-fitting-methods; cea-mea-model-europium-2d; ct-based-capillary-pressure-saturation-curves; current-modulated-hydrogen-flow-rate-spectroscopy-ch2s; determination-of-cl-saturation-by-saxs-or-sans; differential-cell-testing; distribution-of-contact-angles-in-ccl-fib-sem-image-from-ionomer-reconstruction; electrical-conductivity; electrical-contact-resistance; electrical-tlm-characterization-of-a-gdl-with-defined-compression; fib-measurements-on-gdl-or-mpl-and-catalyst-materials; fitting-of-the-europium-model; gas-permeability-of-a-gdl-with-defined-compression; gdl-compressability; hg-porosimetry-gdl; iet-1d-performance-model-for-mea-fitting; iet-composition-to-property-model; iet-ink-to-composition-model; image-based-ccl-effective-transport-property-computation-from-numerical-simulations; image-fib-tomography-dataparameter-extraction-3d; image-parameter-extraction-2d; image-x-ray-tomography-data-parameter-extraction-3d; microscopy-sem-and-optical-in-mea-cross-section; mpl-parameter-estimation-from-gdl-and-substrate-data; sem-and-edx; sem-and-fib-layer; simulation-of-single-phase-3d-apparent-properties; simulation-of-two-phase-3d-apparent-properties; voxel-based-3d-effective-diffusivity-simulation; voxel-based-3d-electric-conductiviy-simulation; voxel-based-3d-permability-simulation; voxel-based-3d-thermal-conductivity-simulation; water-retention-curve-simulation,"CEA MEA model (Europium 2D)
Owner: CEA:Pascal SchottJol Pauchet
Task: T2.2
Maturity: established method
Documentation: https://doi.org/10.1016/j.ijhydene.2018.03.036
Range of validity or processability: 
Numerous validations on experiments (polarization curves) but difficult to define a validity range,the applicability of the model is large,its validity (compared to experiments) depends on the range of the fitting and the accuracy requestedEIS until now only used under single-pase situations
internal key: CEA MEA model (Europium 2D)0",CCL ORR apparent Tafel slope(s); CCL ORR effective exchange current density; CCL ORR effective reaction order(s); CCL ORR rate prefactor; CCL average pore radius; CCL conductivity; CCL current density distribution; CCL effective double-layer capacitance; CCL effective gas transport equation and coefficients in presence of electrochemistry; CCL effective proton conductivity; CCL effective water permeability; CCL generalized Darcy law and gas transport coefficients; CCL ionomer effective film thickness; CCL ionomer saturation; CCL ionomer volume fraction (dry); CCL permeability; CCL porosity; CCL saturation; CCL saturation profiles; CCL thermal conductivity,reviewed_decode_anchor,reviewed_decode,https://w3id.org/h2kg/decode/workflow/anchor/cea-mea-model-europium-2d-model,https://w3id.org/h2kg/hydrogen-ontology#Process,Process,workflow_or_analysis,reviewed_structural,DECODE-specific concept retained as a stable reviewed anchor. Its source topology is preserved; no H2KG synonym or new public term was asserted.,[]
https://w3id.org/h2kg/decode/workflow/concept/cell-charge-transfer-resistance-device,Cell charge transfer resistance,device,device,1,eis-on-pewe-cells,"Cell charge transfer resistance
internal key: Cell charge transfer resistance: device",EIS on PEWE cells,reviewed_decode_anchor,reviewed_decode,https://w3id.org/h2kg/decode/workflow/anchor/cell-charge-transfer-resistance-device,https://w3id.org/h2kg/hydrogen-ontology#Property,Property,physical_or_derived_property,reviewed_structural,DECODE-specific concept retained as a stable reviewed anchor. Its source topology is preserved; no H2KG synonym or new public term was asserted.,"[{""iri"": ""https://w3id.org/h2kg/hydrogen-ontology#ChargeTransferResistance"", ""label"": ""Charge Transfer Resistance"", ""score"": 0.912}, {""iri"": ""https://w3id.org/h2kg/hydrogen-ontology#LocalGasTransportResistance"", ""label"": ""Local Gas Transport Resistance"", ""score"": 0.737}, {""iri"": ""https://w3id.org/h2kg/hydrogen-ontology#LocalOxygenTransportResistance"", ""label"": ""Local Oxygen Transport Resistance"", ""score"": 0.719}]"
https://w3id.org/h2kg/decode/workflow/concept/cell-clamping-pressure-device,Cell clamping pressure,device,device,4,cea-mea-model-europium-2d; current-modulated-hydrogen-flow-rate-spectroscopy-ch2s; fitting-of-the-europium-model; neutron-imaging,"Cell clamping pressure
internal key: Cell clamping pressure: device",CEA MEA model (Europium 2D); Current modulated hydrogen flow-rate spectroscopy (CH2S); Fitting of the Europium model; Neutron Imaging,reviewed_decode_anchor,reviewed_decode,https://w3id.org/h2kg/decode/workflow/anchor/cell-clamping-pressure-device,https://w3id.org/h2kg/hydrogen-ontology#Parameter,Parameter,operating_or_geometric_parameter,reviewed_structural,DECODE-specific concept retained as a stable reviewed anchor. Its source topology is preserved; no H2KG synonym or new public term was asserted.,"[{""iri"": ""https://w3id.org/h2kg/hydrogen-ontology#CompressionPressure"", ""label"": ""Compression Pressure"", ""score"": 0.872}, {""iri"": ""https://w3id.org/h2kg/hydrogen-ontology#CellPressure"", ""label"": ""Cell Pressure"", ""score"": 0.743}, {""iri"": ""https://w3id.org/h2kg/hydrogen-ontology#MercuryIntrusionPressure"", ""label"": ""Mercury Intrusion Pressure"", ""score"": 0.706}]"
https://w3id.org/h2kg/decode/workflow/concept/cell-crossover-current-density-device,Cell crossover current density,device,device,7,0d-particle-population-degradation-model-coupled-with-performance-model-fitting; 0d-particle-population-degradation-model-coupled-with-performance-model-prediction; 0d-particle-population-degradation-model-coupled-with-performance-model-prediction-without-fitting-methods; differential-cell-testing; fitting-of-the-europium-model; iet-1d-performance-model-for-mea-fitting; iet-1d-performance-model-for-mea-prediction,"Cell crossover current density
internal key: Cell crossover current density: device","0D Particle population degradation model coupled with performance model (fitting); 0D Particle population degradation model coupled with performance model (prediction); Differential Cell Testing; Fitting of the Europium model; IET 1D Performance model for MEA (fitting); IET 1D Performance model for MEA (prediction); Single cell test bench: polarization, EIS",reviewed_decode_anchor,reviewed_decode,https://w3id.org/h2kg/decode/workflow/anchor/cell-crossover-current-density-device,https://w3id.org/h2kg/hydrogen-ontology#Property,Property,physical_or_derived_property,reviewed_structural,DECODE-specific concept retained as a stable reviewed anchor. Its source topology is preserved; no H2KG synonym or new public term was asserted.,"[{""iri"": ""https://w3id.org/h2kg/hydrogen-ontology#HydrogenCrossoverCurrentDensity"", ""label"": ""Hydrogen Crossover Current Density"", ""score"": 0.909}, {""iri"": ""https://w3id.org/h2kg/hydrogen-ontology#CurrentDensity"", ""label"": ""Current Density"", ""score"": 0.8}, {""iri"": ""https://w3id.org/h2kg/hydrogen-ontology#MaximumCurrentDensity"", ""label"": ""Maximum Current Density"", ""score"": 0.612}]"
https://w3id.org/h2kg/decode/workflow/concept/cell-current-density-device,Cell current density,device,device,9,current-modulated-hydrogen-flow-rate-spectroscopy-ch2s; determination-of-cl-saturation-by-saxs-or-sans; eis-on-pewe-cells; iet-1d-mea-with-water-transport-eis-model; iet-1d-mea-with-water-transport-in-ccl-eis-model; irras-operando-or-in-situ-ftir; mpl-saturation-determination-from-x-ray-ct-data; neutron-imaging; operando-saxs-or-waxs-small-or-wide-angle-x-ray-spectroscopy,"Cell current density
internal key: Cell current density: device",Current modulated hydrogen flow-rate spectroscopy (CH2S); Determination of CL saturation by SAXS/SANS; EIS on PEWE cells; IET 1D MEA with water transport EIS model; IET 1D MEA with water transport in CCL EIS model; IRRAS operando/in-situ FTIR; MPL saturation determination from X-ray CT-data; Neutron Imaging; operando SAXS/WAXS (small/wide angle X-ray spectroscopy),strict_alt_label,approved_h2kg,https://w3id.org/h2kg/hydrogen-ontology#CurrentDensity,https://w3id.org/h2kg/hydrogen-ontology#Property,Property,explicit_mapping,high,Reviewed cell-level naming variant for current density.,"[{""iri"": ""https://w3id.org/h2kg/hydrogen-ontology#CurrentDensity"", ""label"": ""Current Density"", ""score"": 1.0}, {""iri"": ""https://w3id.org/h2kg/hydrogen-ontology#HydrogenCrossoverCurrentDensity"", ""label"": ""Hydrogen Crossover Current Density"", ""score"": 0.8}, {""iri"": ""https://w3id.org/h2kg/hydrogen-ontology#atCurrentDensity"", ""label"": ""atCurrentDensity"", ""score"": 0.778}]"
https://w3id.org/h2kg/decode/workflow/concept/cell-eis-device,Cell EIS,device,device,2,cea-mea-model-europium-2d; differential-cell-testing,"Cell EIS
internal key: Cell EIS: device",CEA MEA model (Europium 2D); Differential Cell Testing,reviewed_decode_anchor,reviewed_decode,https://w3id.org/h2kg/decode/workflow/anchor/cell-eis-device,https://w3id.org/h2kg/hydrogen-ontology#Data,Data,cell_eis_is_data,reviewed_structural,DECODE-specific concept retained as a stable reviewed anchor. Its source topology is preserved; no H2KG synonym or new public term was asserted.,"[{""iri"": ""https://w3id.org/h2kg/hydrogen-ontology#CellPressure"", ""label"": ""Cell Pressure"", ""score"": 0.667}, {""iri"": ""https://w3id.org/h2kg/hydrogen-ontology#CellWidth"", ""label"": ""Cell Width"", ""score"": 0.667}, {""iri"": ""https://w3id.org/h2kg/hydrogen-ontology#BiasPotential"", ""label"": ""Bias Potential"", ""score"": 0.636}]"
https://w3id.org/h2kg/decode/workflow/concept/cell-electrolyte-flow-device,Cell electrolyte flow,device,device,3,operando-or-in-situ-xas-photon-out; operando-saxs-or-waxs-small-or-wide-angle-x-ray-spectroscopy; thin-windows-operando-or-in-situ-xps,"Cell electrolyte flow
internal key: Cell electrolyte flow: device",operando SAXS/WAXS (small/wide angle X-ray spectroscopy); operando/in-situ XAS (photon-out); thin windows operando/in-situ XPS,reviewed_decode_anchor,reviewed_decode,https://w3id.org/h2kg/decode/workflow/anchor/cell-electrolyte-flow-device,https://w3id.org/h2kg/hydrogen-ontology#Parameter,Parameter,operating_or_geometric_parameter,reviewed_structural,DECODE-specific concept retained as a stable reviewed anchor. Its source topology is preserved; no H2KG synonym or new public term was asserted.,"[{""iri"": ""https://w3id.org/h2kg/hydrogen-ontology#PerchloricAcidElectrolyte"", ""label"": ""Perchloric Acid Electrolyte"", ""score"": 0.737}, {""iri"": ""https://w3id.org/h2kg/hydrogen-ontology#PotassiumChlorideElectrolyte"", ""label"": ""Potassium Chloride Electrolyte"", ""score"": 0.722}, {""iri"": ""https://w3id.org/h2kg/hydrogen-ontology#Electrolyte"", ""label"": ""Electrolyte"", ""score"": 0.688}]"
https://w3id.org/h2kg/decode/workflow/concept/cell-high-frequency-resistance-device,Cell high-frequency resistance,device,device,5,data-extraction-from-existing-pewe-measurements-u-i-t; differential-cell-testing; eis-on-pewe-cells; fitting-of-the-europium-model; iet-1d-performance-model-for-mea-fitting,"Cell high-frequency resistance
internal key: Cell high-frequency resistance: device","Data extraction from existing PEWE measurements (U-i-t); Differential Cell Testing; EIS on PEWE cells; Fitting of the Europium model; IET 1D Performance model for MEA (fitting); Single cell test bench: polarization, EIS",reviewed_decode_anchor,reviewed_decode,https://w3id.org/h2kg/decode/workflow/anchor/cell-high-frequency-resistance-device,https://w3id.org/h2kg/hydrogen-ontology#Parameter,Parameter,operating_or_geometric_parameter,reviewed_structural,DECODE-specific concept retained as a stable reviewed anchor. Its source topology is preserved; no H2KG synonym or new public term was asserted.,"[{""iri"": ""https://w3id.org/h2kg/hydrogen-ontology#HighFrequencyResistance"", ""label"": ""High Frequency Resistance"", ""score"": 0.909}, {""iri"": ""https://w3id.org/h2kg/hydrogen-ontology#OhmicResistance"", ""label"": ""Ohmic Resistance"", ""score"": 0.909}, {""iri"": ""https://w3id.org/h2kg/hydrogen-ontology#CurrentInterruptHFRMeasurement"", ""label"": ""Current-Interrupt HFR Measurement"", ""score"": 0.704}]"
https://w3id.org/h2kg/decode/workflow/concept/cell-high-frequency-resistance-aged-device,Cell high-frequency resistance (aged),device,device,1,0d-particle-population-degradation-model-coupled-with-performance-model-fitting,"Cell high-frequency resistance (aged)
internal key: Cell high-frequency resistance (aged): device",0D Particle population degradation model coupled with performance model (fitting),reviewed_decode_anchor,reviewed_decode,https://w3id.org/h2kg/decode/workflow/anchor/cell-high-frequency-resistance-aged-device,https://w3id.org/h2kg/hydrogen-ontology#Parameter,Parameter,operating_or_geometric_parameter,reviewed_structural,DECODE-specific concept retained as a stable reviewed anchor. Its source topology is preserved; no H2KG synonym or new public term was asserted.,"[{""iri"": ""https://w3id.org/h2kg/hydrogen-ontology#HighFrequencyResistance"", ""label"": ""High Frequency Resistance"", ""score"": 0.833}, {""iri"": ""https://w3id.org/h2kg/hydrogen-ontology#OhmicResistance"", ""label"": ""Ohmic Resistance"", ""score"": 0.833}, {""iri"": ""https://w3id.org/h2kg/hydrogen-ontology#CurrentInterruptHFRMeasurement"", ""label"": ""Current-Interrupt HFR Measurement"", ""score"": 0.658}]"
https://w3id.org/h2kg/decode/workflow/concept/cell-inlet-humidification-device,Cell inlet humidification,device,device,10,cea-mea-model-europium-2d; current-modulated-hydrogen-flow-rate-spectroscopy-ch2s; determination-of-cl-saturation-by-saxs-or-sans; fitting-of-the-europium-model; iet-1d-mea-with-water-transport-eis-model; iet-1d-mea-with-water-transport-in-ccl-eis-model; iet-1d-performance-model-for-mea-fitting; iet-1d-performance-model-for-mea-prediction; mpl-saturation-determination-from-x-ray-ct-data; neutron-imaging,"Cell inlet humidification
internal key: Cell inlet humidification: device",CEA MEA model (Europium 2D); Current modulated hydrogen flow-rate spectroscopy (CH2S); Determination of CL saturation by SAXS/SANS; Fitting of the Europium model; IET 1D MEA with water transport EIS model; IET 1D MEA with water transport in CCL EIS model; IET 1D Performance model for MEA (fitting); IET 1D Performance model for MEA (prediction); MPL saturation determination from X-ray CT-data; Neutron Imaging,reviewed_decode_anchor,reviewed_decode,https://w3id.org/h2kg/decode/workflow/anchor/cell-inlet-humidification-device,https://w3id.org/h2kg/hydrogen-ontology#Parameter,Parameter,operating_or_geometric_parameter,reviewed_structural,DECODE-specific concept retained as a stable reviewed anchor. Its source topology is preserved; no H2KG synonym or new public term was asserted.,"[{""iri"": ""https://w3id.org/h2kg/hydrogen-ontology#GasHumidificationUnit"", ""label"": ""Gas Humidification Unit"", ""score"": 0.773}, {""iri"": ""https://w3id.org/h2kg/hydrogen-ontology#RelativeHumidity"", ""label"": ""Relative Humidity"", ""score"": 0.718}, {""iri"": ""https://w3id.org/h2kg/hydrogen-ontology#HumidifierTemperature"", ""label"": ""Humidifier Temperature"", ""score"": 0.667}]"
https://w3id.org/h2kg/decode/workflow/concept/cell-inlet-o2-mole-fraction-dry-device,Cell inlet O2 mole fraction (dry),device,device,3,cea-mea-model-europium-2d; fitting-of-the-europium-model; iet-1d-performance-model-for-mea-prediction,"Cell inlet O2 mole fraction (dry)
internal key: Cell inlet O2 mole fraction (dry): device",CEA MEA model (Europium 2D); Fitting of the Europium model; IET 1D Performance model for MEA (prediction),reviewed_decode_anchor,reviewed_decode,https://w3id.org/h2kg/decode/workflow/anchor/cell-inlet-o2-mole-fraction-dry-device,https://w3id.org/h2kg/hydrogen-ontology#Parameter,Parameter,operating_or_geometric_parameter,reviewed_structural,DECODE-specific concept retained as a stable reviewed anchor. Its source topology is preserved; no H2KG synonym or new public term was asserted.,"[{""iri"": ""https://w3id.org/h2kg/hydrogen-ontology#OxygenVolumeFraction"", ""label"": ""Oxygen Volume Fraction"", ""score"": 0.681}, {""iri"": ""https://w3id.org/h2kg/hydrogen-ontology#FiberIonomerVolumeFraction"", ""label"": ""Fiber Ionomer Volume Fraction"", ""score"": 0.633}, {""iri"": ""https://w3id.org/h2kg/hydrogen-ontology#SolarEnergyFractionInfrared"", ""label"": ""Solar Energy Fraction Infrared"", ""score"": 0.623}]"
https://w3id.org/h2kg/decode/workflow/concept/cell-inlet-pressure-device,Cell inlet pressure,device,device,10,0d-particle-population-degradation-model-coupled-with-performance-model-prediction; 0d-particle-population-degradation-model-coupled-with-performance-model-prediction-without-fitting-methods; cea-mea-model-europium-2d; current-modulated-hydrogen-flow-rate-spectroscopy-ch2s; fitting-of-the-europium-model; iet-1d-mea-with-water-transport-eis-model; iet-1d-mea-with-water-transport-in-ccl-eis-model; iet-1d-performance-model-for-mea-fitting; iet-1d-performance-model-for-mea-prediction; neutron-imaging,"Cell inlet pressure
internal key: Cell inlet pressure: device",0D Particle population degradation model coupled with performance model (prediction); CEA MEA model (Europium 2D); Current modulated hydrogen flow-rate spectroscopy (CH2S); Fitting of the Europium model; IET 1D MEA with water transport EIS model; IET 1D MEA with water transport in CCL EIS model; IET 1D Performance model for MEA (fitting); IET 1D Performance model for MEA (prediction); Neutron Imaging,reviewed_decode_anchor,reviewed_decode,https://w3id.org/h2kg/decode/workflow/anchor/cell-inlet-pressure-device,https://w3id.org/h2kg/hydrogen-ontology#Parameter,Parameter,operating_or_geometric_parameter,reviewed_structural,DECODE-specific concept retained as a stable reviewed anchor. Its source topology is preserved; no H2KG synonym or new public term was asserted.,"[{""iri"": ""https://w3id.org/h2kg/hydrogen-ontology#CellPressure"", ""label"": ""Cell Pressure"", ""score"": 0.812}, {""iri"": ""https://w3id.org/h2kg/hydrogen-ontology#CompressionPressure"", ""label"": ""Compression Pressure"", ""score"": 0.722}, {""iri"": ""https://w3id.org/h2kg/hydrogen-ontology#MercuryIntrusionPressure"", ""label"": ""Mercury Intrusion Pressure"", ""score"": 0.71}]"
https://w3id.org/h2kg/decode/workflow/concept/cell-inlet-species-concentrations-device,Cell inlet species concentrations,device,device,2,0d-particle-population-degradation-model-coupled-with-performance-model-prediction; 0d-particle-population-degradation-model-coupled-with-performance-model-prediction-without-fitting-methods,"Cell inlet species concentrations
internal key: Cell inlet species concentrations: device",0D Particle population degradation model coupled with performance model (prediction),reviewed_decode_anchor,reviewed_decode,https://w3id.org/h2kg/decode/workflow/anchor/cell-inlet-species-concentrations-device,https://w3id.org/h2kg/hydrogen-ontology#Parameter,Parameter,operating_or_geometric_parameter,reviewed_structural,DECODE-specific concept retained as a stable reviewed anchor. Its source topology is preserved; no H2KG synonym or new public term was asserted.,"[{""iri"": ""https://w3id.org/h2kg/hydrogen-ontology#CatalystMassConcentrationInInk"", ""label"": ""Catalyst Mass Concentration In Ink"", ""score"": 0.657}, {""iri"": ""https://w3id.org/h2kg/hydrogen-ontology#CarbonMassFractionInInk"", ""label"": ""Carbon Mass Fraction In Ink"", ""score"": 0.656}, {""iri"": ""https://w3id.org/h2kg/hydrogen-ontology#CatalystSuspensionConcentration"", ""label"": ""Catalyst Suspension Concentration"", ""score"": 0.655}]"
https://w3id.org/h2kg/decode/workflow/concept/cell-limiting-current-device,Cell limiting current,device,device,4,cea-mea-model-europium-2d; differential-cell-testing; fitting-of-the-europium-model; iet-1d-performance-model-for-mea-prediction,"Cell limiting current
internal key: Cell limiting current: device","CEA MEA model (Europium 2D); Differential Cell Testing; Fitting of the Europium model; IET 1D Performance model for MEA (prediction); Single cell test bench: polarization, EIS",reviewed_decode_anchor,reviewed_decode,https://w3id.org/h2kg/decode/workflow/anchor/cell-limiting-current-device,https://w3id.org/h2kg/hydrogen-ontology#Property,Property,physical_or_derived_property,reviewed_structural,DECODE-specific concept retained as a stable reviewed anchor. Its source topology is preserved; no H2KG synonym or new public term was asserted.,"[{""iri"": ""https://w3id.org/h2kg/hydrogen-ontology#LimitingCurrentDensity"", ""label"": ""Limiting Current Density"", ""score"": 0.865}, {""iri"": ""https://w3id.org/h2kg/hydrogen-ontology#LimitingCurrentMeasurement"", ""label"": ""Limiting Current Measurement"", ""score"": 0.865}, {""iri"": ""https://w3id.org/h2kg/hydrogen-ontology#LimitingCurrentDataset"", ""label"": ""Limiting Current Dataset"", ""score"": 0.762}]"
https://w3id.org/h2kg/decode/workflow/concept/cell-mass-transport-resistance-device,Cell mass transport resistance,device,device,1,eis-on-pewe-cells,"Cell mass transport resistance
internal key: Cell mass transport resistance: device",EIS on PEWE cells,reviewed_decode_anchor,reviewed_decode,https://w3id.org/h2kg/decode/workflow/anchor/cell-mass-transport-resistance-device,https://w3id.org/h2kg/hydrogen-ontology#Parameter,Parameter,operating_or_geometric_parameter,reviewed_structural,DECODE-specific concept retained as a stable reviewed anchor. Its source topology is preserved; no H2KG synonym or new public term was asserted.,"[{""iri"": ""https://w3id.org/h2kg/hydrogen-ontology#LocalGasTransportResistance"", ""label"": ""Local Gas Transport Resistance"", ""score"": 0.918}, {""iri"": ""https://w3id.org/h2kg/hydrogen-ontology#MassTransportResistance"", ""label"": ""Mass Transport Resistance"", ""score"": 0.909}, {""iri"": ""https://w3id.org/h2kg/hydrogen-ontology#LimitingCurrentDataset"", ""label"": ""Limiting Current Dataset"", ""score"": 0.8}]"
https://w3id.org/h2kg/decode/workflow/concept/cell-operation-conditions-device,Cell operation conditions,device,device,2,0d-particle-population-degradation-model-coupled-with-performance-model-fitting; differential-cell-testing,"Cell operation conditions
internal key: Cell operation conditions: device",0D Particle population degradation model coupled with performance model (fitting); Differential Cell Testing,reviewed_decode_anchor,reviewed_decode,https://w3id.org/h2kg/decode/workflow/anchor/cell-operation-conditions-device,https://w3id.org/h2kg/hydrogen-ontology#Parameter,Parameter,operating_or_geometric_parameter,reviewed_structural,DECODE-specific concept retained as a stable reviewed anchor. Its source topology is preserved; no H2KG synonym or new public term was asserted.,"[{""iri"": ""https://w3id.org/h2kg/hydrogen-ontology#FuelCellOperationTime"", ""label"": ""Fuel Cell Operation Time"", ""score"": 0.8}, {""iri"": ""https://w3id.org/h2kg/hydrogen-ontology#ConditioningTime"", ""label"": ""Conditioning Time"", ""score"": 0.682}, {""iri"": ""https://w3id.org/h2kg/hydrogen-ontology#CatalystLayerCompositionSpecification"", ""label"": ""Catalyst Layer Composition Specification"", ""score"": 0.679}]"
https://w3id.org/h2kg/decode/workflow/concept/cell-polarization-curve-device,Cell polarization curve,device,device,6,cea-mea-model-europium-2d; differential-cell-testing; fitting-of-the-europium-model; iet-1d-performance-model-for-mea-fitting; iet-1d-performance-model-for-mea-prediction; pulsed-gas-analysis,"Cell polarization curve
internal key: Cell polarization curve: device","CEA MEA model (Europium 2D); Differential Cell Testing; Fitting of the Europium model; IET 1D Performance model for MEA (fitting); IET 1D Performance model for MEA (prediction); Pulsed gas analysis; Single cell test bench: polarization, EIS",reviewed_decode_anchor,reviewed_decode,https://w3id.org/h2kg/decode/workflow/anchor/cell-polarization-curve-device,https://w3id.org/h2kg/hydrogen-ontology#Data,Data,data_product,reviewed_structural,DECODE-specific concept retained as a stable reviewed anchor. Its source topology is preserved; no H2KG synonym or new public term was asserted.,"[{""iri"": ""https://w3id.org/h2kg/hydrogen-ontology#FuelCellPolarizationMeasurement"", ""label"": ""Fuel Cell Polarization Measurement"", ""score"": 0.868}, {""iri"": ""https://w3id.org/h2kg/hydrogen-ontology#PolarizationCurveAnalysis"", ""label"": ""Polarization Curve Analysis"", ""score"": 0.8}, {""iri"": ""https://w3id.org/h2kg/hydrogen-ontology#PolarizationCurveDataset"", ""label"": ""Polarization Curve Dataset"", ""score"": 0.783}]"
https://w3id.org/h2kg/decode/workflow/concept/cell-polarization-curve-aged-device,Cell polarization curve (aged),device,device,2,0d-particle-population-degradation-model-coupled-with-performance-model-prediction; 0d-particle-population-degradation-model-coupled-with-performance-model-prediction-without-fitting-methods,"Cell polarization curve (aged)
internal key: Cell polarization curve (aged): device",0D Particle population degradation model coupled with performance model (prediction),reviewed_decode_anchor,reviewed_decode,https://w3id.org/h2kg/decode/workflow/anchor/cell-polarization-curve-aged-device,https://w3id.org/h2kg/hydrogen-ontology#Data,Data,data_product,reviewed_structural,DECODE-specific concept retained as a stable reviewed anchor. Its source topology is preserved; no H2KG synonym or new public term was asserted.,"[{""iri"": ""https://w3id.org/h2kg/hydrogen-ontology#FuelCellPolarizationMeasurement"", ""label"": ""Fuel Cell Polarization Measurement"", ""score"": 0.793}, {""iri"": ""https://w3id.org/h2kg/hydrogen-ontology#PolarizationCurveAnalysis"", ""label"": ""Polarization Curve Analysis"", ""score"": 0.764}, {""iri"": ""https://w3id.org/h2kg/hydrogen-ontology#PolarizationCurveDataset"", ""label"": ""Polarization Curve Dataset"", ""score"": 0.706}]"
https://w3id.org/h2kg/decode/workflow/concept/cell-stoichiometries-device,Cell stoichiometries,device,device,3,determination-of-cl-saturation-by-saxs-or-sans; iet-1d-performance-model-for-mea-prediction; mpl-saturation-determination-from-x-ray-ct-data,"Cell stoichiometries
internal key: Cell stoichiometries: device",Determination of CL saturation by SAXS/SANS; IET 1D Performance model for MEA (prediction); MPL saturation determination from X-ray CT-data,reviewed_decode_anchor,reviewed_decode,https://w3id.org/h2kg/decode/workflow/anchor/cell-stoichiometries-device,https://w3id.org/h2kg/hydrogen-ontology#Parameter,Parameter,operating_or_geometric_parameter,reviewed_structural,DECODE-specific concept retained as a stable reviewed anchor. Its source topology is preserved; no H2KG synonym or new public term was asserted.,"[{""iri"": ""https://w3id.org/h2kg/hydrogen-ontology#CathodeStoichiometricRatio"", ""label"": ""Cathode Stoichiometric Ratio"", ""score"": 0.732}, {""iri"": ""https://w3id.org/h2kg/hydrogen-ontology#AnodeStoichiometricRatio"", ""label"": ""Anode Stoichiometric Ratio"", ""score"": 0.718}, {""iri"": ""https://w3id.org/h2kg/hydrogen-ontology#OperatingTemperature"", ""label"": ""Operating Temperature"", ""score"": 0.611}]"
https://w3id.org/h2kg/decode/workflow/concept/cell-tafel-slope-device,Cell Tafel slope,device,device,1,data-extraction-from-existing-pewe-measurements-u-i-t,"Cell Tafel slope
internal key: Cell Tafel slope: device",Data extraction from existing PEWE measurements (U-i-t),reviewed_decode_anchor,reviewed_decode,https://w3id.org/h2kg/decode/workflow/anchor/cell-tafel-slope-device,https://w3id.org/h2kg/hydrogen-ontology#Property,Property,cell_tafel_slope_is_property,reviewed_structural,DECODE-specific concept retained as a stable reviewed anchor. Its source topology is preserved; no H2KG synonym or new public term was asserted.,"[{""iri"": ""https://w3id.org/h2kg/hydrogen-ontology#TafelSlope"", ""label"": ""Tafel Slope"", ""score"": 0.828}, {""iri"": ""https://w3id.org/h2kg/hydrogen-ontology#TafelSlopeStepAnalysis"", ""label"": ""Tafel Slope Step Analysis"", ""score"": 0.722}, {""iri"": ""https://w3id.org/h2kg/hydrogen-ontology#BiasPotential"", ""label"": ""Bias Potential"", ""score"": 0.667}]"
https://w3id.org/h2kg/decode/workflow/concept/cell-temperature-device,Cell temperature,device,device,13,0d-particle-population-degradation-model-coupled-with-performance-model-prediction; 0d-particle-population-degradation-model-coupled-with-performance-model-prediction-without-fitting-methods; cea-mea-model-europium-2d; current-modulated-hydrogen-flow-rate-spectroscopy-ch2s; determination-of-cl-saturation-by-saxs-or-sans; fitting-of-the-europium-model; iet-1d-mea-with-water-transport-eis-model; iet-1d-mea-with-water-transport-in-ccl-eis-model; iet-1d-performance-model-for-mea-fitting; iet-1d-performance-model-for-mea-prediction; mpl-saturation-determination-from-x-ray-ct-data; neutron-imaging; operando-saxs-or-waxs-small-or-wide-angle-x-ray-spectroscopy,"Cell temperature
internal key: Cell temperature: device",0D Particle population degradation model coupled with performance model (prediction); CEA MEA model (Europium 2D); Current modulated hydrogen flow-rate spectroscopy (CH2S); Determination of CL saturation by SAXS/SANS; Fitting of the Europium model; IET 1D MEA with water transport EIS model; IET 1D MEA with water transport in CCL EIS model; IET 1D Performance model for MEA (fitting); IET 1D Performance model for MEA (prediction); MPL saturation determination from X-ray CT-data; Neutron Imaging; operando SAXS/WAXS (small/wide angle X-ray spectroscopy),reviewed_decode_anchor,reviewed_decode,https://w3id.org/h2kg/decode/workflow/anchor/cell-temperature-device,https://w3id.org/h2kg/hydrogen-ontology#Parameter,Parameter,operating_or_geometric_parameter,reviewed_structural,DECODE-specific concept retained as a stable reviewed anchor. Its source topology is preserved; no H2KG synonym or new public term was asserted.,"[{""iri"": ""https://w3id.org/h2kg/hydrogen-ontology#OperatingTemperature"", ""label"": ""Operating Temperature"", ""score"": 1.0}, {""iri"": ""https://w3id.org/h2kg/hydrogen-ontology#Temperature"", ""label"": ""Temperature"", ""score"": 1.0}, {""iri"": ""https://w3id.org/h2kg/hydrogen-ontology#BakeTemperature"", ""label"": ""Bake Temperature"", ""score"": 0.812}]"
https://w3id.org/h2kg/decode/workflow/concept/cell-voltammogram-device,Cell voltammogram,device,device,2,differential-cell-testing; fitting-of-the-europium-model,"Cell voltammogram
internal key: Cell voltammogram: device","Differential Cell Testing; Fitting of the Europium model; Single cell test bench: polarization, EIS",reviewed_decode_anchor,reviewed_decode,https://w3id.org/h2kg/decode/workflow/anchor/cell-voltammogram-device,https://w3id.org/h2kg/hydrogen-ontology#Data,Data,data_product,reviewed_structural,DECODE-specific concept retained as a stable reviewed anchor. Its source topology is preserved; no H2KG synonym or new public term was asserted.,"[{""iri"": ""https://w3id.org/h2kg/hydrogen-ontology#CyclicVoltammetry"", ""label"": ""Cyclic Voltammetry"", ""score"": 0.833}, {""iri"": ""https://w3id.org/h2kg/hydrogen-ontology#CyclicVoltammogramDataset"", ""label"": ""Cyclic Voltammogram Dataset"", ""score"": 0.833}, {""iri"": ""https://w3id.org/h2kg/hydrogen-ontology#CellVoltage"", ""label"": ""Cell Voltage"", ""score"": 0.759}]"
https://w3id.org/h2kg/decode/workflow/concept/chemicals-for-prism-preparation-material,Chemicals for prism preparation,material,material,1,prism-preparation-for-atr-ftir,"Chemicals for prism preparation
internal key: Chemicals for prism preparation: material",Prism Preparation for ATR-FTIR,reviewed_decode_anchor,reviewed_decode,https://w3id.org/h2kg/decode/workflow/anchor/chemicals-for-prism-preparation-material,https://w3id.org/h2kg/hydrogen-ontology#Matter,Matter,prism_chemicals_are_matter,reviewed_structural,DECODE-specific concept retained as a stable reviewed anchor. Its source topology is preserved; no H2KG synonym or new public term was asserted.,"[{""iri"": ""https://w3id.org/h2kg/hydrogen-ontology#CatalystInkPreparation"", ""label"": ""Catalyst Ink Preparation"", ""score"": 0.618}, {""iri"": ""https://w3id.org/h2kg/hydrogen-ontology#FuelCellOperationTime"", ""label"": ""Fuel Cell Operation Time"", ""score"": 0.618}, {""iri"": ""https://w3id.org/h2kg/hydrogen-ontology#InkStabilityTime"", ""label"": ""Ink Stability Time"", ""score"": 0.615}]"
https://w3id.org/h2kg/decode/workflow/concept/cl-aged-component,CL (aged),component,component,1,additional-measurements-on-pewe-during-operation,"CL (aged)
internal key: CL (aged): component",Additional measurements on PEWE during operation,reviewed_decode_anchor,reviewed_decode,https://w3id.org/h2kg/decode/workflow/anchor/cl-aged-component,https://w3id.org/h2kg/hydrogen-ontology#Matter,Matter,component_category_default,reviewed_structural,DECODE-specific concept retained as a stable reviewed anchor. Its source topology is preserved; no H2KG synonym or new public term was asserted.,"[{""iri"": ""https://w3id.org/h2kg/hydrogen-ontology#AgAgCl"", ""label"": ""Ag/AgCl"", ""score"": 0.714}, {""iri"": ""https://w3id.org/h2kg/hydrogen-ontology#AgAgClPotentialVsRHE"", ""label"": ""Ag Ag Cl Potential Vs RHE"", ""score"": 0.625}, {""iri"": ""https://w3id.org/h2kg/hydrogen-ontology#AcidDopingLevel"", ""label"": ""Acid Doping Level"", ""score"": 0.6}]"
https://w3id.org/h2kg/decode/workflow/concept/cl-for-rde-method,CL for RDE,,method,8,cl-for-rde; fib-measurements-on-gdl-or-mpl-and-catalyst-materials; impregnation-by-immersion-and-blade-coating; model-electrochemistry-in-a-rde-cell; sheet-resistance-measurement,"CL for RDE
Owner: ICPEES@CNRS/Unistra and PSI:Tristan Asset
Task: T2.1
Maturity: established method
Documentation: 
Range of validity or processability: 
To nanostructured materials that can be mixed into inks (e.g., not too hydrophobic - but ink composition can be revisited)
internal key: CL for RDE0; CL for RDE
Owner: ICPEES@CNRS/Unistra and PSI:Tristan Asset
Task: T2.1
Maturity: established method
Documentation: 
Range of validity or processability: 
To nanostructured materials that can be mixed into inks (e.g., not too hydrophobic - but ink composition can be revisited)
internal key: CL for RDE1",CL on GDL; CL on glassy carbon; Catalyst ink composition; Catalyst powder; GDL; Glassy carbon; Instruments for mixing and deposition; Ionomer; Solvent,reviewed_decode_anchor,reviewed_decode,https://w3id.org/h2kg/decode/workflow/anchor/cl-for-rde-method,https://w3id.org/h2kg/hydrogen-ontology#Manufacturing,Manufacturing,cl_for_rde_is_manufacturing,reviewed_structural,DECODE-specific concept retained as a stable reviewed anchor. Its source topology is preserved; no H2KG synonym or new public term was asserted.,"[{""iri"": ""https://w3id.org/h2kg/hydrogen-ontology#CarbonNanotubeForest"", ""label"": ""Carbon Nanotube Forest"", ""score"": 0.6}, {""iri"": ""https://w3id.org/h2kg/hydrogen-ontology#CoolingRate"", ""label"": ""Cooling Rate"", ""score"": 0.583}, {""iri"": ""https://w3id.org/h2kg/hydrogen-ontology#CarbonAgglomerateCoreRadius"", ""label"": ""Carbon Agglomerate Core Radius"", ""score"": 0.571}]"
https://w3id.org/h2kg/decode/workflow/concept/cl-local-mechanical-strength-macrohomogeneous-local,CL local mechanical strength,macrohomogeneous local,other,1,mechanical-properties-of-catalyst-layers-gdls-and-meas-by-small-punch-and-nanoindentation,"CL local mechanical strength
internal key: CL local mechanical strength: macrohomogeneous local","Mechanical properties of catalyst layers, GDLs, and MEAs by small-punch and nanoindentation",reviewed_decode_anchor,reviewed_decode,https://w3id.org/h2kg/decode/workflow/anchor/cl-local-mechanical-strength-macrohomogeneous-local,https://w3id.org/h2kg/hydrogen-ontology#Property,Property,cl_local_mechanical_strength_is_property,reviewed_structural,DECODE-specific concept retained as a stable reviewed anchor. Its source topology is preserved; no H2KG synonym or new public term was asserted.,"[{""iri"": ""https://w3id.org/h2kg/hydrogen-ontology#MagneticFieldStrength"", ""label"": ""Magnetic Field Strength"", ""score"": 0.627}, {""iri"": ""https://w3id.org/h2kg/hydrogen-ontology#IonicStrength"", ""label"": ""Ionic Strength"", ""score"": 0.619}, {""iri"": ""https://w3id.org/h2kg/hydrogen-ontology#CrushStrength"", ""label"": ""Crush Strength"", ""score"": 0.612}]"
https://w3id.org/h2kg/decode/workflow/concept/cl-local-youngs-modulus-macrohomogeneous-local,CL local Youngs modulus,macrohomogeneous local,other,1,mechanical-properties-of-catalyst-layers-gdls-and-meas-by-small-punch-and-nanoindentation,"CL local Youngs modulus
internal key: CL local Youngs modulus: macrohomogeneous local","Mechanical properties of catalyst layers, GDLs, and MEAs by small-punch and nanoindentation",reviewed_decode_anchor,reviewed_decode,https://w3id.org/h2kg/decode/workflow/anchor/cl-local-youngs-modulus-macrohomogeneous-local,https://w3id.org/h2kg/hydrogen-ontology#Property,Property,cl_local_youngs_modulus_is_property,reviewed_structural,DECODE-specific concept retained as a stable reviewed anchor. Its source topology is preserved; no H2KG synonym or new public term was asserted.,"[{""iri"": ""https://w3id.org/h2kg/hydrogen-ontology#YoungsModulus"", ""label"": ""Youngs Modulus"", ""score"": 0.757}, {""iri"": ""https://w3id.org/h2kg/hydrogen-ontology#LossModulus"", ""label"": ""Loss Modulus"", ""score"": 0.595}, {""iri"": ""https://w3id.org/h2kg/hydrogen-ontology#PlateauLossModulus"", ""label"": ""Plateau Loss Modulus"", ""score"": 0.558}]"
https://w3id.org/h2kg/decode/workflow/concept/cl-nanostructure-porous-network-model-meso,CL nanostructure porous network model,meso,data,1,transmission-line-model-fitting-of-cl-eis-patterns-for-components-distribution,"CL nanostructure porous network model
internal key: CL nanostructure porous network model: meso",Transmission Line Model Fitting of CL EIS patterns for components distribution,reviewed_decode_anchor,reviewed_decode,https://w3id.org/h2kg/decode/workflow/anchor/cl-nanostructure-porous-network-model-meso,https://w3id.org/h2kg/hydrogen-ontology#Process,Process,workflow_or_analysis,reviewed_structural,DECODE-specific concept retained as a stable reviewed anchor. Its source topology is preserved; no H2KG synonym or new public term was asserted.,"[{""iri"": ""https://w3id.org/h2kg/hydrogen-ontology#NiFe2O4Nanostructure"", ""label"": ""Ni Fe 2 O 4 Nanostructure"", ""score"": 0.645}]"
https://w3id.org/h2kg/decode/workflow/concept/cl-on-gdl-component,CL on GDL,component,component,3,cl-for-rde; fib-measurements-on-gdl-or-mpl-and-catalyst-materials; sheet-resistance-measurement,"CL on GDL
internal key: CL on GDL: component",CL for RDE; FIB measurements on GDL/MPL and catalyst materials.; Sheet resistance measurement,reviewed_decode_anchor,reviewed_decode,https://w3id.org/h2kg/decode/workflow/anchor/cl-on-gdl-component,https://w3id.org/h2kg/hydrogen-ontology#Matter,Matter,component_category_default,reviewed_structural,DECODE-specific concept retained as a stable reviewed anchor. Its source topology is preserved; no H2KG synonym or new public term was asserted.,"[{""iri"": ""https://w3id.org/h2kg/hydrogen-ontology#SiliconeCaulk"", ""label"": ""Silicone Caulk"", ""score"": 0.593}, {""iri"": ""https://w3id.org/h2kg/hydrogen-ontology#NiPlusMgToAlMolarRatio"", ""label"": ""Ni Plus Mg To Al Molar Ratio"", ""score"": 0.588}, {""iri"": ""https://w3id.org/h2kg/hydrogen-ontology#CathodeGDE"", ""label"": ""Cathode GDE"", ""score"": 0.583}]"
https://w3id.org/h2kg/decode/workflow/concept/cl-on-glassy-carbon-component,CL on glassy carbon,component,component,4,cl-for-rde; fib-measurements-on-gdl-or-mpl-and-catalyst-materials; model-electrochemistry-in-a-rde-cell; sheet-resistance-measurement,"CL on glassy carbon
internal key: CL on glassy carbon: component",CL for RDE; FIB measurements on GDL/MPL and catalyst materials.; Model Electrochemistry in a RDE Cell; Sheet resistance measurement,reviewed_decode_anchor,reviewed_decode,https://w3id.org/h2kg/decode/workflow/anchor/cl-on-glassy-carbon-component,https://w3id.org/h2kg/hydrogen-ontology#Matter,Matter,component_category_default,reviewed_structural,DECODE-specific concept retained as a stable reviewed anchor. Its source topology is preserved; no H2KG synonym or new public term was asserted.,"[{""iri"": ""https://w3id.org/h2kg/hydrogen-ontology#GlassyCarbonDiskElectrode"", ""label"": ""Glassy Carbon Disk Electrode"", ""score"": 0.757}, {""iri"": ""https://w3id.org/h2kg/hydrogen-ontology#CarbonMass"", ""label"": ""Carbon Mass"", ""score"": 0.667}, {""iri"": ""https://w3id.org/h2kg/hydrogen-ontology#PdOnCarbonCatalyst"", ""label"": ""Pd On Carbon Catalyst"", ""score"": 0.65}]"
https://w3id.org/h2kg/decode/workflow/concept/cl-on-membrane-component,CL on membrane,component,component,4,electrospray-deposition-of-catalyst-layers; fib-measurements-on-gdl-or-mpl-and-catalyst-materials; gde-cell-for-electrochemical-studies; sheet-resistance-measurement,"CL on membrane
internal key: CL on membrane: component",Electrospray deposition of Catalyst Layers; FIB measurements on GDL/MPL and catalyst materials.; GDE cell for electrochemical studies; Sheet resistance measurement,reviewed_decode_anchor,reviewed_decode,https://w3id.org/h2kg/decode/workflow/anchor/cl-on-membrane-component,https://w3id.org/h2kg/hydrogen-ontology#Matter,Matter,component_category_default,reviewed_structural,DECODE-specific concept retained as a stable reviewed anchor. Its source topology is preserved; no H2KG synonym or new public term was asserted.,"[{""iri"": ""https://w3id.org/h2kg/hydrogen-ontology#Nafion211Membrane"", ""label"": ""Nafion 211 Membrane"", ""score"": 0.727}, {""iri"": ""https://w3id.org/h2kg/hydrogen-ontology#Nafion212Membrane"", ""label"": ""Nafion 212 Membrane"", ""score"": 0.727}, {""iri"": ""https://w3id.org/h2kg/hydrogen-ontology#BrushCoating"", ""label"": ""Brush Coating"", ""score"": 0.686}]"
https://w3id.org/h2kg/decode/workflow/concept/cl-on-substrate-component,CL on substrate,component,component,6,electrospray-deposition-of-catalyst-layers; fib-measurements-on-gdl-or-mpl-and-catalyst-materials; high-resolution-electron-tomography-for-accessing-pt-and-ionomer-distribution-on-carbon-aggregate; mechanical-properties-of-catalyst-layers-gdls-and-meas-by-small-punch-and-nanoindentation; sheet-resistance-measurement; ultrasonic-spray-deposition-for-catalytic-layers,"CL on substrate
internal key: CL on substrate: component","Electrospray deposition of Catalyst Layers; FIB measurements on GDL/MPL and catalyst materials.; High resolution electron tomography for accessing Pt and ionomer distribution on carbon aggregate; Mechanical properties of catalyst layers, GDLs, and MEAs by small-punch and nanoindentation; Sheet resistance measurement; Ultrasonic spray deposition for catalytic layers",reviewed_decode_anchor,reviewed_decode,https://w3id.org/h2kg/decode/workflow/anchor/cl-on-substrate-component,https://w3id.org/h2kg/hydrogen-ontology#Property,Property,physical_or_derived_property,reviewed_structural,DECODE-specific concept retained as a stable reviewed anchor. Its source topology is preserved; no H2KG synonym or new public term was asserted.,"[{""iri"": ""https://w3id.org/h2kg/hydrogen-ontology#AluminumSubstrate"", ""label"": ""Aluminum Substrate"", ""score"": 0.815}, {""iri"": ""https://w3id.org/h2kg/hydrogen-ontology#NickelPlateSubstrate"", ""label"": ""Nickel Plate Substrate"", ""score"": 0.815}, {""iri"": ""https://w3id.org/h2kg/hydrogen-ontology#SiliconWaferSubstrate"", ""label"": ""Silicon Wafer Substrate"", ""score"": 0.812}]"
https://w3id.org/h2kg/decode/workflow/concept/cl-structure-aged-component,CL structure (aged),component,component,1,additional-measurements-on-pewe-during-operation,"CL structure (aged)
internal key: CL structure (aged): component",Additional measurements on PEWE during operation,reviewed_decode_anchor,reviewed_decode,https://w3id.org/h2kg/decode/workflow/anchor/cl-structure-aged-component,https://w3id.org/h2kg/hydrogen-ontology#Property,Property,physical_or_derived_property,reviewed_structural,DECODE-specific concept retained as a stable reviewed anchor. Its source topology is preserved; no H2KG synonym or new public term was asserted.,"[{""iri"": ""https://w3id.org/h2kg/hydrogen-ontology#LatticeStructureSize"", ""label"": ""Lattice Structure Size"", ""score"": 0.71}, {""iri"": ""https://w3id.org/h2kg/hydrogen-ontology#CatalystInkStructureDataset"", ""label"": ""Catalyst Ink Structure Dataset"", ""score"": 0.686}, {""iri"": ""https://w3id.org/h2kg/hydrogen-ontology#PrintedGridStructure"", ""label"": ""Printed Grid Structure"", ""score"": 0.686}]"
https://w3id.org/h2kg/decode/workflow/concept/cl-thickness-aged-component,CL thickness (aged),component,component,1,additional-measurements-on-pewe-during-operation,"CL thickness (aged)
internal key: CL thickness (aged): component",Additional measurements on PEWE during operation,reviewed_decode_anchor,reviewed_decode,https://w3id.org/h2kg/decode/workflow/anchor/cl-thickness-aged-component,https://w3id.org/h2kg/hydrogen-ontology#Property,Property,physical_or_derived_property,reviewed_structural,DECODE-specific concept retained as a stable reviewed anchor. Its source topology is preserved; no H2KG synonym or new public term was asserted.,"[{""iri"": ""https://w3id.org/h2kg/hydrogen-ontology#GasDiffusionLayerThickness"", ""label"": ""Gas Diffusion Layer Thickness"", ""score"": 0.867}, {""iri"": ""https://w3id.org/h2kg/hydrogen-ontology#CatalystLayerThickness_2"", ""label"": ""Catalyst Layer Thickness"", ""score"": 0.828}, {""iri"": ""https://w3id.org/h2kg/hydrogen-ontology#CatalystLayerThickness"", ""label"": ""Catalyst Layer Thickness"", ""score"": 0.811}]"
https://w3id.org/h2kg/decode/workflow/concept/clsm-electrochemical-protocol-component,CLSM electrochemical protocol,component,component,4,confocal-laser-scanning-microscope-clsm-and-fluorescent-probes-for-local-ph-assessment-in-acidic-med; confocal-laser-scanning-microscope-clsm-and-fluorescent-probes-for-local-ph-assessment-in-acidic-med2; confocal-laser-scanning-microscope-clsm-and-fluorescent-probes-for-local-ph-assessment-in-alkaline-m; confocal-laser-scanning-microscope-clsm-and-fluorescent-probes-for-local-ph-assessment-in-alkaline-m2,"CLSM electrochemical protocol
internal key: CLSM electrochemical protocol: component",Confocal Laser Scanning Microscope (CLSM) + fluorescent probes for local pH assessment in acidic media in GDE configuration; Confocal Laser Scanning Microscope (CLSM) + fluorescent probes for local pH assessment in acidic media on model /unsupported electrodes; Confocal Laser Scanning Microscope (CLSM) + fluorescent probes for local pH assessment in alkaline media in GDE configuration; Confocal Laser Scanning Microscope (CLSM) + fluorescent probes for local pH assessment in alkaline media on model/unsupported electrodes,reviewed_decode_anchor,reviewed_decode,https://w3id.org/h2kg/decode/workflow/anchor/clsm-electrochemical-protocol-component,https://w3id.org/h2kg/hydrogen-ontology#Process,Process,workflow_or_analysis,reviewed_structural,DECODE-specific concept retained as a stable reviewed anchor. Its source topology is preserved; no H2KG synonym or new public term was asserted.,"[{""iri"": ""https://w3id.org/h2kg/hydrogen-ontology#ElectrochemicalWorkstation"", ""label"": ""Electrochemical Workstation"", ""score"": 0.679}, {""iri"": ""https://w3id.org/h2kg/hydrogen-ontology#ElectrochemicalImpedanceSpectroscopyPotentiostatic"", ""label"": ""Electrochemical Impedance Spectroscopy Potentiostatic"", ""score"": 0.627}, {""iri"": ""https://w3id.org/h2kg/hydrogen-ontology#ElectrochemicalReactionSimulation"", ""label"": ""Electrochemical Reaction Simulation"", ""score"": 0.625}]"
https://w3id.org/h2kg/decode/workflow/concept/clsm-electrochemical-response-idealized-lre,CLSM electrochemical response (idealized),LRE,device,2,confocal-laser-scanning-microscope-clsm-and-fluorescent-probes-for-local-ph-assessment-in-acidic-med; confocal-laser-scanning-microscope-clsm-and-fluorescent-probes-for-local-ph-assessment-in-alkaline-m,"CLSM electrochemical response (idealized)
internal key: CLSM electrochemical response (idealized): LRE",Confocal Laser Scanning Microscope (CLSM) + fluorescent probes for local pH assessment in acidic media on model /unsupported electrodes; Confocal Laser Scanning Microscope (CLSM) + fluorescent probes for local pH assessment in alkaline media on model/unsupported electrodes,reviewed_decode_anchor,reviewed_decode,https://w3id.org/h2kg/decode/workflow/anchor/clsm-electrochemical-response-idealized-lre,https://w3id.org/h2kg/hydrogen-ontology#Data,Data,data_product,reviewed_structural,DECODE-specific concept retained as a stable reviewed anchor. Its source topology is preserved; no H2KG synonym or new public term was asserted.,"[{""iri"": ""https://w3id.org/h2kg/hydrogen-ontology#ElectrochemicalImpedanceSpectroscopyPotentiostatic"", ""label"": ""Electrochemical Impedance Spectroscopy Potentiostatic"", ""score"": 0.649}, {""iri"": ""https://w3id.org/h2kg/hydrogen-ontology#ElectrochemicalReactionSimulation"", ""label"": ""Electrochemical Reaction Simulation"", ""score"": 0.622}, {""iri"": ""https://w3id.org/h2kg/hydrogen-ontology#ElectrochemicalWorkstation"", ""label"": ""Electrochemical Workstation"", ""score"": 0.606}]"
https://w3id.org/h2kg/decode/workflow/concept/clsm-electrochemical-response-nanostructured-component,CLSM electrochemical response (nanostructured),component,component,2,confocal-laser-scanning-microscope-clsm-and-fluorescent-probes-for-local-ph-assessment-in-acidic-med2; confocal-laser-scanning-microscope-clsm-and-fluorescent-probes-for-local-ph-assessment-in-alkaline-m2,"CLSM electrochemical response (nanostructured)
internal key: CLSM electrochemical response (nanostructured): component",Confocal Laser Scanning Microscope (CLSM) + fluorescent probes for local pH assessment in acidic media in GDE configuration; Confocal Laser Scanning Microscope (CLSM) + fluorescent probes for local pH assessment in alkaline media in GDE configuration,reviewed_decode_anchor,reviewed_decode,https://w3id.org/h2kg/decode/workflow/anchor/clsm-electrochemical-response-nanostructured-component,https://w3id.org/h2kg/hydrogen-ontology#Data,Data,data_product,reviewed_structural,DECODE-specific concept retained as a stable reviewed anchor. Its source topology is preserved; no H2KG synonym or new public term was asserted.,"[{""iri"": ""https://w3id.org/h2kg/hydrogen-ontology#ElectrochemicalWorkstation"", ""label"": ""Electrochemical Workstation"", ""score"": 0.62}, {""iri"": ""https://w3id.org/h2kg/hydrogen-ontology#ElectrochemicalImpedanceSpectroscopyPotentiostatic"", ""label"": ""Electrochemical Impedance Spectroscopy Potentiostatic"", ""score"": 0.61}, {""iri"": ""https://w3id.org/h2kg/hydrogen-ontology#ElectrochemicalImpedanceSpectroscopyGalvanostatic"", ""label"": ""Electrochemical Impedance Spectroscopy Galvanostatic"", ""score"": 0.604}]"
https://w3id.org/h2kg/decode/workflow/concept/clsm-electrode-template-component,CLSM electrode template,component,component,1,transparent-electrodes-for-clsm-applications,"CLSM electrode template
internal key: CLSM electrode template: component",Transparent Electrodes for CLSM applications,reviewed_decode_anchor,reviewed_decode,https://w3id.org/h2kg/decode/workflow/anchor/clsm-electrode-template-component,https://w3id.org/h2kg/hydrogen-ontology#Instrument,Instrument,apparatus_or_electrode,reviewed_structural,DECODE-specific concept retained as a stable reviewed anchor. Its source topology is preserved; no H2KG synonym or new public term was asserted.,"[{""iri"": ""https://w3id.org/h2kg/hydrogen-ontology#SCE"", ""label"": ""SCE"", ""score"": 0.72}, {""iri"": ""https://w3id.org/h2kg/hydrogen-ontology#CarbonFeltElectrode"", ""label"": ""Carbon Felt Electrode"", ""score"": 0.682}, {""iri"": ""https://w3id.org/h2kg/hydrogen-ontology#ElectrodeSubstrate"", ""label"": ""Electrode Substrate"", ""score"": 0.667}]"
https://w3id.org/h2kg/decode/workflow/concept/clsm-ph-distribution-nanostructured-lre,CLSM pH distribution (nanostructured),LRE,device,2,confocal-laser-scanning-microscope-clsm-and-fluorescent-probes-for-local-ph-assessment-in-acidic-med2; confocal-laser-scanning-microscope-clsm-and-fluorescent-probes-for-local-ph-assessment-in-alkaline-m2,"CLSM pH distribution (nanostructured)
internal key: CLSM pH distribution (nanostructured): LRE",Confocal Laser Scanning Microscope (CLSM) + fluorescent probes for local pH assessment in acidic media in GDE configuration; Confocal Laser Scanning Microscope (CLSM) + fluorescent probes for local pH assessment in alkaline media in GDE configuration,reviewed_decode_anchor,reviewed_decode,https://w3id.org/h2kg/decode/workflow/anchor/clsm-ph-distribution-nanostructured-lre,https://w3id.org/h2kg/hydrogen-ontology#Data,Data,data_product,reviewed_structural,DECODE-specific concept retained as a stable reviewed anchor. Its source topology is preserved; no H2KG synonym or new public term was asserted.,"[{""iri"": ""https://w3id.org/h2kg/hydrogen-ontology#PoreSizeDistributionDataset"", ""label"": ""Pore Size Distribution Dataset"", ""score"": 0.625}, {""iri"": ""https://w3id.org/h2kg/hydrogen-ontology#PoreSizeDistribution"", ""label"": ""Pore Size Distribution"", ""score"": 0.596}, {""iri"": ""https://w3id.org/h2kg/hydrogen-ontology#AgglomerateSizeDistributionDataset"", ""label"": ""Agglomerate Size Distribution Dataset"", ""score"": 0.59}]"
https://w3id.org/h2kg/decode/workflow/concept/clsm-temperature-component,CLSM temperature,component,component,2,confocal-laser-scanning-microscope-clsm-and-fluorescent-probes-for-local-ph-assessment-in-acidic-med; confocal-laser-scanning-microscope-clsm-and-fluorescent-probes-for-local-ph-assessment-in-alkaline-m,"CLSM temperature
internal key: CLSM temperature: component",Confocal Laser Scanning Microscope (CLSM) + fluorescent probes for local pH assessment in acidic media on model /unsupported electrodes; Confocal Laser Scanning Microscope (CLSM) + fluorescent probes for local pH assessment in alkaline media on model/unsupported electrodes,reviewed_decode_anchor,reviewed_decode,https://w3id.org/h2kg/decode/workflow/anchor/clsm-temperature-component,https://w3id.org/h2kg/hydrogen-ontology#Parameter,Parameter,clsm_temperature_is_parameter,reviewed_structural,DECODE-specific concept retained as a stable reviewed anchor. Its source topology is preserved; no H2KG synonym or new public term was asserted.,"[{""iri"": ""https://w3id.org/h2kg/hydrogen-ontology#OperatingTemperature"", ""label"": ""Operating Temperature"", ""score"": 0.875}, {""iri"": ""https://w3id.org/h2kg/hydrogen-ontology#Temperature"", ""label"": ""Temperature"", ""score"": 0.875}, {""iri"": ""https://w3id.org/h2kg/hydrogen-ontology#CryoUltramicrotomeTemperature"", ""label"": ""Cryo Ultramicrotome Temperature"", ""score"": 0.812}]"
https://w3id.org/h2kg/decode/workflow/concept/confocal-laser-scanning-microscope-clsm-fluorescent-probes-for-local-ph-assessment-in-acidic-media-in-gde-configuration-method,Confocal Laser Scanning Microscope (CLSM) + fluorescent probes for local pH assessment in acidic media in GDE configuration,,method,3,confocal-laser-scanning-microscope-clsm-and-fluorescent-probes-for-local-ph-assessment-in-acidic-med2; electrospray-deposition-of-catalyst-layers; gde-catalytic-layer-preparation,"Confocal Laser Scanning Microscope (CLSM) + fluorescent probes for local pH assessment in acidic media in GDE configuration
Owner: ICPEES@CNRS/Unistra:Tristan Asset, Paul Chassagne
Task: T1.2
Maturity: under development
Documentation: DOI: 10.1039/d3cp00938f (see Figure 2b)
Range of validity or processability: 
In pH, a 0.05 variation should be visible with a ratiometric probe; Spatial resolution is bound to the light and correction factors, i.e., 200 nm. A probe with a ratiometric signal in the 1 - 5 pH range shall be used 5 (with the Lysosensor Green DND 181)
internal key: Confocal Laser Scanning Microscope (CLSM) + fluorescent probes for local pH assessment in acidic media in GDE configuration0",CLSM electrochemical protocol; CLSM electrochemical response (nanostructured); CLSM pH distribution (nanostructured); Electrolyte; GDE; GDE temperature; Molecular fluorescent probe (acidic),reviewed_decode_anchor,reviewed_decode,https://w3id.org/h2kg/decode/workflow/anchor/confocal-laser-scanning-microscope-clsm-fluorescent-probes-for-local-ph-assessment-in-acidic-media-in-gde-configuration-method,https://w3id.org/h2kg/hydrogen-ontology#Parameter,Parameter,operating_or_geometric_parameter,reviewed_structural,DECODE-specific concept retained as a stable reviewed anchor. Its source topology is preserved; no H2KG synonym or new public term was asserted.,[]
https://w3id.org/h2kg/decode/workflow/concept/confocal-laser-scanning-microscope-clsm-fluorescent-probes-for-local-ph-assessment-in-acidic-media-on-model-unsupported-electrodes-model,Confocal Laser Scanning Microscope (CLSM) + fluorescent probes for local pH assessment in acidic media on model /unsupported electrodes,,model,3,confocal-laser-scanning-microscope-clsm-and-fluorescent-probes-for-local-ph-assessment-in-acidic-med; fitting-version-of-the-hierachical-model; transparent-electrodes-for-clsm-applications,"Confocal Laser Scanning Microscope (CLSM) + fluorescent probes for local pH assessment in acidic media on model /unsupported electrodes
Owner: ICPEES@CNRS/Unistra:Tristan Asset,Paul Chassagne
Task: T1.2
Maturity: under development
Documentation: DOI: 10.1039/d3cp00938f (see Figure 2b)
Range of validity or processability: 
In pH, a 0.05 variation should be visible with a ratiometric probe; Spatial resolution is bound to the light and correction factors, i.e., 200 nm. A probe with a ratiometric signal in the 1 - 5 pH range shall be used 5 (with the Lysosensor Green DND 181)
internal key: Confocal Laser Scanning Microscope (CLSM) + fluorescent probes for local pH assessment in acidic media on model /unsupported electrodes0",CLSM electrochemical protocol; CLSM electrochemical response (idealized); CLSM temperature; Electrolyte; LRE pH distribution (idealized); Molecular fluorescent probe (acidic); Transparent electrode for CLSM,reviewed_decode_anchor,reviewed_decode,https://w3id.org/h2kg/decode/workflow/anchor/confocal-laser-scanning-microscope-clsm-fluorescent-probes-for-local-ph-assessment-in-acidic-media-on-model-unsupported-electrodes-model,https://w3id.org/h2kg/hydrogen-ontology#Process,Process,workflow_or_analysis,reviewed_structural,DECODE-specific concept retained as a stable reviewed anchor. Its source topology is preserved; no H2KG synonym or new public term was asserted.,[]
https://w3id.org/h2kg/decode/workflow/concept/confocal-laser-scanning-microscope-clsm-fluorescent-probes-for-local-ph-assessment-in-alkaline-media-in-gde-configuration-method,Confocal Laser Scanning Microscope (CLSM) + fluorescent probes for local pH assessment in alkaline media in GDE configuration,,method,4,confocal-laser-scanning-microscope-clsm-and-fluorescent-probes-for-local-ph-assessment-in-alkaline-m2; development-of-ratiometric-fluorescent-probes-for-local-ph-assessement-in-alkaline-media; electrospray-deposition-of-catalyst-layers; gde-catalytic-layer-preparation,"Confocal Laser Scanning Microscope (CLSM) + fluorescent probes for local pH assessment in alkaline media in GDE configuration
Owner: ICPEES@CNRS/Unistra:Tristan Asset, Paul Chassagne
Task: T1.2
Maturity: under development
Documentation: DOI: 10.1039/d3cp00938f (see Figure 2b)
Range of validity or processability: 
In pH, a 0.05 variation should be visible with a ratiometric probe; Spatial resolution is bound to the light and correction factors, i.e., 200 nm (in all directions). The current pH range is ca. 7 - 12.
internal key: Confocal Laser Scanning Microscope (CLSM) + fluorescent probes for local pH assessment in alkaline media in GDE configuration0",CLSM electrochemical protocol; CLSM electrochemical response (nanostructured); CLSM pH distribution (nanostructured); Electrolyte; GDE; GDE temperature; Molecular fluorescent probe (alkaline),reviewed_decode_anchor,reviewed_decode,https://w3id.org/h2kg/decode/workflow/anchor/confocal-laser-scanning-microscope-clsm-fluorescent-probes-for-local-ph-assessment-in-alkaline-media-in-gde-configuration-method,https://w3id.org/h2kg/hydrogen-ontology#Parameter,Parameter,operating_or_geometric_parameter,reviewed_structural,DECODE-specific concept retained as a stable reviewed anchor. Its source topology is preserved; no H2KG synonym or new public term was asserted.,[]
https://w3id.org/h2kg/decode/workflow/concept/confocal-laser-scanning-microscope-clsm-fluorescent-probes-for-local-ph-assessment-in-alkaline-media-on-model-unsupported-electrodes-model,Confocal Laser Scanning Microscope (CLSM) + fluorescent probes for local pH assessment in alkaline media on model/unsupported electrodes,,model,4,confocal-laser-scanning-microscope-clsm-and-fluorescent-probes-for-local-ph-assessment-in-alkaline-m; development-of-ratiometric-fluorescent-probes-for-local-ph-assessement-in-alkaline-media; fitting-version-of-the-hierachical-model; transparent-electrodes-for-clsm-applications,"Confocal Laser Scanning Microscope (CLSM) + fluorescent probes for local pH assessment in alkaline media on model/unsupported electrodes
Owner: ICPEES@CNRS/Unistra:Tristan Asset, Paul Chassagne
Task: T1.2
Maturity: under development
Documentation: DOI: 10.1039/d3cp00938f (see Figure 2b)
Range of validity or processability: 
In pH, a 0.05 variation should be visible with a ratiometric probe; Spatial resolution is bound to the light and correction factors, i.e., 200 nm (in all directions). The current pH range is ca. 7 - 12.
internal key: Confocal Laser Scanning Microscope (CLSM) + fluorescent probes for local pH assessment in alkaline media on model/unsupported electrodes0",CLSM electrochemical protocol; CLSM electrochemical response (idealized); CLSM temperature; Electrolyte; LRE pH distribution (idealized); Molecular fluorescent probe (alkaline); Transparent electrode for CLSM,reviewed_decode_anchor,reviewed_decode,https://w3id.org/h2kg/decode/workflow/anchor/confocal-laser-scanning-microscope-clsm-fluorescent-probes-for-local-ph-assessment-in-alkaline-media-on-model-unsupported-electrodes-model,https://w3id.org/h2kg/hydrogen-ontology#Process,Process,workflow_or_analysis,reviewed_structural,DECODE-specific concept retained as a stable reviewed anchor. Its source topology is preserved; no H2KG synonym or new public term was asserted.,[]
https://w3id.org/h2kg/decode/workflow/concept/contact-angle-extraction-of-ct-data-method,Contact angle extraction of CT data,,method,5,contact-angle-extraction-of-ct-data; image-classification-of-x-ray-tomography-data; impregnation-by-immersion-and-blade-coating,"Contact angle extraction of CT data
Owner: PSI:Barbara Thiele
Task: T1.4.
Maturity: under development
Documentation: https://doi.org/10.1007/s11242-020-01485-y
Range of validity or processability: 
0-180
internal key: Contact angle extraction of CT data0; Contact angle extraction of CT data
Owner: PSI:Barbara Thiele
Task: T1.4.
Maturity: under development
Documentation: https://doi.org/10.1007/s11242-020-01485-y
Range of validity or processability: 
0-180
internal key: Contact angle extraction of CT data1",Contact angle probe liquid(s); GDL; GDL substrate; GDL substrate 3D voxel data local contact angle; GDL substrate 3D voxel data wet raw; GDL substrate contact angle distribution,reviewed_decode_anchor,reviewed_decode,https://w3id.org/h2kg/decode/workflow/anchor/contact-angle-extraction-of-ct-data-method,https://w3id.org/h2kg/hydrogen-ontology#Process,Process,workflow_or_analysis,reviewed_structural,DECODE-specific concept retained as a stable reviewed anchor. Its source topology is preserved; no H2KG synonym or new public term was asserted.,"[{""iri"": ""https://w3id.org/h2kg/hydrogen-ontology#ContactAngle"", ""label"": ""Contact Angle"", ""score"": 0.667}, {""iri"": ""https://w3id.org/h2kg/hydrogen-ontology#ContactAngleMeasurement"", ""label"": ""Contact Angle Measurement"", ""score"": 0.642}, {""iri"": ""https://w3id.org/h2kg/hydrogen-ontology#AluminumNitrateMolarConcentration"", ""label"": ""Aluminum Nitrate Molar Concentration"", ""score"": 0.596}]"
https://w3id.org/h2kg/decode/workflow/concept/contact-angle-probe-liquid-s-material,Contact angle probe liquid(s),material,material,4,contact-angle-extraction-of-ct-data; ct-based-capillary-pressure-saturation-curves; external-contact-angle-of-a-gdl; wilhelmy-wettability-measurement,"Contact angle probe liquid(s)
internal key: Contact angle probe liquid(s): material",CT-based capillary pressure saturation curves; Contact angle extraction of CT data; External contact angle of a GDL; Wilhelmy wettability measurement,reviewed_decode_anchor,reviewed_decode,https://w3id.org/h2kg/decode/workflow/anchor/contact-angle-probe-liquid-s-material,https://w3id.org/h2kg/hydrogen-ontology#Property,Property,physical_or_derived_property,reviewed_structural,DECODE-specific concept retained as a stable reviewed anchor. Its source topology is preserved; no H2KG synonym or new public term was asserted.,"[{""iri"": ""https://w3id.org/h2kg/hydrogen-ontology#ContactAngle"", ""label"": ""Contact Angle"", ""score"": 0.735}, {""iri"": ""https://w3id.org/h2kg/hydrogen-ontology#ContactAngleMeasurement"", ""label"": ""Contact Angle Measurement"", ""score"": 0.696}, {""iri"": ""https://w3id.org/h2kg/hydrogen-ontology#ContactAngleGoniometer"", ""label"": ""Contact Angle Goniometer"", ""score"": 0.654}]"
https://w3id.org/h2kg/decode/workflow/concept/contact-resistance-measurement-method,Contact resistance measurement,,method,1,contact-resistance-measurement,"Contact resistance measurement
Owner: FZJ-IET-4:Andreas Glsen
Task: T2.1
Maturity: established method
Documentation: described in PhD thesis in preparation
Range of validity or processability: 
average value of the probe size is measured
internal key: Contact resistance measurement0",PTL; PTL contact resistance,reviewed_decode_anchor,reviewed_decode,https://w3id.org/h2kg/decode/workflow/anchor/contact-resistance-measurement-method,https://w3id.org/h2kg/hydrogen-ontology#Property,Property,physical_or_derived_property,reviewed_structural,DECODE-specific concept retained as a stable reviewed anchor. Its source topology is preserved; no H2KG synonym or new public term was asserted.,"[{""iri"": ""https://w3id.org/h2kg/hydrogen-ontology#InPlaneElectronicConductivityMeasurement"", ""label"": ""In Plane Electronic Conductivity Measurement"", ""score"": 0.846}, {""iri"": ""https://w3id.org/h2kg/hydrogen-ontology#FourProbeResistanceMeasurement"", ""label"": ""Four Probe Resistance Measurement"", ""score"": 0.762}, {""iri"": ""https://w3id.org/h2kg/hydrogen-ontology#SolidContentMeasurement"", ""label"": ""Solid Content Measurement"", ""score"": 0.727}]"
https://w3id.org/h2kg/decode/workflow/concept/coordination-number-and-bond-distance-lre,Coordination number and bond distance,LRE,device,2,development-of-a-zero-gap-cell-for-gde-based-spectrocopy-measurement; three-electrode-cell-assesement-of-cl-by-xas-xanes-exafs-xrd,"Coordination number and bond distance
internal key: Coordination number and bond distance: LRE","Development of a zero gap cell for GDE based spectrocopy measurement; Three electrode cell assesement of CL by XAS, XANES, EXAFS, XRD",reviewed_decode_anchor,reviewed_decode,https://w3id.org/h2kg/decode/workflow/anchor/coordination-number-and-bond-distance-lre,https://w3id.org/h2kg/hydrogen-ontology#Property,Property,physical_or_derived_property,reviewed_structural,DECODE-specific concept retained as a stable reviewed anchor. Its source topology is preserved; no H2KG synonym or new public term was asserted.,"[{""iri"": ""https://w3id.org/h2kg/hydrogen-ontology#AnodeReactionResistance"", ""label"": ""Anode Reaction Resistance"", ""score"": 0.613}, {""iri"": ""https://w3id.org/h2kg/hydrogen-ontology#RamanDBandWavenumber"", ""label"": ""Raman D Band Wavenumber"", ""score"": 0.6}, {""iri"": ""https://w3id.org/h2kg/hydrogen-ontology#HydrationNumberLambda"", ""label"": ""Hydration Number Lambda"", ""score"": 0.567}]"
https://w3id.org/h2kg/decode/workflow/concept/corrosion-current-component,Corrosion current,component,component,1,ptl-corrosion-measurement,"Corrosion current
internal key: Corrosion current: component",PTL corrosion measurement,reviewed_decode_anchor,reviewed_decode,https://w3id.org/h2kg/decode/workflow/anchor/corrosion-current-component,https://w3id.org/h2kg/hydrogen-ontology#Property,Property,physical_or_derived_property,reviewed_structural,DECODE-specific concept retained as a stable reviewed anchor. Its source topology is preserved; no H2KG synonym or new public term was asserted.,"[{""iri"": ""https://w3id.org/h2kg/hydrogen-ontology#CompressionPercent"", ""label"": ""Compression Percent"", ""score"": 0.667}, {""iri"": ""https://w3id.org/h2kg/hydrogen-ontology#BiasCurrent"", ""label"": ""Bias Current"", ""score"": 0.621}, {""iri"": ""https://w3id.org/h2kg/hydrogen-ontology#HydrogenCrossoverCurrentDensity"", ""label"": ""Hydrogen Crossover Current Density"", ""score"": 0.619}]"
https://w3id.org/h2kg/decode/workflow/concept/corrosion-potential-component,Corrosion potential,component,component,1,ptl-corrosion-measurement,"Corrosion potential
internal key: Corrosion potential: component",PTL corrosion measurement,reviewed_decode_anchor,reviewed_decode,https://w3id.org/h2kg/decode/workflow/anchor/corrosion-potential-component,https://w3id.org/h2kg/hydrogen-ontology#Property,Property,physical_or_derived_property,reviewed_structural,DECODE-specific concept retained as a stable reviewed anchor. Its source topology is preserved; no H2KG synonym or new public term was asserted.,"[{""iri"": ""https://w3id.org/h2kg/hydrogen-ontology#DepositionPotential"", ""label"": ""Deposition Potential"", ""score"": 0.769}, {""iri"": ""https://w3id.org/h2kg/hydrogen-ontology#BiasPotential"", ""label"": ""Bias Potential"", ""score"": 0.722}, {""iri"": ""https://w3id.org/h2kg/hydrogen-ontology#PotentialCyclingActivation"", ""label"": ""Potential Cycling Activation"", ""score"": 0.722}]"
https://w3id.org/h2kg/decode/workflow/concept/corrosion-potential-of-zero-current-component,Corrosion potential of zero current,component,component,1,ptl-corrosion-measurement,"Corrosion potential of zero current
internal key: Corrosion potential of zero current: component",PTL corrosion measurement,reviewed_decode_anchor,reviewed_decode,https://w3id.org/h2kg/decode/workflow/anchor/corrosion-potential-of-zero-current-component,https://w3id.org/h2kg/hydrogen-ontology#Property,Property,physical_or_derived_property,reviewed_structural,DECODE-specific concept retained as a stable reviewed anchor. Its source topology is preserved; no H2KG synonym or new public term was asserted.,"[{""iri"": ""https://w3id.org/h2kg/hydrogen-ontology#PotentialOfTotalZeroCharge"", ""label"": ""Potential Of Total Zero Charge"", ""score"": 0.646}, {""iri"": ""https://w3id.org/h2kg/hydrogen-ontology#ZetaPotentialMeasurement"", ""label"": ""Zeta Potential Measurement"", ""score"": 0.623}, {""iri"": ""https://w3id.org/h2kg/hydrogen-ontology#SputterCoatingCurrent"", ""label"": ""Sputter Coating Current"", ""score"": 0.621}]"
https://w3id.org/h2kg/decode/workflow/concept/ct-based-capillary-pressure-saturation-curves-method,CT-based capillary pressure saturation curves,,method,13,cea-mea-model-europium-2d; ct-based-capillary-pressure-saturation-curves; fitting-of-the-europium-model; iet-1d-mea-with-water-transport-eis-model; iet-1d-performance-model-for-mea-prediction; image-classification-of-x-ray-tomography-data; impregnation-by-immersion-and-blade-coating,"CT-based capillary pressure saturation curves
Owner: PSI:Barbara Thiele
Task: T1.4.
Maturity: established method
Documentation: DOI: 10.1149/2.0401603jes
Range of validity or processability: 
0-200 mbar
internal key: CT-based capillary pressure saturation curves0; CT-based capillary pressure saturation curves
Owner: PSI:Barbara Thiele
Task: T1.4.
Maturity: established method
Documentation: DOI: 10.1149/2.0401603jes
Range of validity or processability: 
0-200 mbar
internal key: CT-based capillary pressure saturation curves1",Contact angle probe liquid(s); GDL; GDL substrate; GDL substrate 3D voxel data raw; GDL substrate 3D voxel data wet raw; GDL substrate water distribution; GDL substrate water retention curve; MPL X-ray 3D voxel data raw; MPL X-ray 3D voxel data wet raw; MPL water distribution; MPL water retention curve,reviewed_decode_anchor,reviewed_decode,https://w3id.org/h2kg/decode/workflow/anchor/ct-based-capillary-pressure-saturation-curves-method,https://w3id.org/h2kg/hydrogen-ontology#Parameter,Parameter,operating_or_geometric_parameter,reviewed_structural,DECODE-specific concept retained as a stable reviewed anchor. Its source topology is preserved; no H2KG synonym or new public term was asserted.,"[{""iri"": ""https://w3id.org/h2kg/hydrogen-ontology#CapillaryPressureInMembrane"", ""label"": ""Capillary Pressure In Membrane"", ""score"": 0.587}, {""iri"": ""https://w3id.org/h2kg/hydrogen-ontology#StrainGaugeSensingMeasurement"", ""label"": ""Strain Gauge Sensing Measurement"", ""score"": 0.582}, {""iri"": ""https://w3id.org/h2kg/hydrogen-ontology#CapillaryPressureEstimation"", ""label"": ""Capillary Pressure Estimation"", ""score"": 0.568}]"
https://w3id.org/h2kg/decode/workflow/concept/current-modulated-hydrogen-flow-rate-spectroscopy-ch2s-method,Current modulated hydrogen flow-rate spectroscopy (CH2S),,method,16,cea-mea-model-europium-2d; current-modulated-hydrogen-flow-rate-spectroscopy-ch2s; diffusivities-from-tortuosities; fib-measurements-on-gdl-or-mpl-and-catalyst-materials; fitting-of-the-europium-model; gdl-compressability; hg-porosimetry-gdl; image-fib-tomography-dataparameter-extraction-3d; image-parameter-extraction-2d; image-x-ray-tomography-data-parameter-extraction-3d; mea-assembly-for-pefc-ref-mea; mpl-parameter-estimation-from-gdl-and-substrate-data; sem-and-edx; sem-and-fib-layer; simulation-of-single-phase-3d-apparent-properties; voxel-based-3d-effective-diffusivity-simulation,"Current modulated hydrogen flow-rate spectroscopy (CH2S)
Owner: CIEMAT:Antonio M. Chaparro
Task: T2.4
Maturity: under development
Documentation: DOI: 10.1002/celc.202400100
Range of validity or processability: 
Mixtures possible: H2O/H2/N2 Liquid water not possibleFrequency range available 100 Hz - 0.01 Hz (at present)
internal key: Current modulated hydrogen flow-rate spectroscopy (CH2S)0",Cell clamping pressure; Cell current density; Cell inlet humidification; Cell inlet pressure; Cell temperature; Flow-field geometry; GDL stress-strain curve; GDL substrate porosity; GDL substrate thickness; GDL substrate through-plane tortuosity; MEA; MPL porosity; MPL thickness; MPL tortuosity,reviewed_decode_anchor,reviewed_decode,https://w3id.org/h2kg/decode/workflow/anchor/current-modulated-hydrogen-flow-rate-spectroscopy-ch2s-method,https://w3id.org/h2kg/hydrogen-ontology#Parameter,Parameter,operating_or_geometric_parameter,reviewed_structural,DECODE-specific concept retained as a stable reviewed anchor. Its source topology is preserved; no H2KG synonym or new public term was asserted.,"[{""iri"": ""https://w3id.org/h2kg/hydrogen-ontology#XRayPhotoelectronSpectroscopyMeasurement"", ""label"": ""X Ray Photoelectron Spectroscopy Measurement"", ""score"": 0.571}, {""iri"": ""https://w3id.org/h2kg/hydrogen-ontology#HydrogenVolumetricFlowRate"", ""label"": ""Hydrogen Volumetric Flow Rate"", ""score"": 0.554}]"
https://w3id.org/h2kg/decode/workflow/concept/data-extraction-from-existing-pewe-measurements-u-i-t-method,Data extraction from existing PEWE measurements (U-i-t),,method,3,data-extraction-from-existing-pewe-measurements-u-i-t; fitting-of-the-europium-model; iet-1d-performance-model-for-mea-fitting,"Data extraction from existing PEWE measurements (U-i-t)
Owner: FZJ-IET-4:Florian Seidler
Task: T2.4
Maturity: established method
Documentation: Publication in preparation
Range of validity or processability: 
change of the cell for static operating conditions must be excluded
internal key: Data extraction from existing PEWE measurements (U-i-t)0",Cell Tafel slope; Cell high-frequency resistance; Degradation rates of cell Tafel slope; Degradation rates of cell high-frequency resistance; Time series of cell voltage; Time series of current density,reviewed_decode_anchor,reviewed_decode,https://w3id.org/h2kg/decode/workflow/anchor/data-extraction-from-existing-pewe-measurements-u-i-t-method,https://w3id.org/h2kg/hydrogen-ontology#Process,Process,workflow_or_analysis,reviewed_structural,DECODE-specific concept retained as a stable reviewed anchor. Its source topology is preserved; no H2KG synonym or new public term was asserted.,"[{""iri"": ""https://w3id.org/h2kg/hydrogen-ontology#DegradationPredictionEvaluationMeasurement"", ""label"": ""Degradation Prediction Evaluation Measurement"", ""score"": 0.592}, {""iri"": ""https://w3id.org/h2kg/hydrogen-ontology#ContactAngleMeasurement"", ""label"": ""Contact Angle Measurement"", ""score"": 0.584}, {""iri"": ""https://w3id.org/h2kg/hydrogen-ontology#ThroughPlaneElectronicConductivityMeasurement"", ""label"": ""Through Plane Electronic Conductivity Measurement"", ""score"": 0.569}]"
https://w3id.org/h2kg/decode/workflow/concept/degradation-rates-of-cell-high-frequency-resistance-device,Degradation rates of cell high-frequency resistance,device,device,1,data-extraction-from-existing-pewe-measurements-u-i-t,"Degradation rates of cell high-frequency resistance
internal key: Degradation rates of cell high-frequency resistance: device",Data extraction from existing PEWE measurements (U-i-t),reviewed_decode_anchor,reviewed_decode,https://w3id.org/h2kg/decode/workflow/anchor/degradation-rates-of-cell-high-frequency-resistance-device,https://w3id.org/h2kg/hydrogen-ontology#Parameter,Parameter,operating_or_geometric_parameter,reviewed_structural,DECODE-specific concept retained as a stable reviewed anchor. Its source topology is preserved; no H2KG synonym or new public term was asserted.,"[{""iri"": ""https://w3id.org/h2kg/hydrogen-ontology#HighFrequencyResistance"", ""label"": ""High Frequency Resistance"", ""score"": 0.658}, {""iri"": ""https://w3id.org/h2kg/hydrogen-ontology#OhmicResistance"", ""label"": ""Ohmic Resistance"", ""score"": 0.658}, {""iri"": ""https://w3id.org/h2kg/hydrogen-ontology#CurrentInterruptHFRMeasurement"", ""label"": ""Current-Interrupt HFR Measurement"", ""score"": 0.609}]"
https://w3id.org/h2kg/decode/workflow/concept/degradation-rates-of-cell-tafel-slope-device,Degradation rates of cell Tafel slope,device,device,1,data-extraction-from-existing-pewe-measurements-u-i-t,"Degradation rates of cell Tafel slope
internal key: Degradation rates of cell Tafel slope: device",Data extraction from existing PEWE measurements (U-i-t),reviewed_decode_anchor,reviewed_decode,https://w3id.org/h2kg/decode/workflow/anchor/degradation-rates-of-cell-tafel-slope-device,https://w3id.org/h2kg/hydrogen-ontology#Property,Property,physical_or_derived_property,reviewed_structural,DECODE-specific concept retained as a stable reviewed anchor. Its source topology is preserved; no H2KG synonym or new public term was asserted.,"[{""iri"": ""https://w3id.org/h2kg/hydrogen-ontology#SolventEvaporationRate"", ""label"": ""Solvent Evaporation Rate"", ""score"": 0.625}, {""iri"": ""https://w3id.org/h2kg/hydrogen-ontology#CurrentDensityDecayRate"", ""label"": ""Current Density Decay Rate"", ""score"": 0.604}, {""iri"": ""https://w3id.org/h2kg/hydrogen-ontology#OperatingTemperature"", ""label"": ""Operating Temperature"", ""score"": 0.571}]"
https://w3id.org/h2kg/decode/workflow/concept/density-potential-functional-theory-applied-to-supported-electrocatalysts-model,Density-potential functional theory applied to supported electrocatalysts,,model,7,density-potential-functional-theory-applied-to-supported-electrocatalysts; dip-and-pull-operando-or-in-situ-xps; irras-operando-or-in-situ-ftir; molecular-dynamics-for-the-electrode-electrolyte-interface-metalwalls; operando-or-in-situ-xas-photon-out; operando-saxs-or-waxs-small-or-wide-angle-x-ray-spectroscopy; thin-windows-operando-or-in-situ-xps,"Density-potential functional theory applied to supported electrocatalysts
Owner: FZJ-IET-3:Yufan Zhang
Task: T1.3
Maturity: established method
Documentation: DOI:10.1021/acs.jpclett.2c03892
Range of validity or processability: 
CCL
internal key: Density-potential functional theory applied to supported electrocatalysts0",Effective size of solvated ions; Electrode chemistry; Electrode morphology; Electrode physics; Electrolyte composition; Global electric potential distribution (nanostructured); Global electron distribution (nanostructured); Global potential of zero charge (nanostructured); Local potential of zero charge (nanostructured); Local potential of zero ionic charge (nanostructured),reviewed_decode_anchor,reviewed_decode,https://w3id.org/h2kg/decode/workflow/anchor/density-potential-functional-theory-applied-to-supported-electrocatalysts-model,https://w3id.org/h2kg/hydrogen-ontology#Property,Property,physical_or_derived_property,reviewed_structural,DECODE-specific concept retained as a stable reviewed anchor. Its source topology is preserved; no H2KG synonym or new public term was asserted.,[]
https://w3id.org/h2kg/decode/workflow/concept/determination-of-cl-saturation-by-saxs-sans-method,Determination of CL saturation by SAXS/SANS,,method,10,blade-coating-and-decal-transfer-for-ref-pefc-ccm; cea-mea-model-europium-2d; determination-of-cl-saturation-by-saxs-or-sans; distribution-of-contact-angles-in-ccl-fib-sem-image-from-ionomer-reconstruction; electrospray-deposition-of-catalyst-layers; fitting-of-the-europium-model; image-based-ccl-effective-transport-property-computation-from-numerical-simulations; image-tem-data-parameter-extraction-3d; impregnation-by-immersion-and-blade-coating; ultrasonic-spray-deposition-for-catalytic-layers,"Determination of CL saturation by SAXS/SANS
Owner: PSI:Jens ELLER
Task: T2.4
Maturity: established method
Documentation: https://doi.org/10.1021/acsami.3c11173
Range of validity or processability: 
only valid for pore diameter range convered by scattering angle range - pores beyond +/- 100nm will not be covered at SLS/cSAXS(the smaller the smallest angle, the larger the covered pores)
internal key: Determination of CL saturation by SAXS/SANS0",CCL 3D voxel data classified with ionomer and Pt; CCL 3D voxel data wet classified; CCL ionomer distribution statistics; CCL ionomer saturation; CCL saturation; CCL saturation profiles; CCM; Cell current density; Cell inlet humidification; Cell stoichiometries; Cell temperature; Flow-field geometry; GDL; Ionomer water sorption properties; MPL saturation; MPL saturation profiles,reviewed_decode_anchor,reviewed_decode,https://w3id.org/h2kg/decode/workflow/anchor/determination-of-cl-saturation-by-saxs-sans-method,https://w3id.org/h2kg/hydrogen-ontology#Parameter,Parameter,operating_or_geometric_parameter,reviewed_structural,DECODE-specific concept retained as a stable reviewed anchor. Its source topology is preserved; no H2KG synonym or new public term was asserted.,"[{""iri"": ""https://w3id.org/h2kg/hydrogen-ontology#CatalystLoadingDetermination"", ""label"": ""Catalyst Loading Determination"", ""score"": 0.575}, {""iri"": ""https://w3id.org/h2kg/hydrogen-ontology#CoefficientOfDeterminationR2"", ""label"": ""Coefficient Of Determination R 2"", ""score"": 0.56}, {""iri"": ""https://w3id.org/h2kg/hydrogen-ontology#IodineValueMeasurement"", ""label"": ""Iodine Value Measurement"", ""score"": 0.551}]"
https://w3id.org/h2kg/decode/workflow/concept/development-of-a-zero-gap-cell-for-gde-based-spectrocopy-measurement-method,Development of a zero gap cell for GDE based spectrocopy measurement,,method,4,blade-coating-and-decal-transfer-for-ref-pefc-ccm; development-of-a-zero-gap-cell-for-gde-based-spectrocopy-measurement; electrospray-deposition-of-catalyst-layers; ultrasonic-spray-deposition-for-catalytic-layers,"Development of a zero gap cell for GDE based spectrocopy measurement
Owner: PSI:Emiliana Fabbri
Task: T2.4
Maturity: under development
Documentation: 10.1039/C6RA22242K
Range of validity or processability: 
XAS, EXAFS atomic level resolution, bulk technique, XRD micro to milimeter resolution, bulk technique
internal key: Development of a zero gap cell for GDE based spectrocopy measurement0",Active phase; CCM; CCM area; CCM composition; Coordination number and bond distance; EXAFS spectra; Electrolyte; GDE electrochemical protocol; GDE electrochemical response; Local electronic structure; Optimal catalyst loading for XAS signal; Oxidation state changes; XANES spectra; XAS spectra; XRD pattern,reviewed_decode_anchor,reviewed_decode,https://w3id.org/h2kg/decode/workflow/anchor/development-of-a-zero-gap-cell-for-gde-based-spectrocopy-measurement-method,https://w3id.org/h2kg/hydrogen-ontology#Manufacturing,Manufacturing,zero_gap_cell_development_is_manufacturing,reviewed_structural,DECODE-specific concept retained as a stable reviewed anchor. Its source topology is preserved; no H2KG synonym or new public term was asserted.,"[{""iri"": ""https://w3id.org/h2kg/hydrogen-ontology#SpectroscopicEllipsometryMeasurement"", ""label"": ""Spectroscopic Ellipsometry Measurement"", ""score"": 0.585}, {""iri"": ""https://w3id.org/h2kg/hydrogen-ontology#ElectronSpinResonanceSpectroscopyMeasurement"", ""label"": ""Electron Spin Resonance Spectroscopy Measurement"", ""score"": 0.552}, {""iri"": ""https://w3id.org/h2kg/hydrogen-ontology#GasChromatographyMassSpectrometryMeasurement"", ""label"": ""Gas Chromatography Mass Spectrometry Measurement"", ""score"": 0.552}]"
https://w3id.org/h2kg/decode/workflow/concept/development-of-ratiometric-fluorescent-probes-for-local-ph-assessement-in-alkaline-media-method,Development of ratiometric fluorescent probes for local pH assessement in alkaline media,,method,3,confocal-laser-scanning-microscope-clsm-and-fluorescent-probes-for-local-ph-assessment-in-alkaline-m; confocal-laser-scanning-microscope-clsm-and-fluorescent-probes-for-local-ph-assessment-in-alkaline-m2; development-of-ratiometric-fluorescent-probes-for-local-ph-assessement-in-alkaline-media,"Development of ratiometric fluorescent probes for local pH assessement in alkaline media
Owner: ICPEES@CNRS/Unistra:Julien Massue, Mathieu Gervais
Task: T1.2
Maturity: under development
Documentation: 
Range of validity or processability: 
Variation of the herinto proposed synthesis is applicable to all the alkaline probes proposed within DECODE. An additional FS will be added if the backbone of the molecule is changed.
internal key: Development of ratiometric fluorescent probes for local pH assessement in alkaline media0",Catalysts for molecular probe synthesis; Molecular fluorescent probe (alkaline); Precursors for molecular probe synthesis,reviewed_decode_anchor,reviewed_decode,https://w3id.org/h2kg/decode/workflow/anchor/development-of-ratiometric-fluorescent-probes-for-local-ph-assessement-in-alkaline-media-method,https://w3id.org/h2kg/hydrogen-ontology#Parameter,Parameter,operating_or_geometric_parameter,reviewed_structural,DECODE-specific concept retained as a stable reviewed anchor. Its source topology is preserved; no H2KG synonym or new public term was asserted.,[]
https://w3id.org/h2kg/decode/workflow/concept/dft-onto-idealized-surfaces-method,DFT onto idealized surfaces,,method,11,adsorbate-surface-diffusion-on-electrocatalyst-support; dft-onto-idealized-surfaces; dip-and-pull-operando-or-in-situ-xps; fitting-version-of-the-hierachical-model; hierarchical-model-for-electrocatalytic-reactions; in-situ-fourier-transformed-ir-in-atr-configuration; irras-operando-or-in-situ-ftir; molecular-dynamics-for-the-electrode-electrolyte-interface-in-presence-of-ionomer; operando-or-in-situ-xas-photon-out; operando-saxs-or-waxs-small-or-wide-angle-x-ray-spectroscopy; thin-windows-operando-or-in-situ-xps,"DFT onto idealized surfaces
Owner: DTU:Andr Philipp Wark
Task: T1.2
Maturity: established method
Documentation: 
Range of validity or processability: 
General limitations and accuracy of density functional theory apply; model system size and possible size effects
internal key: DFT onto idealized surfaces0",Activation barriers of elementary steps; Adsorbate adsorption energies (idealized); Adsorbate conformation on electrode (idealized); Adsorbate dipole moments; Adsorbate types on electrode (idealized); Binding energies of intermediates; Electrode chemistry; Electrode morphology; Interaction coefficients between adsorbates,reviewed_decode_anchor,reviewed_decode,https://w3id.org/h2kg/decode/workflow/anchor/dft-onto-idealized-surfaces-method,https://w3id.org/h2kg/hydrogen-ontology#Process,Process,dft_is_process,reviewed_structural,DECODE-specific concept retained as a stable reviewed anchor. Its source topology is preserved; no H2KG synonym or new public term was asserted.,"[{""iri"": ""https://w3id.org/h2kg/hydrogen-ontology#BETSurfaceAnalyzer"", ""label"": ""BET Surface Analyzer"", ""score"": 0.596}, {""iri"": ""https://w3id.org/h2kg/hydrogen-ontology#AgNWSurfaceDensity"", ""label"": ""Ag NW Surface Density"", ""score"": 0.583}, {""iri"": ""https://w3id.org/h2kg/hydrogen-ontology#BETSurfaceAreaNitrogen"", ""label"": ""BET Surface Area Nitrogen"", ""score"": 0.577}]"
https://w3id.org/h2kg/decode/workflow/concept/differential-cell-testing-method,Differential Cell Testing,,method,18,0d-particle-population-degradation-model-coupled-with-performance-model-fitting; 0d-particle-population-degradation-model-coupled-with-performance-model-prediction; 0d-particle-population-degradation-model-coupled-with-performance-model-prediction-without-fitting-methods; cea-mea-model-europium-2d; differential-cell-testing; fib-measurements-on-gdl-or-mpl-and-catalyst-materials; fitting-of-the-europium-model; iet-1d-mea-with-water-transport-eis-model; iet-1d-mea-with-water-transport-in-ccl-eis-model; iet-1d-performance-model-for-mea-fitting; iet-1d-performance-model-for-mea-prediction; iet-ink-to-composition-model; image-fib-tomography-dataparameter-extraction-3d; image-parameter-extraction-2d; mea-assembly-for-pefc-ref-mea; microscopy-sem-and-optical-in-mea-cross-section; sem-and-edx; sem-and-fib-layer,"Differential Cell Testing
Owner: CEA:Pierre TOUDRET
Task: T2.1,T2.4
Maturity: established method
Documentation: 
Range of validity or processability: unkonwn
internal key: Differential Cell Testing0",CCL effective double-layer capacitance; CCL effective proton conductivity; CCL thickness; Catalyst loading; Cell EIS; Cell crossover current density; Cell high-frequency resistance; Cell limiting current; Cell operation conditions; Cell polarization curve; Cell voltammogram; ECSA; MEA; Membrane H2 diffusivity; Membrane thickness,reviewed_decode_anchor,reviewed_decode,https://w3id.org/h2kg/decode/workflow/anchor/differential-cell-testing-method,https://w3id.org/h2kg/hydrogen-ontology#Measurement,Measurement,differential_cell_testing_is_measurement,reviewed_structural,DECODE-specific concept retained as a stable reviewed anchor. Its source topology is preserved; no H2KG synonym or new public term was asserted.,"[{""iri"": ""https://w3id.org/h2kg/hydrogen-ontology#DifferentialScanningCalorimeter"", ""label"": ""Differential Scanning Calorimeter"", ""score"": 0.69}, {""iri"": ""https://w3id.org/h2kg/hydrogen-ontology#DifferentialScanningCalorimetryMeasurement"", ""label"": ""Differential Scanning Calorimetry Measurement"", ""score"": 0.69}, {""iri"": ""https://w3id.org/h2kg/hydrogen-ontology#CellSeedingDensity"", ""label"": ""Cell Seeding Density"", ""score"": 0.622}]"
https://w3id.org/h2kg/decode/workflow/concept/diffusion-coefficients-of-species-lre,Diffusion coefficients of species,LRE,device,3,adsorbate-surface-diffusion-on-electrocatalyst-support; diffusion-theory; hierarchical-model-for-electrocatalytic-reactions,"Diffusion coefficients of species
internal key: Diffusion coefficients of species: LRE",Adsorbate Surface Diffusion on Electrocatalyst Support; Diffusion Theory; Hierarchical model for electrocatalytic reactions,reviewed_decode_anchor,reviewed_decode,https://w3id.org/h2kg/decode/workflow/anchor/diffusion-coefficients-of-species-lre,https://w3id.org/h2kg/hydrogen-ontology#Property,Property,physical_or_derived_property,reviewed_structural,DECODE-specific concept retained as a stable reviewed anchor. Its source topology is preserved; no H2KG synonym or new public term was asserted.,"[{""iri"": ""https://w3id.org/h2kg/hydrogen-ontology#TriiodideDiffusionCoefficient"", ""label"": ""Triiodide Diffusion Coefficient"", ""score"": 0.806}, {""iri"": ""https://w3id.org/h2kg/hydrogen-ontology#WaterDiffusionCoefficient"", ""label"": ""Water Diffusion Coefficient"", ""score"": 0.767}, {""iri"": ""https://w3id.org/h2kg/hydrogen-ontology#EffectiveOxygenDiffusionCoefficient"", ""label"": ""Effective Oxygen Diffusion Coefficient"", ""score"": 0.761}]"
https://w3id.org/h2kg/decode/workflow/concept/diffusion-layer-thickness-lre,Diffusion layer thickness,LRE,device,2,diffusion-theory; hierarchical-model-for-electrocatalytic-reactions,"Diffusion layer thickness
internal key: Diffusion layer thickness: LRE",Diffusion Theory; Hierarchical model for electrocatalytic reactions,reviewed_decode_anchor,reviewed_decode,https://w3id.org/h2kg/decode/workflow/anchor/diffusion-layer-thickness-lre,https://w3id.org/h2kg/hydrogen-ontology#Property,Property,physical_or_derived_property,reviewed_structural,DECODE-specific concept retained as a stable reviewed anchor. Its source topology is preserved; no H2KG synonym or new public term was asserted.,"[{""iri"": ""https://w3id.org/h2kg/hydrogen-ontology#GasDiffusionLayerThickness"", ""label"": ""Gas Diffusion Layer Thickness"", ""score"": 0.926}, {""iri"": ""https://w3id.org/h2kg/hydrogen-ontology#IonomerFilmThickness"", ""label"": ""Ionomer Film Thickness"", ""score"": 0.792}, {""iri"": ""https://w3id.org/h2kg/hydrogen-ontology#FilmThickness"", ""label"": ""Film Thickness"", ""score"": 0.791}]"
https://w3id.org/h2kg/decode/workflow/concept/diffusion-theory-model,Diffusion Theory,,model,7,diffusion-theory; hierarchical-model-for-electrocatalytic-reactions; rde-on-mono-or-polycrystalline-electrodes; rde-simulation-in-comsol; rrde-on-model-electrodes-in-acidic-solutions; rrde-on-model-electrodes-in-alkaline-solutions; rrde-simulation-in-comsol,"Diffusion Theory
Owner: ULEI:Karen van den Akker
Task: T1.2
Maturity: established method
Documentation: 
Range of validity or processability: unkonwn
internal key: Diffusion Theory0",Diffusion coefficients of species; Diffusion layer thickness; Electrolyte composition; RDE electrochemical response (idealized); RDE rotation rate; RDE temperature,reviewed_decode_anchor,reviewed_decode,https://w3id.org/h2kg/decode/workflow/anchor/diffusion-theory-model,https://w3id.org/h2kg/hydrogen-ontology#Property,Property,physical_or_derived_property,reviewed_structural,DECODE-specific concept retained as a stable reviewed anchor. Its source topology is preserved; no H2KG synonym or new public term was asserted.,"[{""iri"": ""https://w3id.org/h2kg/hydrogen-ontology#AirDiffusionLayer"", ""label"": ""Air Diffusion Layer"", ""score"": 0.686}, {""iri"": ""https://w3id.org/h2kg/hydrogen-ontology#GasDiffusionLayer"", ""label"": ""Gas Diffusion Layer"", ""score"": 0.686}, {""iri"": ""https://w3id.org/h2kg/hydrogen-ontology#DensityFunctionalTheoryCalculation"", ""label"": ""Density Functional Theory Calculation"", ""score"": 0.683}]"
https://w3id.org/h2kg/decode/workflow/concept/diffusivities-from-tortuosities-method,Diffusivities from tortuosities,,method,22,0d-particle-population-degradation-model-coupled-with-performance-model-prediction; 0d-particle-population-degradation-model-coupled-with-performance-model-prediction-without-fitting-methods; current-modulated-hydrogen-flow-rate-spectroscopy-ch2s; diffusivities-from-tortuosities; fib-measurements-on-gdl-or-mpl-and-catalyst-materials; fitting-of-the-europium-model; gdl-compressability; hg-porosimetry-gdl; iet-1d-mea-with-water-transport-eis-model; iet-1d-mea-with-water-transport-in-ccl-eis-model; iet-1d-performance-model-for-mea-prediction; image-based-ccl-effective-transport-property-computation-from-numerical-simulations; image-fib-tomography-dataparameter-extraction-3d; image-parameter-extraction-2d; image-x-ray-tomography-data-parameter-extraction-3d; microscopy-sem-and-optical-in-mea-cross-section; mpl-parameter-estimation-from-gdl-and-substrate-data; sem-and-edx; sem-and-fib-layer; simulation-of-single-phase-3d-apparent-properties; simulation-of-two-phase-3d-apparent-properties; voxel-based-3d-effective-diffusivity-simulation,"Diffusivities from tortuosities
Owner: FZJ IET 3:Ying Sun
Task: T1.4
Maturity: established method
Documentation: Relies on well-known (binary, or effective Fick) diffusion coefficients for the gas composition of interest, and the analytical expression:D_eff = D_free * porosity/tortuosity
Range of validity or processability: 
If we think of ""tortuosity"" to be defined according to this method, it is valid by definition.Some care needed to avoid inconsistent usage (regarding channel-land effects, merging layer properties, gas composition, neglect of Knudsen or other effects such as Pt-near contributions)
internal key: Diffusivities from tortuosities0",CCL effective O2 diffusivity; CCL effective vapor diffusivity; CCL porosity; CCL tortuosity; GDL effective O2 diffusivity; GDL effective vapor diffusivity; GDL substrate porosity; GDL substrate thickness; GDL substrate through-plane tortuosity; GDL thickness; MPL porosity; MPL thickness; MPL tortuosity,reviewed_decode_anchor,reviewed_decode,https://w3id.org/h2kg/decode/workflow/anchor/diffusivities-from-tortuosities-method,https://w3id.org/h2kg/hydrogen-ontology#Process,Process,diffusivity_derivation_is_process,reviewed_structural,DECODE-specific concept retained as a stable reviewed anchor. Its source topology is preserved; no H2KG synonym or new public term was asserted.,"[{""iri"": ""https://w3id.org/h2kg/hydrogen-ontology#GasDiffusionLayerPorosity"", ""label"": ""Gas Diffusion Layer Porosity"", ""score"": 0.576}, {""iri"": ""https://w3id.org/h2kg/hydrogen-ontology#KnudsenDiffusivity"", ""label"": ""Knudsen Diffusivity"", ""score"": 0.56}]"
https://w3id.org/h2kg/decode/workflow/concept/dip-and-pull-operando-in-situ-xps-method,dip-and-pull operando/in-situ XPS,,method,6,ab-initio-molecular-dynamics-aimd-of-the-solid-liquid-interface-at-a-pt-electrode; density-potential-functional-theory-applied-to-supported-electrocatalysts; dft-onto-idealized-surfaces; dip-and-pull-operando-or-in-situ-xps; molecular-dynamics-for-the-electrode-electrolyte-interface-in-presence-of-ionomer; molecular-dynamics-for-the-electrode-electrolyte-interface-metalwalls,"dip-and-pull operando/in-situ XPS
Owner: CNRS/Unistra:Tristan Asset
Task: T2.4
Maturity: established method
Documentation: Article in preparation. Example of cells can be found here: 10.1088/1361-6463/abd2ed
Range of validity or processability: 
Invalid in the current design for bubble generation reactions (OER, HER). Difficultly valid for any reaction where a high current density is used (i.e., will modify the properties of the electrolyte at the analysis spot). A mitigation method consists in using dip-and-pull 'in situ', i.e., dipping the electrode in the solution, performing the measurment, pulling it out of the solution and analyzing)
internal key: dip-and-pull operando/in-situ XPS0",Adsorbate coverage on electrode (idealized); Adsorbate types on electrode (idealized); Catalyst powder; Electrode chemistry; Electrode morphology; Electrolyte,reviewed_decode_anchor,reviewed_decode,https://w3id.org/h2kg/decode/workflow/anchor/dip-and-pull-operando-in-situ-xps-method,https://w3id.org/h2kg/hydrogen-ontology#Measurement,Measurement,method_visual_default,reviewed_structural,DECODE-specific concept retained as a stable reviewed anchor. Its source topology is preserved; no H2KG synonym or new public term was asserted.,"[{""iri"": ""https://w3id.org/h2kg/hydrogen-ontology#IsopropanolMassFractionInInk"", ""label"": ""Isopropanol Mass Fraction In Ink"", ""score"": 0.554}]"
https://w3id.org/h2kg/decode/workflow/concept/distribution-of-contact-angles-in-ccl-fib-sem-image-from-ionomer-reconstruction-method,Distribution of contact angles in CCL FIB-SEM image from ionomer reconstruction,,method,12,cea-mea-model-europium-2d; determination-of-cl-saturation-by-saxs-or-sans; distribution-of-contact-angles-in-ccl-fib-sem-image-from-ionomer-reconstruction; electron-tomography-for-pt-c-and-ionomer-distribution-in-cl; fitting-of-the-europium-model; high-resolution-electron-tomography-for-accessing-pt-and-ionomer-distribution-on-carbon-aggregate; iet-1d-mea-with-water-transport-eis-model; iet-1d-mea-with-water-transport-in-ccl-eis-model; iet-1d-performance-model-for-mea-prediction; image-classification-on-tem-data; inpt-cl-process-model; ionomer-reconstruction-in-ccl-3d-images,"Distribution of contact angles in CCL FIB-SEM image from ionomer reconstruction
Owner: INPT:Marc Prat
Task: T1.4
Maturity: established method
Documentation: DOI:10.1016/j.ijhydene.2024.07.096
Range of validity or processability: 
CCL initial state (dry).
internal key: Distribution of contact angles in CCL FIB-SEM image from ionomer reconstruction0",CCL 3D voxel data classified with ionomer and Pt; CCL contact angle distribution image; CCL contact angle distribution statistics; CCL water retention curve,reviewed_decode_anchor,reviewed_decode,https://w3id.org/h2kg/decode/workflow/anchor/distribution-of-contact-angles-in-ccl-fib-sem-image-from-ionomer-reconstruction-method,https://w3id.org/h2kg/hydrogen-ontology#Process,Process,workflow_or_analysis,reviewed_structural,DECODE-specific concept retained as a stable reviewed anchor. Its source topology is preserved; no H2KG synonym or new public term was asserted.,[]
https://w3id.org/h2kg/decode/workflow/concept/dropcasted-ink-on-gc-tips-method,Dropcasted Ink on GC Tips,,method,5,accelerated-stress-test-ast-on-nanostructured-electrodes; dropcasted-ink-on-gc-tips; eis-on-nanostructured-electrodes; impregnation-by-immersion-and-blade-coating; rde-on-nanostructured-electrodes,"Dropcasted Ink on GC Tips
Owner: ICPEES@CNRS/Unistra, PSI:Tristan Asset, Emiliana Fabbri, Tim Welmers
Task: T2.1
Maturity: established method
Documentation: 
Range of validity or processability: 
To nanostructured materials that can be mixed into inks (e.g., not too hydrophobic - but ink composition can be revisited)
internal key: Dropcasted Ink on GC Tips0",Catalyst ink composition; Catalyst powder; GDL; Ionomer; Polished GC tips; RDE electrode (nanostructured); Solvent,reviewed_decode_anchor,reviewed_decode,https://w3id.org/h2kg/decode/workflow/anchor/dropcasted-ink-on-gc-tips-method,https://w3id.org/h2kg/hydrogen-ontology#Manufacturing,Manufacturing,dropcasted_ink_is_manufacturing,reviewed_structural,DECODE-specific concept retained as a stable reviewed anchor. Its source topology is preserved; no H2KG synonym or new public term was asserted.,"[{""iri"": ""https://w3id.org/h2kg/hydrogen-ontology#HydrophilicCatalystInk"", ""label"": ""Hydrophilic Catalyst Ink"", ""score"": 0.553}, {""iri"": ""https://w3id.org/h2kg/hydrogen-ontology#OxidePowderInk"", ""label"": ""Oxide Powder Ink"", ""score"": 0.55}]"
https://w3id.org/h2kg/decode/workflow/concept/ecsa-component,ECSA,component,component,3,cea-mea-model-europium-2d; differential-cell-testing; fitting-of-the-europium-model,"ECSA
internal key: ECSA: component","CEA MEA model (Europium 2D); Differential Cell Testing; Fitting of the Europium model; Single cell test bench: polarization, EIS",strict_alt_label,approved_h2kg,https://w3id.org/h2kg/hydrogen-ontology#ElectrochemicallyActiveSurfaceArea,https://w3id.org/h2kg/hydrogen-ontology#Property,Property,explicit_mapping,high,Reviewed standard abbreviation for electrochemically active surface area.,"[{""iri"": ""https://w3id.org/h2kg/hydrogen-ontology#ElectrochemicallyActiveSurfaceArea"", ""label"": ""Electrochemically Active Surface Area"", ""score"": 1.0}, {""iri"": ""https://w3id.org/h2kg/hydrogen-ontology#PtChemicalSurfaceArea"", ""label"": ""Pt Chemical Surface Area"", ""score"": 0.857}, {""iri"": ""https://w3id.org/h2kg/hydrogen-ontology#CathodeStoichiometricRatio"", ""label"": ""Cathode Stoichiometric Ratio"", ""score"": 0.667}]"
https://w3id.org/h2kg/decode/workflow/concept/ecsa-aged-component,ECSA (aged),component,component,5,0d-particle-population-degradation-model-coupled-with-performance-model-fitting; 0d-particle-population-degradation-model-coupled-with-performance-model-prediction; 0d-particle-population-degradation-model-coupled-with-performance-model-prediction-without-fitting-methods; 0d-particle-population-degradation-model-fitting; 0d-particle-population-degradation-model-prediction,"ECSA (aged)
internal key: ECSA (aged): component",0D Particle population degradation model (fitting); 0D Particle population degradation model (prediction); 0D Particle population degradation model coupled with performance model (fitting); 0D Particle population degradation model coupled with performance model (prediction),reviewed_decode_anchor,reviewed_decode,https://w3id.org/h2kg/decode/workflow/anchor/ecsa-aged-component,https://w3id.org/h2kg/hydrogen-ontology#Matter,Matter,component_category_default,reviewed_structural,DECODE-specific concept retained as a stable reviewed anchor. Its source topology is preserved; no H2KG synonym or new public term was asserted.,"[{""iri"": ""https://w3id.org/h2kg/hydrogen-ontology#ECSADataset"", ""label"": ""ECSA Dataset"", ""score"": 0.667}, {""iri"": ""https://w3id.org/h2kg/hydrogen-ontology#ECSABasis"", ""label"": ""ECSA Basis"", ""score"": 0.632}, {""iri"": ""https://w3id.org/h2kg/hydrogen-ontology#ElectrochemicallyActiveSurfaceArea"", ""label"": ""Electrochemically Active Surface Area"", ""score"": 0.615}]"
https://w3id.org/h2kg/decode/workflow/concept/effective-size-of-solvated-ions-lre,Effective size of solvated ions,LRE,device,3,density-potential-functional-theory-applied-to-supported-electrocatalysts; hierarchical-model-for-electrocatalytic-reactions; molecular-dynamics-for-the-electrode-electrolyte-interface-metalwalls,"Effective size of solvated ions
internal key: Effective size of solvated ions: LRE",Density-potential functional theory applied to supported electrocatalysts; Hierarchical model for electrocatalytic reactions; Molecular Dynamics for the Electrode | Electrolyte Interface - MetalWalls,reviewed_decode_anchor,reviewed_decode,https://w3id.org/h2kg/decode/workflow/anchor/effective-size-of-solvated-ions-lre,https://w3id.org/h2kg/hydrogen-ontology#Property,Property,lre_category_default,reviewed_structural,DECODE-specific concept retained as a stable reviewed anchor. Its source topology is preserved; no H2KG synonym or new public term was asserted.,"[{""iri"": ""https://w3id.org/h2kg/hydrogen-ontology#PtEffectiveness"", ""label"": ""Pt Effectiveness"", ""score"": 0.64}, {""iri"": ""https://w3id.org/h2kg/hydrogen-ontology#WaterMassFractionInSolventMixture"", ""label"": ""Water Mass Fraction In Solvent Mixture"", ""score"": 0.571}, {""iri"": ""https://w3id.org/h2kg/hydrogen-ontology#FilamentDeflection"", ""label"": ""Filament Deflection"", ""score"": 0.56}]"
https://w3id.org/h2kg/decode/workflow/concept/eis-on-nanostructured-electrodes-method,EIS on nanostructured electrodes,,method,8,dropcasted-ink-on-gc-tips; eis-on-nanostructured-electrodes; image-fib-tomography-dataparameter-extraction-3d; image-parameter-extraction-2d,"EIS on nanostructured electrodes
Owner: ICPEES@CNRS/Unistra:Sergey Pronkin
Task: T2.1.
Maturity: established method
Documentation: 
Range of validity or processability: 
Valid in all linear current region, but special care should be taken for the bubble generation/current stability.
internal key: EIS on nanostructured electrodes0; EIS on nanostructured electrodes
Owner: ICPEES@CNRS/Unistra:Sergey Pronkin
Task: T2.1.
Maturity: established method
Documentation: 
Range of validity or processability: 
Valid in all linear current region, but special care should be taken for the bubble generation/current stability.
internal key: EIS on nanostructured electrodes1",Catalyst loading; Electrolyte; Electrolyte composition; I/C-ratio; Monomer concentration in the electrolyte; RDE EIS (nanostructured); RDE electrode (nanostructured),reviewed_decode_anchor,reviewed_decode,https://w3id.org/h2kg/decode/workflow/anchor/eis-on-nanostructured-electrodes-method,https://w3id.org/h2kg/hydrogen-ontology#Property,Property,physical_or_derived_property,reviewed_structural,DECODE-specific concept retained as a stable reviewed anchor. Its source topology is preserved; no H2KG synonym or new public term was asserted.,"[{""iri"": ""https://w3id.org/h2kg/hydrogen-ontology#NiFe2O4Nanostructure"", ""label"": ""Ni Fe 2 O 4 Nanostructure"", ""score"": 0.632}, {""iri"": ""https://w3id.org/h2kg/hydrogen-ontology#ElectronTransferNumber"", ""label"": ""Electron Transfer Number"", ""score"": 0.618}, {""iri"": ""https://w3id.org/h2kg/hydrogen-ontology#RotatingRingDiskVoltammetry"", ""label"": ""Rotating Ring Disk Voltammetry"", ""score"": 0.618}]"
https://w3id.org/h2kg/decode/workflow/concept/eis-on-pewe-cells-method,EIS on PEWE cells,,method,3,eis-on-pewe-cells; fitting-of-the-europium-model; iet-1d-performance-model-for-mea-fitting,"EIS on PEWE cells
Owner: FZJ-IET-4:Andreas Glsen
Task: T2.4
Maturity: established method
Documentation: 
Range of validity or processability: 
operating window of potentiostat
internal key: EIS on PEWE cells0",Cell charge transfer resistance; Cell current density; Cell high-frequency resistance; Cell mass transport resistance; Operating PEWE cell,reviewed_decode_anchor,reviewed_decode,https://w3id.org/h2kg/decode/workflow/anchor/eis-on-pewe-cells-method,https://w3id.org/h2kg/hydrogen-ontology#Measurement,Measurement,eis_on_pewe_is_measurement,reviewed_structural,DECODE-specific concept retained as a stable reviewed anchor. Its source topology is preserved; no H2KG synonym or new public term was asserted.,"[{""iri"": ""https://w3id.org/h2kg/hydrogen-ontology#DeflectionPercentOfFilamentDiameter"", ""label"": ""Deflection Percent Of Filament Diameter"", ""score"": 0.571}, {""iri"": ""https://w3id.org/h2kg/hydrogen-ontology#SprayAirPressure"", ""label"": ""Spray Air Pressure"", ""score"": 0.571}, {""iri"": ""https://w3id.org/h2kg/hydrogen-ontology#WebTension"", ""label"": ""Web Tension"", ""score"": 0.571}]"
https://w3id.org/h2kg/decode/workflow/concept/electrical-conductivity-method,Electrical conductivity,,method,16,cea-mea-model-europium-2d; electrical-conductivity; fitting-of-the-europium-model; gdl-compressability; image-parameter-extraction-2d; image-x-ray-tomography-data-parameter-extraction-3d; impregnation-by-immersion-and-blade-coating; microscopy-sem-and-optical-in-mea-cross-section; mpl-parameter-estimation-from-gdl-and-substrate-data; sem-and-edx; sem-and-fib-layer,"Electrical conductivity
Owner: CEA:Jol Pauchet,Ludovic Rouillon
Task: T1.4
Maturity: under development
Documentation: 
Range of validity or processability: 
To be defined
internal key: Electrical conductivity0; Electrical conductivity
Owner: CEA:Jol Pauchet,Ludovic Rouillon
Task: T1.4
Maturity: under development
Documentation: 
Range of validity or processability: 
To be defined
internal key: Electrical conductivity1",GDL; GDL in-plane conductivity; GDL stress-strain curve; GDL substrate; GDL substrate in-plane conductivity; GDL substrate stress-strain curve; GDL substrate thickness; GDL substrate through-plane conductivity; GDL thickness; GDL through-plane conductivity,reviewed_decode_anchor,reviewed_decode,https://w3id.org/h2kg/decode/workflow/anchor/electrical-conductivity-method,https://w3id.org/h2kg/hydrogen-ontology#Property,Property,physical_or_derived_property,reviewed_structural,DECODE-specific concept retained as a stable reviewed anchor. Its source topology is preserved; no H2KG synonym or new public term was asserted.,"[{""iri"": ""https://w3id.org/h2kg/hydrogen-ontology#InPlaneElectronicConductivity"", ""label"": ""In Plane Electronic Conductivity"", ""score"": 1.0}, {""iri"": ""https://w3id.org/h2kg/hydrogen-ontology#ThroughPlaneElectronicConductivity"", ""label"": ""Through Plane Electronic Conductivity"", ""score"": 1.0}, {""iri"": ""https://w3id.org/h2kg/hydrogen-ontology#SolutionConductivity"", ""label"": ""Solution Conductivity"", ""score"": 0.851}]"
https://w3id.org/h2kg/decode/workflow/concept/electrical-contact-resistance-method,Electrical contact resistance,,method,16,cea-mea-model-europium-2d; electrical-contact-resistance; fitting-of-the-europium-model; gdl-compressability; image-parameter-extraction-2d; image-x-ray-tomography-data-parameter-extraction-3d; impregnation-by-immersion-and-blade-coating; microscopy-sem-and-optical-in-mea-cross-section; mpl-parameter-estimation-from-gdl-and-substrate-data; sem-and-edx; sem-and-fib-layer,"Electrical contact resistance
Owner: CEA:Ludovic Rouillon
Task: T2.1, T2.2
Maturity: unknown
Documentation: 
Range of validity or processability: 
To be defined
internal key: Electrical contact resistance0; Electrical contact resistance
Owner: CEA:Ludovic Rouillon
Task: T2.1, T2.2
Maturity: unknown
Documentation: 
Range of validity or processability: 
To be defined
internal key: Electrical contact resistance1",BPP material; GDL; GDL contact resistance vs BPP; GDL stress-strain curve; GDL substrate; GDL substrate contact resistance vs BPP; GDL substrate stress-strain curve; GDL substrate thickness; GDL substrate through-plane conductivity; GDL thickness; GDL through-plane conductivity,reviewed_decode_anchor,reviewed_decode,https://w3id.org/h2kg/decode/workflow/anchor/electrical-contact-resistance-method,https://w3id.org/h2kg/hydrogen-ontology#Property,Property,physical_or_derived_property,reviewed_structural,DECODE-specific concept retained as a stable reviewed anchor. Its source topology is preserved; no H2KG synonym or new public term was asserted.,"[{""iri"": ""https://w3id.org/h2kg/hydrogen-ontology#LateralElectronicResistance"", ""label"": ""Lateral Electronic Resistance"", ""score"": 0.76}, {""iri"": ""https://w3id.org/h2kg/hydrogen-ontology#SheetResistance"", ""label"": ""Sheet Resistance"", ""score"": 0.75}, {""iri"": ""https://w3id.org/h2kg/hydrogen-ontology#TotalInternalResistance"", ""label"": ""Total Internal Resistance"", ""score"": 0.708}]"
https://w3id.org/h2kg/decode/workflow/concept/electrical-tlm-characterization-of-a-gdl-with-defined-compression-method,Electrical TLM characterization of a GDL with defined compression,,method,16,cea-mea-model-europium-2d; electrical-tlm-characterization-of-a-gdl-with-defined-compression; fitting-of-the-europium-model; gdl-compressability; image-parameter-extraction-2d; image-x-ray-tomography-data-parameter-extraction-3d; impregnation-by-immersion-and-blade-coating; microscopy-sem-and-optical-in-mea-cross-section; mpl-parameter-estimation-from-gdl-and-substrate-data; sem-and-edx; sem-and-fib-layer,"Electrical TLM characterization of a GDL with defined compression
Owner: BOSCH:Matthias Hanauer
Task: T2.1
Maturity: established method
Documentation: DOI: 10.1016/j.ijhydene.2017.03.130
Range of validity or processability: 
10-6-10 W   for Resistance and 10-4-10 Wcm for contact resistance
internal key: Electrical TLM characterization of a GDL with defined compression0; Electrical TLM characterization of a GDL with defined compression
Owner: BOSCH:Matthias Hanauer
Task: T2.1
Maturity: established method
Documentation: DOI: 10.1016/j.ijhydene.2017.03.130
Range of validity or processability: 
10-6-10 W   for Resistance and 10-4-10 Wcm for contact resistance
internal key: Electrical TLM characterization of a GDL with defined compression1",GDL; GDL contact resistance vs Au; GDL in-plane conductivity; GDL stress-strain curve; GDL substrate; GDL substrate contact resistance vs Au; GDL substrate in-plane conductivity; GDL substrate stress-strain curve; GDL substrate thickness; GDL thickness,reviewed_decode_anchor,reviewed_decode,https://w3id.org/h2kg/decode/workflow/anchor/electrical-tlm-characterization-of-a-gdl-with-defined-compression-method,https://w3id.org/h2kg/hydrogen-ontology#Measurement,Measurement,method_visual_default,reviewed_structural,DECODE-specific concept retained as a stable reviewed anchor. Its source topology is preserved; no H2KG synonym or new public term was asserted.,[]
https://w3id.org/h2kg/decode/workflow/concept/electrocatalyst-structure-material,Electrocatalyst structure,material,material,2,image-tem-data-parameter-extraction-3d; sem-and-fib-powder,"Electrocatalyst structure
internal key: Electrocatalyst structure: material",Image TEM data parameter extraction 3D; SEM and FIB (powder),reviewed_decode_anchor,reviewed_decode,https://w3id.org/h2kg/decode/workflow/anchor/electrocatalyst-structure-material,https://w3id.org/h2kg/hydrogen-ontology#Property,Property,physical_or_derived_property,reviewed_structural,DECODE-specific concept retained as a stable reviewed anchor. Its source topology is preserved; no H2KG synonym or new public term was asserted.,"[{""iri"": ""https://w3id.org/h2kg/hydrogen-ontology#PtRuOnCarbonCatalyst"", ""label"": ""Pt Ru On Carbon Catalyst"", ""score"": 0.826}, {""iri"": ""https://w3id.org/h2kg/hydrogen-ontology#GeopolymerLatticeCatalyst"", ""label"": ""Geopolymer Lattice Catalyst"", ""score"": 0.818}, {""iri"": ""https://w3id.org/h2kg/hydrogen-ontology#CatalystInkStructureDataset"", ""label"": ""Catalyst Ink Structure Dataset"", ""score"": 0.766}]"
https://w3id.org/h2kg/decode/workflow/concept/electrochemical-protocol-device,Electrochemical protocol,device,device,1,rotating-ring-disk-electrode-rrde,"Electrochemical protocol
internal key: Electrochemical protocol: device",Rotating Ring Disk Electrode (RRDE),reviewed_decode_anchor,reviewed_decode,https://w3id.org/h2kg/decode/workflow/anchor/electrochemical-protocol-device,https://w3id.org/h2kg/hydrogen-ontology#Process,Process,workflow_or_analysis,reviewed_structural,DECODE-specific concept retained as a stable reviewed anchor. Its source topology is preserved; no H2KG synonym or new public term was asserted.,"[{""iri"": ""https://w3id.org/h2kg/hydrogen-ontology#ElectrochemicalWorkstation"", ""label"": ""Electrochemical Workstation"", ""score"": 0.745}, {""iri"": ""https://w3id.org/h2kg/hydrogen-ontology#ElectrochemicalReactionSimulation"", ""label"": ""Electrochemical Reaction Simulation"", ""score"": 0.678}, {""iri"": ""https://w3id.org/h2kg/hydrogen-ontology#ElectrochemicalImpedanceSpectroscopyPotentiostatic"", ""label"": ""Electrochemical Impedance Spectroscopy Potentiostatic"", ""score"": 0.677}]"
https://w3id.org/h2kg/decode/workflow/concept/electrode-chemistry-material,Electrode chemistry,material,material,10,ab-initio-molecular-dynamics-aimd-of-the-solid-liquid-interface-at-a-pt-electrode; density-potential-functional-theory-applied-to-supported-electrocatalysts; dft-onto-idealized-surfaces; dip-and-pull-operando-or-in-situ-xps; irras-operando-or-in-situ-ftir; molecular-dynamics-for-the-electrode-electrolyte-interface-in-presence-of-ionomer; molecular-dynamics-for-the-electrode-electrolyte-interface-metalwalls; operando-or-in-situ-xas-photon-out; operando-saxs-or-waxs-small-or-wide-angle-x-ray-spectroscopy; thin-windows-operando-or-in-situ-xps,"Electrode chemistry
internal key: Electrode chemistry: material",Ab-initio molecular dynamics (AIMD) of the solid-liquid interface at a Pt electrode; DFT onto idealized surfaces; Density-potential functional theory applied to supported electrocatalysts; IRRAS operando/in-situ FTIR; Molecular Dynamics for the Electrode | Electrolyte Interface - MetalWalls; Molecular Dynamics for the Electrode | Electrolyte Interface in presence of ionomer; dip-and-pull operando/in-situ XPS; operando SAXS/WAXS (small/wide angle X-ray spectroscopy); operando/in-situ XAS (photon-out); thin windows operando/in-situ XPS,reviewed_decode_anchor,reviewed_decode,https://w3id.org/h2kg/decode/workflow/anchor/electrode-chemistry-material,https://w3id.org/h2kg/hydrogen-ontology#Property,Property,electrode_chemistry_is_property,reviewed_structural,DECODE-specific concept retained as a stable reviewed anchor. Its source topology is preserved; no H2KG synonym or new public term was asserted.,"[{""iri"": ""https://w3id.org/h2kg/hydrogen-ontology#SegmentActiveArea"", ""label"": ""Segment Active Area"", ""score"": 0.684}, {""iri"": ""https://w3id.org/h2kg/hydrogen-ontology#PtCounterElectrode"", ""label"": ""Pt Counter Electrode"", ""score"": 0.667}, {""iri"": ""https://w3id.org/h2kg/hydrogen-ontology#PrintedGoldElectrode"", ""label"": ""Printed Gold Electrode"", ""score"": 0.645}]"
https://w3id.org/h2kg/decode/workflow/concept/electrode-morphology-material,Electrode morphology,material,material,9,ab-initio-molecular-dynamics-aimd-of-the-solid-liquid-interface-at-a-pt-electrode; density-potential-functional-theory-applied-to-supported-electrocatalysts; dft-onto-idealized-surfaces; dip-and-pull-operando-or-in-situ-xps; molecular-dynamics-for-the-electrode-electrolyte-interface-in-presence-of-ionomer; molecular-dynamics-for-the-electrode-electrolyte-interface-metalwalls; operando-or-in-situ-xas-photon-out; operando-saxs-or-waxs-small-or-wide-angle-x-ray-spectroscopy; thin-windows-operando-or-in-situ-xps,"Electrode morphology
internal key: Electrode morphology: material",Ab-initio molecular dynamics (AIMD) of the solid-liquid interface at a Pt electrode; DFT onto idealized surfaces; Density-potential functional theory applied to supported electrocatalysts; Molecular Dynamics for the Electrode | Electrolyte Interface - MetalWalls; Molecular Dynamics for the Electrode | Electrolyte Interface in presence of ionomer; dip-and-pull operando/in-situ XPS; operando SAXS/WAXS (small/wide angle X-ray spectroscopy); operando/in-situ XAS (photon-out); thin windows operando/in-situ XPS,reviewed_decode_anchor,reviewed_decode,https://w3id.org/h2kg/decode/workflow/anchor/electrode-morphology-material,https://w3id.org/h2kg/hydrogen-ontology#Property,Property,physical_or_derived_property,reviewed_structural,DECODE-specific concept retained as a stable reviewed anchor. Its source topology is preserved; no H2KG synonym or new public term was asserted.,"[{""iri"": ""https://w3id.org/h2kg/hydrogen-ontology#ElectronTomographyImaging"", ""label"": ""Electron Tomography Imaging"", ""score"": 0.718}, {""iri"": ""https://w3id.org/h2kg/hydrogen-ontology#ProbabilityDensityMorphologyParameterK"", ""label"": ""Probability Density Morphology Parameter K"", ""score"": 0.718}, {""iri"": ""https://w3id.org/h2kg/hydrogen-ontology#PrintedGoldElectrode"", ""label"": ""Printed Gold Electrode"", ""score"": 0.706}]"
https://w3id.org/h2kg/decode/workflow/concept/electrode-physics-material,Electrode physics,material,material,1,density-potential-functional-theory-applied-to-supported-electrocatalysts,"Electrode physics
internal key: Electrode physics: material",Density-potential functional theory applied to supported electrocatalysts,reviewed_decode_anchor,reviewed_decode,https://w3id.org/h2kg/decode/workflow/anchor/electrode-physics-material,https://w3id.org/h2kg/hydrogen-ontology#Property,Property,electrode_physics_is_property,reviewed_structural,DECODE-specific concept retained as a stable reviewed anchor. Its source topology is preserved; no H2KG synonym or new public term was asserted.,"[{""iri"": ""https://w3id.org/h2kg/hydrogen-ontology#ElectrolytePH"", ""label"": ""Electrolyte PH"", ""score"": 0.71}, {""iri"": ""https://w3id.org/h2kg/hydrogen-ontology#DynamicHydrogenElectrode"", ""label"": ""Dynamic Hydrogen Electrode (H2 Anode in MEA)"", ""score"": 0.686}, {""iri"": ""https://w3id.org/h2kg/hydrogen-ontology#ElectrodeSideLength"", ""label"": ""Electrode Side Length"", ""score"": 0.684}]"
https://w3id.org/h2kg/decode/workflow/concept/electrodeposition-precursors-material,Electrodeposition precursors,material,material,1,transparent-electrodes-for-clsm-applications,"Electrodeposition precursors
internal key: Electrodeposition precursors: material",Transparent Electrodes for CLSM applications,reviewed_decode_anchor,reviewed_decode,https://w3id.org/h2kg/decode/workflow/anchor/electrodeposition-precursors-material,https://w3id.org/h2kg/hydrogen-ontology#Matter,Matter,electrodeposition_precursors_are_matter,reviewed_structural,DECODE-specific concept retained as a stable reviewed anchor. Its source topology is preserved; no H2KG synonym or new public term was asserted.,"[{""iri"": ""https://w3id.org/h2kg/hydrogen-ontology#PrecursorConcentration"", ""label"": ""Precursor Concentration"", ""score"": 0.667}, {""iri"": ""https://w3id.org/h2kg/hydrogen-ontology#UltrasonicDepositionProcess"", ""label"": ""Ultrasonic Deposition Process"", ""score"": 0.632}, {""iri"": ""https://w3id.org/h2kg/hydrogen-ontology#ElectrosprayDeposition"", ""label"": ""Electrospray Deposition"", ""score"": 0.627}]"
https://w3id.org/h2kg/decode/workflow/concept/electrolyte-material,Electrolyte,material,material,22,accelerated-stress-test-ast-on-nanostructured-electrodes; confocal-laser-scanning-microscope-clsm-and-fluorescent-probes-for-local-ph-assessment-in-acidic-med; confocal-laser-scanning-microscope-clsm-and-fluorescent-probes-for-local-ph-assessment-in-acidic-med2; confocal-laser-scanning-microscope-clsm-and-fluorescent-probes-for-local-ph-assessment-in-alkaline-m; confocal-laser-scanning-microscope-clsm-and-fluorescent-probes-for-local-ph-assessment-in-alkaline-m2; development-of-a-zero-gap-cell-for-gde-based-spectrocopy-measurement; dip-and-pull-operando-or-in-situ-xps; eis-on-nanostructured-electrodes; gde-cell-for-electrochemical-studies; in-situ-fourier-transformed-ir-in-atr-configuration; irras-operando-or-in-situ-ftir; model-electrochemistry-in-a-rde-cell; operando-or-in-situ-xas-photon-out; operando-saxs-or-waxs-small-or-wide-angle-x-ray-spectroscopy; ptl-corrosion-measurement; rde-on-mono-or-polycrystalline-electrodes; rde-on-nanostructured-electrodes; rotating-ring-disk-electrode-rrde; rrde-on-model-electrodes-in-acidic-solutions; rrde-on-model-electrodes-in-alkaline-solutions; thin-windows-operando-or-in-situ-xps; three-electrode-cell-assesement-of-cl-by-xas-xanes-exafs-xrd,"Electrolyte
internal key: Electrolyte: material","Accelerated Stress Test (AST) on Nanostructured Electrodes; Confocal Laser Scanning Microscope (CLSM) + fluorescent probes for local pH assessment in acidic media in GDE configuration; Confocal Laser Scanning Microscope (CLSM) + fluorescent probes for local pH assessment in acidic media on model /unsupported electrodes; Confocal Laser Scanning Microscope (CLSM) + fluorescent probes for local pH assessment in alkaline media in GDE configuration; Confocal Laser Scanning Microscope (CLSM) + fluorescent probes for local pH assessment in alkaline media on model/unsupported electrodes; Development of a zero gap cell for GDE based spectrocopy measurement; EIS on nanostructured electrodes; GDE cell for electrochemical studies; IRRAS operando/in-situ FTIR; In Situ Fourier Transformed IR in ATR configuration; Model Electrochemistry in a RDE Cell; PTL corrosion measurement; RDE on mono- or polycrystalline electrodes; RDE on nanostructured electrodes; RRDE on model electrodes in acidic solutions; RRDE on model electrodes in alkaline solutions; Rotating Ring Disk Electrode (RRDE); Three electrode cell assesement of CL by XAS, XANES, EXAFS, XRD; dip-and-pull operando/in-situ XPS; operando SAXS/WAXS (small/wide angle X-ray spectroscopy)",new_h2kg_term,approved_h2kg,https://w3id.org/h2kg/hydrogen-ontology#Electrolyte,https://w3id.org/h2kg/hydrogen-ontology#Matter,Matter,explicit_mapping,high,Reusable electrochemical material category promoted after DECODE recurrence review.,"[{""iri"": ""https://w3id.org/h2kg/hydrogen-ontology#Electrolyte"", ""label"": ""Electrolyte"", ""score"": 1.0}, {""iri"": ""https://w3id.org/h2kg/hydrogen-ontology#ElectrolytePH"", ""label"": ""Electrolyte PH"", ""score"": 0.88}, {""iri"": ""https://w3id.org/h2kg/hydrogen-ontology#PotassiumChlorideElectrolyte"", ""label"": ""Potassium Chloride Electrolyte"", ""score"": 0.846}]"
https://w3id.org/h2kg/decode/workflow/concept/electrolyte-composition-material,Electrolyte composition,material,material,12,ab-initio-molecular-dynamics-aimd-of-the-solid-liquid-interface-at-a-pt-electrode; accelerated-stress-test-ast-on-nanostructured-electrodes; density-potential-functional-theory-applied-to-supported-electrocatalysts; diffusion-theory; eis-on-nanostructured-electrodes; hierarchical-model-for-electrocatalytic-reactions; model-electrochemistry-in-a-rde-cell; molecular-dynamics-for-the-electrode-electrolyte-interface-metalwalls; rde-simulation-in-comsol; rotating-ring-disk-electrode-rrde; rrde-simulation-in-comsol; rrde-theory,"Electrolyte composition
internal key: Electrolyte composition: material",Ab-initio molecular dynamics (AIMD) of the solid-liquid interface at a Pt electrode; Accelerated Stress Test (AST) on Nanostructured Electrodes; Density-potential functional theory applied to supported electrocatalysts; Diffusion Theory; EIS on nanostructured electrodes; Hierarchical model for electrocatalytic reactions; Model Electrochemistry in a RDE Cell; Molecular Dynamics for the Electrode | Electrolyte Interface - MetalWalls; RDE simulation in COMSOL; RRDE Theory; RRDE simulation in COMSOL; Rotating Ring Disk Electrode (RRDE),reviewed_decode_anchor,reviewed_decode,https://w3id.org/h2kg/decode/workflow/anchor/electrolyte-composition,https://w3id.org/h2kg/hydrogen-ontology#Matter,Matter,material_category_default,unreviewed,Reviewed recurring DECODE material descriptor anchor pending a domain-specific H2KG alignment decision.,"[{""iri"": ""https://w3id.org/h2kg/hydrogen-ontology#ElectrolyteConcentration"", ""label"": ""Electrolyte Concentration"", ""score"": 0.75}, {""iri"": ""https://w3id.org/h2kg/hydrogen-ontology#ElectrosprayDeposition"", ""label"": ""Electrospray Deposition"", ""score"": 0.739}, {""iri"": ""https://w3id.org/h2kg/hydrogen-ontology#XPSDataset"", ""label"": ""XPS Dataset"", ""score"": 0.708}]"
https://w3id.org/h2kg/decode/workflow/concept/electrolyte-flow-rate-device,Electrolyte flow rate,device,device,1,in-situ-fourier-transformed-ir-in-atr-configuration,"Electrolyte flow rate
internal key: Electrolyte flow rate: device",In Situ Fourier Transformed IR in ATR configuration,reviewed_decode_anchor,reviewed_decode,https://w3id.org/h2kg/decode/workflow/anchor/electrolyte-flow-rate-device,https://w3id.org/h2kg/hydrogen-ontology#Parameter,Parameter,operating_or_geometric_parameter,reviewed_structural,DECODE-specific concept retained as a stable reviewed anchor. Its source topology is preserved; no H2KG synonym or new public term was asserted.,"[{""iri"": ""https://w3id.org/h2kg/hydrogen-ontology#ElectrolyteType"", ""label"": ""Electrolyte Type"", ""score"": 0.757}, {""iri"": ""https://w3id.org/h2kg/hydrogen-ontology#IodideTriiodideRedoxElectrolyte"", ""label"": ""Iodide Triiodide Redox Electrolyte"", ""score"": 0.737}, {""iri"": ""https://w3id.org/h2kg/hydrogen-ontology#PerchloricAcidElectrolyte"", ""label"": ""Perchloric Acid Electrolyte"", ""score"": 0.737}]"
https://w3id.org/h2kg/decode/workflow/concept/electrolyte-ph-material,Electrolyte pH,material,material,1,ptl-corrosion-measurement,"Electrolyte pH
internal key: Electrolyte pH: material",PTL corrosion measurement,reviewed_decode_anchor,reviewed_decode,https://w3id.org/h2kg/decode/workflow/anchor/electrolyte-ph-material,https://w3id.org/h2kg/hydrogen-ontology#Property,Property,physical_or_derived_property,reviewed_structural,DECODE-specific concept retained as a stable reviewed anchor. Its source topology is preserved; no H2KG synonym or new public term was asserted.,"[{""iri"": ""https://w3id.org/h2kg/hydrogen-ontology#ElectrolytePH"", ""label"": ""Electrolyte PH"", ""score"": 1.0}, {""iri"": ""https://w3id.org/h2kg/hydrogen-ontology#Electrolyte"", ""label"": ""Electrolyte"", ""score"": 0.88}, {""iri"": ""https://w3id.org/h2kg/hydrogen-ontology#ElectrolyteType"", ""label"": ""Electrolyte Type"", ""score"": 0.867}]"
https://w3id.org/h2kg/decode/workflow/concept/electrolyte-viscosity-material,Electrolyte viscosity,material,material,1,adsorbate-surface-diffusion-on-electrocatalyst-support,"Electrolyte viscosity
internal key: Electrolyte viscosity: material",Adsorbate Surface Diffusion on Electrocatalyst Support,reviewed_decode_anchor,reviewed_decode,https://w3id.org/h2kg/decode/workflow/anchor/electrolyte-viscosity-material,https://w3id.org/h2kg/hydrogen-ontology#Matter,Matter,material_category_default,reviewed_structural,DECODE-specific concept retained as a stable reviewed anchor. Its source topology is preserved; no H2KG synonym or new public term was asserted.,"[{""iri"": ""https://w3id.org/h2kg/hydrogen-ontology#ElectrolyteType"", ""label"": ""Electrolyte Type"", ""score"": 0.757}, {""iri"": ""https://w3id.org/h2kg/hydrogen-ontology#IodideTriiodideRedoxElectrolyte"", ""label"": ""Iodide Triiodide Redox Electrolyte"", ""score"": 0.757}, {""iri"": ""https://w3id.org/h2kg/hydrogen-ontology#IonomerMass"", ""label"": ""Ionomer Mass"", ""score"": 0.757}]"
https://w3id.org/h2kg/decode/workflow/concept/electron-tomography-for-pt-c-and-ionomer-distribution-in-cl-method,"Electron tomography for Pt, C and ionomer distribution in CL",,method,8,blade-coating-and-decal-transfer-for-ref-pefc-ccm; distribution-of-contact-angles-in-ccl-fib-sem-image-from-ionomer-reconstruction; electron-tomography-for-pt-c-and-ionomer-distribution-in-cl; electrospray-deposition-of-catalyst-layers; image-based-ccl-effective-transport-property-computation-from-numerical-simulations; image-classification-on-tem-data; image-tem-data-parameter-extraction-3d; ultrasonic-spray-deposition-for-catalytic-layers,"Electron tomography for Pt, C and ionomer distribution in CL
Owner: CEA:Laure Guetaz
Task: T1.4
Maturity: unknown
Documentation: 
Range of validity or processability: 
analysed volume smaller thant 1 m x 1m X 100nm, resolution 1 nm.  An ultra-thin ( less than  1 nm) ionomer layer may not be visible on a porous carbon support. The image of the ionomer and the carbon support should have a different contrast (this could be not the case with an amorphous carbon support).
internal key: Electron tomography for Pt, C and ionomer distribution in CL0",CCL 3D TEM voxel data raw; CCL 3D voxel data classified with ionomer and Pt; CCM,reviewed_decode_anchor,reviewed_decode,https://w3id.org/h2kg/decode/workflow/anchor/electron-tomography-for-pt-c-and-ionomer-distribution-in-cl-method,https://w3id.org/h2kg/hydrogen-ontology#Measurement,Measurement,method_visual_default,reviewed_structural,DECODE-specific concept retained as a stable reviewed anchor. Its source topology is preserved; no H2KG synonym or new public term was asserted.,"[{""iri"": ""https://w3id.org/h2kg/hydrogen-ontology#IonomerAdsorptionRateMeasurement"", ""label"": ""Ionomer Adsorption Rate Measurement"", ""score"": 0.587}, {""iri"": ""https://w3id.org/h2kg/hydrogen-ontology#IonomerAdsorptionRateOnPtCarbon"", ""label"": ""Ionomer Adsorption Rate On Pt Carbon"", ""score"": 0.568}]"
https://w3id.org/h2kg/decode/workflow/concept/electrospray-dc-voltage-process,Electrospray DC voltage,process,other,1,electrospray-deposition-of-catalyst-layers,"Electrospray DC voltage
internal key: Electrospray DC voltage: process",Electrospray deposition of Catalyst Layers,reviewed_decode_anchor,reviewed_decode,https://w3id.org/h2kg/decode/workflow/anchor/electrospray-dc-voltage-process,https://w3id.org/h2kg/hydrogen-ontology#Parameter,Parameter,electrospray_dc_voltage_is_parameter,reviewed_structural,DECODE-specific concept retained as a stable reviewed anchor. Its source topology is preserved; no H2KG synonym or new public term was asserted.,"[{""iri"": ""https://w3id.org/h2kg/hydrogen-ontology#ElectrospinningCollectorVoltage"", ""label"": ""Electrospinning Collector Voltage"", ""score"": 0.75}, {""iri"": ""https://w3id.org/h2kg/hydrogen-ontology#ElectrospinningAppliedVoltage"", ""label"": ""Electrospinning Applied Voltage"", ""score"": 0.704}, {""iri"": ""https://w3id.org/h2kg/hydrogen-ontology#ElectrosprayDeposition"", ""label"": ""Electrospray Deposition"", ""score"": 0.703}]"
https://w3id.org/h2kg/decode/workflow/concept/electrospray-deposition-of-catalyst-layers-process,Electrospray deposition of Catalyst Layers,,process,39,confocal-laser-scanning-microscope-clsm-and-fluorescent-probes-for-local-ph-assessment-in-acidic-med2; confocal-laser-scanning-microscope-clsm-and-fluorescent-probes-for-local-ph-assessment-in-alkaline-m2; determination-of-cl-saturation-by-saxs-or-sans; development-of-a-zero-gap-cell-for-gde-based-spectrocopy-measurement; electron-tomography-for-pt-c-and-ionomer-distribution-in-cl; electrospray-deposition-of-catalyst-layers; fib-measurements-on-gdl-or-mpl-and-catalyst-materials; fib-sem-on-cl-material; gde-cell-for-electrochemical-studies; high-resolution-electron-tomography-for-accessing-pt-and-ionomer-distribution-on-carbon-aggregate; impregnation-by-immersion-and-blade-coating; ink-preparation-for-deposition-of-catalytic-layers; mea-assembly-for-pefc-ref-mea; mechanical-properties-of-catalyst-layers-gdls-and-meas-by-small-punch-and-nanoindentation; mpl-saturation-determination-from-x-ray-ct-data; neutron-imaging; pulsed-gas-analysis; roller-mixer-and-zirconia-beads-for-ref-pefc-inks; rotating-ring-disk-electrode-rrde; sem-and-fib-layer; sheet-resistance-measurement; tem-and-eds-analysis-of-mea; three-electrode-cell-assesement-of-cl-by-xas-xanes-exafs-xrd,"Electrospray deposition of Catalyst Layers
Owner: CIEMAT:Antonio M. Chaparro
Task: T2.4
Maturity: established method
Documentation: DOI: 10.1021/acsaem.1c01445
Range of validity or processability: 
- Coating area: up to 50 cm2  - CL thickness: up to 0.1mm - Substrate limitations: small electrical conductivity must be provided (dry Nafion PEM is OK) - Ink recipe: adjusted for each catalyst type (solid/liquid ratio, ionomer)
internal key: Electrospray deposition of Catalyst Layers0; Electrospray deposition of Catalyst Layers
Owner: CIEMAT:Antonio M. Chaparro
Task: T2.4
Maturity: established method
Documentation: DOI: 10.1021/acsaem.1c01445
Range of validity or processability: 
- Coating area: up to 50 cm2  - CL thickness: up to 0.1mm - Substrate limitations: small electrical conductivity must be provided (dry Nafion PEM is OK) - Ink recipe: adjusted for each catalyst type (solid/liquid ratio, ionomer)
internal key: Electrospray deposition of Catalyst Layers1; Electrospray deposition of Catalyst Layers
Owner: CIEMAT:Antonio M. Chaparro
Task: T2.4
Maturity: established method
Documentation: DOI: 10.1021/acsaem.1c01445
Range of validity or processability: 
- Coating area: up to 50 cm2  - CL thickness: up to 0.1mm - Substrate limitations: small electrical conductivity must be provided (dry Nafion PEM is OK) - Ink recipe: adjusted for each catalyst type (solid/liquid ratio, ionomer)
internal key: Electrospray deposition of Catalyst Layers2; Electrospray deposition of Catalyst Layers
Owner: CIEMAT:Antonio M. Chaparro
Task: T2.4
Maturity: established method
Documentation: DOI: 10.1021/acsaem.1c01445
Range of validity or processability: 
- Coating area: up to 50 cm2  - CL thickness: up to 0.1mm - Substrate limitations: small electrical conductivity must be provided (dry Nafion PEM is OK) - Ink recipe: adjusted for each catalyst type (solid/liquid ratio, ionomer)
internal key: Electrospray deposition of Catalyst Layers3",CCM; CL on membrane; CL on substrate; Catalyst ink; Electrospray DC voltage; Electrospray needle to substrate distance; Electrospray scan rate; GDE; GDL; Inert substrate; Membrane,reviewed_decode_anchor,reviewed_decode,https://w3id.org/h2kg/decode/workflow/anchor/electrospray-deposition-of-catalyst-layers-process,https://w3id.org/h2kg/hydrogen-ontology#Manufacturing,Manufacturing,physical_manufacturing_workflow,reviewed_structural,DECODE-specific concept retained as a stable reviewed anchor. Its source topology is preserved; no H2KG synonym or new public term was asserted.,"[{""iri"": ""https://w3id.org/h2kg/hydrogen-ontology#ElectrosprayedCatalystLayer"", ""label"": ""Electrosprayed Catalyst Layer"", ""score"": 0.761}, {""iri"": ""https://w3id.org/h2kg/hydrogen-ontology#ElectrosprayDeposition"", ""label"": ""Electrospray Deposition"", ""score"": 0.708}, {""iri"": ""https://w3id.org/h2kg/hydrogen-ontology#ElectrospunCatalystLayer"", ""label"": ""Electrospun Catalyst Layer"", ""score"": 0.706}]"
https://w3id.org/h2kg/decode/workflow/concept/electrospray-needle-to-substrate-distance-process,Electrospray needle to substrate distance,process,other,1,electrospray-deposition-of-catalyst-layers,"Electrospray needle to substrate distance
internal key: Electrospray needle to substrate distance: process",Electrospray deposition of Catalyst Layers,reviewed_decode_anchor,reviewed_decode,https://w3id.org/h2kg/decode/workflow/anchor/electrospray-needle-to-substrate-distance-process,https://w3id.org/h2kg/hydrogen-ontology#Property,Property,physical_or_derived_property,reviewed_structural,DECODE-specific concept retained as a stable reviewed anchor. Its source topology is preserved; no H2KG synonym or new public term was asserted.,"[{""iri"": ""https://w3id.org/h2kg/hydrogen-ontology#ElectrospinningNeedleToCollectorDistance"", ""label"": ""Electrospinning Needle To Collector Distance"", ""score"": 0.812}, {""iri"": ""https://w3id.org/h2kg/hydrogen-ontology#NozzleToSubstrateDistance"", ""label"": ""Nozzle To Substrate Distance"", ""score"": 0.725}, {""iri"": ""https://w3id.org/h2kg/hydrogen-ontology#SprayDistance"", ""label"": ""Spray Distance"", ""score"": 0.667}]"
https://w3id.org/h2kg/decode/workflow/concept/electrospray-scan-rate-process,Electrospray scan rate,process,other,1,electrospray-deposition-of-catalyst-layers,"Electrospray scan rate
internal key: Electrospray scan rate: process",Electrospray deposition of Catalyst Layers,reviewed_decode_anchor,reviewed_decode,https://w3id.org/h2kg/decode/workflow/anchor/electrospray-scan-rate-process,https://w3id.org/h2kg/hydrogen-ontology#Parameter,Parameter,operating_or_geometric_parameter,reviewed_structural,DECODE-specific concept retained as a stable reviewed anchor. Its source topology is preserved; no H2KG synonym or new public term was asserted.,"[{""iri"": ""https://w3id.org/h2kg/hydrogen-ontology#ElectrosprayDeposition"", ""label"": ""Electrospray Deposition"", ""score"": 0.722}, {""iri"": ""https://w3id.org/h2kg/hydrogen-ontology#PotassiumChlorideElectrolyte"", ""label"": ""Potassium Chloride Electrolyte"", ""score"": 0.649}, {""iri"": ""https://w3id.org/h2kg/hydrogen-ontology#CVScanRateMeasurement"", ""label"": ""CV Scan Rate Measurement"", ""score"": 0.647}]"
https://w3id.org/h2kg/decode/workflow/concept/eot-rde-electrochemical-response-nanostructured-component,EoT RDE electrochemical response (nanostructured),component,component,1,accelerated-stress-test-ast-on-nanostructured-electrodes,"EoT RDE electrochemical response (nanostructured)
internal key: EoT RDE electrochemical response (nanostructured): component",Accelerated Stress Test (AST) on Nanostructured Electrodes,reviewed_decode_anchor,reviewed_decode,https://w3id.org/h2kg/decode/workflow/anchor/eot-rde-electrochemical-response-nanostructured-component,https://w3id.org/h2kg/hydrogen-ontology#Data,Data,data_product,reviewed_structural,DECODE-specific concept retained as a stable reviewed anchor. Its source topology is preserved; no H2KG synonym or new public term was asserted.,"[{""iri"": ""https://w3id.org/h2kg/hydrogen-ontology#ElectrochemicalWorkstation"", ""label"": ""Electrochemical Workstation"", ""score"": 0.612}, {""iri"": ""https://w3id.org/h2kg/hydrogen-ontology#ElectrochemicalImpedanceSpectroscopyPotentiostatic"", ""label"": ""Electrochemical Impedance Spectroscopy Potentiostatic"", ""score"": 0.612}, {""iri"": ""https://w3id.org/h2kg/hydrogen-ontology#ElectrochemicalImpedanceSpectroscopyGalvanostatic"", ""label"": ""Electrochemical Impedance Spectroscopy Galvanostatic"", ""score"": 0.606}]"
https://w3id.org/h2kg/decode/workflow/concept/exafs-spectra-component,EXAFS spectra,component,component,2,development-of-a-zero-gap-cell-for-gde-based-spectrocopy-measurement; three-electrode-cell-assesement-of-cl-by-xas-xanes-exafs-xrd,"EXAFS spectra
internal key: EXAFS spectra: component","Development of a zero gap cell for GDE based spectrocopy measurement; Three electrode cell assesement of CL by XAS, XANES, EXAFS, XRD",reviewed_decode_anchor,reviewed_decode,https://w3id.org/h2kg/decode/workflow/anchor/exafs-spectra-component,https://w3id.org/h2kg/hydrogen-ontology#Data,Data,data_product,reviewed_structural,DECODE-specific concept retained as a stable reviewed anchor. Its source topology is preserved; no H2KG synonym or new public term was asserted.,"[{""iri"": ""https://w3id.org/h2kg/hydrogen-ontology#FTIRDataset"", ""label"": ""FTIR Dataset"", ""score"": 0.72}, {""iri"": ""https://w3id.org/h2kg/hydrogen-ontology#FTIRSpectroscopyMeasurement"", ""label"": ""FTIR Spectroscopy Measurement"", ""score"": 0.72}, {""iri"": ""https://w3id.org/h2kg/hydrogen-ontology#RamanSpectroscopyMeasurement"", ""label"": ""Raman Spectroscopy Measurement"", ""score"": 0.692}]"
https://w3id.org/h2kg/decode/workflow/concept/external-contact-angle-of-a-gdl-method,External contact angle of a GDL,,method,2,external-contact-angle-of-a-gdl; impregnation-by-immersion-and-blade-coating,"External contact angle of a GDL
Owner: PSI:Jens Eller
Task: T2.1
Maturity: established method
Documentation: https://www.kruss-scientific.com/en/products-services/products/dsa100e?_gl=1*1fbrzhd*_up*MQ..andgclid=EAIaIQobChMI-rmo5JK7iAMVU5KDBx0wzzl8EAAYAiAAEgKc9_D_BwE
Range of validity or processability: 
5-180
internal key: External contact angle of a GDL0",Contact angle probe liquid(s); GDL; GDL external contact angle,reviewed_decode_anchor,reviewed_decode,https://w3id.org/h2kg/decode/workflow/anchor/external-contact-angle-of-a-gdl-method,https://w3id.org/h2kg/hydrogen-ontology#Property,Property,physical_or_derived_property,reviewed_structural,DECODE-specific concept retained as a stable reviewed anchor. Its source topology is preserved; no H2KG synonym or new public term was asserted.,"[{""iri"": ""https://w3id.org/h2kg/hydrogen-ontology#ContactAngle"", ""label"": ""Contact Angle"", ""score"": 0.68}, {""iri"": ""https://w3id.org/h2kg/hydrogen-ontology#ContactAngleDecrease_0to200s"", ""label"": ""Contact Angle Decrease 0 to 200 s"", ""score"": 0.656}, {""iri"": ""https://w3id.org/h2kg/hydrogen-ontology#ContactAngleGoniometer"", ""label"": ""Contact Angle Goniometer"", ""score"": 0.655}]"
https://w3id.org/h2kg/decode/workflow/concept/fib-measurements-on-gdl-mpl-and-catalyst-materials-method,FIB measurements on GDL/MPL and catalyst materials.,,method,73,0d-particle-population-degradation-model-coupled-with-performance-model-fitting; blade-coating-and-decal-transfer-for-ref-pefc-ccm; cea-mea-model-europium-2d; cl-for-rde; current-modulated-hydrogen-flow-rate-spectroscopy-ch2s; differential-cell-testing; diffusivities-from-tortuosities; electrospray-deposition-of-catalyst-layers; fib-measurements-on-gdl-or-mpl-and-catalyst-materials; fitting-of-the-europium-model; iet-1d-mea-with-water-transport-eis-model; iet-1d-mea-with-water-transport-in-ccl-eis-model; iet-1d-performance-model-for-mea-fitting; iet-1d-performance-model-for-mea-prediction; image-classification-of-fib-tomography-data; image-classification-on-nm-scale; impregnation-by-immersion-and-blade-coating; ultrasonic-spray-deposition-for-catalytic-layers,"FIB measurements on GDL/MPL and catalyst materials.
Owner: HZB:Markus Osenberg
Task: T2.1
Maturity: under development
Documentation: publication in preparation
Range of validity or processability: 
10 nm resolution, nanopores visible, single teflon grains visible, loss of sufficient region of interest
internal key: FIB measurements on GDL/MPL and catalyst materials.0; FIB measurements on GDL/MPL and catalyst materials.
Owner: HZB:Markus Osenberg
Task: T2.1
Maturity: under development
Documentation: publication in preparation
Range of validity or processability: 
10 nm resolution, nanopores visible, single teflon grains visible, loss of sufficient region of interest
internal key: FIB measurements on GDL/MPL and catalyst materials.1; FIB measurements on GDL/MPL and catalyst materials.
Owner: HZB:Markus Osenberg
Task: T2.1
Maturity: under development
Documentation: publication in preparation
Range of validity or processability: 
10 nm resolution, nanopores visible, single teflon grains visible, loss of sufficient region of interest
internal key: FIB measurements on GDL/MPL and catalyst materials.2; FIB measurements on GDL/MPL and catalyst materials.
Owner: HZB:Markus Osenberg
Task: T2.1
Maturity: under development
Documentation: publication in preparation
Range of validity or processability: 
10 nm resolution, nanopores visible, single teflon grains visible, loss of sufficient region of interest
internal key: FIB measurements on GDL/MPL and catalyst materials.3; FIB measurements on GDL/MPL and catalyst materials.
Owner: HZB:Markus Osenberg
Task: T2.1
Maturity: under development
Documentation: publication in preparation
Range of validity or processability: 
10 nm resolution, nanopores visible, single teflon grains visible, loss of sufficient region of interest
internal key: FIB measurements on GDL/MPL and catalyst materials.4; FIB measurements on GDL/MPL and catalyst materials.
Owner: HZB:Markus Osenberg
Task: T2.1
Maturity: under development
Documentation: publication in preparation
Range of validity or processability: 
10 nm resolution, nanopores visible, single teflon grains visible, loss of sufficient region of interest
internal key: FIB measurements on GDL/MPL and catalyst materials.5",CCL 3D voxel data raw; CCL thickness; CCM; CL on GDL; CL on glassy carbon; CL on membrane; CL on substrate; GDL; MPL 3D voxel data raw; MPL thickness,reviewed_decode_anchor,reviewed_decode,https://w3id.org/h2kg/decode/workflow/anchor/fib-measurements-on-gdl-mpl-and-catalyst-materials-method,https://w3id.org/h2kg/hydrogen-ontology#Measurement,Measurement,method_visual_default,reviewed_structural,DECODE-specific concept retained as a stable reviewed anchor. Its source topology is preserved; no H2KG synonym or new public term was asserted.,"[{""iri"": ""https://w3id.org/h2kg/hydrogen-ontology#ImageAnalysisPoreMeasurement"", ""label"": ""Image Analysis Pore Measurement"", ""score"": 0.642}, {""iri"": ""https://w3id.org/h2kg/hydrogen-ontology#CatalystLayerThicknessMeasurement"", ""label"": ""Catalyst Layer Thickness Measurement"", ""score"": 0.628}, {""iri"": ""https://w3id.org/h2kg/hydrogen-ontology#CatalystLoadingDetermination"", ""label"": ""Catalyst Loading Determination"", ""score"": 0.615}]"
https://w3id.org/h2kg/decode/workflow/concept/fib-sem-on-cl-material-method,FIB-SEM on CL material,,method,14,ai-based-generation-of-structural-digital-twins-of-multi-scale-tomographies; blade-coating-and-decal-transfer-for-ref-pefc-ccm; electrospray-deposition-of-catalyst-layers; fib-sem-on-cl-material; image-classification-of-fib-tomography-data; image-classification-on-nm-scale; image-fib-tomography-dataparameter-extraction-3d; ionomer-reconstruction-in-ccl-3d-images; ultrasonic-spray-deposition-for-catalytic-layers; voxel-based-3d-effective-diffusivity-simulation; voxel-based-3d-electric-conductiviy-simulation; voxel-based-3d-permability-simulation; voxel-based-3d-thermal-conductivity-simulation; water-retention-curve-simulation,"FIB-SEM on CL material
Owner: CEA:Laure Guetaz
Task: T1.4, T2.1
Maturity: established method
Documentation: https://doi.org/10.1016/j.ijhydene.2024.07.097
Range of validity or processability: 
voxel size : 5 nm x 5 nm x 5 nm, micropores are not visible, the solid phase consists of Pt/C+ ionomers that are indistinguishable from each other.
internal key: FIB-SEM on CL material0",CCL 3D voxel data classified; CCL 3D voxel data raw; CCM,existing_h2kg_mapping,approved_h2kg,https://w3id.org/h2kg/hydrogen-ontology#FIBSEMTomographyMeasurement,https://w3id.org/h2kg/hydrogen-ontology#Measurement,Measurement,method_visual_default,unreviewed,Reviewed method mapping to the public H2KG FIB-SEM tomography measurement anchor.,"[{""iri"": ""https://w3id.org/h2kg/hydrogen-ontology#ElectronMicroscopyImaging"", ""label"": ""Electron Microscopy Imaging"", ""score"": 0.627}, {""iri"": ""https://w3id.org/h2kg/hydrogen-ontology#GrapheneFlakeLateralSize"", ""label"": ""Graphene Flake Lateral Size"", ""score"": 0.611}, {""iri"": ""https://w3id.org/h2kg/hydrogen-ontology#SEMImageDataset"", ""label"": ""SEM Image Dataset"", ""score"": 0.611}]"
https://w3id.org/h2kg/decode/workflow/concept/fitting-of-the-europium-model-model,Fitting of the Europium model,,model,41,0d-particle-population-degradation-model-coupled-with-performance-model-prediction; 0d-particle-population-degradation-model-coupled-with-performance-model-prediction-without-fitting-methods; cea-mea-model-europium-2d; ct-based-capillary-pressure-saturation-curves; current-modulated-hydrogen-flow-rate-spectroscopy-ch2s; data-extraction-from-existing-pewe-measurements-u-i-t; determination-of-cl-saturation-by-saxs-or-sans; differential-cell-testing; diffusivities-from-tortuosities; distribution-of-contact-angles-in-ccl-fib-sem-image-from-ionomer-reconstruction; eis-on-pewe-cells; electrical-conductivity; electrical-contact-resistance; electrical-tlm-characterization-of-a-gdl-with-defined-compression; fib-measurements-on-gdl-or-mpl-and-catalyst-materials; fitting-of-the-europium-model; gas-permeability-of-a-gdl-with-defined-compression; gdl-compressability; hg-porosimetry-gdl; iet-1d-mea-with-water-transport-eis-model; iet-1d-mea-with-water-transport-in-ccl-eis-model; iet-1d-performance-model-for-mea-fitting; iet-1d-performance-model-for-mea-prediction; iet-composition-to-property-model; iet-ink-to-composition-model; image-based-ccl-effective-transport-property-computation-from-numerical-simulations; image-fib-tomography-dataparameter-extraction-3d; image-parameter-extraction-2d; image-x-ray-tomography-data-parameter-extraction-3d; microscopy-sem-and-optical-in-mea-cross-section; mpl-parameter-estimation-from-gdl-and-substrate-data; pulsed-gas-analysis; sem-and-edx; sem-and-fib-layer; simulation-of-single-phase-3d-apparent-properties; simulation-of-two-phase-3d-apparent-properties; voxel-based-3d-effective-diffusivity-simulation; voxel-based-3d-electric-conductiviy-simulation; voxel-based-3d-permability-simulation; voxel-based-3d-thermal-conductivity-simulation; water-retention-curve-simulation,"Fitting of the Europium model
Owner: CEA:Pascal Schott
Task: T2.2
Maturity: established method
Documentation: 
Range of validity or processability: 
Numerous validations on experiments (polarization curves) but difficult to define a validity range,the applicability of the model is large,its validity (compared to experiments) depends on the range of the fitting and the accuracy requested
internal key: Fitting of the Europium model0",CCL ORR apparent Tafel slope(s); CCL ORR effective exchange current density; CCL ORR effective reaction order(s); CCL ORR rate prefactor; CCL average pore radius; CCL conductivity; CCL effective double-layer capacitance; CCL effective proton conductivity; CCL effective water permeability; CCL ionomer effective film thickness; CCL ionomer volume fraction (dry); CCL permeability; CCL porosity; CCL thermal conductivity; CCL thickness; CCL tortuosity; CCL water retention curve; Catalyst loading; Cell clamping pressure; Cell crossover current density,reviewed_decode_anchor,reviewed_decode,https://w3id.org/h2kg/decode/workflow/anchor/fitting-of-the-europium-model-model,https://w3id.org/h2kg/hydrogen-ontology#Process,Process,workflow_or_analysis,reviewed_structural,DECODE-specific concept retained as a stable reviewed anchor. Its source topology is preserved; no H2KG synonym or new public term was asserted.,"[{""iri"": ""https://w3id.org/h2kg/hydrogen-ontology#Ferritin"", ""label"": ""Ferritin"", ""score"": 0.627}]"
https://w3id.org/h2kg/decode/workflow/concept/fitting-version-of-the-hierachical-model-model,Fitting Version of the Hierachical Model,,model,22,confocal-laser-scanning-microscope-clsm-and-fluorescent-probes-for-local-ph-assessment-in-acidic-med; confocal-laser-scanning-microscope-clsm-and-fluorescent-probes-for-local-ph-assessment-in-alkaline-m; dft-onto-idealized-surfaces; fitting-version-of-the-hierachical-model; hierarchical-model-for-electrocatalytic-reactions; rde-on-mono-or-polycrystalline-electrodes; rde-simulation-in-comsol; rrde-on-model-electrodes-in-acidic-solutions; rrde-on-model-electrodes-in-alkaline-solutions; rrde-simulation-in-comsol; rrde-theory,"Fitting Version of the Hierachical Model
Owner: ULEI, FZJ-IET-3:Karen van den Akker, Xinwei Xhu, Katie Levey
Task: T1.2
Maturity: established method
Documentation: 
Range of validity or processability: unkonwn
internal key: Fitting Version of the Hierachical Model0; Fitting Version of the Hierachical Model
Owner: ULEI, FZJ-IET-3:Karen van den Akker, Xinwei Xhu, Katie Levey
Task: T1.2
Maturity: established method
Documentation: 
Range of validity or processability: unkonwn
internal key: Fitting Version of the Hierachical Model1",Activation barriers of elementary steps; Binding energies of intermediates; LRE capacitance (idealized); LRE pH distribution (idealized); LRE potential distribution (idealized); RDE electrochemical protocol; RDE electrochemical response (idealized); Reaction mechanisms (ORR); Transfer coefficients of elementary steps,reviewed_decode_anchor,reviewed_decode,https://w3id.org/h2kg/decode/workflow/anchor/fitting-version-of-the-hierachical-model-model,https://w3id.org/h2kg/hydrogen-ontology#Process,Process,workflow_or_analysis,reviewed_structural,DECODE-specific concept retained as a stable reviewed anchor. Its source topology is preserved; no H2KG synonym or new public term was asserted.,[]
https://w3id.org/h2kg/decode/workflow/concept/flow-field-geometry-device,Flow-field geometry,device,device,5,cea-mea-model-europium-2d; current-modulated-hydrogen-flow-rate-spectroscopy-ch2s; determination-of-cl-saturation-by-saxs-or-sans; fitting-of-the-europium-model; mpl-saturation-determination-from-x-ray-ct-data,"Flow-field geometry
internal key: Flow-field geometry: device",CEA MEA model (Europium 2D); Current modulated hydrogen flow-rate spectroscopy (CH2S); Determination of CL saturation by SAXS/SANS; Fitting of the Europium model; MPL saturation determination from X-ray CT-data,reviewed_decode_anchor,reviewed_decode,https://w3id.org/h2kg/decode/workflow/anchor/flow-field-geometry-device,https://w3id.org/h2kg/hydrogen-ontology#Parameter,Parameter,operating_or_geometric_parameter,reviewed_structural,DECODE-specific concept retained as a stable reviewed anchor. Its source topology is preserved; no H2KG synonym or new public term was asserted.,"[{""iri"": ""https://w3id.org/h2kg/hydrogen-ontology#FlowField"", ""label"": ""Flow Field"", ""score"": 0.69}, {""iri"": ""https://w3id.org/h2kg/hydrogen-ontology#GraphiteBipolarPlate"", ""label"": ""Graphite Bipolar Plate"", ""score"": 0.667}, {""iri"": ""https://w3id.org/h2kg/hydrogen-ontology#FlowFieldRibWidth"", ""label"": ""Flow Field Rib Width"", ""score"": 0.615}]"
https://w3id.org/h2kg/decode/workflow/concept/gas-permeability-of-a-gdl-with-defined-compression-method,Gas permeability of a GDL with defined compression,,method,16,cea-mea-model-europium-2d; fitting-of-the-europium-model; gas-permeability-of-a-gdl-with-defined-compression; gdl-compressability; image-parameter-extraction-2d; image-x-ray-tomography-data-parameter-extraction-3d; impregnation-by-immersion-and-blade-coating; microscopy-sem-and-optical-in-mea-cross-section; mpl-parameter-estimation-from-gdl-and-substrate-data; sem-and-edx; sem-and-fib-layer,"Gas permeability of a GDL with defined compression
Owner: BOSCH:Matthias Hanauer
Task: T2.1
Maturity: established method
Documentation: DOI: 10.1115/1.4001047
Range of validity or processability: 
10-14 - 10-11 m
internal key: Gas permeability of a GDL with defined compression0; Gas permeability of a GDL with defined compression
Owner: BOSCH:Matthias Hanauer
Task: T2.1
Maturity: established method
Documentation: DOI: 10.1115/1.4001047
Range of validity or processability: 
10-14 - 10-11 m
internal key: Gas permeability of a GDL with defined compression1",GDL; GDL in-plane permeability; GDL stress-strain curve; GDL substrate; GDL substrate in-plane permeability; GDL substrate stress-strain curve; GDL substrate thickness; GDL substrate through-plane permeability; GDL thickness; GDL through-plane permeability,reviewed_decode_anchor,reviewed_decode,https://w3id.org/h2kg/decode/workflow/anchor/gas-permeability-of-a-gdl-with-defined-compression-method,https://w3id.org/h2kg/hydrogen-ontology#Property,Property,physical_or_derived_property,reviewed_structural,DECODE-specific concept retained as a stable reviewed anchor. Its source topology is preserved; no H2KG synonym or new public term was asserted.,"[{""iri"": ""https://w3id.org/h2kg/hydrogen-ontology#IonomerThinFilmPermeability"", ""label"": ""Ionomer Thin Film Permeability"", ""score"": 0.561}, {""iri"": ""https://w3id.org/h2kg/hydrogen-ontology#OxygenPermeabilityFactorVsNafion"", ""label"": ""Oxygen Permeability Factor Vs Nafion"", ""score"": 0.558}]"
https://w3id.org/h2kg/decode/workflow/concept/gde-component,GDE,component,component,5,confocal-laser-scanning-microscope-clsm-and-fluorescent-probes-for-local-ph-assessment-in-acidic-med2; confocal-laser-scanning-microscope-clsm-and-fluorescent-probes-for-local-ph-assessment-in-alkaline-m2; electrospray-deposition-of-catalyst-layers; gde-catalytic-layer-preparation; gde-cell-for-electrochemical-studies,"GDE
internal key: GDE: component",Confocal Laser Scanning Microscope (CLSM) + fluorescent probes for local pH assessment in acidic media in GDE configuration; Confocal Laser Scanning Microscope (CLSM) + fluorescent probes for local pH assessment in alkaline media in GDE configuration; Electrospray deposition of Catalyst Layers; GDE Catalytic Layer Preparation; GDE cell for electrochemical studies,reviewed_decode_anchor,reviewed_decode,https://w3id.org/h2kg/decode/workflow/anchor/gde-component,https://w3id.org/h2kg/hydrogen-ontology#Matter,Matter,component_category_default,reviewed_structural,DECODE-specific concept retained as a stable reviewed anchor. Its source topology is preserved; no H2KG synonym or new public term was asserted.,"[{""iri"": ""https://w3id.org/h2kg/hydrogen-ontology#CathodeGDE"", ""label"": ""Cathode GDE"", ""score"": 1.0}, {""iri"": ""https://w3id.org/h2kg/hydrogen-ontology#AnodeGDE"", ""label"": ""Anode GDE"", ""score"": 0.667}, {""iri"": ""https://w3id.org/h2kg/hydrogen-ontology#DiscreteElementMethodPackingSimulation"", ""label"": ""Discrete Element Method Packing Simulation"", ""score"": 0.667}]"
https://w3id.org/h2kg/decode/workflow/concept/gde-catalytic-layer-preparation-process,GDE Catalytic Layer Preparation,,process,5,confocal-laser-scanning-microscope-clsm-and-fluorescent-probes-for-local-ph-assessment-in-acidic-med2; confocal-laser-scanning-microscope-clsm-and-fluorescent-probes-for-local-ph-assessment-in-alkaline-m2; gde-catalytic-layer-preparation; gde-cell-for-electrochemical-studies; impregnation-by-immersion-and-blade-coating,"GDE Catalytic Layer Preparation
Owner: ICPEES@CNRS/Unistra and PSI:Tristan Asset, Emiliana Fabbri, Tim Welmers
Task: T1.3
Maturity: unknown
Documentation: 
Range of validity or processability: 
know-how limited, i.e., mainly to carbon based inks onto hydrophobic GDEs
internal key: GDE Catalytic Layer Preparation0",Catalyst ink composition; Catalyst powder; GDE; GDL; Instruments for mixing and deposition; Ionomer; Solvent,reviewed_decode_anchor,reviewed_decode,https://w3id.org/h2kg/decode/workflow/anchor/gde-catalytic-layer-preparation-process,https://w3id.org/h2kg/hydrogen-ontology#Manufacturing,Manufacturing,physical_manufacturing_workflow,reviewed_structural,DECODE-specific concept retained as a stable reviewed anchor. Its source topology is preserved; no H2KG synonym or new public term was asserted.,"[{""iri"": ""https://w3id.org/h2kg/hydrogen-ontology#CatalystInkPreparation"", ""label"": ""Catalyst Ink Preparation"", ""score"": 0.727}, {""iri"": ""https://w3id.org/h2kg/hydrogen-ontology#CatalystLayerMicrostructureSimulation"", ""label"": ""Catalyst Layer Microstructure Simulation"", ""score"": 0.679}, {""iri"": ""https://w3id.org/h2kg/hydrogen-ontology#DoubleLayerCapacitanceRatio"", ""label"": ""Double Layer Capacitance Ratio"", ""score"": 0.656}]"
https://w3id.org/h2kg/decode/workflow/concept/gde-cell-for-electrochemical-studies-method,GDE cell for electrochemical studies,,method,9,electrospray-deposition-of-catalyst-layers; gde-catalytic-layer-preparation; gde-cell-for-electrochemical-studies; impregnation-by-immersion-and-blade-coating,"GDE cell for electrochemical studies
Owner: ICPEES@CNRS/Unistra, PSI:Tristan Asset, Emiliana Fabbri, Tim Welmers
Task: T1.3
Maturity: unknown
Documentation: 
Range of validity or processability: 
Choice of the reference has to be adapted to the environment, but the setup is valid for all reactions within DECODE (OER, ORR, HOR, HER) in acidic and alkaline.
internal key: GDE cell for electrochemical studies0; GDE cell for electrochemical studies
Owner: ICPEES@CNRS/Unistra, PSI:Tristan Asset, Emiliana Fabbri, Tim Welmers
Task: T1.3
Maturity: unknown
Documentation: 
Range of validity or processability: 
Choice of the reference has to be adapted to the environment, but the setup is valid for all reactions within DECODE (OER, ORR, HOR, HER) in acidic and alkaline.
internal key: GDE cell for electrochemical studies1; GDE cell for electrochemical studies
Owner: ICPEES@CNRS/Unistra, PSI:Tristan Asset, Emiliana Fabbri, Tim Welmers
Task: T1.3
Maturity: unknown
Documentation: 
Range of validity or processability: 
Choice of the reference has to be adapted to the environment, but the setup is valid for all reactions within DECODE (OER, ORR, HOR, HER) in acidic and alkaline.
internal key: GDE cell for electrochemical studies2",CL on membrane; Electrolyte; GDE; GDE RH; GDE electrochemical protocol; GDE electrochemical response; GDE gas flow rate; GDE temperature; GDL; Membrane,reviewed_decode_anchor,reviewed_decode,https://w3id.org/h2kg/decode/workflow/anchor/gde-cell-for-electrochemical-studies-method,https://w3id.org/h2kg/hydrogen-ontology#Instrument,Instrument,apparatus_or_electrode,reviewed_structural,DECODE-specific concept retained as a stable reviewed anchor. Its source topology is preserved; no H2KG synonym or new public term was asserted.,"[{""iri"": ""https://w3id.org/h2kg/hydrogen-ontology#ElectrochemicalWorkstation"", ""label"": ""Electrochemical Workstation"", ""score"": 0.676}, {""iri"": ""https://w3id.org/h2kg/hydrogen-ontology#ElectrochemicalReactionSimulation"", ""label"": ""Electrochemical Reaction Simulation"", ""score"": 0.62}, {""iri"": ""https://w3id.org/h2kg/hydrogen-ontology#ElectrochemicallyActiveSurfaceArea"", ""label"": ""Electrochemically Active Surface Area"", ""score"": 0.603}]"
https://w3id.org/h2kg/decode/workflow/concept/gde-eis-component,GDE EIS,component,component,1,transmission-line-model-fitting-of-cl-eis-patterns-for-components-distribution,"GDE EIS
internal key: GDE EIS: component",Transmission Line Model Fitting of CL EIS patterns for components distribution,reviewed_decode_anchor,reviewed_decode,https://w3id.org/h2kg/decode/workflow/anchor/gde-eis-component,https://w3id.org/h2kg/hydrogen-ontology#Data,Data,data_product,reviewed_structural,DECODE-specific concept retained as a stable reviewed anchor. Its source topology is preserved; no H2KG synonym or new public term was asserted.,"[{""iri"": ""https://w3id.org/h2kg/hydrogen-ontology#AnodeGDE"", ""label"": ""Anode GDE"", ""score"": 0.625}, {""iri"": ""https://w3id.org/h2kg/hydrogen-ontology#CathodeGDE"", ""label"": ""Cathode GDE"", ""score"": 0.6}, {""iri"": ""https://w3id.org/h2kg/hydrogen-ontology#ElectrochemicalImpedanceSpectroscopyGalvanostatic"", ""label"": ""Electrochemical Impedance Spectroscopy Galvanostatic"", ""score"": 0.6}]"
https://w3id.org/h2kg/decode/workflow/concept/gde-eis-catalyst-free-component,GDE EIS (catalyst-free),component,component,1,transmission-line-model-fitting-of-cl-eis-patterns-for-components-distribution,"GDE EIS (catalyst-free)
internal key: GDE EIS (catalyst-free): component",Transmission Line Model Fitting of CL EIS patterns for components distribution,reviewed_decode_anchor,reviewed_decode,https://w3id.org/h2kg/decode/workflow/anchor/gde-eis-catalyst-free-component,https://w3id.org/h2kg/hydrogen-ontology#Data,Data,data_product,reviewed_structural,DECODE-specific concept retained as a stable reviewed anchor. Its source topology is preserved; no H2KG synonym or new public term was asserted.,"[{""iri"": ""https://w3id.org/h2kg/hydrogen-ontology#FeNCCatalyst"", ""label"": ""Fe NC Catalyst"", ""score"": 0.789}, {""iri"": ""https://w3id.org/h2kg/hydrogen-ontology#NSPCNFsCatalyst"", ""label"": ""NSPCN Fs Catalyst"", ""score"": 0.714}, {""iri"": ""https://w3id.org/h2kg/hydrogen-ontology#PrintedFerritinPreCatalystPattern"", ""label"": ""Printed Ferritin Pre Catalyst Pattern"", ""score"": 0.683}]"
https://w3id.org/h2kg/decode/workflow/concept/gde-eis-ionomer-free-component,GDE EIS (ionomer-free),component,component,1,transmission-line-model-fitting-of-cl-eis-patterns-for-components-distribution,"GDE EIS (ionomer-free)
internal key: GDE EIS (ionomer-free): component",Transmission Line Model Fitting of CL EIS patterns for components distribution,reviewed_decode_anchor,reviewed_decode,https://w3id.org/h2kg/decode/workflow/anchor/gde-eis-ionomer-free-component,https://w3id.org/h2kg/hydrogen-ontology#Data,Data,data_product,reviewed_structural,DECODE-specific concept retained as a stable reviewed anchor. Its source topology is preserved; no H2KG synonym or new public term was asserted.,"[{""iri"": ""https://w3id.org/h2kg/hydrogen-ontology#IonomerPatchSurfaceCoverage"", ""label"": ""Ionomer Patch Surface Coverage"", ""score"": 0.667}, {""iri"": ""https://w3id.org/h2kg/hydrogen-ontology#IonomerConnectedElectrochemicallyActiveSurfaceArea"", ""label"": ""Ionomer Connected Electrochemically Active Surface Area"", ""score"": 0.625}, {""iri"": ""https://w3id.org/h2kg/hydrogen-ontology#IonomerAggregateDiameter"", ""label"": ""Ionomer Aggregate Diameter"", ""score"": 0.609}]"
https://w3id.org/h2kg/decode/workflow/concept/gde-electrochemical-protocol-component,GDE electrochemical protocol,component,component,3,development-of-a-zero-gap-cell-for-gde-based-spectrocopy-measurement; gde-cell-for-electrochemical-studies; three-electrode-cell-assesement-of-cl-by-xas-xanes-exafs-xrd,"GDE electrochemical protocol
internal key: GDE electrochemical protocol: component","Development of a zero gap cell for GDE based spectrocopy measurement; GDE cell for electrochemical studies; Three electrode cell assesement of CL by XAS, XANES, EXAFS, XRD",reviewed_decode_anchor,reviewed_decode,https://w3id.org/h2kg/decode/workflow/anchor/gde-electrochemical-protocol-component,https://w3id.org/h2kg/hydrogen-ontology#Process,Process,workflow_or_analysis,reviewed_structural,DECODE-specific concept retained as a stable reviewed anchor. Its source topology is preserved; no H2KG synonym or new public term was asserted.,"[{""iri"": ""https://w3id.org/h2kg/hydrogen-ontology#ElectrochemicalImpedanceSpectroscopyPotentiostatic"", ""label"": ""Electrochemical Impedance Spectroscopy Potentiostatic"", ""score"": 0.727}, {""iri"": ""https://w3id.org/h2kg/hydrogen-ontology#ElectrochemicalWorkstation"", ""label"": ""Electrochemical Workstation"", ""score"": 0.691}, {""iri"": ""https://w3id.org/h2kg/hydrogen-ontology#ElectrochemicalReactionSimulation"", ""label"": ""Electrochemical Reaction Simulation"", ""score"": 0.635}]"
https://w3id.org/h2kg/decode/workflow/concept/gde-electrochemical-response-component,GDE electrochemical response,component,component,3,development-of-a-zero-gap-cell-for-gde-based-spectrocopy-measurement; gde-cell-for-electrochemical-studies; three-electrode-cell-assesement-of-cl-by-xas-xanes-exafs-xrd,"GDE electrochemical response
internal key: GDE electrochemical response: component","Development of a zero gap cell for GDE based spectrocopy measurement; GDE cell for electrochemical studies; Three electrode cell assesement of CL by XAS, XANES, EXAFS, XRD",reviewed_decode_anchor,reviewed_decode,https://w3id.org/h2kg/decode/workflow/anchor/gde-electrochemical-response-component,https://w3id.org/h2kg/hydrogen-ontology#Data,Data,data_product,reviewed_structural,DECODE-specific concept retained as a stable reviewed anchor. Its source topology is preserved; no H2KG synonym or new public term was asserted.,"[{""iri"": ""https://w3id.org/h2kg/hydrogen-ontology#ElectrochemicalWorkstation"", ""label"": ""Electrochemical Workstation"", ""score"": 0.727}, {""iri"": ""https://w3id.org/h2kg/hydrogen-ontology#ElectrochemicalImpedanceSpectroscopyPotentiostatic"", ""label"": ""Electrochemical Impedance Spectroscopy Potentiostatic"", ""score"": 0.697}, {""iri"": ""https://w3id.org/h2kg/hydrogen-ontology#ElectrochemicalReactionSimulation"", ""label"": ""Electrochemical Reaction Simulation"", ""score"": 0.667}]"
https://w3id.org/h2kg/decode/workflow/concept/gde-gas-flow-rate-component,GDE gas flow rate,component,component,1,gde-cell-for-electrochemical-studies,"GDE gas flow rate
internal key: GDE gas flow rate: component",GDE cell for electrochemical studies,reviewed_decode_anchor,reviewed_decode,https://w3id.org/h2kg/decode/workflow/anchor/gde-gas-flow-rate-component,https://w3id.org/h2kg/hydrogen-ontology#Parameter,Parameter,operating_or_geometric_parameter,reviewed_structural,DECODE-specific concept retained as a stable reviewed anchor. Its source topology is preserved; no H2KG synonym or new public term was asserted.,"[{""iri"": ""https://w3id.org/h2kg/hydrogen-ontology#GasFlowRate"", ""label"": ""Gas Flow Rate"", ""score"": 0.867}, {""iri"": ""https://w3id.org/h2kg/hydrogen-ontology#GasVolumetricFlowRate"", ""label"": ""Gas Volumetric Flow Rate"", ""score"": 0.867}, {""iri"": ""https://w3id.org/h2kg/hydrogen-ontology#MassFlowRate"", ""label"": ""Mass Flow Rate"", ""score"": 0.774}]"
https://w3id.org/h2kg/decode/workflow/concept/gde-rh-component,GDE RH,component,component,1,gde-cell-for-electrochemical-studies,"GDE RH
internal key: GDE RH: component",GDE cell for electrochemical studies,reviewed_decode_anchor,reviewed_decode,https://w3id.org/h2kg/decode/workflow/anchor/gde-rh-component,https://w3id.org/h2kg/hydrogen-ontology#Matter,Matter,component_category_default,reviewed_structural,DECODE-specific concept retained as a stable reviewed anchor. Its source topology is preserved; no H2KG synonym or new public term was asserted.,"[{""iri"": ""https://w3id.org/h2kg/hydrogen-ontology#AnodeGDE"", ""label"": ""Anode GDE"", ""score"": 0.667}, {""iri"": ""https://w3id.org/h2kg/hydrogen-ontology#CathodeGDE"", ""label"": ""Cathode GDE"", ""score"": 0.667}, {""iri"": ""https://w3id.org/h2kg/hydrogen-ontology#HydrodynamicDiameter"", ""label"": ""Hydrodynamic Diameter"", ""score"": 0.667}]"
https://w3id.org/h2kg/decode/workflow/concept/gde-temperature-component,GDE temperature,component,component,3,confocal-laser-scanning-microscope-clsm-and-fluorescent-probes-for-local-ph-assessment-in-acidic-med2; confocal-laser-scanning-microscope-clsm-and-fluorescent-probes-for-local-ph-assessment-in-alkaline-m2; gde-cell-for-electrochemical-studies,"GDE temperature
internal key: GDE temperature: component",Confocal Laser Scanning Microscope (CLSM) + fluorescent probes for local pH assessment in acidic media in GDE configuration; Confocal Laser Scanning Microscope (CLSM) + fluorescent probes for local pH assessment in alkaline media in GDE configuration; GDE cell for electrochemical studies,reviewed_decode_anchor,reviewed_decode,https://w3id.org/h2kg/decode/workflow/anchor/gde-temperature-component,https://w3id.org/h2kg/hydrogen-ontology#Parameter,Parameter,operating_or_geometric_parameter,reviewed_structural,DECODE-specific concept retained as a stable reviewed anchor. Its source topology is preserved; no H2KG synonym or new public term was asserted.,"[{""iri"": ""https://w3id.org/h2kg/hydrogen-ontology#Temperature"", ""label"": ""Temperature"", ""score"": 0.846}, {""iri"": ""https://w3id.org/h2kg/hydrogen-ontology#BakeTemperature"", ""label"": ""Bake Temperature"", ""score"": 0.839}, {""iri"": ""https://w3id.org/h2kg/hydrogen-ontology#DryingTemperature"", ""label"": ""Drying Temperature"", ""score"": 0.839}]"
https://w3id.org/h2kg/decode/workflow/concept/gdl-component,GDL,component,component,27,cl-for-rde; contact-angle-extraction-of-ct-data; ct-based-capillary-pressure-saturation-curves; determination-of-cl-saturation-by-saxs-or-sans; dropcasted-ink-on-gc-tips; electrical-conductivity; electrical-contact-resistance; electrical-tlm-characterization-of-a-gdl-with-defined-compression; electrospray-deposition-of-catalyst-layers; external-contact-angle-of-a-gdl; fib-measurements-on-gdl-or-mpl-and-catalyst-materials; gas-permeability-of-a-gdl-with-defined-compression; gde-catalytic-layer-preparation; gde-cell-for-electrochemical-studies; gdl-compressability; hg-porosimetry-gdl; impregnation-by-immersion-and-blade-coating; lab-ct-measurements-on-gdl-or-mpl-materials; mea-assembly-for-pefc-ref-mea; mechanical-properties-of-catalyst-layers-gdls-and-meas-by-small-punch-and-nanoindentation; mpl-saturation-determination-from-x-ray-ct-data; neutron-imaging; pulsed-gas-analysis; sem-and-edx; sem-and-fib-layer; synch-ct-measurements-on-gdl-or-mpl-materials; wilhelmy-wettability-measurement,"GDL
internal key: GDL: component",CL for RDE; CT-based capillary pressure saturation curves; Contact angle extraction of CT data; Determination of CL saturation by SAXS/SANS; Dropcasted Ink on GC Tips; Electrical TLM characterization of a GDL with defined compression; Electrical conductivity; Electrical contact resistance; Electrospray deposition of Catalyst Layers; External contact angle of a GDL; FIB measurements on GDL/MPL and catalyst materials.; GDE Catalytic Layer Preparation; GDE cell for electrochemical studies; GDL compressability; Gas permeability of a GDL with defined compression; Hg porosimetry GDL; Impregnation by immersion and blade coating; LAB-CT measurements on GDL/MPL materials; MEA assembly for PEFC ref MEA; MPL saturation determination from X-ray CT-data,existing_h2kg_mapping,approved_h2kg,https://w3id.org/h2kg/hydrogen-ontology#GasDiffusionLayer,https://w3id.org/h2kg/hydrogen-ontology#Matter,Matter,component_category_default,unreviewed,Reviewed abbreviation mapping to the established H2KG GDL anchor.,"[{""iri"": ""https://w3id.org/h2kg/hydrogen-ontology#GasDiffusionLayer"", ""label"": ""Gas Diffusion Layer"", ""score"": 1.0}, {""iri"": ""https://w3id.org/h2kg/hydrogen-ontology#GasDiffusionLayerPorosity"", ""label"": ""Gas Diffusion Layer Porosity"", ""score"": 0.857}, {""iri"": ""https://w3id.org/h2kg/hydrogen-ontology#AcidDopingLevel"", ""label"": ""Acid Doping Level"", ""score"": 0.667}]"
https://w3id.org/h2kg/decode/workflow/concept/gdl-4d-voxel-data-classified-macrohomogeneous-local,GDL 4D voxel data classified,macrohomogeneous local,data,1,neutron-imaging,"GDL 4D voxel data classified
internal key: GDL 4D voxel data classified: macrohomogeneous local",Neutron Imaging,reviewed_decode_anchor,reviewed_decode,https://w3id.org/h2kg/decode/workflow/anchor/gdl-4d-voxel-data-classified-macrohomogeneous-local,https://w3id.org/h2kg/hydrogen-ontology#Data,Data,data_visual_default,reviewed_structural,DECODE-specific concept retained as a stable reviewed anchor. Its source topology is preserved; no H2KG synonym or new public term was asserted.,[]
https://w3id.org/h2kg/decode/workflow/concept/gdl-compressability-method,GDL compressability,,method,27,0d-particle-population-degradation-model-coupled-with-performance-model-prediction; 0d-particle-population-degradation-model-coupled-with-performance-model-prediction-without-fitting-methods; cea-mea-model-europium-2d; current-modulated-hydrogen-flow-rate-spectroscopy-ch2s; diffusivities-from-tortuosities; electrical-conductivity; electrical-contact-resistance; electrical-tlm-characterization-of-a-gdl-with-defined-compression; fitting-of-the-europium-model; gas-permeability-of-a-gdl-with-defined-compression; gdl-compressability; iet-1d-mea-with-water-transport-eis-model; iet-1d-mea-with-water-transport-in-ccl-eis-model; iet-1d-performance-model-for-mea-fitting; iet-1d-performance-model-for-mea-prediction; impregnation-by-immersion-and-blade-coating; mpl-parameter-estimation-from-gdl-and-substrate-data,"GDL compressability
Owner: BOSCH:Matthias Hanauer
Task: T2.1
Maturity: established method
Documentation: no public documentation
Range of validity or processability: 
samples with uniform thickness between 50 and 3000 m. Method accuracy in order of 2%.
internal key: GDL compressability0; GDL compressability
Owner: BOSCH:Matthias Hanauer
Task: T2.1
Maturity: established method
Documentation: no public documentation
Range of validity or processability: 
samples with uniform thickness between 50 and 3000 m. Method accuracy in order of 2%.
internal key: GDL compressability1",GDL; GDL stress-strain curve; GDL substrate; GDL substrate stress-strain curve; GDL substrate thickness; GDL thickness,reviewed_decode_anchor,reviewed_decode,https://w3id.org/h2kg/decode/workflow/anchor/gdl-compressability-method,https://w3id.org/h2kg/hydrogen-ontology#Measurement,Measurement,method_visual_default,reviewed_structural,DECODE-specific concept retained as a stable reviewed anchor. Its source topology is preserved; no H2KG synonym or new public term was asserted.,"[{""iri"": ""https://w3id.org/h2kg/hydrogen-ontology#OxygenPermeability"", ""label"": ""Oxygen Permeability"", ""score"": 0.667}, {""iri"": ""https://w3id.org/h2kg/hydrogen-ontology#MicroporousLayerPermeability"", ""label"": ""Microporous Layer Permeability"", ""score"": 0.629}, {""iri"": ""https://w3id.org/h2kg/hydrogen-ontology#CrossheadSpeed"", ""label"": ""Crosshead Speed"", ""score"": 0.611}]"
https://w3id.org/h2kg/decode/workflow/concept/gdl-contact-resistance-vs-au-component,GDL contact resistance vs Au,component,component,1,electrical-tlm-characterization-of-a-gdl-with-defined-compression,"GDL contact resistance vs Au
internal key: GDL contact resistance vs Au: component",Electrical TLM characterization of a GDL with defined compression,reviewed_decode_anchor,reviewed_decode,https://w3id.org/h2kg/decode/workflow/anchor/gdl-contact-resistance-vs-au-component,https://w3id.org/h2kg/hydrogen-ontology#Property,Property,physical_or_derived_property,reviewed_structural,DECODE-specific concept retained as a stable reviewed anchor. Its source topology is preserved; no H2KG synonym or new public term was asserted.,"[{""iri"": ""https://w3id.org/h2kg/hydrogen-ontology#CathodeResistance"", ""label"": ""Cathode Resistance"", ""score"": 0.652}, {""iri"": ""https://w3id.org/h2kg/hydrogen-ontology#LateralElectronicResistance"", ""label"": ""Lateral Electronic Resistance"", ""score"": 0.652}, {""iri"": ""https://w3id.org/h2kg/hydrogen-ontology#ConductivityDataset"", ""label"": ""Conductivity Dataset"", ""score"": 0.651}]"
https://w3id.org/h2kg/decode/workflow/concept/gdl-contact-resistance-vs-bpp-component,GDL contact resistance vs BPP,component,component,1,electrical-contact-resistance,"GDL contact resistance vs BPP
internal key: GDL contact resistance vs BPP: component",Electrical contact resistance,reviewed_decode_anchor,reviewed_decode,https://w3id.org/h2kg/decode/workflow/anchor/gdl-contact-resistance-vs-bpp-component,https://w3id.org/h2kg/hydrogen-ontology#Property,Property,physical_or_derived_property,reviewed_structural,DECODE-specific concept retained as a stable reviewed anchor. Its source topology is preserved; no H2KG synonym or new public term was asserted.,"[{""iri"": ""https://w3id.org/h2kg/hydrogen-ontology#CathodeResistance"", ""label"": ""Cathode Resistance"", ""score"": 0.638}, {""iri"": ""https://w3id.org/h2kg/hydrogen-ontology#InterfacialResistance"", ""label"": ""Interfacial Resistance"", ""score"": 0.627}, {""iri"": ""https://w3id.org/h2kg/hydrogen-ontology#TotalInternalResistance"", ""label"": ""Total Internal Resistance"", ""score"": 0.625}]"
https://w3id.org/h2kg/decode/workflow/concept/gdl-cross-section-component,GDL cross section,component,component,2,microscopy-sem-and-optical-in-mea-cross-section; sem-and-edx,"GDL cross section
internal key: GDL cross section: component",Microscopy (SEM and optical) in MEA cross section; SEM and EDX,reviewed_decode_anchor,reviewed_decode,https://w3id.org/h2kg/decode/workflow/anchor/gdl-cross-section-component,https://w3id.org/h2kg/hydrogen-ontology#Matter,Matter,component_category_default,reviewed_structural,DECODE-specific concept retained as a stable reviewed anchor. Its source topology is preserved; no H2KG synonym or new public term was asserted.,"[{""iri"": ""https://w3id.org/h2kg/hydrogen-ontology#ElectronMicroscopyImaging"", ""label"": ""Electron Microscopy Imaging"", ""score"": 0.652}, {""iri"": ""https://w3id.org/h2kg/hydrogen-ontology#CoReductionProcess"", ""label"": ""Co Reduction Process"", ""score"": 0.649}, {""iri"": ""https://w3id.org/h2kg/hydrogen-ontology#ICSEMInstrument"", ""label"": ""IC-SEM Instrument"", ""score"": 0.612}]"
https://w3id.org/h2kg/decode/workflow/concept/gdl-cross-section-2d-pixel-data-containing-surface-information-of-element-distributions-meso,GDL cross section 2D pixel data containing surface information of element distributions,meso,data,2,image-parameter-extraction-2d; sem-and-edx,"GDL cross section 2D pixel data containing surface information of element distributions
internal key: GDL cross section 2D pixel data containing surface information of element distributions: meso",Image parameter extraction 2D; SEM and EDX,reviewed_decode_anchor,reviewed_decode,https://w3id.org/h2kg/decode/workflow/anchor/gdl-cross-section-2d-pixel-data-containing-surface-information-of-element-distributions-meso,https://w3id.org/h2kg/hydrogen-ontology#Data,Data,data_product,reviewed_structural,DECODE-specific concept retained as a stable reviewed anchor. Its source topology is preserved; no H2KG synonym or new public term was asserted.,[]
https://w3id.org/h2kg/decode/workflow/concept/gdl-effective-o2-diffusivity-component,GDL effective O2 diffusivity,component,component,7,0d-particle-population-degradation-model-coupled-with-performance-model-prediction; 0d-particle-population-degradation-model-coupled-with-performance-model-prediction-without-fitting-methods; diffusivities-from-tortuosities; iet-1d-mea-with-water-transport-eis-model; iet-1d-mea-with-water-transport-in-ccl-eis-model; iet-1d-performance-model-for-mea-fitting; iet-1d-performance-model-for-mea-prediction,"GDL effective O2 diffusivity
internal key: GDL effective O2 diffusivity: component",0D Particle population degradation model coupled with performance model (prediction); Diffusivities from tortuosities; IET 1D MEA with water transport EIS model; IET 1D MEA with water transport in CCL EIS model; IET 1D Performance model for MEA (fitting); IET 1D Performance model for MEA (prediction),reviewed_decode_anchor,reviewed_decode,https://w3id.org/h2kg/decode/workflow/anchor/gdl-effective-o2-diffusivity-component,https://w3id.org/h2kg/hydrogen-ontology#Property,Property,physical_or_derived_property,reviewed_structural,DECODE-specific concept retained as a stable reviewed anchor. Its source topology is preserved; no H2KG synonym or new public term was asserted.,"[{""iri"": ""https://w3id.org/h2kg/hydrogen-ontology#EffectiveIonicConductivity"", ""label"": ""Effective Ionic Conductivity"", ""score"": 0.679}, {""iri"": ""https://w3id.org/h2kg/hydrogen-ontology#CarbonAggregateEffectiveDensity"", ""label"": ""Carbon Aggregate Effective Density"", ""score"": 0.667}, {""iri"": ""https://w3id.org/h2kg/hydrogen-ontology#InPlaneEffectiveDiffusivityMeasurement"", ""label"": ""In Plane Effective Diffusivity Measurement"", ""score"": 0.657}]"
https://w3id.org/h2kg/decode/workflow/concept/gdl-effective-vapor-diffusivity-component,GDL effective vapor diffusivity,component,component,2,diffusivities-from-tortuosities; iet-1d-mea-with-water-transport-eis-model,"GDL effective vapor diffusivity
internal key: GDL effective vapor diffusivity: component",Diffusivities from tortuosities; IET 1D MEA with water transport EIS model,reviewed_decode_anchor,reviewed_decode,https://w3id.org/h2kg/decode/workflow/anchor/gdl-effective-vapor-diffusivity-component,https://w3id.org/h2kg/hydrogen-ontology#Property,Property,physical_or_derived_property,reviewed_structural,DECODE-specific concept retained as a stable reviewed anchor. Its source topology is preserved; no H2KG synonym or new public term was asserted.,"[{""iri"": ""https://w3id.org/h2kg/hydrogen-ontology#InPlaneEffectiveDiffusivityMeasurement"", ""label"": ""In Plane Effective Diffusivity Measurement"", ""score"": 0.685}, {""iri"": ""https://w3id.org/h2kg/hydrogen-ontology#EffectiveIonicConductivity"", ""label"": ""Effective Ionic Conductivity"", ""score"": 0.667}, {""iri"": ""https://w3id.org/h2kg/hydrogen-ontology#MolecularDiffusivityInAir"", ""label"": ""Molecular Diffusivity In Air"", ""score"": 0.654}]"
https://w3id.org/h2kg/decode/workflow/concept/gdl-effective-water-permeability-component,GDL effective water permeability,component,component,1,iet-1d-mea-with-water-transport-eis-model,"GDL effective water permeability
internal key: GDL effective water permeability: component",IET 1D MEA with water transport EIS model,reviewed_decode_anchor,reviewed_decode,https://w3id.org/h2kg/decode/workflow/anchor/gdl-effective-water-permeability-component,https://w3id.org/h2kg/hydrogen-ontology#Property,Property,physical_or_derived_property,reviewed_structural,DECODE-specific concept retained as a stable reviewed anchor. Its source topology is preserved; no H2KG synonym or new public term was asserted.,"[{""iri"": ""https://w3id.org/h2kg/hydrogen-ontology#RelativeOxygenPermeability"", ""label"": ""Relative Oxygen Permeability"", ""score"": 0.633}, {""iri"": ""https://w3id.org/h2kg/hydrogen-ontology#OxygenPermeabilityFactorVsNafion"", ""label"": ""Oxygen Permeability Factor Vs Nafion"", ""score"": 0.63}, {""iri"": ""https://w3id.org/h2kg/hydrogen-ontology#MethanolPermeability"", ""label"": ""Methanol Permeability"", ""score"": 0.604}]"
https://w3id.org/h2kg/decode/workflow/concept/gdl-external-contact-angle-component,GDL external contact angle,component,component,1,external-contact-angle-of-a-gdl,"GDL external contact angle
internal key: GDL external contact angle: component",External contact angle of a GDL,reviewed_decode_anchor,reviewed_decode,https://w3id.org/h2kg/decode/workflow/anchor/gdl-external-contact-angle-component,https://w3id.org/h2kg/hydrogen-ontology#Property,Property,physical_or_derived_property,reviewed_structural,DECODE-specific concept retained as a stable reviewed anchor. Its source topology is preserved; no H2KG synonym or new public term was asserted.,"[{""iri"": ""https://w3id.org/h2kg/hydrogen-ontology#ContactAngle"", ""label"": ""Contact Angle"", ""score"": 0.756}, {""iri"": ""https://w3id.org/h2kg/hydrogen-ontology#ContactAngleMeasurement"", ""label"": ""Contact Angle Measurement"", ""score"": 0.727}, {""iri"": ""https://w3id.org/h2kg/hydrogen-ontology#ContactAngleGoniometer"", ""label"": ""Contact Angle Goniometer"", ""score"": 0.72}]"
https://w3id.org/h2kg/decode/workflow/concept/gdl-in-plane-2d-pixel-data-containing-surface-information-of-element-distributions-meso,GDL in plane 2D pixel data containing surface information of element distributions,meso,data,1,sem-and-edx,"GDL in plane 2D pixel data containing surface information of element distributions
internal key: GDL in plane 2D pixel data containing surface information of element distributions: meso",SEM and EDX,reviewed_decode_anchor,reviewed_decode,https://w3id.org/h2kg/decode/workflow/anchor/gdl-in-plane-2d-pixel-data-containing-surface-information-of-element-distributions-meso,https://w3id.org/h2kg/hydrogen-ontology#Data,Data,data_product,reviewed_structural,DECODE-specific concept retained as a stable reviewed anchor. Its source topology is preserved; no H2KG synonym or new public term was asserted.,[]
https://w3id.org/h2kg/decode/workflow/concept/gdl-in-plane-conductivity-component,GDL in-plane conductivity,component,component,3,electrical-conductivity; electrical-tlm-characterization-of-a-gdl-with-defined-compression; mpl-parameter-estimation-from-gdl-and-substrate-data,"GDL in-plane conductivity
internal key: GDL in-plane conductivity: component",Electrical TLM characterization of a GDL with defined compression; Electrical conductivity; MPL parameter estimation from GDL and substrate data,reviewed_decode_anchor,reviewed_decode,https://w3id.org/h2kg/decode/workflow/anchor/gdl-in-plane-conductivity-component,https://w3id.org/h2kg/hydrogen-ontology#Property,Property,physical_or_derived_property,reviewed_structural,DECODE-specific concept retained as a stable reviewed anchor. Its source topology is preserved; no H2KG synonym or new public term was asserted.,"[{""iri"": ""https://w3id.org/h2kg/hydrogen-ontology#InPlaneElectronicConductivityMeasurement"", ""label"": ""In Plane Electronic Conductivity Measurement"", ""score"": 0.824}, {""iri"": ""https://w3id.org/h2kg/hydrogen-ontology#ElectronicConductivityLossPercent"", ""label"": ""Electronic Conductivity Loss Percent"", ""score"": 0.815}, {""iri"": ""https://w3id.org/h2kg/hydrogen-ontology#InPlaneElectronicConductivity"", ""label"": ""In Plane Electronic Conductivity"", ""score"": 0.807}]"
https://w3id.org/h2kg/decode/workflow/concept/gdl-in-plane-permeability-component,GDL in-plane permeability,component,component,2,gas-permeability-of-a-gdl-with-defined-compression; mpl-parameter-estimation-from-gdl-and-substrate-data,"GDL in-plane permeability
internal key: GDL in-plane permeability: component",Gas permeability of a GDL with defined compression; MPL parameter estimation from GDL and substrate data,reviewed_decode_anchor,reviewed_decode,https://w3id.org/h2kg/decode/workflow/anchor/gdl-in-plane-permeability-component,https://w3id.org/h2kg/hydrogen-ontology#Property,Property,physical_or_derived_property,reviewed_structural,DECODE-specific concept retained as a stable reviewed anchor. Its source topology is preserved; no H2KG synonym or new public term was asserted.,"[{""iri"": ""https://w3id.org/h2kg/hydrogen-ontology#RelativeOxygenPermeability"", ""label"": ""Relative Oxygen Permeability"", ""score"": 0.717}, {""iri"": ""https://w3id.org/h2kg/hydrogen-ontology#IonomerThinFilmPermeability"", ""label"": ""Ionomer Thin Film Permeability"", ""score"": 0.691}, {""iri"": ""https://w3id.org/h2kg/hydrogen-ontology#MicroporousLayerPermeability"", ""label"": ""Microporous Layer Permeability"", ""score"": 0.683}]"
https://w3id.org/h2kg/decode/workflow/concept/gdl-local-mechanical-strength-macrohomogeneous-local,GDL local mechanical strength,macrohomogeneous local,other,1,mechanical-properties-of-catalyst-layers-gdls-and-meas-by-small-punch-and-nanoindentation,"GDL local mechanical strength
internal key: GDL local mechanical strength: macrohomogeneous local","Mechanical properties of catalyst layers, GDLs, and MEAs by small-punch and nanoindentation",reviewed_decode_anchor,reviewed_decode,https://w3id.org/h2kg/decode/workflow/anchor/gdl-local-mechanical-strength-macrohomogeneous-local,https://w3id.org/h2kg/hydrogen-ontology#Property,Property,gdl_local_mechanical_strength_is_property,reviewed_structural,DECODE-specific concept retained as a stable reviewed anchor. Its source topology is preserved; no H2KG synonym or new public term was asserted.,"[{""iri"": ""https://w3id.org/h2kg/hydrogen-ontology#MagneticFieldStrength"", ""label"": ""Magnetic Field Strength"", ""score"": 0.615}, {""iri"": ""https://w3id.org/h2kg/hydrogen-ontology#IonicStrength"", ""label"": ""Ionic Strength"", ""score"": 0.605}, {""iri"": ""https://w3id.org/h2kg/hydrogen-ontology#CrushStrength"", ""label"": ""Crush Strength"", ""score"": 0.6}]"
https://w3id.org/h2kg/decode/workflow/concept/gdl-local-youngs-modulus-macrohomogeneous-local,GDL local Youngs modulus,macrohomogeneous local,other,1,mechanical-properties-of-catalyst-layers-gdls-and-meas-by-small-punch-and-nanoindentation,"GDL local Youngs modulus
internal key: GDL local Youngs modulus: macrohomogeneous local","Mechanical properties of catalyst layers, GDLs, and MEAs by small-punch and nanoindentation",reviewed_decode_anchor,reviewed_decode,https://w3id.org/h2kg/decode/workflow/anchor/gdl-local-youngs-modulus-macrohomogeneous-local,https://w3id.org/h2kg/hydrogen-ontology#Property,Property,gdl_local_youngs_modulus_is_property,reviewed_structural,DECODE-specific concept retained as a stable reviewed anchor. Its source topology is preserved; no H2KG synonym or new public term was asserted.,"[{""iri"": ""https://w3id.org/h2kg/hydrogen-ontology#YoungsModulus"", ""label"": ""Youngs Modulus"", ""score"": 0.737}, {""iri"": ""https://w3id.org/h2kg/hydrogen-ontology#LossModulus"", ""label"": ""Loss Modulus"", ""score"": 0.632}]"
https://w3id.org/h2kg/decode/workflow/concept/gdl-pore-size-distribution-component,GDL pore size distribution,component,component,2,hg-porosimetry-gdl; mpl-parameter-estimation-from-gdl-and-substrate-data,"GDL pore size distribution
internal key: GDL pore size distribution: component",Hg porosimetry GDL; MPL parameter estimation from GDL and substrate data,reviewed_decode_anchor,reviewed_decode,https://w3id.org/h2kg/decode/workflow/anchor/gdl-pore-size-distribution-component,https://w3id.org/h2kg/hydrogen-ontology#Data,Data,data_product,reviewed_structural,DECODE-specific concept retained as a stable reviewed anchor. Its source topology is preserved; no H2KG synonym or new public term was asserted.,"[{""iri"": ""https://w3id.org/h2kg/hydrogen-ontology#PoreSizeDistribution"", ""label"": ""Pore Size Distribution"", ""score"": 0.917}, {""iri"": ""https://w3id.org/h2kg/hydrogen-ontology#PoreSizeDistributionDataset"", ""label"": ""Pore Size Distribution Dataset"", ""score"": 0.917}, {""iri"": ""https://w3id.org/h2kg/hydrogen-ontology#PoreSizeDistributionPeakDiameter"", ""label"": ""Pore Size Distribution Peak Diameter"", ""score"": 0.868}]"
https://w3id.org/h2kg/decode/workflow/concept/gdl-porosity-component,GDL porosity,component,component,3,hg-porosimetry-gdl; iet-1d-performance-model-for-mea-prediction; mpl-parameter-estimation-from-gdl-and-substrate-data,"GDL porosity
internal key: GDL porosity: component",Hg porosimetry GDL; IET 1D Performance model for MEA (prediction); MPL parameter estimation from GDL and substrate data,strict_alt_label,approved_h2kg,https://w3id.org/h2kg/hydrogen-ontology#GasDiffusionLayerPorosity,https://w3id.org/h2kg/hydrogen-ontology#Parameter,Parameter,explicit_mapping,high,Reviewed abbreviation for gas-diffusion-layer porosity.,"[{""iri"": ""https://w3id.org/h2kg/hydrogen-ontology#GasDiffusionLayerPorosity"", ""label"": ""Gas Diffusion Layer Porosity"", ""score"": 1.0}, {""iri"": ""https://w3id.org/h2kg/hydrogen-ontology#CatalystLayerPorosity"", ""label"": ""Catalyst Layer Porosity"", ""score"": 0.87}, {""iri"": ""https://w3id.org/h2kg/hydrogen-ontology#MicroporousLayerPorosity"", ""label"": ""Microporous Layer Porosity"", ""score"": 0.833}]"
https://w3id.org/h2kg/decode/workflow/concept/gdl-stress-strain-curve-component,GDL stress-strain curve,component,component,8,cea-mea-model-europium-2d; current-modulated-hydrogen-flow-rate-spectroscopy-ch2s; electrical-conductivity; electrical-contact-resistance; electrical-tlm-characterization-of-a-gdl-with-defined-compression; fitting-of-the-europium-model; gas-permeability-of-a-gdl-with-defined-compression; gdl-compressability,"GDL stress-strain curve
internal key: GDL stress-strain curve: component",CEA MEA model (Europium 2D); Current modulated hydrogen flow-rate spectroscopy (CH2S); Electrical TLM characterization of a GDL with defined compression; Electrical conductivity; Electrical contact resistance; Fitting of the Europium model; GDL compressability; Gas permeability of a GDL with defined compression,reviewed_decode_anchor,reviewed_decode,https://w3id.org/h2kg/decode/workflow/anchor/gdl-stress-strain-curve-component,https://w3id.org/h2kg/hydrogen-ontology#Data,Data,data_product,reviewed_structural,DECODE-specific concept retained as a stable reviewed anchor. Its source topology is preserved; no H2KG synonym or new public term was asserted.,"[{""iri"": ""https://w3id.org/h2kg/hydrogen-ontology#CompressiveStrengthMeasurement"", ""label"": ""Compressive Strength Measurement"", ""score"": 0.75}, {""iri"": ""https://w3id.org/h2kg/hydrogen-ontology#FuelCellTestStation"", ""label"": ""Fuel Cell Test Station"", ""score"": 0.638}, {""iri"": ""https://w3id.org/h2kg/hydrogen-ontology#PoreSizeDistributionDataset"", ""label"": ""Pore Size Distribution Dataset"", ""score"": 0.615}]"
https://w3id.org/h2kg/decode/workflow/concept/gdl-structural-parameters-component,GDL structural parameters,component,component,1,microscopy-sem-and-optical-in-mea-cross-section,"GDL structural parameters
internal key: GDL structural parameters: component",Microscopy (SEM and optical) in MEA cross section,reviewed_decode_anchor,reviewed_decode,https://w3id.org/h2kg/decode/workflow/anchor/gdl-structural-parameters-component,https://w3id.org/h2kg/hydrogen-ontology#Matter,Matter,component_category_default,reviewed_structural,DECODE-specific concept retained as a stable reviewed anchor. Its source topology is preserved; no H2KG synonym or new public term was asserted.,"[{""iri"": ""https://w3id.org/h2kg/hydrogen-ontology#CatalystInkStructureDataset"", ""label"": ""Catalyst Ink Structure Dataset"", ""score"": 0.852}, {""iri"": ""https://w3id.org/h2kg/hydrogen-ontology#PrintedGridStructure"", ""label"": ""Printed Grid Structure"", ""score"": 0.681}, {""iri"": ""https://w3id.org/h2kg/hydrogen-ontology#SprayCoatingParameterSpecification"", ""label"": ""Spray Coating Parameter Specification"", ""score"": 0.653}]"
https://w3id.org/h2kg/decode/workflow/concept/gdl-substrate-component,GDL substrate,component,component,12,contact-angle-extraction-of-ct-data; ct-based-capillary-pressure-saturation-curves; electrical-conductivity; electrical-contact-resistance; electrical-tlm-characterization-of-a-gdl-with-defined-compression; gas-permeability-of-a-gdl-with-defined-compression; gdl-compressability; hg-porosimetry-gdl; lab-ct-measurements-on-gdl-or-mpl-materials; sem-and-edx; synch-ct-measurements-on-gdl-or-mpl-materials; wilhelmy-wettability-measurement,"GDL substrate
internal key: GDL substrate: component",CT-based capillary pressure saturation curves; Contact angle extraction of CT data; Electrical TLM characterization of a GDL with defined compression; Electrical conductivity; Electrical contact resistance; GDL compressability; Gas permeability of a GDL with defined compression; Hg porosimetry GDL; LAB-CT measurements on GDL/MPL materials; SEM and EDX; Synch-CT measurements on GDL/MPL materials.; Wilhelmy wettability measurement,reviewed_decode_anchor,reviewed_decode,https://w3id.org/h2kg/decode/workflow/anchor/gdl-substrate-component,https://w3id.org/h2kg/hydrogen-ontology#Property,Property,physical_or_derived_property,reviewed_structural,DECODE-specific concept retained as a stable reviewed anchor. Its source topology is preserved; no H2KG synonym or new public term was asserted.,"[{""iri"": ""https://w3id.org/h2kg/hydrogen-ontology#AluminumSubstrate"", ""label"": ""Aluminum Substrate"", ""score"": 0.88}, {""iri"": ""https://w3id.org/h2kg/hydrogen-ontology#ETFESheetSubstrate"", ""label"": ""ETFE Sheet Substrate"", ""score"": 0.857}, {""iri"": ""https://w3id.org/h2kg/hydrogen-ontology#NickelPlateSubstrate"", ""label"": ""Nickel Plate Substrate"", ""score"": 0.8}]"
https://w3id.org/h2kg/decode/workflow/concept/gdl-substrate-without-ptfe-component,GDL substrate (without PTFE),component,component,1,impregnation-by-immersion-and-blade-coating,"GDL substrate (without PTFE)
internal key: GDL substrate (without PTFE): component",Impregnation by immersion and blade coating,reviewed_decode_anchor,reviewed_decode,https://w3id.org/h2kg/decode/workflow/anchor/gdl-substrate-without-ptfe-component,https://w3id.org/h2kg/hydrogen-ontology#Property,Property,physical_or_derived_property,reviewed_structural,DECODE-specific concept retained as a stable reviewed anchor. Its source topology is preserved; no H2KG synonym or new public term was asserted.,"[{""iri"": ""https://w3id.org/h2kg/hydrogen-ontology#PTFEPolymer"", ""label"": ""PTFE Polymer"", ""score"": 0.711}, {""iri"": ""https://w3id.org/h2kg/hydrogen-ontology#TargetSubstrateDistance"", ""label"": ""Target Substrate Distance"", ""score"": 0.627}, {""iri"": ""https://w3id.org/h2kg/hydrogen-ontology#ThermanoxSubstrate"", ""label"": ""Thermanox Substrate"", ""score"": 0.627}]"
https://w3id.org/h2kg/decode/workflow/concept/gdl-substrate-3d-voxel-data-classified-meso,GDL substrate 3D voxel data classified,meso,data,13,ai-based-generation-of-structural-digital-twins-of-multi-scale-tomographies; image-classification-of-x-ray-tomography-data; image-x-ray-tomography-data-parameter-extraction-3d; modeling-of-hydrophobic-treatment-of-gdl; modeling-of-mpl-coating-of-gdl; mpl-saturation-determination-from-x-ray-ct-data; simulation-of-single-phase-3d-apparent-properties; simulation-of-two-phase-3d-apparent-properties; voxel-based-3d-effective-diffusivity-simulation; voxel-based-3d-electric-conductiviy-simulation; voxel-based-3d-permability-simulation; voxel-based-3d-thermal-conductivity-simulation; water-retention-curve-simulation,"GDL substrate 3D voxel data classified
internal key: GDL substrate 3D voxel data classified: meso",AI-based generation of structural digital twins of multi-scale tomographies; Image X-ray tomography data parameter extraction 3D; Image classification of X-ray tomography data; MPL saturation determination from X-ray CT-data; Modeling of Hydrophobic Treatment of GDL; Modeling of MPL coating of GDL; Simulation of single phase 3D apparent properties; Simulation of two phase 3D apparent properties; Voxel based 3D Effective Diffusivity simulation; Voxel based 3D Electric conductiviy simulation; Voxel based 3D Permability simulation; Voxel based 3D Thermal conductivity simulation; Water retention curve simulation,reviewed_decode_anchor,reviewed_decode,https://w3id.org/h2kg/decode/workflow/anchor/gdl-substrate-3d-voxel-data-classified,https://w3id.org/h2kg/hydrogen-ontology#Data,Data,data_product,unreviewed,Reviewed recurring DECODE dataset anchor pending an H2KG vocabulary decision.,"[{""iri"": ""https://w3id.org/h2kg/hydrogen-ontology#ElectrospinningNeedleToCollectorDistance"", ""label"": ""Electrospinning Needle To Collector Distance"", ""score"": 0.576}]"
https://w3id.org/h2kg/decode/workflow/concept/gdl-substrate-3d-voxel-data-classified-without-ptfe-meso,GDL substrate 3D voxel data classified (without PTFE),meso,data,1,modeling-of-hydrophobic-treatment-of-gdl,"GDL substrate 3D voxel data classified (without PTFE)
internal key: GDL substrate 3D voxel data classified (without PTFE): meso",Modeling of Hydrophobic Treatment of GDL,reviewed_decode_anchor,reviewed_decode,https://w3id.org/h2kg/decode/workflow/anchor/gdl-substrate-3d-voxel-data-classified-without-ptfe-meso,https://w3id.org/h2kg/hydrogen-ontology#Data,Data,data_product,reviewed_structural,DECODE-specific concept retained as a stable reviewed anchor. Its source topology is preserved; no H2KG synonym or new public term was asserted.,[]
https://w3id.org/h2kg/decode/workflow/concept/gdl-substrate-3d-voxel-data-local-contact-angle-meso,GDL substrate 3D voxel data local contact angle,meso,data,1,contact-angle-extraction-of-ct-data,"GDL substrate 3D voxel data local contact angle
internal key: GDL substrate 3D voxel data local contact angle: meso",Contact angle extraction of CT data,reviewed_decode_anchor,reviewed_decode,https://w3id.org/h2kg/decode/workflow/anchor/gdl-substrate-3d-voxel-data-local-contact-angle-meso,https://w3id.org/h2kg/hydrogen-ontology#Data,Data,data_product,reviewed_structural,DECODE-specific concept retained as a stable reviewed anchor. Its source topology is preserved; no H2KG synonym or new public term was asserted.,"[{""iri"": ""https://w3id.org/h2kg/hydrogen-ontology#ContactAngleMeasurement"", ""label"": ""Contact Angle Measurement"", ""score"": 0.556}, {""iri"": ""https://w3id.org/h2kg/hydrogen-ontology#ContactAngleDecrease_0to200s"", ""label"": ""Contact Angle Decrease 0 to 200 s"", ""score"": 0.55}]"
https://w3id.org/h2kg/decode/workflow/concept/gdl-substrate-3d-voxel-data-raw-meso,GDL substrate 3D voxel data raw,meso,data,5,ct-based-capillary-pressure-saturation-curves; image-classification-of-x-ray-tomography-data; lab-ct-measurements-on-gdl-or-mpl-materials; mpl-saturation-determination-from-x-ray-ct-data; synch-ct-measurements-on-gdl-or-mpl-materials,"GDL substrate 3D voxel data raw
internal key: GDL substrate 3D voxel data raw: meso",CT-based capillary pressure saturation curves; Image classification of X-ray tomography data; LAB-CT measurements on GDL/MPL materials; MPL saturation determination from X-ray CT-data; Synch-CT measurements on GDL/MPL materials.,reviewed_decode_anchor,reviewed_decode,https://w3id.org/h2kg/decode/workflow/anchor/gdl-substrate-3d-voxel-data-raw-meso,https://w3id.org/h2kg/hydrogen-ontology#Data,Data,data_product,reviewed_structural,DECODE-specific concept retained as a stable reviewed anchor. Its source topology is preserved; no H2KG synonym or new public term was asserted.,"[{""iri"": ""https://w3id.org/h2kg/hydrogen-ontology#ElectrospinningNeedleToCollectorDistance"", ""label"": ""Electrospinning Needle To Collector Distance"", ""score"": 0.61}, {""iri"": ""https://w3id.org/h2kg/hydrogen-ontology#FTOGlassSubstrate"", ""label"": ""FTO Glass Substrate"", ""score"": 0.6}, {""iri"": ""https://w3id.org/h2kg/hydrogen-ontology#NozzleToSubstrateDistance"", ""label"": ""Nozzle To Substrate Distance"", ""score"": 0.576}]"
https://w3id.org/h2kg/decode/workflow/concept/gdl-substrate-3d-voxel-data-wet-classified-meso,GDL substrate 3D voxel data wet classified,meso,data,4,ai-based-generation-of-structural-digital-twins-of-multi-scale-tomographies; image-classification-of-x-ray-tomography-data; image-x-ray-tomography-data-parameter-extraction-3d; mpl-saturation-determination-from-x-ray-ct-data,"GDL substrate 3D voxel data wet classified
internal key: GDL substrate 3D voxel data wet classified: meso",AI-based generation of structural digital twins of multi-scale tomographies; Image X-ray tomography data parameter extraction 3D; Image classification of X-ray tomography data; MPL saturation determination from X-ray CT-data,reviewed_decode_anchor,reviewed_decode,https://w3id.org/h2kg/decode/workflow/anchor/gdl-substrate-3d-voxel-data-wet-classified-meso,https://w3id.org/h2kg/hydrogen-ontology#Data,Data,data_product,reviewed_structural,DECODE-specific concept retained as a stable reviewed anchor. Its source topology is preserved; no H2KG synonym or new public term was asserted.,[]
https://w3id.org/h2kg/decode/workflow/concept/gdl-substrate-3d-voxel-data-wet-operando-classified-meso,GDL substrate 3D voxel data wet operando classified,meso,data,3,ai-based-generation-of-structural-digital-twins-of-multi-scale-tomographies; image-classification-of-x-ray-tomography-data; image-x-ray-tomography-data-parameter-extraction-3d,"GDL substrate 3D voxel data wet operando classified
internal key: GDL substrate 3D voxel data wet operando classified: meso",AI-based generation of structural digital twins of multi-scale tomographies; Image X-ray tomography data parameter extraction 3D; Image classification of X-ray tomography data,reviewed_decode_anchor,reviewed_decode,https://w3id.org/h2kg/decode/workflow/anchor/gdl-substrate-3d-voxel-data-wet-operando-classified-meso,https://w3id.org/h2kg/hydrogen-ontology#Data,Data,data_product,reviewed_structural,DECODE-specific concept retained as a stable reviewed anchor. Its source topology is preserved; no H2KG synonym or new public term was asserted.,[]
https://w3id.org/h2kg/decode/workflow/concept/gdl-substrate-3d-voxel-data-wet-operando-raw-meso,GDL substrate 3D voxel data wet operando raw,meso,data,1,image-classification-of-x-ray-tomography-data,"GDL substrate 3D voxel data wet operando raw
internal key: GDL substrate 3D voxel data wet operando raw: meso",Image classification of X-ray tomography data,reviewed_decode_anchor,reviewed_decode,https://w3id.org/h2kg/decode/workflow/anchor/gdl-substrate-3d-voxel-data-wet-operando-raw-meso,https://w3id.org/h2kg/hydrogen-ontology#Data,Data,data_product,reviewed_structural,DECODE-specific concept retained as a stable reviewed anchor. Its source topology is preserved; no H2KG synonym or new public term was asserted.,[]
https://w3id.org/h2kg/decode/workflow/concept/gdl-substrate-3d-voxel-data-wet-raw-meso,GDL substrate 3D voxel data wet raw,meso,data,6,contact-angle-extraction-of-ct-data; ct-based-capillary-pressure-saturation-curves; image-classification-of-x-ray-tomography-data; lab-ct-measurements-on-gdl-or-mpl-materials; mpl-saturation-determination-from-x-ray-ct-data; synch-ct-measurements-on-gdl-or-mpl-materials,"GDL substrate 3D voxel data wet raw
internal key: GDL substrate 3D voxel data wet raw: meso",CT-based capillary pressure saturation curves; Contact angle extraction of CT data; Image classification of X-ray tomography data; LAB-CT measurements on GDL/MPL materials; MPL saturation determination from X-ray CT-data; Synch-CT measurements on GDL/MPL materials.,reviewed_decode_anchor,reviewed_decode,https://w3id.org/h2kg/decode/workflow/anchor/gdl-substrate-3d-voxel-data-wet-raw-meso,https://w3id.org/h2kg/hydrogen-ontology#Data,Data,data_product,reviewed_structural,DECODE-specific concept retained as a stable reviewed anchor. Its source topology is preserved; no H2KG synonym or new public term was asserted.,"[{""iri"": ""https://w3id.org/h2kg/hydrogen-ontology#ElectrospinningNeedleToCollectorDistance"", ""label"": ""Electrospinning Needle To Collector Distance"", ""score"": 0.571}, {""iri"": ""https://w3id.org/h2kg/hydrogen-ontology#FTOGlassSubstrate"", ""label"": ""FTO Glass Substrate"", ""score"": 0.556}]"
https://w3id.org/h2kg/decode/workflow/concept/gdl-substrate-average-pore-radius-component,GDL substrate average pore radius,component,component,7,cea-mea-model-europium-2d; fitting-of-the-europium-model; hg-porosimetry-gdl; image-x-ray-tomography-data-parameter-extraction-3d; mpl-parameter-estimation-from-gdl-and-substrate-data; simulation-of-single-phase-3d-apparent-properties; simulation-of-two-phase-3d-apparent-properties,"GDL substrate average pore radius
internal key: GDL substrate average pore radius: component",CEA MEA model (Europium 2D); Fitting of the Europium model; Hg porosimetry GDL; Image X-ray tomography data parameter extraction 3D; MPL parameter estimation from GDL and substrate data; Simulation of single phase 3D apparent properties; Simulation of two phase 3D apparent properties,reviewed_decode_anchor,reviewed_decode,https://w3id.org/h2kg/decode/workflow/anchor/gdl-substrate-average-pore-radius-component,https://w3id.org/h2kg/hydrogen-ontology#Property,Property,physical_or_derived_property,reviewed_structural,DECODE-specific concept retained as a stable reviewed anchor. Its source topology is preserved; no H2KG synonym or new public term was asserted.,"[{""iri"": ""https://w3id.org/h2kg/hydrogen-ontology#CellPressure"", ""label"": ""Cell Pressure"", ""score"": 0.667}, {""iri"": ""https://w3id.org/h2kg/hydrogen-ontology#ElectrodeSubstrate"", ""label"": ""Electrode Substrate"", ""score"": 0.63}, {""iri"": ""https://w3id.org/h2kg/hydrogen-ontology#AveragePoreDiameter"", ""label"": ""Average Pore Diameter"", ""score"": 0.6}]"
https://w3id.org/h2kg/decode/workflow/concept/gdl-substrate-breakthrough-pressure-component,GDL substrate breakthrough pressure,component,component,3,lab-ct-measurements-on-gdl-or-mpl-materials; synch-ct-measurements-on-gdl-or-mpl-materials; water-retention-curve-simulation,"GDL substrate breakthrough pressure
internal key: GDL substrate breakthrough pressure: component",LAB-CT measurements on GDL/MPL materials; Synch-CT measurements on GDL/MPL materials.; Water retention curve simulation,reviewed_decode_anchor,reviewed_decode,https://w3id.org/h2kg/decode/workflow/anchor/gdl-substrate-breakthrough-pressure-component,https://w3id.org/h2kg/hydrogen-ontology#Parameter,Parameter,operating_or_geometric_parameter,reviewed_structural,DECODE-specific concept retained as a stable reviewed anchor. Its source topology is preserved; no H2KG synonym or new public term was asserted.,"[{""iri"": ""https://w3id.org/h2kg/hydrogen-ontology#FTOGlassSubstrate"", ""label"": ""FTO Glass Substrate"", ""score"": 0.63}, {""iri"": ""https://w3id.org/h2kg/hydrogen-ontology#ElectrodeSubstrate"", ""label"": ""Electrode Substrate"", ""score"": 0.593}, {""iri"": ""https://w3id.org/h2kg/hydrogen-ontology#SurfaceRoughnessRa"", ""label"": ""Surface Roughness Ra"", ""score"": 0.582}]"
https://w3id.org/h2kg/decode/workflow/concept/gdl-substrate-contact-angle-distribution-component,GDL substrate contact angle distribution,component,component,1,contact-angle-extraction-of-ct-data,"GDL substrate contact angle distribution
internal key: GDL substrate contact angle distribution: component",Contact angle extraction of CT data,reviewed_decode_anchor,reviewed_decode,https://w3id.org/h2kg/decode/workflow/anchor/gdl-substrate-contact-angle-distribution-component,https://w3id.org/h2kg/hydrogen-ontology#Data,Data,data_product,reviewed_structural,DECODE-specific concept retained as a stable reviewed anchor. Its source topology is preserved; no H2KG synonym or new public term was asserted.,"[{""iri"": ""https://w3id.org/h2kg/hydrogen-ontology#AgglomerateSizeDistributionDataset"", ""label"": ""Agglomerate Size Distribution Dataset"", ""score"": 0.638}, {""iri"": ""https://w3id.org/h2kg/hydrogen-ontology#ContactAngleMeasurement"", ""label"": ""Contact Angle Measurement"", ""score"": 0.632}, {""iri"": ""https://w3id.org/h2kg/hydrogen-ontology#ContactAngle"", ""label"": ""Contact Angle"", ""score"": 0.623}]"
https://w3id.org/h2kg/decode/workflow/concept/gdl-substrate-contact-resistance-vs-au-component,GDL substrate contact resistance vs Au,component,component,1,electrical-tlm-characterization-of-a-gdl-with-defined-compression,"GDL substrate contact resistance vs Au
internal key: GDL substrate contact resistance vs Au: component",Electrical TLM characterization of a GDL with defined compression,reviewed_decode_anchor,reviewed_decode,https://w3id.org/h2kg/decode/workflow/anchor/gdl-substrate-contact-resistance-vs-au-component,https://w3id.org/h2kg/hydrogen-ontology#Property,Property,physical_or_derived_property,reviewed_structural,DECODE-specific concept retained as a stable reviewed anchor. Its source topology is preserved; no H2KG synonym or new public term was asserted.,"[{""iri"": ""https://w3id.org/h2kg/hydrogen-ontology#LocalGasTransportResistance"", ""label"": ""Local Gas Transport Resistance"", ""score"": 0.618}, {""iri"": ""https://w3id.org/h2kg/hydrogen-ontology#LimitingCurrentDataset"", ""label"": ""Limiting Current Dataset"", ""score"": 0.603}, {""iri"": ""https://w3id.org/h2kg/hydrogen-ontology#TargetSubstrateDistance"", ""label"": ""Target Substrate Distance"", ""score"": 0.603}]"
https://w3id.org/h2kg/decode/workflow/concept/gdl-substrate-contact-resistance-vs-bpp-component,GDL substrate contact resistance vs BPP,component,component,1,electrical-contact-resistance,"GDL substrate contact resistance vs BPP
internal key: GDL substrate contact resistance vs BPP: component",Electrical contact resistance,reviewed_decode_anchor,reviewed_decode,https://w3id.org/h2kg/decode/workflow/anchor/gdl-substrate-contact-resistance-vs-bpp-component,https://w3id.org/h2kg/hydrogen-ontology#Property,Property,physical_or_derived_property,reviewed_structural,DECODE-specific concept retained as a stable reviewed anchor. Its source topology is preserved; no H2KG synonym or new public term was asserted.,"[{""iri"": ""https://w3id.org/h2kg/hydrogen-ontology#TargetSubstrateDistance"", ""label"": ""Target Substrate Distance"", ""score"": 0.594}, {""iri"": ""https://w3id.org/h2kg/hydrogen-ontology#SurfaceFilmResistance"", ""label"": ""Surface Film Resistance"", ""score"": 0.588}, {""iri"": ""https://w3id.org/h2kg/hydrogen-ontology#ChargeTransferResistance"", ""label"": ""Charge Transfer Resistance"", ""score"": 0.585}]"
https://w3id.org/h2kg/decode/workflow/concept/gdl-substrate-cross-section-component,GDL substrate cross section,component,component,1,sem-and-edx,"GDL substrate cross section
internal key: GDL substrate cross section: component",SEM and EDX,reviewed_decode_anchor,reviewed_decode,https://w3id.org/h2kg/decode/workflow/anchor/gdl-substrate-cross-section-component,https://w3id.org/h2kg/hydrogen-ontology#Property,Property,physical_or_derived_property,reviewed_structural,DECODE-specific concept retained as a stable reviewed anchor. Its source topology is preserved; no H2KG synonym or new public term was asserted.,"[{""iri"": ""https://w3id.org/h2kg/hydrogen-ontology#SiliconWaferSubstrate"", ""label"": ""Silicon Wafer Substrate"", ""score"": 0.682}, {""iri"": ""https://w3id.org/h2kg/hydrogen-ontology#CarbonClothSubstrate"", ""label"": ""Carbon Cloth Substrate"", ""score"": 0.653}, {""iri"": ""https://w3id.org/h2kg/hydrogen-ontology#KaptonFilm"", ""label"": ""Kapton Film"", ""score"": 0.653}]"
https://w3id.org/h2kg/decode/workflow/concept/gdl-substrate-cross-section-2d-pixel-data-containing-surface-information-of-element-distributions-meso,GDL substrate cross section 2D pixel data containing surface information of element distributions,meso,data,2,image-parameter-extraction-2d; sem-and-edx,"GDL substrate cross section 2D pixel data containing surface information of element distributions
internal key: GDL substrate cross section 2D pixel data containing surface information of element distributions: meso",Image parameter extraction 2D; SEM and EDX,reviewed_decode_anchor,reviewed_decode,https://w3id.org/h2kg/decode/workflow/anchor/gdl-substrate-cross-section-2d-pixel-data-containing-surface-information-of-element-distributions-meso,https://w3id.org/h2kg/hydrogen-ontology#Data,Data,data_product,reviewed_structural,DECODE-specific concept retained as a stable reviewed anchor. Its source topology is preserved; no H2KG synonym or new public term was asserted.,[]
https://w3id.org/h2kg/decode/workflow/concept/gdl-substrate-density-component,GDL substrate density,component,component,1,image-parameter-extraction-2d,"GDL substrate density
internal key: GDL substrate density: component",Image parameter extraction 2D,reviewed_decode_anchor,reviewed_decode,https://w3id.org/h2kg/decode/workflow/anchor/gdl-substrate-density-component,https://w3id.org/h2kg/hydrogen-ontology#Property,Property,physical_or_derived_property,reviewed_structural,DECODE-specific concept retained as a stable reviewed anchor. Its source topology is preserved; no H2KG synonym or new public term was asserted.,"[{""iri"": ""https://w3id.org/h2kg/hydrogen-ontology#NickelPlateSubstrate"", ""label"": ""Nickel Plate Substrate"", ""score"": 0.727}, {""iri"": ""https://w3id.org/h2kg/hydrogen-ontology#SiliconWaferSubstrate"", ""label"": ""Silicon Wafer Substrate"", ""score"": 0.727}, {""iri"": ""https://w3id.org/h2kg/hydrogen-ontology#AgNWSurfaceDensity"", ""label"": ""Ag NW Surface Density"", ""score"": 0.722}]"
https://w3id.org/h2kg/decode/workflow/concept/gdl-substrate-effective-water-permeability-component,GDL substrate effective water permeability,component,component,3,cea-mea-model-europium-2d; fitting-of-the-europium-model; simulation-of-two-phase-3d-apparent-properties,"GDL substrate effective water permeability
internal key: GDL substrate effective water permeability: component",CEA MEA model (Europium 2D); Fitting of the Europium model; Simulation of two phase 3D apparent properties,reviewed_decode_anchor,reviewed_decode,https://w3id.org/h2kg/decode/workflow/anchor/gdl-substrate-effective-water-permeability-component,https://w3id.org/h2kg/hydrogen-ontology#Property,Property,physical_or_derived_property,reviewed_structural,DECODE-specific concept retained as a stable reviewed anchor. Its source topology is preserved; no H2KG synonym or new public term was asserted.,"[{""iri"": ""https://w3id.org/h2kg/hydrogen-ontology#RelativeOxygenPermeability"", ""label"": ""Relative Oxygen Permeability"", ""score"": 0.629}, {""iri"": ""https://w3id.org/h2kg/hydrogen-ontology#SaturatedResidualWaterAmount"", ""label"": ""Saturated Residual Water Amount"", ""score"": 0.563}, {""iri"": ""https://w3id.org/h2kg/hydrogen-ontology#ArealWaterStorageSpace"", ""label"": ""Areal Water Storage Space"", ""score"": 0.562}]"
https://w3id.org/h2kg/decode/workflow/concept/gdl-substrate-external-contact-angle-component,GDL substrate external contact angle,component,component,1,wilhelmy-wettability-measurement,"GDL substrate external contact angle
internal key: GDL substrate external contact angle: component",Wilhelmy wettability measurement,reviewed_decode_anchor,reviewed_decode,https://w3id.org/h2kg/decode/workflow/anchor/gdl-substrate-external-contact-angle-component,https://w3id.org/h2kg/hydrogen-ontology#Property,Property,physical_or_derived_property,reviewed_structural,DECODE-specific concept retained as a stable reviewed anchor. Its source topology is preserved; no H2KG synonym or new public term was asserted.,"[{""iri"": ""https://w3id.org/h2kg/hydrogen-ontology#ContactAngleMeasurement"", ""label"": ""Contact Angle Measurement"", ""score"": 0.667}, {""iri"": ""https://w3id.org/h2kg/hydrogen-ontology#CatalystCoatedSubstrate"", ""label"": ""Catalyst Coated Substrate"", ""score"": 0.623}, {""iri"": ""https://w3id.org/h2kg/hydrogen-ontology#ContactAngle"", ""label"": ""Contact Angle"", ""score"": 0.618}]"
https://w3id.org/h2kg/decode/workflow/concept/gdl-substrate-in-plane-2d-pixel-data-containing-surface-information-of-element-distributions-meso,GDL substrate in plane 2D pixel data containing surface information of element distributions,meso,data,1,sem-and-edx,"GDL substrate in plane 2D pixel data containing surface information of element distributions
internal key: GDL substrate in plane 2D pixel data containing surface information of element distributions: meso",SEM and EDX,reviewed_decode_anchor,reviewed_decode,https://w3id.org/h2kg/decode/workflow/anchor/gdl-substrate-in-plane-2d-pixel-data-containing-surface-information-of-element-distributions-meso,https://w3id.org/h2kg/hydrogen-ontology#Data,Data,data_product,reviewed_structural,DECODE-specific concept retained as a stable reviewed anchor. Its source topology is preserved; no H2KG synonym or new public term was asserted.,[]
https://w3id.org/h2kg/decode/workflow/concept/gdl-substrate-in-plane-conductivity-component,GDL substrate in-plane conductivity,component,component,7,cea-mea-model-europium-2d; electrical-conductivity; electrical-tlm-characterization-of-a-gdl-with-defined-compression; fitting-of-the-europium-model; mpl-parameter-estimation-from-gdl-and-substrate-data; simulation-of-single-phase-3d-apparent-properties; voxel-based-3d-electric-conductiviy-simulation,"GDL substrate in-plane conductivity
internal key: GDL substrate in-plane conductivity: component",CEA MEA model (Europium 2D); Electrical TLM characterization of a GDL with defined compression; Electrical conductivity; Fitting of the Europium model; MPL parameter estimation from GDL and substrate data; Simulation of single phase 3D apparent properties; Voxel based 3D Electric conductiviy simulation,reviewed_decode_anchor,reviewed_decode,https://w3id.org/h2kg/decode/workflow/anchor/gdl-substrate-in-plane-conductivity-component,https://w3id.org/h2kg/hydrogen-ontology#Property,Property,physical_or_derived_property,reviewed_structural,DECODE-specific concept retained as a stable reviewed anchor. Its source topology is preserved; no H2KG synonym or new public term was asserted.,"[{""iri"": ""https://w3id.org/h2kg/hydrogen-ontology#InPlaneElectronicConductivityMeasurement"", ""label"": ""In Plane Electronic Conductivity Measurement"", ""score"": 0.787}, {""iri"": ""https://w3id.org/h2kg/hydrogen-ontology#ElectronicConductivityLossPercent"", ""label"": ""Electronic Conductivity Loss Percent"", ""score"": 0.688}, {""iri"": ""https://w3id.org/h2kg/hydrogen-ontology#InPlaneElectronicConductivity"", ""label"": ""In Plane Electronic Conductivity"", ""score"": 0.687}]"
https://w3id.org/h2kg/decode/workflow/concept/gdl-substrate-in-plane-permeability-component,GDL substrate in-plane permeability,component,component,7,cea-mea-model-europium-2d; fitting-of-the-europium-model; gas-permeability-of-a-gdl-with-defined-compression; mpl-parameter-estimation-from-gdl-and-substrate-data; simulation-of-single-phase-3d-apparent-properties; simulation-of-two-phase-3d-apparent-properties; voxel-based-3d-permability-simulation,"GDL substrate in-plane permeability
internal key: GDL substrate in-plane permeability: component",CEA MEA model (Europium 2D); Fitting of the Europium model; Gas permeability of a GDL with defined compression; MPL parameter estimation from GDL and substrate data; Simulation of single phase 3D apparent properties; Simulation of two phase 3D apparent properties; Voxel based 3D Permability simulation,reviewed_decode_anchor,reviewed_decode,https://w3id.org/h2kg/decode/workflow/anchor/gdl-substrate-in-plane-permeability-component,https://w3id.org/h2kg/hydrogen-ontology#Property,Property,physical_or_derived_property,reviewed_structural,DECODE-specific concept retained as a stable reviewed anchor. Its source topology is preserved; no H2KG synonym or new public term was asserted.,"[{""iri"": ""https://w3id.org/h2kg/hydrogen-ontology#RelativeOxygenPermeability"", ""label"": ""Relative Oxygen Permeability"", ""score"": 0.635}, {""iri"": ""https://w3id.org/h2kg/hydrogen-ontology#NickelPlateSubstrate"", ""label"": ""Nickel Plate Substrate"", ""score"": 0.632}, {""iri"": ""https://w3id.org/h2kg/hydrogen-ontology#KaptonFilm"", ""label"": ""Kapton Film"", ""score"": 0.596}]"
https://w3id.org/h2kg/decode/workflow/concept/gdl-substrate-in-plane-thermal-conductivity-component,GDL substrate in-plane thermal conductivity,component,component,5,cea-mea-model-europium-2d; fitting-of-the-europium-model; simulation-of-single-phase-3d-apparent-properties; simulation-of-two-phase-3d-apparent-properties; voxel-based-3d-thermal-conductivity-simulation,"GDL substrate in-plane thermal conductivity
internal key: GDL substrate in-plane thermal conductivity: component",CEA MEA model (Europium 2D); Fitting of the Europium model; Simulation of single phase 3D apparent properties; Simulation of two phase 3D apparent properties; Voxel based 3D Thermal conductivity simulation,reviewed_decode_anchor,reviewed_decode,https://w3id.org/h2kg/decode/workflow/anchor/gdl-substrate-in-plane-thermal-conductivity-component,https://w3id.org/h2kg/hydrogen-ontology#Property,Property,physical_or_derived_property,reviewed_structural,DECODE-specific concept retained as a stable reviewed anchor. Its source topology is preserved; no H2KG synonym or new public term was asserted.,"[{""iri"": ""https://w3id.org/h2kg/hydrogen-ontology#InPlaneElectronicConductivityMeasurement"", ""label"": ""In Plane Electronic Conductivity Measurement"", ""score"": 0.725}, {""iri"": ""https://w3id.org/h2kg/hydrogen-ontology#ThroughPlaneThermalConductivityMeasurement"", ""label"": ""Through Plane Thermal Conductivity Measurement"", ""score"": 0.704}, {""iri"": ""https://w3id.org/h2kg/hydrogen-ontology#ThroughPlaneElectronicConductivityMeasurement"", ""label"": ""Through Plane Electronic Conductivity Measurement"", ""score"": 0.676}]"
https://w3id.org/h2kg/decode/workflow/concept/gdl-substrate-in-plane-tortuosity-component,GDL substrate in-plane tortuosity,component,component,5,cea-mea-model-europium-2d; fitting-of-the-europium-model; simulation-of-single-phase-3d-apparent-properties; simulation-of-two-phase-3d-apparent-properties; voxel-based-3d-effective-diffusivity-simulation,"GDL substrate in-plane tortuosity
internal key: GDL substrate in-plane tortuosity: component",CEA MEA model (Europium 2D); Fitting of the Europium model; Simulation of single phase 3D apparent properties; Simulation of two phase 3D apparent properties; Voxel based 3D Effective Diffusivity simulation,reviewed_decode_anchor,reviewed_decode,https://w3id.org/h2kg/decode/workflow/anchor/gdl-substrate-in-plane-tortuosity-component,https://w3id.org/h2kg/hydrogen-ontology#Property,Property,physical_or_derived_property,reviewed_structural,DECODE-specific concept retained as a stable reviewed anchor. Its source topology is preserved; no H2KG synonym or new public term was asserted.,"[{""iri"": ""https://w3id.org/h2kg/hydrogen-ontology#TargetSubstrateDistance"", ""label"": ""Target Substrate Distance"", ""score"": 0.655}, {""iri"": ""https://w3id.org/h2kg/hydrogen-ontology#ElectrospinningNeedleToCollectorDistance"", ""label"": ""Electrospinning Needle To Collector Distance"", ""score"": 0.623}, {""iri"": ""https://w3id.org/h2kg/hydrogen-ontology#NozzleToSubstrateDistance"", ""label"": ""Nozzle To Substrate Distance"", ""score"": 0.623}]"
https://w3id.org/h2kg/decode/workflow/concept/gdl-substrate-internal-contact-angle-component,GDL substrate internal contact angle,component,component,1,water-retention-curve-simulation,"GDL substrate internal contact angle
internal key: GDL substrate internal contact angle: component",Water retention curve simulation,reviewed_decode_anchor,reviewed_decode,https://w3id.org/h2kg/decode/workflow/anchor/gdl-substrate-internal-contact-angle-component,https://w3id.org/h2kg/hydrogen-ontology#Property,Property,physical_or_derived_property,reviewed_structural,DECODE-specific concept retained as a stable reviewed anchor. Its source topology is preserved; no H2KG synonym or new public term was asserted.,"[{""iri"": ""https://w3id.org/h2kg/hydrogen-ontology#ContactAngle"", ""label"": ""Contact Angle"", ""score"": 0.667}, {""iri"": ""https://w3id.org/h2kg/hydrogen-ontology#ContactAngleMeasurement"", ""label"": ""Contact Angle Measurement"", ""score"": 0.667}, {""iri"": ""https://w3id.org/h2kg/hydrogen-ontology#ContactAngleGoniometer"", ""label"": ""Contact Angle Goniometer"", ""score"": 0.633}]"
https://w3id.org/h2kg/decode/workflow/concept/gdl-substrate-pore-size-distribution-component,GDL substrate pore size distribution,component,component,3,hg-porosimetry-gdl; image-x-ray-tomography-data-parameter-extraction-3d; mpl-parameter-estimation-from-gdl-and-substrate-data,"GDL substrate pore size distribution
internal key: GDL substrate pore size distribution: component",Hg porosimetry GDL; Image X-ray tomography data parameter extraction 3D; MPL parameter estimation from GDL and substrate data,reviewed_decode_anchor,reviewed_decode,https://w3id.org/h2kg/decode/workflow/anchor/gdl-substrate-pore-size-distribution-component,https://w3id.org/h2kg/hydrogen-ontology#Data,Data,data_product,reviewed_structural,DECODE-specific concept retained as a stable reviewed anchor. Its source topology is preserved; no H2KG synonym or new public term was asserted.,"[{""iri"": ""https://w3id.org/h2kg/hydrogen-ontology#PoreSizeDistribution"", ""label"": ""Pore Size Distribution"", ""score"": 0.759}, {""iri"": ""https://w3id.org/h2kg/hydrogen-ontology#PoreSizeDistributionDataset"", ""label"": ""Pore Size Distribution Dataset"", ""score"": 0.759}, {""iri"": ""https://w3id.org/h2kg/hydrogen-ontology#PoreSizeDistributionPeakDiameter"", ""label"": ""Pore Size Distribution Peak Diameter"", ""score"": 0.73}]"
https://w3id.org/h2kg/decode/workflow/concept/gdl-substrate-porosity-component,GDL substrate porosity,component,component,9,cea-mea-model-europium-2d; current-modulated-hydrogen-flow-rate-spectroscopy-ch2s; diffusivities-from-tortuosities; fitting-of-the-europium-model; hg-porosimetry-gdl; image-x-ray-tomography-data-parameter-extraction-3d; mpl-parameter-estimation-from-gdl-and-substrate-data; simulation-of-single-phase-3d-apparent-properties; voxel-based-3d-effective-diffusivity-simulation,"GDL substrate porosity
internal key: GDL substrate porosity: component",CEA MEA model (Europium 2D); Current modulated hydrogen flow-rate spectroscopy (CH2S); Diffusivities from tortuosities; Fitting of the Europium model; Hg porosimetry GDL; Image X-ray tomography data parameter extraction 3D; MPL parameter estimation from GDL and substrate data; Simulation of single phase 3D apparent properties; Voxel based 3D Effective Diffusivity simulation,reviewed_decode_anchor,reviewed_decode,https://w3id.org/h2kg/decode/workflow/anchor/gdl-substrate-porosity-component,https://w3id.org/h2kg/hydrogen-ontology#Property,Property,physical_or_derived_property,reviewed_structural,DECODE-specific concept retained as a stable reviewed anchor. Its source topology is preserved; no H2KG synonym or new public term was asserted.,"[{""iri"": ""https://w3id.org/h2kg/hydrogen-ontology#GasDiffusionLayerPorosity"", ""label"": ""Gas Diffusion Layer Porosity"", ""score"": 0.706}, {""iri"": ""https://w3id.org/h2kg/hydrogen-ontology#SiliconWaferSubstrate"", ""label"": ""Silicon Wafer Substrate"", ""score"": 0.706}, {""iri"": ""https://w3id.org/h2kg/hydrogen-ontology#ElectrodeSubstrate"", ""label"": ""Electrode Substrate"", ""score"": 0.698}]"
https://w3id.org/h2kg/decode/workflow/concept/gdl-substrate-saturation-component,GDL substrate saturation,component,component,4,cea-mea-model-europium-2d; iet-1d-performance-model-for-mea-prediction; image-x-ray-tomography-data-parameter-extraction-3d; mpl-saturation-determination-from-x-ray-ct-data,"GDL substrate saturation
internal key: GDL substrate saturation: component",CEA MEA model (Europium 2D); IET 1D Performance model for MEA (prediction); Image X-ray tomography data parameter extraction 3D; MPL saturation determination from X-ray CT-data,reviewed_decode_anchor,reviewed_decode,https://w3id.org/h2kg/decode/workflow/anchor/gdl-substrate-saturation-component,https://w3id.org/h2kg/hydrogen-ontology#Parameter,Parameter,operating_or_geometric_parameter,reviewed_structural,DECODE-specific concept retained as a stable reviewed anchor. Its source topology is preserved; no H2KG synonym or new public term was asserted.,"[{""iri"": ""https://w3id.org/h2kg/hydrogen-ontology#KaptonFilm"", ""label"": ""Kapton Film"", ""score"": 0.739}, {""iri"": ""https://w3id.org/h2kg/hydrogen-ontology#SiliconWaferSubstrate"", ""label"": ""Silicon Wafer Substrate"", ""score"": 0.683}, {""iri"": ""https://w3id.org/h2kg/hydrogen-ontology#AluminumSubstrate"", ""label"": ""Aluminum Substrate"", ""score"": 0.667}]"
https://w3id.org/h2kg/decode/workflow/concept/gdl-substrate-saturation-profiles-macrohomogeneous-local,GDL substrate saturation profiles,macrohomogeneous local,other,4,cea-mea-model-europium-2d; iet-1d-performance-model-for-mea-prediction; image-x-ray-tomography-data-parameter-extraction-3d; mpl-saturation-determination-from-x-ray-ct-data,"GDL substrate saturation profiles
internal key: GDL substrate saturation profiles: macrohomogeneous local",CEA MEA model (Europium 2D); IET 1D Performance model for MEA (prediction); Image X-ray tomography data parameter extraction 3D; MPL saturation determination from X-ray CT-data,reviewed_decode_anchor,reviewed_decode,https://w3id.org/h2kg/decode/workflow/anchor/gdl-substrate-saturation-profiles-macrohomogeneous-local,https://w3id.org/h2kg/hydrogen-ontology#Parameter,Parameter,operating_or_geometric_parameter,reviewed_structural,DECODE-specific concept retained as a stable reviewed anchor. Its source topology is preserved; no H2KG synonym or new public term was asserted.,"[{""iri"": ""https://w3id.org/h2kg/hydrogen-ontology#KaptonFilm"", ""label"": ""Kapton Film"", ""score"": 0.618}, {""iri"": ""https://w3id.org/h2kg/hydrogen-ontology#SiliconWaferSubstrate"", ""label"": ""Silicon Wafer Substrate"", ""score"": 0.6}, {""iri"": ""https://w3id.org/h2kg/hydrogen-ontology#NickelPlateSubstrate"", ""label"": ""Nickel Plate Substrate"", ""score"": 0.582}]"
https://w3id.org/h2kg/decode/workflow/concept/gdl-substrate-stress-strain-curve-component,GDL substrate stress-strain curve,component,component,5,electrical-conductivity; electrical-contact-resistance; electrical-tlm-characterization-of-a-gdl-with-defined-compression; gas-permeability-of-a-gdl-with-defined-compression; gdl-compressability,"GDL substrate stress-strain curve
internal key: GDL substrate stress-strain curve: component",Electrical TLM characterization of a GDL with defined compression; Electrical conductivity; Electrical contact resistance; GDL compressability; Gas permeability of a GDL with defined compression,reviewed_decode_anchor,reviewed_decode,https://w3id.org/h2kg/decode/workflow/anchor/gdl-substrate-stress-strain-curve-component,https://w3id.org/h2kg/hydrogen-ontology#Data,Data,data_product,reviewed_structural,DECODE-specific concept retained as a stable reviewed anchor. Its source topology is preserved; no H2KG synonym or new public term was asserted.,"[{""iri"": ""https://w3id.org/h2kg/hydrogen-ontology#CompressiveStrengthMeasurement"", ""label"": ""Compressive Strength Measurement"", ""score"": 0.621}, {""iri"": ""https://w3id.org/h2kg/hydrogen-ontology#NickelPlateSubstrate"", ""label"": ""Nickel Plate Substrate"", ""score"": 0.618}, {""iri"": ""https://w3id.org/h2kg/hydrogen-ontology#FTOGlassSubstrate"", ""label"": ""FTO Glass Substrate"", ""score"": 0.615}]"
https://w3id.org/h2kg/decode/workflow/concept/gdl-substrate-structural-parameters-component,GDL substrate structural parameters,component,component,2,image-x-ray-tomography-data-parameter-extraction-3d; neutron-imaging,"GDL substrate structural parameters
internal key: GDL substrate structural parameters: component",Image X-ray tomography data parameter extraction 3D; Neutron Imaging,reviewed_decode_anchor,reviewed_decode,https://w3id.org/h2kg/decode/workflow/anchor/gdl-substrate-structural-parameters-component,https://w3id.org/h2kg/hydrogen-ontology#Property,Property,physical_or_derived_property,reviewed_structural,DECODE-specific concept retained as a stable reviewed anchor. Its source topology is preserved; no H2KG synonym or new public term was asserted.,"[{""iri"": ""https://w3id.org/h2kg/hydrogen-ontology#CatalystInkStructureDataset"", ""label"": ""Catalyst Ink Structure Dataset"", ""score"": 0.719}, {""iri"": ""https://w3id.org/h2kg/hydrogen-ontology#ETFESheetSubstrate"", ""label"": ""ETFE Sheet Substrate"", ""score"": 0.6}, {""iri"": ""https://w3id.org/h2kg/hydrogen-ontology#PrintedGridStructure"", ""label"": ""Printed Grid Structure"", ""score"": 0.596}]"
https://w3id.org/h2kg/decode/workflow/concept/gdl-substrate-thickness-component,GDL substrate thickness,component,component,13,cea-mea-model-europium-2d; current-modulated-hydrogen-flow-rate-spectroscopy-ch2s; diffusivities-from-tortuosities; electrical-conductivity; electrical-contact-resistance; electrical-tlm-characterization-of-a-gdl-with-defined-compression; fitting-of-the-europium-model; gas-permeability-of-a-gdl-with-defined-compression; gdl-compressability; image-parameter-extraction-2d; image-x-ray-tomography-data-parameter-extraction-3d; mpl-parameter-estimation-from-gdl-and-substrate-data; sem-and-edx,"GDL substrate thickness
internal key: GDL substrate thickness: component",CEA MEA model (Europium 2D); Current modulated hydrogen flow-rate spectroscopy (CH2S); Diffusivities from tortuosities; Electrical TLM characterization of a GDL with defined compression; Electrical conductivity; Electrical contact resistance; Fitting of the Europium model; GDL compressability; Gas permeability of a GDL with defined compression; Image X-ray tomography data parameter extraction 3D; Image parameter extraction 2D; MPL parameter estimation from GDL and substrate data; SEM and EDX,reviewed_decode_anchor,reviewed_decode,https://w3id.org/h2kg/decode/workflow/anchor/gdl-substrate-thickness-component,https://w3id.org/h2kg/hydrogen-ontology#Property,Property,physical_or_derived_property,reviewed_structural,DECODE-specific concept retained as a stable reviewed anchor. Its source topology is preserved; no H2KG synonym or new public term was asserted.,"[{""iri"": ""https://w3id.org/h2kg/hydrogen-ontology#GasDiffusionLayerThickness"", ""label"": ""Gas Diffusion Layer Thickness"", ""score"": 0.769}, {""iri"": ""https://w3id.org/h2kg/hydrogen-ontology#StrutThickness"", ""label"": ""Strut Thickness"", ""score"": 0.737}, {""iri"": ""https://w3id.org/h2kg/hydrogen-ontology#TitaniumSubstrate"", ""label"": ""Titanium Substrate"", ""score"": 0.686}]"
https://w3id.org/h2kg/decode/workflow/concept/gdl-substrate-through-plane-conductivity-component,GDL substrate through-plane conductivity,component,component,7,cea-mea-model-europium-2d; electrical-conductivity; electrical-contact-resistance; fitting-of-the-europium-model; mpl-parameter-estimation-from-gdl-and-substrate-data; simulation-of-single-phase-3d-apparent-properties; voxel-based-3d-electric-conductiviy-simulation,"GDL substrate through-plane conductivity
internal key: GDL substrate through-plane conductivity: component",CEA MEA model (Europium 2D); Electrical conductivity; Electrical contact resistance; Fitting of the Europium model; MPL parameter estimation from GDL and substrate data; Simulation of single phase 3D apparent properties; Voxel based 3D Electric conductiviy simulation,reviewed_decode_anchor,reviewed_decode,https://w3id.org/h2kg/decode/workflow/anchor/gdl-substrate-through-plane-conductivity-component,https://w3id.org/h2kg/hydrogen-ontology#Property,Property,physical_or_derived_property,reviewed_structural,DECODE-specific concept retained as a stable reviewed anchor. Its source topology is preserved; no H2KG synonym or new public term was asserted.,"[{""iri"": ""https://w3id.org/h2kg/hydrogen-ontology#ThroughPlaneElectronicConductivityMeasurement"", ""label"": ""Through Plane Electronic Conductivity Measurement"", ""score"": 0.817}, {""iri"": ""https://w3id.org/h2kg/hydrogen-ontology#ThermalConductivity"", ""label"": ""Thermal Conductivity"", ""score"": 0.811}, {""iri"": ""https://w3id.org/h2kg/hydrogen-ontology#ThroughPlaneElectronicConductivity"", ""label"": ""Through Plane Electronic Conductivity"", ""score"": 0.727}]"
https://w3id.org/h2kg/decode/workflow/concept/gdl-substrate-through-plane-permeability-component,GDL substrate through-plane permeability,component,component,7,cea-mea-model-europium-2d; fitting-of-the-europium-model; gas-permeability-of-a-gdl-with-defined-compression; mpl-parameter-estimation-from-gdl-and-substrate-data; simulation-of-single-phase-3d-apparent-properties; simulation-of-two-phase-3d-apparent-properties; voxel-based-3d-permability-simulation,"GDL substrate through-plane permeability
internal key: GDL substrate through-plane permeability: component",CEA MEA model (Europium 2D); Fitting of the Europium model; Gas permeability of a GDL with defined compression; MPL parameter estimation from GDL and substrate data; Simulation of single phase 3D apparent properties; Simulation of two phase 3D apparent properties; Voxel based 3D Permability simulation,reviewed_decode_anchor,reviewed_decode,https://w3id.org/h2kg/decode/workflow/anchor/gdl-substrate-through-plane-permeability-component,https://w3id.org/h2kg/hydrogen-ontology#Property,Property,physical_or_derived_property,reviewed_structural,DECODE-specific concept retained as a stable reviewed anchor. Its source topology is preserved; no H2KG synonym or new public term was asserted.,"[{""iri"": ""https://w3id.org/h2kg/hydrogen-ontology#ThermalConductivity"", ""label"": ""Thermal Conductivity"", ""score"": 0.622}, {""iri"": ""https://w3id.org/h2kg/hydrogen-ontology#ThroughPlaneElectronicConductivityMeasurement"", ""label"": ""Through Plane Electronic Conductivity Measurement"", ""score"": 0.62}, {""iri"": ""https://w3id.org/h2kg/hydrogen-ontology#RelativeOxygenPermeability"", ""label"": ""Relative Oxygen Permeability"", ""score"": 0.618}]"
https://w3id.org/h2kg/decode/workflow/concept/gdl-substrate-through-plane-thermal-conductivity-component,GDL substrate through-plane thermal conductivity,component,component,5,cea-mea-model-europium-2d; fitting-of-the-europium-model; simulation-of-single-phase-3d-apparent-properties; simulation-of-two-phase-3d-apparent-properties; voxel-based-3d-thermal-conductivity-simulation,"GDL substrate through-plane thermal conductivity
internal key: GDL substrate through-plane thermal conductivity: component",CEA MEA model (Europium 2D); Fitting of the Europium model; Simulation of single phase 3D apparent properties; Simulation of two phase 3D apparent properties; Voxel based 3D Thermal conductivity simulation,reviewed_decode_anchor,reviewed_decode,https://w3id.org/h2kg/decode/workflow/anchor/gdl-substrate-through-plane-thermal-conductivity-component,https://w3id.org/h2kg/hydrogen-ontology#Property,Property,physical_or_derived_property,reviewed_structural,DECODE-specific concept retained as a stable reviewed anchor. Its source topology is preserved; no H2KG synonym or new public term was asserted.,"[{""iri"": ""https://w3id.org/h2kg/hydrogen-ontology#ThermalConductivity"", ""label"": ""Thermal Conductivity"", ""score"": 0.829}, {""iri"": ""https://w3id.org/h2kg/hydrogen-ontology#ThroughPlaneElectronicConductivityMeasurement"", ""label"": ""Through Plane Electronic Conductivity Measurement"", ""score"": 0.759}, {""iri"": ""https://w3id.org/h2kg/hydrogen-ontology#ThroughPlaneThermalConductivityMeasurement"", ""label"": ""Through Plane Thermal Conductivity Measurement"", ""score"": 0.745}]"
https://w3id.org/h2kg/decode/workflow/concept/gdl-substrate-through-plane-tortuosity-component,GDL substrate through-plane tortuosity,component,component,7,cea-mea-model-europium-2d; current-modulated-hydrogen-flow-rate-spectroscopy-ch2s; diffusivities-from-tortuosities; fitting-of-the-europium-model; simulation-of-single-phase-3d-apparent-properties; simulation-of-two-phase-3d-apparent-properties; voxel-based-3d-effective-diffusivity-simulation,"GDL substrate through-plane tortuosity
internal key: GDL substrate through-plane tortuosity: component",CEA MEA model (Europium 2D); Current modulated hydrogen flow-rate spectroscopy (CH2S); Diffusivities from tortuosities; Fitting of the Europium model; Simulation of single phase 3D apparent properties; Simulation of two phase 3D apparent properties; Voxel based 3D Effective Diffusivity simulation,reviewed_decode_anchor,reviewed_decode,https://w3id.org/h2kg/decode/workflow/anchor/gdl-substrate-through-plane-tortuosity-component,https://w3id.org/h2kg/hydrogen-ontology#Property,Property,physical_or_derived_property,reviewed_structural,DECODE-specific concept retained as a stable reviewed anchor. Its source topology is preserved; no H2KG synonym or new public term was asserted.,"[{""iri"": ""https://w3id.org/h2kg/hydrogen-ontology#ThroughPlaneGasTransportMeasurement"", ""label"": ""Through-Plane Gas Transport Measurement"", ""score"": 0.615}, {""iri"": ""https://w3id.org/h2kg/hydrogen-ontology#ThroughPlaneTransportCell"", ""label"": ""Through-Plane Transport Cell"", ""score"": 0.606}, {""iri"": ""https://w3id.org/h2kg/hydrogen-ontology#TargetSubstrateDistance"", ""label"": ""Target Substrate Distance"", ""score"": 0.603}]"
https://w3id.org/h2kg/decode/workflow/concept/gdl-substrate-water-distribution-meso,GDL substrate water distribution,meso,data,1,ct-based-capillary-pressure-saturation-curves,"GDL substrate water distribution
internal key: GDL substrate water distribution: meso",CT-based capillary pressure saturation curves,reviewed_decode_anchor,reviewed_decode,https://w3id.org/h2kg/decode/workflow/anchor/gdl-substrate-water-distribution-meso,https://w3id.org/h2kg/hydrogen-ontology#Data,Data,data_product,reviewed_structural,DECODE-specific concept retained as a stable reviewed anchor. Its source topology is preserved; no H2KG synonym or new public term was asserted.,"[{""iri"": ""https://w3id.org/h2kg/hydrogen-ontology#SiliconWaferSubstrate"", ""label"": ""Silicon Wafer Substrate"", ""score"": 0.727}, {""iri"": ""https://w3id.org/h2kg/hydrogen-ontology#ElectrospinningNeedleToCollectorDistance"", ""label"": ""Electrospinning Needle To Collector Distance"", ""score"": 0.667}, {""iri"": ""https://w3id.org/h2kg/hydrogen-ontology#LatticeDistortionPercent"", ""label"": ""Lattice Distortion Percent"", ""score"": 0.633}]"
https://w3id.org/h2kg/decode/workflow/concept/gdl-substrate-water-retention-curve-component,GDL substrate water retention curve,component,component,8,cea-mea-model-europium-2d; ct-based-capillary-pressure-saturation-curves; fitting-of-the-europium-model; iet-1d-mea-with-water-transport-eis-model; iet-1d-performance-model-for-mea-prediction; image-x-ray-tomography-data-parameter-extraction-3d; simulation-of-two-phase-3d-apparent-properties; water-retention-curve-simulation,"GDL substrate water retention curve
internal key: GDL substrate water retention curve: component",CEA MEA model (Europium 2D); CT-based capillary pressure saturation curves; Fitting of the Europium model; IET 1D MEA with water transport EIS model; IET 1D Performance model for MEA (prediction); Image X-ray tomography data parameter extraction 3D; Simulation of two phase 3D apparent properties; Water retention curve simulation,reviewed_decode_anchor,reviewed_decode,https://w3id.org/h2kg/decode/workflow/anchor/gdl-substrate-water-retention-curve-component,https://w3id.org/h2kg/hydrogen-ontology#Data,Data,data_product,reviewed_structural,DECODE-specific concept retained as a stable reviewed anchor. Its source topology is preserved; no H2KG synonym or new public term was asserted.,"[{""iri"": ""https://w3id.org/h2kg/hydrogen-ontology#SaturatedResidualWaterAmount"", ""label"": ""Saturated Residual Water Amount"", ""score"": 0.656}, {""iri"": ""https://w3id.org/h2kg/hydrogen-ontology#SiliconWaferSubstrate"", ""label"": ""Silicon Wafer Substrate"", ""score"": 0.655}, {""iri"": ""https://w3id.org/h2kg/hydrogen-ontology#SaturatedIonomerWaterContentLambda"", ""label"": ""Saturated Ionomer Water Content Lambda"", ""score"": 0.636}]"
https://w3id.org/h2kg/decode/workflow/concept/gdl-thickness-component,GDL thickness,component,component,17,0d-particle-population-degradation-model-coupled-with-performance-model-prediction; 0d-particle-population-degradation-model-coupled-with-performance-model-prediction-without-fitting-methods; diffusivities-from-tortuosities; electrical-conductivity; electrical-contact-resistance; electrical-tlm-characterization-of-a-gdl-with-defined-compression; gas-permeability-of-a-gdl-with-defined-compression; gdl-compressability; iet-1d-mea-with-water-transport-eis-model; iet-1d-mea-with-water-transport-in-ccl-eis-model; iet-1d-performance-model-for-mea-fitting; iet-1d-performance-model-for-mea-prediction; image-parameter-extraction-2d; microscopy-sem-and-optical-in-mea-cross-section; mpl-parameter-estimation-from-gdl-and-substrate-data; sem-and-edx; sem-and-fib-layer,"GDL thickness
internal key: GDL thickness: component",0D Particle population degradation model coupled with performance model (prediction); Diffusivities from tortuosities; Electrical TLM characterization of a GDL with defined compression; Electrical conductivity; Electrical contact resistance; GDL compressability; Gas permeability of a GDL with defined compression; IET 1D MEA with water transport EIS model; IET 1D MEA with water transport in CCL EIS model; IET 1D Performance model for MEA (fitting); IET 1D Performance model for MEA (prediction); Image parameter extraction 2D; MPL parameter estimation from GDL and substrate data; Microscopy (SEM and optical) in MEA cross section; SEM and EDX; SEM and FIB (layer),strict_alt_label,approved_h2kg,https://w3id.org/h2kg/hydrogen-ontology#GasDiffusionLayerThickness,https://w3id.org/h2kg/hydrogen-ontology#Parameter,Parameter,explicit_mapping,high,Reviewed abbreviation for gas-diffusion-layer thickness.,"[{""iri"": ""https://w3id.org/h2kg/hydrogen-ontology#GasDiffusionLayerThickness"", ""label"": ""Gas Diffusion Layer Thickness"", ""score"": 1.0}, {""iri"": ""https://w3id.org/h2kg/hydrogen-ontology#CatalystLayerThickness_2"", ""label"": ""Catalyst Layer Thickness"", ""score"": 0.88}, {""iri"": ""https://w3id.org/h2kg/hydrogen-ontology#CathodeCatalystLayerThickness"", ""label"": ""Cathode Catalyst Layer Thickness"", ""score"": 0.846}]"
https://w3id.org/h2kg/decode/workflow/concept/gdl-through-plane-conductivity-component,GDL through-plane conductivity,component,component,3,electrical-conductivity; electrical-contact-resistance; mpl-parameter-estimation-from-gdl-and-substrate-data,"GDL through-plane conductivity
internal key: GDL through-plane conductivity: component",Electrical conductivity; Electrical contact resistance; MPL parameter estimation from GDL and substrate data,reviewed_decode_anchor,reviewed_decode,https://w3id.org/h2kg/decode/workflow/anchor/gdl-through-plane-conductivity-component,https://w3id.org/h2kg/hydrogen-ontology#Property,Property,physical_or_derived_property,reviewed_structural,DECODE-specific concept retained as a stable reviewed anchor. Its source topology is preserved; no H2KG synonym or new public term was asserted.,"[{""iri"": ""https://w3id.org/h2kg/hydrogen-ontology#ThroughPlaneElectronicConductivityMeasurement"", ""label"": ""Through Plane Electronic Conductivity Measurement"", ""score"": 0.852}, {""iri"": ""https://w3id.org/h2kg/hydrogen-ontology#ThroughPlaneElectronicConductivity"", ""label"": ""Through Plane Electronic Conductivity"", ""score"": 0.836}, {""iri"": ""https://w3id.org/h2kg/hydrogen-ontology#ThermalConductivity"", ""label"": ""Thermal Conductivity"", ""score"": 0.812}]"
https://w3id.org/h2kg/decode/workflow/concept/gdl-through-plane-permeability-component,GDL through-plane permeability,component,component,2,gas-permeability-of-a-gdl-with-defined-compression; mpl-parameter-estimation-from-gdl-and-substrate-data,"GDL through-plane permeability
internal key: GDL through-plane permeability: component",Gas permeability of a GDL with defined compression; MPL parameter estimation from GDL and substrate data,reviewed_decode_anchor,reviewed_decode,https://w3id.org/h2kg/decode/workflow/anchor/gdl-through-plane-permeability-component,https://w3id.org/h2kg/hydrogen-ontology#Property,Property,physical_or_derived_property,reviewed_structural,DECODE-specific concept retained as a stable reviewed anchor. Its source topology is preserved; no H2KG synonym or new public term was asserted.,"[{""iri"": ""https://w3id.org/h2kg/hydrogen-ontology#RelativeOxygenPermeability"", ""label"": ""Relative Oxygen Permeability"", ""score"": 0.655}, {""iri"": ""https://w3id.org/h2kg/hydrogen-ontology#ThroughPlaneElectronicConductivityMeasurement"", ""label"": ""Through Plane Electronic Conductivity Measurement"", ""score"": 0.623}, {""iri"": ""https://w3id.org/h2kg/hydrogen-ontology#MicroporousLayerPermeability"", ""label"": ""Microporous Layer Permeability"", ""score"": 0.609}]"
https://w3id.org/h2kg/decode/workflow/concept/gdl-vaporization-interfacial-area-factor-component,GDL vaporization interfacial area factor,component,component,1,iet-1d-mea-with-water-transport-eis-model,"GDL vaporization interfacial area factor
internal key: GDL vaporization interfacial area factor: component",IET 1D MEA with water transport EIS model,reviewed_decode_anchor,reviewed_decode,https://w3id.org/h2kg/decode/workflow/anchor/gdl-vaporization-interfacial-area-factor-component,https://w3id.org/h2kg/hydrogen-ontology#Parameter,Parameter,operating_or_geometric_parameter,reviewed_structural,DECODE-specific concept retained as a stable reviewed anchor. Its source topology is preserved; no H2KG synonym or new public term was asserted.,"[{""iri"": ""https://w3id.org/h2kg/hydrogen-ontology#PolarizationPointDuration"", ""label"": ""Polarization Point Duration"", ""score"": 0.567}, {""iri"": ""https://w3id.org/h2kg/hydrogen-ontology#ReactionAreaPositionInCatalystLayer"", ""label"": ""Reaction Area Position In Catalyst Layer"", ""score"": 0.56}, {""iri"": ""https://w3id.org/h2kg/hydrogen-ontology#BETSurfaceAreaWaterVapor"", ""label"": ""BET Surface Area Water Vapor"", ""score"": 0.559}]"
https://w3id.org/h2kg/decode/workflow/concept/gdl-vaporization-rate-constant-component,GDL vaporization rate constant,component,component,1,iet-1d-mea-with-water-transport-eis-model,"GDL vaporization rate constant
internal key: GDL vaporization rate constant: component",IET 1D MEA with water transport EIS model,reviewed_decode_anchor,reviewed_decode,https://w3id.org/h2kg/decode/workflow/anchor/gdl-vaporization-rate-constant-component,https://w3id.org/h2kg/hydrogen-ontology#Property,Property,physical_or_derived_property,reviewed_structural,DECODE-specific concept retained as a stable reviewed anchor. Its source topology is preserved; no H2KG synonym or new public term was asserted.,"[{""iri"": ""https://w3id.org/h2kg/hydrogen-ontology#CoverageRelaxationRateConstant"", ""label"": ""Coverage Relaxation Rate Constant"", ""score"": 0.698}, {""iri"": ""https://w3id.org/h2kg/hydrogen-ontology#RelativeVariationPercent"", ""label"": ""Relative Variation Percent"", ""score"": 0.643}, {""iri"": ""https://w3id.org/h2kg/hydrogen-ontology#ContrastVariationSANSUSANSMeasurement"", ""label"": ""Contrast Variation SANSUSANS Measurement"", ""score"": 0.627}]"
https://w3id.org/h2kg/decode/workflow/concept/glassy-carbon-component,Glassy carbon,component,component,1,cl-for-rde,"Glassy carbon
internal key: Glassy carbon: component",CL for RDE,reviewed_decode_anchor,reviewed_decode,https://w3id.org/h2kg/decode/workflow/anchor/glassy-carbon-component,https://w3id.org/h2kg/hydrogen-ontology#Matter,Matter,component_category_default,reviewed_structural,DECODE-specific concept retained as a stable reviewed anchor. Its source topology is preserved; no H2KG synonym or new public term was asserted.,"[{""iri"": ""https://w3id.org/h2kg/hydrogen-ontology#GlassyCarbonDiskElectrode"", ""label"": ""Glassy Carbon Disk Electrode"", ""score"": 0.839}, {""iri"": ""https://w3id.org/h2kg/hydrogen-ontology#CarbonMass"", ""label"": ""Carbon Mass"", ""score"": 0.833}, {""iri"": ""https://w3id.org/h2kg/hydrogen-ontology#ConductiveCarbonGrease"", ""label"": ""Conductive Carbon Grease"", ""score"": 0.769}]"
https://w3id.org/h2kg/decode/workflow/concept/glassy-carbon-area-component,Glassy carbon area,component,component,1,rotating-ring-disk-electrode-rrde,"Glassy carbon area
internal key: Glassy carbon area: component",Rotating Ring Disk Electrode (RRDE),reviewed_decode_anchor,reviewed_decode,https://w3id.org/h2kg/decode/workflow/anchor/glassy-carbon-area-component,https://w3id.org/h2kg/hydrogen-ontology#Parameter,Parameter,operating_or_geometric_parameter,reviewed_structural,DECODE-specific concept retained as a stable reviewed anchor. Its source topology is preserved; no H2KG synonym or new public term was asserted.,"[{""iri"": ""https://w3id.org/h2kg/hydrogen-ontology#GlassyCarbonDiskElectrode"", ""label"": ""Glassy Carbon Disk Electrode"", ""score"": 0.722}, {""iri"": ""https://w3id.org/h2kg/hydrogen-ontology#CarbonMass"", ""label"": ""Carbon Mass"", ""score"": 0.69}, {""iri"": ""https://w3id.org/h2kg/hydrogen-ontology#ConductiveCarbonGrease"", ""label"": ""Conductive Carbon Grease"", ""score"": 0.645}]"
https://w3id.org/h2kg/decode/workflow/concept/global-electric-potential-distribution-nanostructured-lre,Global electric potential distribution (nanostructured),LRE,device,1,density-potential-functional-theory-applied-to-supported-electrocatalysts,"Global electric potential distribution (nanostructured)
internal key: Global electric potential distribution (nanostructured): LRE",Density-potential functional theory applied to supported electrocatalysts,reviewed_decode_anchor,reviewed_decode,https://w3id.org/h2kg/decode/workflow/anchor/global-electric-potential-distribution-nanostructured-lre,https://w3id.org/h2kg/hydrogen-ontology#Data,Data,data_product,reviewed_structural,DECODE-specific concept retained as a stable reviewed anchor. Its source topology is preserved; no H2KG synonym or new public term was asserted.,[]
https://w3id.org/h2kg/decode/workflow/concept/global-electron-distribution-nanostructured-lre,Global electron distribution (nanostructured),LRE,device,1,density-potential-functional-theory-applied-to-supported-electrocatalysts,"Global electron distribution (nanostructured)
internal key: Global electron distribution (nanostructured): LRE",Density-potential functional theory applied to supported electrocatalysts,reviewed_decode_anchor,reviewed_decode,https://w3id.org/h2kg/decode/workflow/anchor/global-electron-distribution-nanostructured-lre,https://w3id.org/h2kg/hydrogen-ontology#Data,Data,data_product,reviewed_structural,DECODE-specific concept retained as a stable reviewed anchor. Its source topology is preserved; no H2KG synonym or new public term was asserted.,"[{""iri"": ""https://w3id.org/h2kg/hydrogen-ontology#IonomerUniformity"", ""label"": ""Ionomer Uniformity"", ""score"": 0.563}, {""iri"": ""https://w3id.org/h2kg/hydrogen-ontology#DistributionOfRelaxationTimesAnalysis"", ""label"": ""Distribution Of Relaxation Times Analysis"", ""score"": 0.56}]"
https://w3id.org/h2kg/decode/workflow/concept/global-potential-of-zero-charge-nanostructured-lre,Global potential of zero charge (nanostructured),LRE,device,1,density-potential-functional-theory-applied-to-supported-electrocatalysts,"Global potential of zero charge (nanostructured)
internal key: Global potential of zero charge (nanostructured): LRE",Density-potential functional theory applied to supported electrocatalysts,reviewed_decode_anchor,reviewed_decode,https://w3id.org/h2kg/decode/workflow/anchor/global-potential-of-zero-charge-nanostructured-lre,https://w3id.org/h2kg/hydrogen-ontology#Property,Property,physical_or_derived_property,reviewed_structural,DECODE-specific concept retained as a stable reviewed anchor. Its source topology is preserved; no H2KG synonym or new public term was asserted.,"[{""iri"": ""https://w3id.org/h2kg/hydrogen-ontology#PotentialOfTotalZeroCharge"", ""label"": ""Potential Of Total Zero Charge"", ""score"": 0.632}, {""iri"": ""https://w3id.org/h2kg/hydrogen-ontology#NiFe2O4Nanostructure"", ""label"": ""Ni Fe 2 O 4 Nanostructure"", ""score"": 0.563}, {""iri"": ""https://w3id.org/h2kg/hydrogen-ontology#AgAgClPotentialVsRHE"", ""label"": ""Ag Ag Cl Potential Vs RHE"", ""score"": 0.56}]"
https://w3id.org/h2kg/decode/workflow/concept/hg-porosimetry-gdl-method,Hg porosimetry GDL,,method,10,cea-mea-model-europium-2d; current-modulated-hydrogen-flow-rate-spectroscopy-ch2s; diffusivities-from-tortuosities; fitting-of-the-europium-model; hg-porosimetry-gdl; iet-1d-performance-model-for-mea-prediction; impregnation-by-immersion-and-blade-coating; mpl-parameter-estimation-from-gdl-and-substrate-data,"Hg porosimetry GDL
Owner: PSI:Jens Eller
Task: T2.1
Maturity: established method
Documentation: DOI: 10.1006/jcis.1998.5986
Range of validity or processability: 
Pore diameter 10nm -50m
internal key: Hg porosimetry GDL0; Hg porosimetry GDL
Owner: PSI:Jens Eller
Task: T2.1
Maturity: established method
Documentation: DOI: 10.1006/jcis.1998.5986
Range of validity or processability: 
Pore diameter 10nm -50m
internal key: Hg porosimetry GDL1",GDL; GDL pore size distribution; GDL porosity; GDL substrate; GDL substrate average pore radius; GDL substrate pore size distribution; GDL substrate porosity,reviewed_decode_anchor,reviewed_decode,https://w3id.org/h2kg/decode/workflow/anchor/hg-porosimetry-gdl-method,https://w3id.org/h2kg/hydrogen-ontology#Measurement,Measurement,method_visual_default,reviewed_structural,DECODE-specific concept retained as a stable reviewed anchor. Its source topology is preserved; no H2KG synonym or new public term was asserted.,"[{""iri"": ""https://w3id.org/h2kg/hydrogen-ontology#GasDiffusionLayerPorosity"", ""label"": ""Gas Diffusion Layer Porosity"", ""score"": 0.8}, {""iri"": ""https://w3id.org/h2kg/hydrogen-ontology#CatalystLayerPorosity"", ""label"": ""Catalyst Layer Porosity"", ""score"": 0.69}, {""iri"": ""https://w3id.org/h2kg/hydrogen-ontology#MicroporousLayerPorosity"", ""label"": ""Microporous Layer Porosity"", ""score"": 0.667}]"
https://w3id.org/h2kg/decode/workflow/concept/hierarchical-model-for-electrocatalytic-reactions-model,Hierarchical model for electrocatalytic reactions,,model,5,dft-onto-idealized-surfaces; diffusion-theory; fitting-version-of-the-hierachical-model; hierarchical-model-for-electrocatalytic-reactions; molecular-dynamics-for-the-electrode-electrolyte-interface-metalwalls,"Hierarchical model for electrocatalytic reactions
Owner: FZJ-IET-3:Xinwei Zhu
Task: T1.2
Maturity: established method
Documentation: DOI: 10.1021/acs.accounts.4c00234
Range of validity or processability: 
Validated across various reactions
internal key: Hierarchical model for electrocatalytic reactions0",Activation barriers of elementary steps; Adsorbate conformation on electrode (idealized); Adsorbate coverage on electrode (idealized); Adsorbate dipole moments; Adsorbate types on electrode (idealized); Binding energies of intermediates; Diffusion coefficients of species; Diffusion layer thickness; Effective size of solvated ions; Electrolyte composition; Interaction coefficients between adsorbates; LRE effective ORR rate law (idealized); LRE pH distribution (idealized); LRE potential distribution (idealized); LRE species distribution (idealized); LRE species mobility (idealized); Reaction mechanisms (ORR); Transfer coefficients of elementary steps; Water catalyst interaction strength,reviewed_decode_anchor,reviewed_decode,https://w3id.org/h2kg/decode/workflow/anchor/hierarchical-model-for-electrocatalytic-reactions-model,https://w3id.org/h2kg/hydrogen-ontology#Process,Process,workflow_or_analysis,reviewed_structural,DECODE-specific concept retained as a stable reviewed anchor. Its source topology is preserved; no H2KG synonym or new public term was asserted.,"[{""iri"": ""https://w3id.org/h2kg/hydrogen-ontology#ElectrochemicalWorkstation"", ""label"": ""Electrochemical Workstation"", ""score"": 0.579}, {""iri"": ""https://w3id.org/h2kg/hydrogen-ontology#ElectrochemicalReactionSimulation"", ""label"": ""Electrochemical Reaction Simulation"", ""score"": 0.571}, {""iri"": ""https://w3id.org/h2kg/hydrogen-ontology#ElectrochemicalImpedanceSpectroscopyPotentiostatic"", ""label"": ""Electrochemical Impedance Spectroscopy Potentiostatic"", ""score"": 0.552}]"
https://w3id.org/h2kg/decode/workflow/concept/high-resolution-electron-tomography-for-accessing-pt-and-ionomer-distribution-on-carbon-aggregate-method,High resolution electron tomography for accessing Pt and ionomer distribution on carbon aggregate,,method,15,blade-coating-and-decal-transfer-for-ref-pefc-ccm; distribution-of-contact-angles-in-ccl-fib-sem-image-from-ionomer-reconstruction; electrospray-deposition-of-catalyst-layers; high-resolution-electron-tomography-for-accessing-pt-and-ionomer-distribution-on-carbon-aggregate; image-based-ccl-effective-transport-property-computation-from-numerical-simulations; image-classification-on-tem-data; image-tem-data-parameter-extraction-3d; ultrasonic-spray-deposition-for-catalytic-layers,"High resolution electron tomography for accessing Pt and ionomer distribution on carbon aggregate
Owner: CEA:Laure Guetaz
Task: T1.3
Maturity: unknown
Documentation: 
Range of validity or processability: 
Sub nanometer resolution. The analysed volume may  not be representatif of the CL. An ultra-thin ( less than  1 nm) ionomer layer may not be visible on a porous carbon support. The image of the ionomer and the carbon support should have a different contrast (this is not the case with an amorphous carbon support).
internal key: High resolution electron tomography for accessing Pt and ionomer distribution on carbon aggregate0; High resolution electron tomography for accessing Pt and ionomer distribution on carbon aggregate
Owner: CEA:Laure Guetaz
Task: T1.3
Maturity: unknown
Documentation: 
Range of validity or processability: 
Sub nanometer resolution. The analysed volume may  not be representatif of the CL. An ultra-thin ( less than  1 nm) ionomer layer may not be visible on a porous carbon support. The image of the ionomer and the carbon support should have a different contrast (this is not the case with an amorphous carbon support).
internal key: High resolution electron tomography for accessing Pt and ionomer distribution on carbon aggregate1",CCL 3D TEM voxel data raw; CCL 3D voxel data classified with ionomer and Pt; CCM; CL on substrate,reviewed_decode_anchor,reviewed_decode,https://w3id.org/h2kg/decode/workflow/anchor/high-resolution-electron-tomography-for-accessing-pt-and-ionomer-distribution-on-carbon-aggregate-method,https://w3id.org/h2kg/hydrogen-ontology#Measurement,Measurement,method_visual_default,reviewed_structural,DECODE-specific concept retained as a stable reviewed anchor. Its source topology is preserved; no H2KG synonym or new public term was asserted.,[]
https://w3id.org/h2kg/decode/workflow/concept/hydrophobic-treatment-ink-material,Hydrophobic treatment ink,material,material,1,impregnation-by-immersion-and-blade-coating,"Hydrophobic treatment ink
internal key: Hydrophobic treatment ink: material",Impregnation by immersion and blade coating,reviewed_decode_anchor,reviewed_decode,https://w3id.org/h2kg/decode/workflow/anchor/hydrophobic-treatment-ink-material,https://w3id.org/h2kg/hydrogen-ontology#Manufacturing,Manufacturing,physical_manufacturing_workflow,reviewed_structural,DECODE-specific concept retained as a stable reviewed anchor. Its source topology is preserved; no H2KG synonym or new public term was asserted.,"[{""iri"": ""https://w3id.org/h2kg/hydrogen-ontology#SubstrateHeatTreatment"", ""label"": ""Substrate Heat Treatment"", ""score"": 0.652}, {""iri"": ""https://w3id.org/h2kg/hydrogen-ontology#BoilingPretreatment"", ""label"": ""Boiling Pretreatment"", ""score"": 0.622}, {""iri"": ""https://w3id.org/h2kg/hydrogen-ontology#SurfaceHydrophilicityRatio"", ""label"": ""Surface Hydrophilicity Ratio"", ""score"": 0.622}]"
https://w3id.org/h2kg/decode/workflow/concept/hydrophobization-process-parameters-process,Hydrophobization process parameters,process,other,1,modeling-of-hydrophobic-treatment-of-gdl,"Hydrophobization process parameters
internal key: Hydrophobization process parameters: process",Modeling of Hydrophobic Treatment of GDL,reviewed_decode_anchor,reviewed_decode,https://w3id.org/h2kg/decode/workflow/anchor/hydrophobization-process-parameters-process,https://w3id.org/h2kg/hydrogen-ontology#Parameter,Parameter,hydrophobization_parameters_are_parameters,reviewed_structural,DECODE-specific concept retained as a stable reviewed anchor. Its source topology is preserved; no H2KG synonym or new public term was asserted.,"[{""iri"": ""https://w3id.org/h2kg/hydrogen-ontology#PreCarbonizationProcess"", ""label"": ""Pre Carbonization Process"", ""score"": 0.7}, {""iri"": ""https://w3id.org/h2kg/hydrogen-ontology#SprayCoatingParameterSpecification"", ""label"": ""Spray Coating Parameter Specification"", ""score"": 0.644}, {""iri"": ""https://w3id.org/h2kg/hydrogen-ontology#CarbonPretreatmentProcess"", ""label"": ""Carbon Pretreatment Process"", ""score"": 0.613}]"
https://w3id.org/h2kg/decode/workflow/concept/i-c-ratio-component,I/C-ratio,component,component,9,0d-particle-population-degradation-model-coupled-with-performance-model-prediction; 0d-particle-population-degradation-model-coupled-with-performance-model-prediction-without-fitting-methods; accelerated-stress-test-ast-on-nanostructured-electrodes; eis-on-nanostructured-electrodes; iet-composition-to-property-model; iet-ink-to-composition-model; ionomer-reconstruction-in-ccl-3d-images; model-electrochemistry-in-a-rde-cell; rotating-ring-disk-electrode-rrde,"I/C-ratio
internal key: I/C-ratio: component",0D Particle population degradation model coupled with performance model (prediction); Accelerated Stress Test (AST) on Nanostructured Electrodes; EIS on nanostructured electrodes; IET composition to property model; IET ink to composition model; Ionomer reconstruction in CCL 3D images; Model Electrochemistry in a RDE Cell; Rotating Ring Disk Electrode (RRDE),strict_alt_label,approved_h2kg,https://w3id.org/h2kg/hydrogen-ontology#IonomerToCarbonRatio,https://w3id.org/h2kg/hydrogen-ontology#Parameter,Parameter,explicit_mapping,high,Reviewed abbreviation for the ionomer-to-carbon ratio.,"[{""iri"": ""https://w3id.org/h2kg/hydrogen-ontology#IonomerToCarbonRatio"", ""label"": ""Ionomer To Carbon Ratio"", ""score"": 1.0}, {""iri"": ""https://w3id.org/h2kg/hydrogen-ontology#CoToNRatio"", ""label"": ""Co To N Ratio"", ""score"": 0.842}, {""iri"": ""https://w3id.org/h2kg/hydrogen-ontology#FeToCoMolarRatio"", ""label"": ""Fe To Co Molar Ratio"", ""score"": 0.8}]"
https://w3id.org/h2kg/decode/workflow/concept/iet-1d-mea-with-water-transport-eis-model-model,IET 1D MEA with water transport EIS model,,model,22,0d-particle-population-degradation-model-coupled-with-performance-model-prediction; 0d-particle-population-degradation-model-coupled-with-performance-model-prediction-without-fitting-methods; ct-based-capillary-pressure-saturation-curves; differential-cell-testing; diffusivities-from-tortuosities; distribution-of-contact-angles-in-ccl-fib-sem-image-from-ionomer-reconstruction; fib-measurements-on-gdl-or-mpl-and-catalyst-materials; fitting-of-the-europium-model; gdl-compressability; iet-1d-mea-with-water-transport-eis-model; iet-1d-performance-model-for-mea-fitting; iet-composition-to-property-model; iet-ink-to-composition-model; image-based-ccl-effective-transport-property-computation-from-numerical-simulations; image-fib-tomography-dataparameter-extraction-3d; image-parameter-extraction-2d; image-x-ray-tomography-data-parameter-extraction-3d; microscopy-sem-and-optical-in-mea-cross-section; sem-and-edx; sem-and-fib-layer; simulation-of-two-phase-3d-apparent-properties; water-retention-curve-simulation,"IET 1D MEA with water transport EIS model
Owner: FZJ-IET-3:Ying Sun
Task: T1.4
Maturity: under development
Documentation: DOI: 10.1149/1945-7111/ad5efd
Range of validity or processability: 
CCL+GDL
internal key: IET 1D MEA with water transport EIS model0",CCL ORR apparent Tafel slope(s); CCL ORR effective exchange current density; CCL effective O2 diffusivity; CCL effective double-layer capacitance; CCL effective proton conductivity; CCL effective vapor diffusivity; CCL effective water permeability; CCL thickness; CCL vaporization interfacial area factor; CCL vaporization rate constant; CCL water retention curve; Cathode EIS; Cell current density; Cell inlet humidification; Cell inlet pressure; Cell temperature; GDL effective O2 diffusivity; GDL effective vapor diffusivity; GDL effective water permeability; GDL substrate water retention curve,reviewed_decode_anchor,reviewed_decode,https://w3id.org/h2kg/decode/workflow/anchor/iet-1d-mea-with-water-transport-eis-model-model,https://w3id.org/h2kg/hydrogen-ontology#Process,Process,workflow_or_analysis,reviewed_structural,DECODE-specific concept retained as a stable reviewed anchor. Its source topology is preserved; no H2KG synonym or new public term was asserted.,"[{""iri"": ""https://w3id.org/h2kg/hydrogen-ontology#WaterAssistedLowPressureCVD"", ""label"": ""Water Assisted Low Pressure CVD"", ""score"": 0.602}, {""iri"": ""https://w3id.org/h2kg/hydrogen-ontology#WaterToNPropanolWeightRatio"", ""label"": ""Water To N Propanol Weight Ratio"", ""score"": 0.579}, {""iri"": ""https://w3id.org/h2kg/hydrogen-ontology#DLPProjector"", ""label"": ""DLP Projector"", ""score"": 0.553}]"
https://w3id.org/h2kg/decode/workflow/concept/iet-1d-mea-with-water-transport-in-ccl-eis-model-model,IET 1D MEA with water transport in CCL EIS model,,model,19,0d-particle-population-degradation-model-coupled-with-performance-model-prediction; 0d-particle-population-degradation-model-coupled-with-performance-model-prediction-without-fitting-methods; differential-cell-testing; diffusivities-from-tortuosities; distribution-of-contact-angles-in-ccl-fib-sem-image-from-ionomer-reconstruction; fib-measurements-on-gdl-or-mpl-and-catalyst-materials; fitting-of-the-europium-model; gdl-compressability; iet-1d-mea-with-water-transport-in-ccl-eis-model; iet-1d-performance-model-for-mea-fitting; iet-composition-to-property-model; iet-ink-to-composition-model; image-based-ccl-effective-transport-property-computation-from-numerical-simulations; image-fib-tomography-dataparameter-extraction-3d; image-parameter-extraction-2d; microscopy-sem-and-optical-in-mea-cross-section; sem-and-edx; sem-and-fib-layer; water-retention-curve-simulation,"IET 1D MEA with water transport in CCL EIS model
Owner: FZJ-IET-3:Ying Sun
Task: T1.4
Maturity: established method
Documentation: DOI: 10.1149/1945-7111/ad5efd
Range of validity or processability: 
CCL+GDL
internal key: IET 1D MEA with water transport in CCL EIS model0",CCL ORR apparent Tafel slope(s); CCL ORR effective exchange current density; CCL effective O2 diffusivity; CCL effective double-layer capacitance; CCL effective proton conductivity; CCL effective vapor diffusivity; CCL effective water permeability; CCL thickness; CCL vaporization interfacial area factor; CCL vaporization rate constant; CCL water retention curve; Cathode EIS; Cell current density; Cell inlet humidification; Cell inlet pressure; Cell temperature; GDL effective O2 diffusivity; GDL thickness; Ratio of proton conductivity and saturation,reviewed_decode_anchor,reviewed_decode,https://w3id.org/h2kg/decode/workflow/anchor/iet-1d-mea-with-water-transport-in-ccl-eis-model-model,https://w3id.org/h2kg/hydrogen-ontology#Process,Process,workflow_or_analysis,reviewed_structural,DECODE-specific concept retained as a stable reviewed anchor. Its source topology is preserved; no H2KG synonym or new public term was asserted.,"[{""iri"": ""https://w3id.org/h2kg/hydrogen-ontology#WaterAssistedLowPressureCVD"", ""label"": ""Water Assisted Low Pressure CVD"", ""score"": 0.6}]"
https://w3id.org/h2kg/decode/workflow/concept/iet-1d-performance-model-for-mea-fitting-model,IET 1D Performance model for MEA (fitting),,model,21,0d-particle-population-degradation-model-coupled-with-performance-model-prediction; 0d-particle-population-degradation-model-coupled-with-performance-model-prediction-without-fitting-methods; cea-mea-model-europium-2d; data-extraction-from-existing-pewe-measurements-u-i-t; differential-cell-testing; eis-on-pewe-cells; fib-measurements-on-gdl-or-mpl-and-catalyst-materials; fitting-of-the-europium-model; gdl-compressability; iet-1d-mea-with-water-transport-eis-model; iet-1d-mea-with-water-transport-in-ccl-eis-model; iet-1d-performance-model-for-mea-fitting; iet-1d-performance-model-for-mea-prediction; iet-composition-to-property-model; iet-ink-to-composition-model; image-fib-tomography-dataparameter-extraction-3d; image-parameter-extraction-2d; microscopy-sem-and-optical-in-mea-cross-section; pulsed-gas-analysis; sem-and-edx; sem-and-fib-layer,"IET 1D Performance model for MEA (fitting)
Owner: FZJ-IET-3:Ying Sun
Task: T1.4
Maturity: under development
Documentation: 
Range of validity or processability: 
CCL+GDL
internal key: IET 1D Performance model for MEA (fitting)0",CCL ORR effective exchange current density; CCL ORR rate prefactor; CCL effective O2 diffusivity; CCL effective proton conductivity; CCL thickness; Cell crossover current density; Cell high-frequency resistance; Cell inlet humidification; Cell inlet pressure; Cell polarization curve; Cell temperature; GDL effective O2 diffusivity; GDL thickness,reviewed_decode_anchor,reviewed_decode,https://w3id.org/h2kg/decode/workflow/anchor/iet-1d-performance-model-for-mea-fitting-model,https://w3id.org/h2kg/hydrogen-ontology#Process,Process,workflow_or_analysis,reviewed_structural,DECODE-specific concept retained as a stable reviewed anchor. Its source topology is preserved; no H2KG synonym or new public term was asserted.,"[{""iri"": ""https://w3id.org/h2kg/hydrogen-ontology#OERPerformanceDataset"", ""label"": ""OER Performance Dataset"", ""score"": 0.603}, {""iri"": ""https://w3id.org/h2kg/hydrogen-ontology#DRMPerformanceDataset"", ""label"": ""DRM Performance Dataset"", ""score"": 0.571}, {""iri"": ""https://w3id.org/h2kg/hydrogen-ontology#ORRPerformanceDataset"", ""label"": ""ORR Performance Dataset"", ""score"": 0.571}]"
https://w3id.org/h2kg/decode/workflow/concept/iet-1d-performance-model-for-mea-prediction-model,IET 1D Performance model for MEA (prediction),,model,24,0d-particle-population-degradation-model-coupled-with-performance-model-prediction; 0d-particle-population-degradation-model-coupled-with-performance-model-prediction-without-fitting-methods; ct-based-capillary-pressure-saturation-curves; differential-cell-testing; diffusivities-from-tortuosities; distribution-of-contact-angles-in-ccl-fib-sem-image-from-ionomer-reconstruction; fib-measurements-on-gdl-or-mpl-and-catalyst-materials; fitting-of-the-europium-model; gdl-compressability; hg-porosimetry-gdl; iet-1d-performance-model-for-mea-fitting; iet-1d-performance-model-for-mea-prediction; iet-composition-to-property-model; iet-ink-to-composition-model; image-based-ccl-effective-transport-property-computation-from-numerical-simulations; image-fib-tomography-dataparameter-extraction-3d; image-parameter-extraction-2d; image-x-ray-tomography-data-parameter-extraction-3d; microscopy-sem-and-optical-in-mea-cross-section; sem-and-edx; sem-and-fib-layer; simulation-of-two-phase-3d-apparent-properties; voxel-based-3d-effective-diffusivity-simulation; water-retention-curve-simulation,"IET 1D Performance model for MEA (prediction)
Owner: FZJ-IET-3:Ying Sun
Task: T1.4
Maturity: under development
Documentation: 
Range of validity or processability: 
CCL+GDL
internal key: IET 1D Performance model for MEA (prediction)0",CCL ORR apparent Tafel slope(s); CCL ORR effective exchange current density; CCL ORR rate prefactor; CCL effective O2 diffusivity; CCL effective catalyst utilization; CCL effective mass activity; CCL effective proton conductivity; CCL porosity; CCL saturation; CCL saturation profiles; CCL thickness; CCL water retention curve; Cell crossover current density; Cell inlet O2 mole fraction (dry); Cell inlet humidification; Cell inlet pressure; Cell limiting current; Cell polarization curve; Cell stoichiometries; Cell temperature,reviewed_decode_anchor,reviewed_decode,https://w3id.org/h2kg/decode/workflow/anchor/iet-1d-performance-model-for-mea-prediction-model,https://w3id.org/h2kg/hydrogen-ontology#Process,Process,workflow_or_analysis,reviewed_structural,DECODE-specific concept retained as a stable reviewed anchor. Its source topology is preserved; no H2KG synonym or new public term was asserted.,"[{""iri"": ""https://w3id.org/h2kg/hydrogen-ontology#DegradationPredictionEvaluationMeasurement"", ""label"": ""Degradation Prediction Evaluation Measurement"", ""score"": 0.684}, {""iri"": ""https://w3id.org/h2kg/hydrogen-ontology#DryReformingOfMethanePerformanceMeasurement"", ""label"": ""Dry Reforming Of Methane Performance Measurement"", ""score"": 0.615}, {""iri"": ""https://w3id.org/h2kg/hydrogen-ontology#TransesterificationPerformanceMeasurement"", ""label"": ""Transesterification Performance Measurement"", ""score"": 0.605}]"
https://w3id.org/h2kg/decode/workflow/concept/iet-composition-to-property-model-model,IET composition to property model,,model,15,0d-particle-population-degradation-model-coupled-with-performance-model-prediction; 0d-particle-population-degradation-model-coupled-with-performance-model-prediction-without-fitting-methods; cea-mea-model-europium-2d; fitting-of-the-europium-model; iet-1d-mea-with-water-transport-eis-model; iet-1d-mea-with-water-transport-in-ccl-eis-model; iet-1d-performance-model-for-mea-fitting; iet-1d-performance-model-for-mea-prediction; iet-composition-to-property-model; iet-ink-to-composition-model; image-based-ccl-effective-transport-property-computation-from-numerical-simulations; image-fib-tomography-dataparameter-extraction-3d; image-parameter-extraction-2d; image-tem-data-parameter-extraction-3d; microscopy-sem-and-optical-in-mea-cross-section,"IET composition to property model
Owner: FZJ IET 3:Ying Sun
Task: T1.4
Maturity: established method
Documentation: Eikerling, M. and Kulikovsky, A., 2014. Polymer electrolyte fuel cells: physical principles of materials and operation. Crc Press.
Range of validity or processability: unkonwn
internal key: IET composition to property model0",CCL ORR effective exchange current density; CCL effective O2 diffusivity; CCL effective proton conductivity; CCL effective vapor diffusivity; CCL effective water permeability; CCL refined pore size distribution (with contact angle distribution); CCL structural parameters; CCL vaporization interfacial area factor; Catalyst-support ratio; I/C-ratio; Ionomer proton conductivity; Percolation threshold,reviewed_decode_anchor,reviewed_decode,https://w3id.org/h2kg/decode/workflow/anchor/iet-composition-to-property-model-model,https://w3id.org/h2kg/hydrogen-ontology#Process,Process,workflow_or_analysis,reviewed_structural,DECODE-specific concept retained as a stable reviewed anchor. Its source topology is preserved; no H2KG synonym or new public term was asserted.,"[{""iri"": ""https://w3id.org/h2kg/hydrogen-ontology#IonomerDispersionPropertyCompilation"", ""label"": ""Ionomer Dispersion Property Compilation"", ""score"": 0.667}, {""iri"": ""https://w3id.org/h2kg/hydrogen-ontology#ThermalDecompositionElectrodePreparation"", ""label"": ""Thermal Decomposition Electrode Preparation"", ""score"": 0.658}, {""iri"": ""https://w3id.org/h2kg/hydrogen-ontology#SolventPhysicalPropertyCompilation"", ""label"": ""Solvent Physical Property Compilation"", ""score"": 0.657}]"
https://w3id.org/h2kg/decode/workflow/concept/iet-ink-to-composition-model-model,IET ink to composition model,,model,17,0d-particle-population-degradation-model-coupled-with-performance-model-fitting; cea-mea-model-europium-2d; differential-cell-testing; fitting-of-the-europium-model; iet-1d-mea-with-water-transport-eis-model; iet-1d-mea-with-water-transport-in-ccl-eis-model; iet-1d-performance-model-for-mea-fitting; iet-1d-performance-model-for-mea-prediction; iet-composition-to-property-model; iet-ink-to-composition-model; image-fib-tomography-dataparameter-extraction-3d; image-parameter-extraction-2d; image-tem-data-parameter-extraction-3d; in-situ-fourier-transformed-ir-in-atr-configuration; molecular-dynamics-for-the-electrode-electrolyte-interface-in-presence-of-ionomer; sem-and-fib-powder; tem-and-eds-analysis-of-mea,"IET ink to composition model
Owner: FZJ IET 3:Ying Sun
Task: T1.4
Maturity: established method
Documentation: DOI: 10.1016/j.electacta.2022.140850
Range of validity or processability: unkonwn
internal key: IET ink to composition model0",CCL effective ionomer coverage; CCL effective proton conductivity; CCL fraction of hydrophobic pores; CCL ionomer effective film thickness; CCL refined pore size distribution (with contact angle distribution); CCL structural parameters; CCL thickness; CCL water retention curve; Catalyst active particle contact angle; Catalyst active particle density; Catalyst active particle diameter; Catalyst loading; Catalyst pore size distribution; Catalyst support contact angle; Catalyst-support ratio; I/C-ratio; Ionomer contact angles; Ionomer density (dry); Ionomer initial film thickness; Ionomer proton conductivity,reviewed_decode_anchor,reviewed_decode,https://w3id.org/h2kg/decode/workflow/anchor/iet-ink-to-composition-model-model,https://w3id.org/h2kg/hydrogen-ontology#Process,Process,workflow_or_analysis,reviewed_structural,DECODE-specific concept retained as a stable reviewed anchor. Its source topology is preserved; no H2KG synonym or new public term was asserted.,"[{""iri"": ""https://w3id.org/h2kg/hydrogen-ontology#InkCompositionSpecification"", ""label"": ""Ink Composition Specification"", ""score"": 0.698}, {""iri"": ""https://w3id.org/h2kg/hydrogen-ontology#SolutionCompositionMeasurement"", ""label"": ""Solution Composition Measurement"", ""score"": 0.667}, {""iri"": ""https://w3id.org/h2kg/hydrogen-ontology#ThermalDecompositionElectrodePreparation"", ""label"": ""Thermal Decomposition Electrode Preparation"", ""score"": 0.643}]"
https://w3id.org/h2kg/decode/workflow/concept/image-based-ccl-effective-transport-property-computation-from-numerical-simulations-model,Image based CCL effective transport property computation from numerical simulations,,model,16,0d-particle-population-degradation-model-coupled-with-performance-model-prediction; 0d-particle-population-degradation-model-coupled-with-performance-model-prediction-without-fitting-methods; cea-mea-model-europium-2d; determination-of-cl-saturation-by-saxs-or-sans; diffusivities-from-tortuosities; electron-tomography-for-pt-c-and-ionomer-distribution-in-cl; fitting-of-the-europium-model; high-resolution-electron-tomography-for-accessing-pt-and-ionomer-distribution-on-carbon-aggregate; iet-1d-mea-with-water-transport-eis-model; iet-1d-mea-with-water-transport-in-ccl-eis-model; iet-1d-performance-model-for-mea-prediction; iet-composition-to-property-model; image-based-ccl-effective-transport-property-computation-from-numerical-simulations; image-classification-on-tem-data; inpt-cl-process-model; ionomer-reconstruction-in-ccl-3d-images,"Image based CCL effective transport property computation from numerical simulations
Owner: INPT:Marc Prat
Task: T1.4
Maturity: established method
Documentation: https://doi.org/10.1016/j.ijhydene.2024.07.010
Range of validity or processability: 
Continuum approach. Not suited for very small pores (on the order of 1 nm or less)
internal key: Image based CCL effective transport property computation from numerical simulations0",CCL 3D voxel data classified with ionomer and Pt; CCL effective proton conductivity; CCL porosity; CCL structural parameters; CCL tortuosity; Ionomer proton conductivity,reviewed_decode_anchor,reviewed_decode,https://w3id.org/h2kg/decode/workflow/anchor/image-based-ccl-effective-transport-property-computation-from-numerical-simulations-model,https://w3id.org/h2kg/hydrogen-ontology#Process,Process,workflow_or_analysis,reviewed_structural,DECODE-specific concept retained as a stable reviewed anchor. Its source topology is preserved; no H2KG synonym or new public term was asserted.,[]
https://w3id.org/h2kg/decode/workflow/concept/image-classification-of-fib-tomography-data-data,Image classification of FIB tomography data,,data,24,ai-based-generation-of-structural-digital-twins-of-multi-scale-tomographies; fib-measurements-on-gdl-or-mpl-and-catalyst-materials; fib-sem-on-cl-material; image-classification-of-fib-tomography-data; image-fib-tomography-dataparameter-extraction-3d; ionomer-reconstruction-in-ccl-3d-images; lab-ct-measurements-on-gdl-or-mpl-materials; simulation-of-single-phase-3d-apparent-properties; simulation-of-two-phase-3d-apparent-properties; synch-ct-measurements-on-gdl-or-mpl-materials; voxel-based-3d-effective-diffusivity-simulation; voxel-based-3d-electric-conductiviy-simulation; voxel-based-3d-permability-simulation; voxel-based-3d-thermal-conductivity-simulation; water-retention-curve-simulation,"Image classification of FIB tomography data
Owner: HZB:Markus Osenberg
Task: T2.1
Maturity: established method
Documentation: publication in preparation
Range of validity or processability: unkonwn
internal key: Image classification of FIB tomography data0; Image classification of FIB tomography data
Owner: HZB:Markus Osenberg
Task: T2.1
Maturity: established method
Documentation: publication in preparation
Range of validity or processability: unkonwn
internal key: Image classification of FIB tomography data1",CCL 3D voxel data classified; CCL 3D voxel data raw; MPL 3D voxel data classified; MPL 3D voxel data raw,reviewed_decode_anchor,reviewed_decode,https://w3id.org/h2kg/decode/workflow/anchor/image-classification-of-fib-tomography-data-data,https://w3id.org/h2kg/hydrogen-ontology#Process,Process,workflow_or_analysis,reviewed_structural,DECODE-specific concept retained as a stable reviewed anchor. Its source topology is preserved; no H2KG synonym or new public term was asserted.,"[{""iri"": ""https://w3id.org/h2kg/hydrogen-ontology#ElectronTomographyImaging"", ""label"": ""Electron Tomography Imaging"", ""score"": 0.6}, {""iri"": ""https://w3id.org/h2kg/hydrogen-ontology#SpatialResolution"", ""label"": ""Spatial Resolution"", ""score"": 0.583}]"
https://w3id.org/h2kg/decode/workflow/concept/image-classification-of-x-ray-tomography-data-data,Image classification of X-ray tomography data,,data,39,ai-based-generation-of-structural-digital-twins-of-multi-scale-tomographies; contact-angle-extraction-of-ct-data; ct-based-capillary-pressure-saturation-curves; image-classification-of-x-ray-tomography-data; image-x-ray-tomography-data-parameter-extraction-3d; lab-ct-measurements-on-gdl-or-mpl-materials; modeling-of-mpl-coating-of-gdl; mpl-saturation-determination-from-x-ray-ct-data; simulation-of-single-phase-3d-apparent-properties; simulation-of-two-phase-3d-apparent-properties; synch-ct-measurements-on-gdl-or-mpl-materials; voxel-based-3d-effective-diffusivity-simulation; voxel-based-3d-electric-conductiviy-simulation; voxel-based-3d-permability-simulation; voxel-based-3d-thermal-conductivity-simulation; water-retention-curve-simulation,"Image classification of X-ray tomography data
Owner: HZB:Markus Osenberg
Task: T2.1
Maturity: established method
Documentation: publication in preparation
Range of validity or processability: 

internal key: Image classification of X-ray tomography data0; Image classification of X-ray tomography data
Owner: HZB:Markus Osenberg
Task: T2.1
Maturity: established method
Documentation: publication in preparation
Range of validity or processability: 

internal key: Image classification of X-ray tomography data1; Image classification of X-ray tomography data
Owner: HZB:Markus Osenberg
Task: T2.1
Maturity: established method
Documentation: publication in preparation
Range of validity or processability: 

internal key: Image classification of X-ray tomography data2; Image classification of X-ray tomography data
Owner: HZB:Markus Osenberg
Task: T2.1
Maturity: established method
Documentation: publication in preparation
Range of validity or processability: 

internal key: Image classification of X-ray tomography data3; Image classification of X-ray tomography data
Owner: HZB:Markus Osenberg
Task: T2.1
Maturity: established method
Documentation: publication in preparation
Range of validity or processability: 

internal key: Image classification of X-ray tomography data4; Image classification of X-ray tomography data
Owner: HZB:Markus Osenberg
Task: T2.1
Maturity: established method
Documentation: publication in preparation
Range of validity or processability: 

internal key: Image classification of X-ray tomography data5",GDL substrate 3D voxel data classified; GDL substrate 3D voxel data raw; GDL substrate 3D voxel data wet classified; GDL substrate 3D voxel data wet operando classified; GDL substrate 3D voxel data wet operando raw; GDL substrate 3D voxel data wet raw; MPL X-ray 3D voxel data classified; MPL X-ray 3D voxel data raw; MPL X-ray 3D voxel data wet classified; MPL X-ray 3D voxel data wet operando classified; MPL X-ray 3D voxel data wet operando raw; MPL X-ray 3D voxel data wet raw,reviewed_decode_anchor,reviewed_decode,https://w3id.org/h2kg/decode/workflow/anchor/image-classification-of-x-ray-tomography-data-data,https://w3id.org/h2kg/hydrogen-ontology#Process,Process,workflow_or_analysis,reviewed_structural,DECODE-specific concept retained as a stable reviewed anchor. Its source topology is preserved; no H2KG synonym or new public term was asserted.,"[{""iri"": ""https://w3id.org/h2kg/hydrogen-ontology#XRayComputedTomographyImaging"", ""label"": ""X Ray Computed Tomography Imaging"", ""score"": 0.641}, {""iri"": ""https://w3id.org/h2kg/hydrogen-ontology#XRayCTInstrument"", ""label"": ""X Ray CT Instrument"", ""score"": 0.6}, {""iri"": ""https://w3id.org/h2kg/hydrogen-ontology#XRayComputedTomographyMeasurement"", ""label"": ""X Ray Computed Tomography Measurement"", ""score"": 0.6}]"
https://w3id.org/h2kg/decode/workflow/concept/image-classification-on-nm-scale-method,Image classification on nm scale,,method,24,ai-based-generation-of-structural-digital-twins-of-multi-scale-tomographies; fib-measurements-on-gdl-or-mpl-and-catalyst-materials; fib-sem-on-cl-material; image-classification-on-nm-scale; image-fib-tomography-dataparameter-extraction-3d; ionomer-reconstruction-in-ccl-3d-images; lab-ct-measurements-on-gdl-or-mpl-materials; simulation-of-single-phase-3d-apparent-properties; simulation-of-two-phase-3d-apparent-properties; synch-ct-measurements-on-gdl-or-mpl-materials; voxel-based-3d-effective-diffusivity-simulation; voxel-based-3d-electric-conductiviy-simulation; voxel-based-3d-permability-simulation; voxel-based-3d-thermal-conductivity-simulation; water-retention-curve-simulation,"Image classification on nm scale
Owner: HZB:Markus Osenberg
Task: T2.1
Maturity: established method
Documentation: publication in preparation
Range of validity or processability: unkonwn
internal key: Image classification on nm scale0; Image classification on nm scale
Owner: HZB:Markus Osenberg
Task: T2.1
Maturity: established method
Documentation: publication in preparation
Range of validity or processability: unkonwn
internal key: Image classification on nm scale1",CCL 3D voxel data classified; CCL 3D voxel data raw; MPL 3D voxel data classified; MPL 3D voxel data raw,reviewed_decode_anchor,reviewed_decode,https://w3id.org/h2kg/decode/workflow/anchor/image-classification-on-nm-scale-method,https://w3id.org/h2kg/hydrogen-ontology#Process,Process,workflow_or_analysis,reviewed_structural,DECODE-specific concept retained as a stable reviewed anchor. Its source topology is preserved; no H2KG synonym or new public term was asserted.,"[{""iri"": ""https://w3id.org/h2kg/hydrogen-ontology#ActivationMechanismTimeScale"", ""label"": ""Activation Mechanism Time Scale"", ""score"": 0.571}, {""iri"": ""https://w3id.org/h2kg/hydrogen-ontology#MembraneImmobilizationOnPyrexGlass"", ""label"": ""Membrane Immobilization On Pyrex Glass"", ""score"": 0.571}, {""iri"": ""https://w3id.org/h2kg/hydrogen-ontology#NiFractionInNiPlusMg"", ""label"": ""Ni Fraction In Ni Plus Mg"", ""score"": 0.561}]"
https://w3id.org/h2kg/decode/workflow/concept/image-classification-on-tem-data-method,Image classification on TEM data,,method,6,distribution-of-contact-angles-in-ccl-fib-sem-image-from-ionomer-reconstruction; electron-tomography-for-pt-c-and-ionomer-distribution-in-cl; high-resolution-electron-tomography-for-accessing-pt-and-ionomer-distribution-on-carbon-aggregate; image-based-ccl-effective-transport-property-computation-from-numerical-simulations; image-classification-on-tem-data; image-tem-data-parameter-extraction-3d,"Image classification on TEM data
Owner: HZB:Markus Osenberg
Task: T2.1
Maturity: established method
Documentation: publication in preparation
Range of validity or processability: unkonwn
internal key: Image classification on TEM data0",CCL 3D TEM voxel data raw; CCL 3D voxel data classified with ionomer and Pt,reviewed_decode_anchor,reviewed_decode,https://w3id.org/h2kg/decode/workflow/anchor/image-classification-on-tem-data-method,https://w3id.org/h2kg/hydrogen-ontology#Process,Process,workflow_or_analysis,reviewed_structural,DECODE-specific concept retained as a stable reviewed anchor. Its source topology is preserved; no H2KG synonym or new public term was asserted.,"[{""iri"": ""https://w3id.org/h2kg/hydrogen-ontology#PreCarbonizationTime"", ""label"": ""Pre Carbonization Time"", ""score"": 0.586}, {""iri"": ""https://w3id.org/h2kg/hydrogen-ontology#Magnification"", ""label"": ""Magnification"", ""score"": 0.571}, {""iri"": ""https://w3id.org/h2kg/hydrogen-ontology#MembraneImmobilizationOnPyrexGlass"", ""label"": ""Membrane Immobilization On Pyrex Glass"", ""score"": 0.571}]"
https://w3id.org/h2kg/decode/workflow/concept/image-fib-tomography-dataparameter-extraction-3d-data,Image FIB tomography dataparameter extraction 3D,,data,34,0d-particle-population-degradation-model-coupled-with-performance-model-fitting; 0d-particle-population-degradation-model-coupled-with-performance-model-prediction; 0d-particle-population-degradation-model-coupled-with-performance-model-prediction-without-fitting-methods; accelerated-stress-test-ast-on-nanostructured-electrodes; ai-based-generation-of-structural-digital-twins-of-multi-scale-tomographies; cea-mea-model-europium-2d; current-modulated-hydrogen-flow-rate-spectroscopy-ch2s; differential-cell-testing; diffusivities-from-tortuosities; eis-on-nanostructured-electrodes; fib-sem-on-cl-material; fitting-of-the-europium-model; iet-1d-mea-with-water-transport-eis-model; iet-1d-mea-with-water-transport-in-ccl-eis-model; iet-1d-performance-model-for-mea-fitting; iet-1d-performance-model-for-mea-prediction; iet-composition-to-property-model; iet-ink-to-composition-model; image-classification-of-fib-tomography-data; image-classification-on-nm-scale; image-fib-tomography-dataparameter-extraction-3d; inpt-cl-process-model; ionomer-reconstruction-in-ccl-3d-images; irras-operando-or-in-situ-ftir; model-electrochemistry-in-a-rde-cell; modeling-of-mpl-coating-of-gdl; prism-preparation-for-atr-ftir; rotating-ring-disk-electrode-rrde,"Image FIB tomography dataparameter extraction 3D
Owner: HZB:Markus Osenberg
Task: T2.1
Maturity: established method
Documentation: publication in preparation
Range of validity or processability: unkonwn
internal key: Image FIB tomography dataparameter extraction 3D0; Image FIB tomography dataparameter extraction 3D
Owner: HZB:Markus Osenberg
Task: T2.1
Maturity: established method
Documentation: publication in preparation
Range of validity or processability: unkonwn
internal key: Image FIB tomography dataparameter extraction 3D1",CCL 3D voxel data classified; CCL thickness; Catalyst active particle density; Catalyst elemental composition; Catalyst loading; Catalyst support density; Catalyst-support ratio; MPL 3D voxel data classified; MPL density; MPL thickness; Mass of Pt in the membrane (aged),reviewed_decode_anchor,reviewed_decode,https://w3id.org/h2kg/decode/workflow/anchor/image-fib-tomography-dataparameter-extraction-3d-data,https://w3id.org/h2kg/hydrogen-ontology#Process,Process,workflow_or_analysis,reviewed_structural,DECODE-specific concept retained as a stable reviewed anchor. Its source topology is preserved; no H2KG synonym or new public term was asserted.,"[{""iri"": ""https://w3id.org/h2kg/hydrogen-ontology#TomographicReconstructionDataset"", ""label"": ""Tomographic Reconstruction Dataset"", ""score"": 0.61}, {""iri"": ""https://w3id.org/h2kg/hydrogen-ontology#TomographicProjectionDataset"", ""label"": ""Tomographic Projection Dataset"", ""score"": 0.59}, {""iri"": ""https://w3id.org/h2kg/hydrogen-ontology#ElectronTomographyImaging"", ""label"": ""Electron Tomography Imaging"", ""score"": 0.587}]"
https://w3id.org/h2kg/decode/workflow/concept/image-parameter-extraction-2d-method,Image parameter extraction 2D,,method,55,0d-particle-population-degradation-model-coupled-with-performance-model-fitting; 0d-particle-population-degradation-model-coupled-with-performance-model-prediction; 0d-particle-population-degradation-model-coupled-with-performance-model-prediction-without-fitting-methods; accelerated-stress-test-ast-on-nanostructured-electrodes; cea-mea-model-europium-2d; current-modulated-hydrogen-flow-rate-spectroscopy-ch2s; differential-cell-testing; diffusivities-from-tortuosities; eis-on-nanostructured-electrodes; electrical-conductivity; electrical-contact-resistance; electrical-tlm-characterization-of-a-gdl-with-defined-compression; fitting-of-the-europium-model; gas-permeability-of-a-gdl-with-defined-compression; iet-1d-mea-with-water-transport-eis-model; iet-1d-mea-with-water-transport-in-ccl-eis-model; iet-1d-performance-model-for-mea-fitting; iet-1d-performance-model-for-mea-prediction; iet-composition-to-property-model; iet-ink-to-composition-model; image-parameter-extraction-2d; ionomer-reconstruction-in-ccl-3d-images; irras-operando-or-in-situ-ftir; model-electrochemistry-in-a-rde-cell; mpl-parameter-estimation-from-gdl-and-substrate-data; prism-preparation-for-atr-ftir; rotating-ring-disk-electrode-rrde; sem-and-edx,"Image parameter extraction 2D
Owner: HZB:Markus Osenberg
Task: T2.1
Maturity: established method
Documentation: publication in preparation
Range of validity or processability: unkonwn
internal key: Image parameter extraction 2D0; Image parameter extraction 2D
Owner: HZB:Markus Osenberg
Task: T2.1
Maturity: established method
Documentation: publication in preparation
Range of validity or processability: unkonwn
internal key: Image parameter extraction 2D1; Image parameter extraction 2D
Owner: HZB:Markus Osenberg
Task: T2.1
Maturity: established method
Documentation: publication in preparation
Range of validity or processability: unkonwn
internal key: Image parameter extraction 2D2; Image parameter extraction 2D
Owner: HZB:Markus Osenberg
Task: T2.1
Maturity: established method
Documentation: publication in preparation
Range of validity or processability: unkonwn
internal key: Image parameter extraction 2D3",Binder distribution; CCL cross section 2D pixel data containing surface information of element distributions; CCL thickness; Catalyst active particle density; Catalyst elemental composition; Catalyst loading; Catalyst support density; Catalyst-support ratio; GDL cross section 2D pixel data containing surface information of element distributions; GDL substrate cross section 2D pixel data containing surface information of element distributions; GDL substrate density; GDL substrate thickness; GDL thickness; MPL cross section 2D pixel data containing surface information of element distributions; MPL density; MPL thickness; Mass of Pt in the membrane (aged); Teflon distribution,reviewed_decode_anchor,reviewed_decode,https://w3id.org/h2kg/decode/workflow/anchor/image-parameter-extraction-2d-method,https://w3id.org/h2kg/hydrogen-ontology#Process,Process,workflow_or_analysis,reviewed_structural,DECODE-specific concept retained as a stable reviewed anchor. Its source topology is preserved; no H2KG synonym or new public term was asserted.,"[{""iri"": ""https://w3id.org/h2kg/hydrogen-ontology#DipCoatingWithdrawalRate"", ""label"": ""Dip Coating Withdrawal Rate"", ""score"": 0.704}, {""iri"": ""https://w3id.org/h2kg/hydrogen-ontology#LatticeDistortionPercent"", ""label"": ""Lattice Distortion Percent"", ""score"": 0.702}, {""iri"": ""https://w3id.org/h2kg/hydrogen-ontology#InkFormulationSpecificationMeasurement"", ""label"": ""Ink Formulation Specification Measurement"", ""score"": 0.655}]"
https://w3id.org/h2kg/decode/workflow/concept/image-tem-data-parameter-extraction-3d-method,Image TEM data parameter extraction 3D,,method,12,0d-particle-population-degradation-model-coupled-with-performance-model-prediction; 0d-particle-population-degradation-model-coupled-with-performance-model-prediction-without-fitting-methods; 0d-particle-population-degradation-model-prediction; determination-of-cl-saturation-by-saxs-or-sans; electron-tomography-for-pt-c-and-ionomer-distribution-in-cl; high-resolution-electron-tomography-for-accessing-pt-and-ionomer-distribution-on-carbon-aggregate; iet-composition-to-property-model; iet-ink-to-composition-model; image-classification-on-tem-data; image-tem-data-parameter-extraction-3d; inpt-cl-process-model; ionomer-reconstruction-in-ccl-3d-images,"Image TEM data parameter extraction 3D
Owner: HZB:Markus Osenberg
Task: T2.1
Maturity: established method
Documentation: publication in preparation
Range of validity or processability: unkonwn
internal key: Image TEM data parameter extraction 3D0",CCL 3D voxel data classified with ionomer and Pt; CCL ionomer distribution statistics; CCL structural parameters; Catalyst active particle density; Catalyst active particle diameter; Catalyst active particle radius distribution; Catalyst morphology; Catalyst support particle diameter; Catalyst-support ratio; Electrocatalyst structure,reviewed_decode_anchor,reviewed_decode,https://w3id.org/h2kg/decode/workflow/anchor/image-tem-data-parameter-extraction-3d-method,https://w3id.org/h2kg/hydrogen-ontology#Process,Process,workflow_or_analysis,reviewed_structural,DECODE-specific concept retained as a stable reviewed anchor. Its source topology is preserved; no H2KG synonym or new public term was asserted.,"[{""iri"": ""https://w3id.org/h2kg/hydrogen-ontology#LatticeDistortionPercent"", ""label"": ""Lattice Distortion Percent"", ""score"": 0.606}, {""iri"": ""https://w3id.org/h2kg/hydrogen-ontology#DipCoatingWithdrawalRate"", ""label"": ""Dip Coating Withdrawal Rate"", ""score"": 0.603}, {""iri"": ""https://w3id.org/h2kg/hydrogen-ontology#SemiEmpiricalParameterA"", ""label"": ""Semi Empirical Parameter A"", ""score"": 0.594}]"
https://w3id.org/h2kg/decode/workflow/concept/image-x-ray-tomography-data-parameter-extraction-3d-data,Image X-ray tomography data parameter extraction 3D,,data,42,ai-based-generation-of-structural-digital-twins-of-multi-scale-tomographies; cea-mea-model-europium-2d; current-modulated-hydrogen-flow-rate-spectroscopy-ch2s; diffusivities-from-tortuosities; electrical-conductivity; electrical-contact-resistance; electrical-tlm-characterization-of-a-gdl-with-defined-compression; fitting-of-the-europium-model; gas-permeability-of-a-gdl-with-defined-compression; iet-1d-mea-with-water-transport-eis-model; iet-1d-performance-model-for-mea-prediction; image-classification-of-x-ray-tomography-data; image-x-ray-tomography-data-parameter-extraction-3d; modeling-of-hydrophobic-treatment-of-gdl; modeling-of-mpl-coating-of-gdl; mpl-parameter-estimation-from-gdl-and-substrate-data; mpl-saturation-determination-from-x-ray-ct-data,"Image X-ray tomography data parameter extraction 3D
Owner: HZB:Markus Osenberg
Task: T2.1
Maturity: established method
Documentation: publication in preparation
Range of validity or processability: unkonwn
internal key: Image X-ray tomography data parameter extraction 3D0; Image X-ray tomography data parameter extraction 3D
Owner: HZB:Markus Osenberg
Task: T2.1
Maturity: established method
Documentation: publication in preparation
Range of validity or processability: unkonwn
internal key: Image X-ray tomography data parameter extraction 3D1; Image X-ray tomography data parameter extraction 3D
Owner: HZB:Markus Osenberg
Task: T2.1
Maturity: established method
Documentation: publication in preparation
Range of validity or processability: unkonwn
internal key: Image X-ray tomography data parameter extraction 3D2",GDL substrate 3D voxel data classified; GDL substrate 3D voxel data wet classified; GDL substrate 3D voxel data wet operando classified; GDL substrate average pore radius; GDL substrate pore size distribution; GDL substrate porosity; GDL substrate saturation; GDL substrate saturation profiles; GDL substrate structural parameters; GDL substrate thickness; GDL substrate water retention curve; MPL X-ray 3D voxel data classified; MPL X-ray 3D voxel data wet classified; MPL X-ray 3D voxel data wet operando classified; MPL saturation; MPL saturation maps; MPL thickness,reviewed_decode_anchor,reviewed_decode,https://w3id.org/h2kg/decode/workflow/anchor/image-x-ray-tomography-data-parameter-extraction-3d-data,https://w3id.org/h2kg/hydrogen-ontology#Process,Process,workflow_or_analysis,reviewed_structural,DECODE-specific concept retained as a stable reviewed anchor. Its source topology is preserved; no H2KG synonym or new public term was asserted.,"[{""iri"": ""https://w3id.org/h2kg/hydrogen-ontology#XRayComputedTomographyMeasurement"", ""label"": ""X Ray Computed Tomography Measurement"", ""score"": 0.614}, {""iri"": ""https://w3id.org/h2kg/hydrogen-ontology#XRayCTInstrument"", ""label"": ""X Ray CT Instrument"", ""score"": 0.605}, {""iri"": ""https://w3id.org/h2kg/hydrogen-ontology#XRayComputedTomographyImaging"", ""label"": ""X Ray Computed Tomography Imaging"", ""score"": 0.605}]"
https://w3id.org/h2kg/decode/workflow/concept/impregnation-by-immersion-and-blade-coating-process,Impregnation by immersion and blade coating,,process,27,cl-for-rde; contact-angle-extraction-of-ct-data; ct-based-capillary-pressure-saturation-curves; determination-of-cl-saturation-by-saxs-or-sans; dropcasted-ink-on-gc-tips; electrical-conductivity; electrical-contact-resistance; electrical-tlm-characterization-of-a-gdl-with-defined-compression; electrospray-deposition-of-catalyst-layers; external-contact-angle-of-a-gdl; fib-measurements-on-gdl-or-mpl-and-catalyst-materials; gas-permeability-of-a-gdl-with-defined-compression; gde-catalytic-layer-preparation; gde-cell-for-electrochemical-studies; gdl-compressability; hg-porosimetry-gdl; impregnation-by-immersion-and-blade-coating; lab-ct-measurements-on-gdl-or-mpl-materials; mea-assembly-for-pefc-ref-mea; mechanical-properties-of-catalyst-layers-gdls-and-meas-by-small-punch-and-nanoindentation; mpl-saturation-determination-from-x-ray-ct-data; neutron-imaging; pulsed-gas-analysis; sem-and-edx; sem-and-fib-layer; synch-ct-measurements-on-gdl-or-mpl-materials; wilhelmy-wettability-measurement,"Impregnation by immersion and blade coating
Owner: CEA:Pierluigi ARNELLI
Task: T2.4
Maturity: under development
Documentation: 
Range of validity or processability: unkonwn
internal key: Impregnation by immersion and blade coating0",GDL; GDL substrate (without PTFE); Hydrophobic treatment ink; MPL ink,reviewed_decode_anchor,reviewed_decode,https://w3id.org/h2kg/decode/workflow/anchor/impregnation-by-immersion-and-blade-coating-process,https://w3id.org/h2kg/hydrogen-ontology#Manufacturing,Manufacturing,physical_manufacturing_workflow,reviewed_structural,DECODE-specific concept retained as a stable reviewed anchor. Its source topology is preserved; no H2KG synonym or new public term was asserted.,"[{""iri"": ""https://w3id.org/h2kg/hydrogen-ontology#IonomerCoatingSimulation"", ""label"": ""Ionomer Coating Simulation"", ""score"": 0.58}, {""iri"": ""https://w3id.org/h2kg/hydrogen-ontology#DipCoatingWithdrawalRate"", ""label"": ""Dip Coating Withdrawal Rate"", ""score"": 0.559}, {""iri"": ""https://w3id.org/h2kg/hydrogen-ontology#ReactionAreaPositionInCatalystLayer"", ""label"": ""Reaction Area Position In Catalyst Layer"", ""score"": 0.554}]"
https://w3id.org/h2kg/decode/workflow/concept/in-situ-fourier-transformed-ir-in-atr-configuration-method,In Situ Fourier Transformed IR in ATR configuration,,method,4,dft-onto-idealized-surfaces; iet-ink-to-composition-model; in-situ-fourier-transformed-ir-in-atr-configuration; prism-preparation-for-atr-ftir,"In Situ Fourier Transformed IR in ATR configuration
Owner: ICPEES@CNRS/Unistra, PSI:Elena Savinova, Emiliana Fabbri, Tim Welmers
Task: T1.3
Maturity: under development
Documentation: 10.1002/ange.201804978
Range of validity or processability: 
pH from ~1 to ~13, but more robust in the acidic region due to better established tools.
internal key: In Situ Fourier Transformed IR in ATR configuration0",ATR-FTIR cell temperature; ATR-FTIR electrochemical protocol; ATR-FTIR electrochemical response; ATR-FTIR electrode; Adsorbate conformation on electrode (idealized); Adsorbate coverage on electrode (idealized); Adsorbate types on electrode (idealized); Electrolyte; Electrolyte flow rate; Ionomer contact angles; LRE species distribution (idealized),reviewed_decode_anchor,reviewed_decode,https://w3id.org/h2kg/decode/workflow/anchor/in-situ-fourier-transformed-ir-in-atr-configuration-method,https://w3id.org/h2kg/hydrogen-ontology#Parameter,Parameter,operating_or_geometric_parameter,reviewed_structural,DECODE-specific concept retained as a stable reviewed anchor. Its source topology is preserved; no H2KG synonym or new public term was asserted.,[]
https://w3id.org/h2kg/decode/workflow/concept/inert-substrate-component,Inert substrate,component,component,3,blade-coating-and-decal-transfer-for-ref-pefc-ccm; electrospray-deposition-of-catalyst-layers; ultrasonic-spray-deposition-for-catalytic-layers,"Inert substrate
internal key: Inert substrate: component",Blade coating and Decal transfer for ref PEFC CCM; Electrospray deposition of Catalyst Layers; Ultrasonic spray deposition for catalytic layers,reviewed_decode_anchor,reviewed_decode,https://w3id.org/h2kg/decode/workflow/anchor/inert-substrate-component,https://w3id.org/h2kg/hydrogen-ontology#Property,Property,physical_or_derived_property,reviewed_structural,DECODE-specific concept retained as a stable reviewed anchor. Its source topology is preserved; no H2KG synonym or new public term was asserted.,"[{""iri"": ""https://w3id.org/h2kg/hydrogen-ontology#PETSubstrate"", ""label"": ""PET Substrate"", ""score"": 0.857}, {""iri"": ""https://w3id.org/h2kg/hydrogen-ontology#NickelPlateSubstrate"", ""label"": ""Nickel Plate Substrate"", ""score"": 0.815}, {""iri"": ""https://w3id.org/h2kg/hydrogen-ontology#SiliconWaferSubstrate"", ""label"": ""Silicon Wafer Substrate"", ""score"": 0.815}]"
https://w3id.org/h2kg/decode/workflow/concept/information-on-corrosion-device,Information on corrosion,device,device,1,additional-measurements-on-pewe-during-operation,"Information on corrosion
internal key: Information on corrosion: device",Additional measurements on PEWE during operation,reviewed_decode_anchor,reviewed_decode,https://w3id.org/h2kg/decode/workflow/anchor/information-on-corrosion-device,https://w3id.org/h2kg/hydrogen-ontology#Metadata,Metadata,corrosion_information_is_metadata,reviewed_structural,DECODE-specific concept retained as a stable reviewed anchor. Its source topology is preserved; no H2KG synonym or new public term was asserted.,"[{""iri"": ""https://w3id.org/h2kg/hydrogen-ontology#CatalystToNafionWeightRatio"", ""label"": ""Catalyst To Nafion Weight Ratio"", ""score"": 0.652}, {""iri"": ""https://w3id.org/h2kg/hydrogen-ontology#IonomerToCarbonRatio"", ""label"": ""Ionomer To Carbon Ratio"", ""score"": 0.638}, {""iri"": ""https://w3id.org/h2kg/hydrogen-ontology#InkCompositionSpecification"", ""label"": ""Ink Composition Specification"", ""score"": 0.604}]"
https://w3id.org/h2kg/decode/workflow/concept/ink-preparation-for-deposition-of-catalytic-layers-process,Ink preparation for deposition of catalytic layers,,process,5,blade-coating-and-decal-transfer-for-ref-pefc-ccm; electrospray-deposition-of-catalyst-layers; ink-preparation-for-deposition-of-catalytic-layers; rheology; turbiscan-transmission-and-backscattering-stability-testing,"Ink preparation for deposition of catalytic layers
Owner: CIEMAT:Ester Daz lvarez
Task: T2.4
Maturity: established method
Documentation: DOI: 10.1149/1.3425740
Range of validity or processability: 
Pt/C: 0.01 - 0.5 mgPt/cm^2 (electrode loading)Ionomer: 0 - 40 wt% (catalyst layer)Solvent: 1 - 10 wt% (ink)
internal key: Ink preparation for deposition of catalytic layers0",Catalyst ink; Catalyst ink composition; Catalyst powder; Ionomer; Mixing duration; Mixing speed; Solvent,reviewed_decode_anchor,reviewed_decode,https://w3id.org/h2kg/decode/workflow/anchor/ink-preparation-for-deposition-of-catalytic-layers-process,https://w3id.org/h2kg/hydrogen-ontology#Manufacturing,Manufacturing,physical_manufacturing_workflow,reviewed_structural,DECODE-specific concept retained as a stable reviewed anchor. Its source topology is preserved; no H2KG synonym or new public term was asserted.,"[{""iri"": ""https://w3id.org/h2kg/hydrogen-ontology#CatalystLayerCompositionSpecification"", ""label"": ""Catalyst Layer Composition Specification"", ""score"": 0.667}, {""iri"": ""https://w3id.org/h2kg/hydrogen-ontology#CatalystInkPreparation"", ""label"": ""Catalyst Ink Preparation"", ""score"": 0.649}, {""iri"": ""https://w3id.org/h2kg/hydrogen-ontology#IonicResistance"", ""label"": ""Ionic Resistance"", ""score"": 0.619}]"
https://w3id.org/h2kg/decode/workflow/concept/inpt-cl-process-model-model,INPT CL process model,,model,12,ai-based-generation-of-structural-digital-twins-of-multi-scale-tomographies; distribution-of-contact-angles-in-ccl-fib-sem-image-from-ionomer-reconstruction; image-based-ccl-effective-transport-property-computation-from-numerical-simulations; image-fib-tomography-dataparameter-extraction-3d; image-tem-data-parameter-extraction-3d; inpt-cl-process-model; ionomer-reconstruction-in-ccl-3d-images; voxel-based-3d-effective-diffusivity-simulation; voxel-based-3d-electric-conductiviy-simulation; voxel-based-3d-permability-simulation; voxel-based-3d-thermal-conductivity-simulation; water-retention-curve-simulation,"INPT CL process model
Owner: INPT:Marc PRAT
Task: T1.4
Maturity: under development
Documentation: 
Range of validity or processability: unkonwn
internal key: INPT CL process model0",CCL 3D voxel data classified; CCL 3D voxel data classified with ionomer and Pt; CCL coating process parameters; Catalyst ink composition,reviewed_decode_anchor,reviewed_decode,https://w3id.org/h2kg/decode/workflow/anchor/inpt-cl-process-model-model,https://w3id.org/h2kg/hydrogen-ontology#Process,Process,workflow_or_analysis,reviewed_structural,DECODE-specific concept retained as a stable reviewed anchor. Its source topology is preserved; no H2KG synonym or new public term was asserted.,"[{""iri"": ""https://w3id.org/h2kg/hydrogen-ontology#DipCoatingProcess"", ""label"": ""Dip Coating Process"", ""score"": 0.65}, {""iri"": ""https://w3id.org/h2kg/hydrogen-ontology#ModelFitR2"", ""label"": ""Model Fit R 2"", ""score"": 0.647}, {""iri"": ""https://w3id.org/h2kg/hydrogen-ontology#DropCastingProcess"", ""label"": ""Drop Casting Process"", ""score"": 0.634}]"
https://w3id.org/h2kg/decode/workflow/concept/instruments-for-mixing-and-deposition-process,Instruments for mixing and deposition,process,process,2,cl-for-rde; gde-catalytic-layer-preparation,"Instruments for mixing and deposition
internal key: Instruments for mixing and deposition: process",CL for RDE; GDE Catalytic Layer Preparation,reviewed_decode_anchor,reviewed_decode,https://w3id.org/h2kg/decode/workflow/anchor/instruments-for-mixing-and-deposition-process,https://w3id.org/h2kg/hydrogen-ontology#Instrument,Instrument,mixing_and_deposition_instruments_are_instruments,reviewed_structural,DECODE-specific concept retained as a stable reviewed anchor. Its source topology is preserved; no H2KG synonym or new public term was asserted.,"[{""iri"": ""https://w3id.org/h2kg/hydrogen-ontology#DepositionPotential"", ""label"": ""Deposition Potential"", ""score"": 0.596}, {""iri"": ""https://w3id.org/h2kg/hydrogen-ontology#SputterCoating"", ""label"": ""Sputter Coating"", ""score"": 0.586}, {""iri"": ""https://w3id.org/h2kg/hydrogen-ontology#CarbonNanotubeDecompositionOnsetTemperature"", ""label"": ""Carbon Nanotube Decomposition Onset Temperature"", ""score"": 0.571}]"
https://w3id.org/h2kg/decode/workflow/concept/interaction-coefficients-between-adsorbates-lre,Interaction coefficients between adsorbates,LRE,device,2,dft-onto-idealized-surfaces; hierarchical-model-for-electrocatalytic-reactions,"Interaction coefficients between adsorbates
internal key: Interaction coefficients between adsorbates: LRE",DFT onto idealized surfaces; Hierarchical model for electrocatalytic reactions,reviewed_decode_anchor,reviewed_decode,https://w3id.org/h2kg/decode/workflow/anchor/interaction-coefficients-between-adsorbates-lre,https://w3id.org/h2kg/hydrogen-ontology#Property,Property,physical_or_derived_property,reviewed_structural,DECODE-specific concept retained as a stable reviewed anchor. Its source topology is preserved; no H2KG synonym or new public term was asserted.,"[{""iri"": ""https://w3id.org/h2kg/hydrogen-ontology#ChargeTransferCoefficient"", ""label"": ""Charge Transfer Coefficient"", ""score"": 0.571}, {""iri"": ""https://w3id.org/h2kg/hydrogen-ontology#ExchangeCoefficient"", ""label"": ""Exchange Coefficient"", ""score"": 0.571}, {""iri"": ""https://w3id.org/h2kg/hydrogen-ontology#CoefficientOfDeterminationR2"", ""label"": ""Coefficient Of Determination R 2"", ""score"": 0.563}]"
https://w3id.org/h2kg/decode/workflow/concept/ionomer-material,Ionomer,material,material,8,cl-for-rde; dropcasted-ink-on-gc-tips; gde-catalytic-layer-preparation; ink-preparation-for-deposition-of-catalytic-layers; irras-operando-or-in-situ-ftir; prism-preparation-for-atr-ftir; roller-mixer-and-zirconia-beads-for-ref-pefc-inks; ultrasonic-spray-deposition-for-catalytic-layers,"Ionomer
internal key: Ionomer: material",CL for RDE; Dropcasted Ink on GC Tips; GDE Catalytic Layer Preparation; IRRAS operando/in-situ FTIR; Ink preparation for deposition of catalytic layers; Prism Preparation for ATR-FTIR; Roller mixer and zirconia beads for ref PEFC inks; Ultrasonic spray deposition for catalytic layers,reviewed_decode_anchor,reviewed_decode,https://w3id.org/h2kg/decode/workflow/anchor/ionomer-material,https://w3id.org/h2kg/hydrogen-ontology#Matter,Matter,material_category_default,reviewed_structural,DECODE-specific concept retained as a stable reviewed anchor. Its source topology is preserved; no H2KG synonym or new public term was asserted.,"[{""iri"": ""https://w3id.org/h2kg/hydrogen-ontology#IonomerThinFilmPermeability"", ""label"": ""Ionomer Thin Film Permeability"", ""score"": 1.0}, {""iri"": ""https://w3id.org/h2kg/hydrogen-ontology#OxygenDiffusionCoefficientInIonomer"", ""label"": ""Oxygen Diffusion Coefficient In Ionomer"", ""score"": 0.933}, {""iri"": ""https://w3id.org/h2kg/hydrogen-ontology#IonomerOxygenTransportResistanceComponent"", ""label"": ""Ionomer Oxygen Transport Resistance Component"", ""score"": 0.875}]"
https://w3id.org/h2kg/decode/workflow/concept/ionomer-chemical-structure-material,Ionomer chemical structure,material,material,1,molecular-dynamics-for-the-electrode-electrolyte-interface-in-presence-of-ionomer,"Ionomer chemical structure
internal key: Ionomer chemical structure: material",Molecular Dynamics for the Electrode | Electrolyte Interface in presence of ionomer,reviewed_decode_anchor,reviewed_decode,https://w3id.org/h2kg/decode/workflow/anchor/ionomer-chemical-structure-material,https://w3id.org/h2kg/hydrogen-ontology#Property,Property,physical_or_derived_property,reviewed_structural,DECODE-specific concept retained as a stable reviewed anchor. Its source topology is preserved; no H2KG synonym or new public term was asserted.,"[{""iri"": ""https://w3id.org/h2kg/hydrogen-ontology#CatalystInkStructureDataset"", ""label"": ""Catalyst Ink Structure Dataset"", ""score"": 0.667}, {""iri"": ""https://w3id.org/h2kg/hydrogen-ontology#PrintedCNTStructureHeight"", ""label"": ""Printed CNT Structure Height"", ""score"": 0.667}, {""iri"": ""https://w3id.org/h2kg/hydrogen-ontology#PrintedCompositeStructure"", ""label"": ""Printed Composite Structure"", ""score"": 0.642}]"
https://w3id.org/h2kg/decode/workflow/concept/ionomer-contact-angles-material,Ionomer contact angles,material,material,3,iet-ink-to-composition-model; in-situ-fourier-transformed-ir-in-atr-configuration; molecular-dynamics-for-the-electrode-electrolyte-interface-in-presence-of-ionomer,"Ionomer contact angles
internal key: Ionomer contact angles: material",IET ink to composition model; In Situ Fourier Transformed IR in ATR configuration; Molecular Dynamics for the Electrode | Electrolyte Interface in presence of ionomer,reviewed_decode_anchor,reviewed_decode,https://w3id.org/h2kg/decode/workflow/anchor/ionomer-contact-angles-material,https://w3id.org/h2kg/hydrogen-ontology#Property,Property,physical_or_derived_property,reviewed_structural,DECODE-specific concept retained as a stable reviewed anchor. Its source topology is preserved; no H2KG synonym or new public term was asserted.,"[{""iri"": ""https://w3id.org/h2kg/hydrogen-ontology#ContactAngleGoniometer"", ""label"": ""Contact Angle Goniometer"", ""score"": 0.87}, {""iri"": ""https://w3id.org/h2kg/hydrogen-ontology#ContactAngle"", ""label"": ""Contact Angle"", ""score"": 0.78}, {""iri"": ""https://w3id.org/h2kg/hydrogen-ontology#ContactAngleMeasurement"", ""label"": ""Contact Angle Measurement"", ""score"": 0.75}]"
https://w3id.org/h2kg/decode/workflow/concept/ionomer-density-dry-material,Ionomer density (dry),material,material,4,0d-particle-population-degradation-model-coupled-with-performance-model-prediction; 0d-particle-population-degradation-model-coupled-with-performance-model-prediction-without-fitting-methods; iet-ink-to-composition-model; molecular-dynamics-for-the-electrode-electrolyte-interface-in-presence-of-ionomer,"Ionomer density (dry)
internal key: Ionomer density (dry): material",0D Particle population degradation model coupled with performance model (prediction); IET ink to composition model; Molecular Dynamics for the Electrode | Electrolyte Interface in presence of ionomer,reviewed_decode_anchor,reviewed_decode,https://w3id.org/h2kg/decode/workflow/anchor/ionomer-density-dry-material,https://w3id.org/h2kg/hydrogen-ontology#Property,Property,physical_or_derived_property,reviewed_structural,DECODE-specific concept retained as a stable reviewed anchor. Its source topology is preserved; no H2KG synonym or new public term was asserted.,"[{""iri"": ""https://w3id.org/h2kg/hydrogen-ontology#FeN4SiteDensity"", ""label"": ""Fe N 4 Site Density"", ""score"": 0.706}, {""iri"": ""https://w3id.org/h2kg/hydrogen-ontology#DispersionMediumDensity"", ""label"": ""Dispersion Medium Density"", ""score"": 0.698}, {""iri"": ""https://w3id.org/h2kg/hydrogen-ontology#PowerDensity"", ""label"": ""Power Density"", ""score"": 0.688}]"
https://w3id.org/h2kg/decode/workflow/concept/ionomer-film-thickness-lre,Ionomer film thickness,LRE,device,2,molecular-dynamics-for-the-electrode-electrolyte-interface-in-presence-of-ionomer; tem-and-eds-analysis-of-mea,"Ionomer film thickness
internal key: Ionomer film thickness: LRE",Molecular Dynamics for the Electrode | Electrolyte Interface in presence of ionomer; TEM and EDS analysis of MEA,strict_alt_label,approved_h2kg,https://w3id.org/h2kg/hydrogen-ontology#IonomerFilmThickness,https://w3id.org/h2kg/hydrogen-ontology#Property,Property,explicit_mapping,high,Reviewed equivalent label for ionomer-film thickness.,"[{""iri"": ""https://w3id.org/h2kg/hydrogen-ontology#IonomerFilmThickness"", ""label"": ""Ionomer Film Thickness"", ""score"": 1.0}, {""iri"": ""https://w3id.org/h2kg/hydrogen-ontology#IonomerThinFilmThickness"", ""label"": ""Ionomer Thin Film Thickness"", ""score"": 0.898}, {""iri"": ""https://w3id.org/h2kg/hydrogen-ontology#IonomerFilm"", ""label"": ""Ionomer Film"", ""score"": 0.872}]"
https://w3id.org/h2kg/decode/workflow/concept/ionomer-gas-diffusivities-component,Ionomer gas diffusivities,component,component,2,cea-mea-model-europium-2d; fitting-of-the-europium-model,"Ionomer gas diffusivities
internal key: Ionomer gas diffusivities: component",CEA MEA model (Europium 2D); Fitting of the Europium model,reviewed_decode_anchor,reviewed_decode,https://w3id.org/h2kg/decode/workflow/anchor/ionomer-gas-diffusivities-component,https://w3id.org/h2kg/hydrogen-ontology#Matter,Matter,component_category_default,reviewed_structural,DECODE-specific concept retained as a stable reviewed anchor. Its source topology is preserved; no H2KG synonym or new public term was asserted.,"[{""iri"": ""https://w3id.org/h2kg/hydrogen-ontology#GasDiffusionLayer"", ""label"": ""Gas Diffusion Layer"", ""score"": 0.636}, {""iri"": ""https://w3id.org/h2kg/hydrogen-ontology#TotalGasDiffusionResistance"", ""label"": ""Total Gas Diffusion Resistance"", ""score"": 0.612}, {""iri"": ""https://w3id.org/h2kg/hydrogen-ontology#MolecularDiffusivityInAir"", ""label"": ""Molecular Diffusivity In Air"", ""score"": 0.609}]"
https://w3id.org/h2kg/decode/workflow/concept/ionomer-gas-sorption-properties-component,Ionomer gas sorption properties,component,component,2,cea-mea-model-europium-2d; fitting-of-the-europium-model,"Ionomer gas sorption properties
internal key: Ionomer gas sorption properties: component",CEA MEA model (Europium 2D); Fitting of the Europium model,reviewed_decode_anchor,reviewed_decode,https://w3id.org/h2kg/decode/workflow/anchor/ionomer-gas-sorption-properties-component,https://w3id.org/h2kg/hydrogen-ontology#Property,Property,physical_or_derived_property,reviewed_structural,DECODE-specific concept retained as a stable reviewed anchor. Its source topology is preserved; no H2KG synonym or new public term was asserted.,"[{""iri"": ""https://w3id.org/h2kg/hydrogen-ontology#IonomerToCatalystMassRatio"", ""label"": ""Ionomer To Catalyst Mass Ratio"", ""score"": 0.607}, {""iri"": ""https://w3id.org/h2kg/hydrogen-ontology#SolventPropertyMeasurement"", ""label"": ""Solvent Property Measurement"", ""score"": 0.604}, {""iri"": ""https://w3id.org/h2kg/hydrogen-ontology#CatalystAndIonomerToPEGRatio"", ""label"": ""Catalyst And Ionomer To PEG Ratio"", ""score"": 0.597}]"
https://w3id.org/h2kg/decode/workflow/concept/ionomer-initial-film-thickness-material,Ionomer initial film thickness,material,material,1,iet-ink-to-composition-model,"Ionomer initial film thickness
internal key: Ionomer initial film thickness: material",IET ink to composition model,reviewed_decode_anchor,reviewed_decode,https://w3id.org/h2kg/decode/workflow/anchor/ionomer-initial-film-thickness-material,https://w3id.org/h2kg/hydrogen-ontology#Property,Property,physical_or_derived_property,reviewed_structural,DECODE-specific concept retained as a stable reviewed anchor. Its source topology is preserved; no H2KG synonym or new public term was asserted.,"[{""iri"": ""https://w3id.org/h2kg/hydrogen-ontology#IonomerFilmThickness"", ""label"": ""Ionomer Film Thickness"", ""score"": 0.846}, {""iri"": ""https://w3id.org/h2kg/hydrogen-ontology#IonomerThinFilmThickness"", ""label"": ""Ionomer Thin Film Thickness"", ""score"": 0.772}, {""iri"": ""https://w3id.org/h2kg/hydrogen-ontology#EquivalentIonomerFilmThickness"", ""label"": ""Equivalent Ionomer Film Thickness"", ""score"": 0.762}]"
https://w3id.org/h2kg/decode/workflow/concept/ionomer-pka-material,Ionomer pKa,material,material,1,molecular-dynamics-for-the-electrode-electrolyte-interface-in-presence-of-ionomer,"Ionomer pKa
internal key: Ionomer pKa: material",Molecular Dynamics for the Electrode | Electrolyte Interface in presence of ionomer,reviewed_decode_anchor,reviewed_decode,https://w3id.org/h2kg/decode/workflow/anchor/ionomer-pka-material,https://w3id.org/h2kg/hydrogen-ontology#Matter,Matter,material_category_default,reviewed_structural,DECODE-specific concept retained as a stable reviewed anchor. Its source topology is preserved; no H2KG synonym or new public term was asserted.,"[{""iri"": ""https://w3id.org/h2kg/hydrogen-ontology#PFSAIonomer"", ""label"": ""PFSA Ionomer"", ""score"": 0.87}, {""iri"": ""https://w3id.org/h2kg/hydrogen-ontology#IonomerOxygenTransportResistanceComponent"", ""label"": ""Ionomer Oxygen Transport Resistance Component"", ""score"": 0.8}, {""iri"": ""https://w3id.org/h2kg/hydrogen-ontology#IonomerMass"", ""label"": ""Ionomer Mass"", ""score"": 0.783}]"
https://w3id.org/h2kg/decode/workflow/concept/ionomer-proton-conductivity-material,Ionomer proton conductivity,material,material,3,iet-composition-to-property-model; iet-ink-to-composition-model; image-based-ccl-effective-transport-property-computation-from-numerical-simulations,"Ionomer proton conductivity
internal key: Ionomer proton conductivity: material",IET composition to property model; IET ink to composition model; Image based CCL effective transport property computation from numerical simulations,reviewed_decode_anchor,reviewed_decode,https://w3id.org/h2kg/decode/workflow/anchor/ionomer-proton-conductivity-material,https://w3id.org/h2kg/hydrogen-ontology#Property,Property,physical_or_derived_property,reviewed_structural,DECODE-specific concept retained as a stable reviewed anchor. Its source topology is preserved; no H2KG synonym or new public term was asserted.,"[{""iri"": ""https://w3id.org/h2kg/hydrogen-ontology#EffectiveIonicConductivity"", ""label"": ""Effective Ionic Conductivity"", ""score"": 0.826}, {""iri"": ""https://w3id.org/h2kg/hydrogen-ontology#ProtonConductivityMeasurement"", ""label"": ""Proton Conductivity Measurement"", ""score"": 0.826}, {""iri"": ""https://w3id.org/h2kg/hydrogen-ontology#ProtonConductLayer"", ""label"": ""Proton Conduct Layer"", ""score"": 0.723}]"
https://w3id.org/h2kg/decode/workflow/concept/ionomer-reconstruction-in-ccl-3d-images-method,Ionomer reconstruction in CCL 3D images,,method,11,ai-based-generation-of-structural-digital-twins-of-multi-scale-tomographies; distribution-of-contact-angles-in-ccl-fib-sem-image-from-ionomer-reconstruction; fib-sem-on-cl-material; image-based-ccl-effective-transport-property-computation-from-numerical-simulations; image-classification-of-fib-tomography-data; image-classification-on-nm-scale; image-fib-tomography-dataparameter-extraction-3d; image-parameter-extraction-2d; image-tem-data-parameter-extraction-3d; inpt-cl-process-model; ionomer-reconstruction-in-ccl-3d-images,"Ionomer reconstruction in CCL 3D images
Owner: INPT:Marc Prat
Task: T1.4
Maturity: established method
Documentation: DOI: 10.1016/j.ijhydene.2024.07.097
Range of validity or processability: 
CCL initial state (dry).
internal key: Ionomer reconstruction in CCL 3D images0",CCL 3D voxel data classified; CCL 3D voxel data classified with ionomer and Pt; CCL ionomer distribution statistics; Catalyst loading; I/C-ratio,reviewed_decode_anchor,reviewed_decode,https://w3id.org/h2kg/decode/workflow/anchor/ionomer-reconstruction-in-ccl-3d-images-method,https://w3id.org/h2kg/hydrogen-ontology#Process,Process,workflow_or_analysis,reviewed_structural,DECODE-specific concept retained as a stable reviewed anchor. Its source topology is preserved; no H2KG synonym or new public term was asserted.,"[{""iri"": ""https://w3id.org/h2kg/hydrogen-ontology#IonomerDispersionPropertyCompilation"", ""label"": ""Ionomer Dispersion Property Compilation"", ""score"": 0.627}, {""iri"": ""https://w3id.org/h2kg/hydrogen-ontology#IonomerCoatingSimulation"", ""label"": ""Ionomer Coating Simulation"", ""score"": 0.585}, {""iri"": ""https://w3id.org/h2kg/hydrogen-ontology#IonomerInterParticleDistance"", ""label"": ""Ionomer Inter Particle Distance"", ""score"": 0.563}]"
https://w3id.org/h2kg/decode/workflow/concept/ionomer-water-diffusivity-component,Ionomer water diffusivity,component,component,2,cea-mea-model-europium-2d; fitting-of-the-europium-model,"Ionomer water diffusivity
internal key: Ionomer water diffusivity: component",CEA MEA model (Europium 2D); Fitting of the Europium model,reviewed_decode_anchor,reviewed_decode,https://w3id.org/h2kg/decode/workflow/anchor/ionomer-water-diffusivity-component,https://w3id.org/h2kg/hydrogen-ontology#Property,Property,physical_or_derived_property,reviewed_structural,DECODE-specific concept retained as a stable reviewed anchor. Its source topology is preserved; no H2KG synonym or new public term was asserted.,"[{""iri"": ""https://w3id.org/h2kg/hydrogen-ontology#MolecularDiffusivityInAir"", ""label"": ""Molecular Diffusivity In Air"", ""score"": 0.696}, {""iri"": ""https://w3id.org/h2kg/hydrogen-ontology#EffectiveOxygenDiffusionCoefficient"", ""label"": ""Effective Oxygen Diffusion Coefficient"", ""score"": 0.651}, {""iri"": ""https://w3id.org/h2kg/hydrogen-ontology#OxygenDiffusionCoefficientInIonomer"", ""label"": ""Oxygen Diffusion Coefficient In Ionomer"", ""score"": 0.651}]"
https://w3id.org/h2kg/decode/workflow/concept/ionomer-water-sorption-properties-component,Ionomer water sorption properties,component,component,3,cea-mea-model-europium-2d; determination-of-cl-saturation-by-saxs-or-sans; fitting-of-the-europium-model,"Ionomer water sorption properties
internal key: Ionomer water sorption properties: component",CEA MEA model (Europium 2D); Determination of CL saturation by SAXS/SANS; Fitting of the Europium model,reviewed_decode_anchor,reviewed_decode,https://w3id.org/h2kg/decode/workflow/anchor/ionomer-water-sorption-properties-component,https://w3id.org/h2kg/hydrogen-ontology#Property,Property,physical_or_derived_property,reviewed_structural,DECODE-specific concept retained as a stable reviewed anchor. Its source topology is preserved; no H2KG synonym or new public term was asserted.,"[{""iri"": ""https://w3id.org/h2kg/hydrogen-ontology#SolventPropertyMeasurement"", ""label"": ""Solvent Property Measurement"", ""score"": 0.618}, {""iri"": ""https://w3id.org/h2kg/hydrogen-ontology#SolventPhysicalPropertyCompilation"", ""label"": ""Solvent Physical Property Compilation"", ""score"": 0.61}, {""iri"": ""https://w3id.org/h2kg/hydrogen-ontology#PtPoisoningByIonomer"", ""label"": ""Pt Poisoning by Ionomer"", ""score"": 0.607}]"
https://w3id.org/h2kg/decode/workflow/concept/ionomer-catalyst-adsorption-energy-material,Ionomer-catalyst adsorption energy,material,material,1,molecular-dynamics-for-the-electrode-electrolyte-interface-in-presence-of-ionomer,"Ionomer-catalyst adsorption energy
internal key: Ionomer-catalyst adsorption energy: material",Molecular Dynamics for the Electrode | Electrolyte Interface in presence of ionomer,reviewed_decode_anchor,reviewed_decode,https://w3id.org/h2kg/decode/workflow/anchor/ionomer-catalyst-adsorption-energy-material,https://w3id.org/h2kg/hydrogen-ontology#Property,Property,physical_or_derived_property,reviewed_structural,DECODE-specific concept retained as a stable reviewed anchor. Its source topology is preserved; no H2KG synonym or new public term was asserted.,"[{""iri"": ""https://w3id.org/h2kg/hydrogen-ontology#IonomerAdsorptionRatio"", ""label"": ""Ionomer Adsorption Ratio"", ""score"": 0.692}, {""iri"": ""https://w3id.org/h2kg/hydrogen-ontology#IonomerAdsorptionRateMeasurement"", ""label"": ""Ionomer Adsorption Rate Measurement"", ""score"": 0.687}, {""iri"": ""https://w3id.org/h2kg/hydrogen-ontology#IonomerAdsorptionCapacityPerMass"", ""label"": ""Ionomer Adsorption Capacity Per Mass"", ""score"": 0.686}]"
https://w3id.org/h2kg/decode/workflow/concept/ionomer-catalyst-degree-of-alignment-component,Ionomer-catalyst degree of alignment,component,component,1,iet-ink-to-composition-model,"Ionomer-catalyst degree of alignment
internal key: Ionomer-catalyst degree of alignment: component",IET ink to composition model,reviewed_decode_anchor,reviewed_decode,https://w3id.org/h2kg/decode/workflow/anchor/ionomer-catalyst-degree-of-alignment-component,https://w3id.org/h2kg/hydrogen-ontology#Property,Property,physical_or_derived_property,reviewed_structural,DECODE-specific concept retained as a stable reviewed anchor. Its source topology is preserved; no H2KG synonym or new public term was asserted.,"[{""iri"": ""https://w3id.org/h2kg/hydrogen-ontology#CatalystTransferRate"", ""label"": ""Catalyst Transfer Rate"", ""score"": 0.635}, {""iri"": ""https://w3id.org/h2kg/hydrogen-ontology#CatalystAndIonomerToPEGRatio"", ""label"": ""Catalyst And Ionomer To PEG Ratio"", ""score"": 0.611}, {""iri"": ""https://w3id.org/h2kg/hydrogen-ontology#IonomerToCatalystMassRatio"", ""label"": ""Ionomer To Catalyst Mass Ratio"", ""score"": 0.6}]"
https://w3id.org/h2kg/decode/workflow/concept/ionomer-catalyst-dispersion-parameter-component,Ionomer-catalyst dispersion parameter,component,component,1,iet-ink-to-composition-model,"Ionomer-catalyst dispersion parameter
internal key: Ionomer-catalyst dispersion parameter: component",IET ink to composition model,reviewed_decode_anchor,reviewed_decode,https://w3id.org/h2kg/decode/workflow/anchor/ionomer-catalyst-dispersion-parameter-component,https://w3id.org/h2kg/hydrogen-ontology#Property,Property,physical_or_derived_property,reviewed_structural,DECODE-specific concept retained as a stable reviewed anchor. Its source topology is preserved; no H2KG synonym or new public term was asserted.,"[{""iri"": ""https://w3id.org/h2kg/hydrogen-ontology#IonomerDispersionPropertyDataset"", ""label"": ""Ionomer Dispersion Property Dataset"", ""score"": 0.806}, {""iri"": ""https://w3id.org/h2kg/hydrogen-ontology#IonomerDispersionPropertyCompilation"", ""label"": ""Ionomer Dispersion Property Compilation"", ""score"": 0.711}, {""iri"": ""https://w3id.org/h2kg/hydrogen-ontology#IronIronOxideCatalystNanoparticle"", ""label"": ""Iron Iron Oxide Catalyst Nanoparticle"", ""score"": 0.704}]"
https://w3id.org/h2kg/decode/workflow/concept/irras-operando-in-situ-ftir-method,IRRAS operando/in-situ FTIR,,method,16,ab-initio-molecular-dynamics-aimd-of-the-solid-liquid-interface-at-a-pt-electrode; density-potential-functional-theory-applied-to-supported-electrocatalysts; dft-onto-idealized-surfaces; image-fib-tomography-dataparameter-extraction-3d; image-parameter-extraction-2d; irras-operando-or-in-situ-ftir; molecular-dynamics-for-the-electrode-electrolyte-interface-in-presence-of-ionomer; molecular-dynamics-for-the-electrode-electrolyte-interface-metalwalls,"IRRAS operando/in-situ FTIR
Owner: CNRS/Unistra:Elena Savinova
Task: T2.4
Maturity: established method
Documentation: 
Range of validity or processability: 
pH from ~1 to ~13, but more robust in the acidic region due to better established tools and better stability of the prism. Experiments are not accurate for long time/high current densities.
internal key: IRRAS operando/in-situ FTIR0; IRRAS operando/in-situ FTIR
Owner: CNRS/Unistra:Elena Savinova
Task: T2.4
Maturity: established method
Documentation: 
Range of validity or processability: 
pH from ~1 to ~13, but more robust in the acidic region due to better established tools and better stability of the prism. Experiments are not accurate for long time/high current densities.
internal key: IRRAS operando/in-situ FTIR1",Catalyst ink composition; Catalyst loading; Catalyst powder; Cell current density; Electrode chemistry; Electrolyte; Ionomer; Prism for ATR-FTIR,reviewed_decode_anchor,reviewed_decode,https://w3id.org/h2kg/decode/workflow/anchor/irras-operando-in-situ-ftir-method,https://w3id.org/h2kg/hydrogen-ontology#Measurement,Measurement,method_visual_default,reviewed_structural,DECODE-specific concept retained as a stable reviewed anchor. Its source topology is preserved; no H2KG synonym or new public term was asserted.,"[{""iri"": ""https://w3id.org/h2kg/hydrogen-ontology#IsopropanolMassFractionInInk"", ""label"": ""Isopropanol Mass Fraction In Ink"", ""score"": 0.576}, {""iri"": ""https://w3id.org/h2kg/hydrogen-ontology#PalladiumMassFractionInInk"", ""label"": ""Palladium Mass Fraction In Ink"", ""score"": 0.561}, {""iri"": ""https://w3id.org/h2kg/hydrogen-ontology#NPropanolMassFractionInInk"", ""label"": ""N Propanol Mass Fraction In Ink"", ""score"": 0.552}]"
https://w3id.org/h2kg/decode/workflow/concept/ito-sputter-target-material,ITO sputter target,material,material,1,transparent-electrodes-for-clsm-applications,"ITO sputter target
internal key: ITO sputter target: material",Transparent Electrodes for CLSM applications,reviewed_decode_anchor,reviewed_decode,https://w3id.org/h2kg/decode/workflow/anchor/ito-sputter-target-material,https://w3id.org/h2kg/hydrogen-ontology#Matter,Matter,material_category_default,reviewed_structural,DECODE-specific concept retained as a stable reviewed anchor. Its source topology is preserved; no H2KG synonym or new public term was asserted.,"[{""iri"": ""https://w3id.org/h2kg/hydrogen-ontology#TargetSubstrateDistance"", ""label"": ""Target Substrate Distance"", ""score"": 0.698}, {""iri"": ""https://w3id.org/h2kg/hydrogen-ontology#SputterCoatingTime"", ""label"": ""Sputter Coating Time"", ""score"": 0.632}, {""iri"": ""https://w3id.org/h2kg/hydrogen-ontology#CatalystLoading"", ""label"": ""Catalyst Loading"", ""score"": 0.629}]"
https://w3id.org/h2kg/decode/workflow/concept/lab-ct-measurements-on-gdl-mpl-materials-method,LAB-CT measurements on GDL/MPL materials,,method,7,image-classification-of-fib-tomography-data; image-classification-of-x-ray-tomography-data; image-classification-on-nm-scale; impregnation-by-immersion-and-blade-coating; lab-ct-measurements-on-gdl-or-mpl-materials,"LAB-CT measurements on GDL/MPL materials
Owner: HZB:Markus Osenberg
Task: T2.1
Maturity: established method
Documentation: publication in preparation
Range of validity or processability: 
maximum resolution 1-2 m, however here we aim for 5 m resolution, therefore no binder/teflon classification possible, only GDL fibre and MPL layer
internal key: LAB-CT measurements on GDL/MPL materials0; LAB-CT measurements on GDL/MPL materials
Owner: HZB:Markus Osenberg
Task: T2.1
Maturity: established method
Documentation: publication in preparation
Range of validity or processability: 
maximum resolution 1-2 m, however here we aim for 5 m resolution, therefore no binder/teflon classification possible, only GDL fibre and MPL layer
internal key: LAB-CT measurements on GDL/MPL materials1",GDL; GDL substrate; GDL substrate 3D voxel data raw; GDL substrate 3D voxel data wet raw; GDL substrate breakthrough pressure; MPL 3D voxel data raw,reviewed_decode_anchor,reviewed_decode,https://w3id.org/h2kg/decode/workflow/anchor/lab-ct-measurements-on-gdl-mpl-materials-method,https://w3id.org/h2kg/hydrogen-ontology#Measurement,Measurement,method_visual_default,reviewed_structural,DECODE-specific concept retained as a stable reviewed anchor. Its source topology is preserved; no H2KG synonym or new public term was asserted.,"[{""iri"": ""https://w3id.org/h2kg/hydrogen-ontology#MaterialSpecificationMeasurement"", ""label"": ""Material Specification Measurement"", ""score"": 0.649}, {""iri"": ""https://w3id.org/h2kg/hydrogen-ontology#FuelCellPolarizationMeasurement"", ""label"": ""Fuel Cell Polarization Measurement"", ""score"": 0.622}, {""iri"": ""https://w3id.org/h2kg/hydrogen-ontology#PolymerCharacterizationMeasurement"", ""label"": ""Polymer Characterization Measurement"", ""score"": 0.605}]"
https://w3id.org/h2kg/decode/workflow/concept/lennard-jones-parameters-material,Lennard-Jones parameters,material,material,1,molecular-dynamics-for-the-electrode-electrolyte-interface-metalwalls,"Lennard-Jones parameters
internal key: Lennard-Jones parameters: material",Molecular Dynamics for the Electrode | Electrolyte Interface - MetalWalls,reviewed_decode_anchor,reviewed_decode,https://w3id.org/h2kg/decode/workflow/anchor/lennard-jones-parameters-material,https://w3id.org/h2kg/hydrogen-ontology#Matter,Matter,material_category_default,reviewed_structural,DECODE-specific concept retained as a stable reviewed anchor. Its source topology is preserved; no H2KG synonym or new public term was asserted.,"[{""iri"": ""https://w3id.org/h2kg/hydrogen-ontology#GraphiticPlaneOrientationOrderParameter"", ""label"": ""Graphitic Plane Orientation Order Parameter"", ""score"": 0.667}, {""iri"": ""https://w3id.org/h2kg/hydrogen-ontology#MassTransportLossParameterN"", ""label"": ""Mass Transport Loss Parameter N"", ""score"": 0.629}, {""iri"": ""https://w3id.org/h2kg/hydrogen-ontology#SemiEmpiricalParameterA"", ""label"": ""Semi Empirical Parameter A"", ""score"": 0.629}]"
https://w3id.org/h2kg/decode/workflow/concept/local-electronic-structure-lre,Local electronic structure,LRE,device,2,development-of-a-zero-gap-cell-for-gde-based-spectrocopy-measurement; three-electrode-cell-assesement-of-cl-by-xas-xanes-exafs-xrd,"Local electronic structure
internal key: Local electronic structure: LRE","Development of a zero gap cell for GDE based spectrocopy measurement; Three electrode cell assesement of CL by XAS, XANES, EXAFS, XRD",reviewed_decode_anchor,reviewed_decode,https://w3id.org/h2kg/decode/workflow/anchor/local-electronic-structure-lre,https://w3id.org/h2kg/hydrogen-ontology#Data,Data,lre_local_electronic_structure_is_data,reviewed_structural,DECODE-specific concept retained as a stable reviewed anchor. Its source topology is preserved; no H2KG synonym or new public term was asserted.,"[{""iri"": ""https://w3id.org/h2kg/hydrogen-ontology#LateralElectronicResistance"", ""label"": ""Lateral Electronic Resistance"", ""score"": 0.691}, {""iri"": ""https://w3id.org/h2kg/hydrogen-ontology#ElectricLoad"", ""label"": ""Electric Load"", ""score"": 0.683}, {""iri"": ""https://w3id.org/h2kg/hydrogen-ontology#PrintedGridStructure"", ""label"": ""Printed Grid Structure"", ""score"": 0.636}]"
https://w3id.org/h2kg/decode/workflow/concept/local-potential-of-zero-charge-nanostructured-lre,Local potential of zero charge (nanostructured),LRE,device,1,density-potential-functional-theory-applied-to-supported-electrocatalysts,"Local potential of zero charge (nanostructured)
internal key: Local potential of zero charge (nanostructured): LRE",Density-potential functional theory applied to supported electrocatalysts,reviewed_decode_anchor,reviewed_decode,https://w3id.org/h2kg/decode/workflow/anchor/local-potential-of-zero-charge-nanostructured-lre,https://w3id.org/h2kg/hydrogen-ontology#Property,Property,physical_or_derived_property,reviewed_structural,DECODE-specific concept retained as a stable reviewed anchor. Its source topology is preserved; no H2KG synonym or new public term was asserted.,"[{""iri"": ""https://w3id.org/h2kg/hydrogen-ontology#PotentialOfTotalZeroCharge"", ""label"": ""Potential Of Total Zero Charge"", ""score"": 0.64}, {""iri"": ""https://w3id.org/h2kg/hydrogen-ontology#NiFe2O4Nanostructure"", ""label"": ""Ni Fe 2 O 4 Nanostructure"", ""score"": 0.571}, {""iri"": ""https://w3id.org/h2kg/hydrogen-ontology#AgAgClPotentialVsRHE"", ""label"": ""Ag Ag Cl Potential Vs RHE"", ""score"": 0.568}]"
https://w3id.org/h2kg/decode/workflow/concept/local-potential-of-zero-ionic-charge-nanostructured-lre,Local potential of zero ionic charge (nanostructured),LRE,device,1,density-potential-functional-theory-applied-to-supported-electrocatalysts,"Local potential of zero ionic charge (nanostructured)
internal key: Local potential of zero ionic charge (nanostructured): LRE",Density-potential functional theory applied to supported electrocatalysts,reviewed_decode_anchor,reviewed_decode,https://w3id.org/h2kg/decode/workflow/anchor/local-potential-of-zero-ionic-charge-nanostructured-lre,https://w3id.org/h2kg/hydrogen-ontology#Property,Property,physical_or_derived_property,reviewed_structural,DECODE-specific concept retained as a stable reviewed anchor. Its source topology is preserved; no H2KG synonym or new public term was asserted.,"[{""iri"": ""https://w3id.org/h2kg/hydrogen-ontology#PotentialOfTotalZeroCharge"", ""label"": ""Potential Of Total Zero Charge"", ""score"": 0.593}, {""iri"": ""https://w3id.org/h2kg/hydrogen-ontology#NiFe2O4Nanostructure"", ""label"": ""Ni Fe 2 O 4 Nanostructure"", ""score"": 0.553}]"
https://w3id.org/h2kg/decode/workflow/concept/lre-capacitance-idealized-lre,LRE capacitance (idealized),LRE,device,2,ab-initio-molecular-dynamics-aimd-of-the-solid-liquid-interface-at-a-pt-electrode; fitting-version-of-the-hierachical-model,"LRE capacitance (idealized)
internal key: LRE capacitance (idealized): LRE",Ab-initio molecular dynamics (AIMD) of the solid-liquid interface at a Pt electrode; Fitting Version of the Hierachical Model,reviewed_decode_anchor,reviewed_decode,https://w3id.org/h2kg/decode/workflow/anchor/lre-capacitance-idealized-lre,https://w3id.org/h2kg/hydrogen-ontology#Property,Property,physical_or_derived_property,reviewed_structural,DECODE-specific concept retained as a stable reviewed anchor. Its source topology is preserved; no H2KG synonym or new public term was asserted.,"[{""iri"": ""https://w3id.org/h2kg/hydrogen-ontology#DoubleLayerCapacitance"", ""label"": ""Double Layer Capacitance"", ""score"": 0.735}, {""iri"": ""https://w3id.org/h2kg/hydrogen-ontology#CellCapacitance"", ""label"": ""Cell Capacitance"", ""score"": 0.732}, {""iri"": ""https://w3id.org/h2kg/hydrogen-ontology#CathodeCapacitance"", ""label"": ""Cathode Capacitance"", ""score"": 0.682}]"
https://w3id.org/h2kg/decode/workflow/concept/lre-effective-orr-rate-law-idealized-lre,LRE effective ORR rate law (idealized),LRE,device,1,hierarchical-model-for-electrocatalytic-reactions,"LRE effective ORR rate law (idealized)
internal key: LRE effective ORR rate law (idealized): LRE",Hierarchical model for electrocatalytic reactions,reviewed_decode_anchor,reviewed_decode,https://w3id.org/h2kg/decode/workflow/anchor/lre-effective-orr-rate-law-idealized-lre,https://w3id.org/h2kg/hydrogen-ontology#Process,Process,lre_rate_law_is_process,reviewed_structural,DECODE-specific concept retained as a stable reviewed anchor. Its source topology is preserved; no H2KG synonym or new public term was asserted.,[]
https://w3id.org/h2kg/decode/workflow/concept/lre-ph-distribution-lre,LRE pH distribution,LRE,device,2,0d-particle-population-degradation-model-coupled-with-performance-model-prediction; 0d-particle-population-degradation-model-coupled-with-performance-model-prediction-without-fitting-methods,"LRE pH distribution
internal key: LRE pH distribution: LRE",0D Particle population degradation model coupled with performance model (prediction),reviewed_decode_anchor,reviewed_decode,https://w3id.org/h2kg/decode/workflow/anchor/lre-ph-distribution-lre,https://w3id.org/h2kg/hydrogen-ontology#Data,Data,lre_ph_distribution_is_data,reviewed_structural,DECODE-specific concept retained as a stable reviewed anchor. Its source topology is preserved; no H2KG synonym or new public term was asserted.,"[{""iri"": ""https://w3id.org/h2kg/hydrogen-ontology#PoreSizeDistribution"", ""label"": ""Pore Size Distribution"", ""score"": 0.78}, {""iri"": ""https://w3id.org/h2kg/hydrogen-ontology#PoreSizeDistributionDataset"", ""label"": ""Pore Size Distribution Dataset"", ""score"": 0.78}, {""iri"": ""https://w3id.org/h2kg/hydrogen-ontology#AgglomerateSizeDistributionDataset"", ""label"": ""Agglomerate Size Distribution Dataset"", ""score"": 0.778}]"
https://w3id.org/h2kg/decode/workflow/concept/lre-ph-distribution-idealized-lre,LRE pH distribution (idealized),LRE,device,7,confocal-laser-scanning-microscope-clsm-and-fluorescent-probes-for-local-ph-assessment-in-acidic-med; confocal-laser-scanning-microscope-clsm-and-fluorescent-probes-for-local-ph-assessment-in-alkaline-m; fitting-version-of-the-hierachical-model; hierarchical-model-for-electrocatalytic-reactions; rde-simulation-in-comsol; rrde-simulation-in-comsol; rrde-theory,"LRE pH distribution (idealized)
internal key: LRE pH distribution (idealized): LRE",Confocal Laser Scanning Microscope (CLSM) + fluorescent probes for local pH assessment in acidic media on model /unsupported electrodes; Confocal Laser Scanning Microscope (CLSM) + fluorescent probes for local pH assessment in alkaline media on model/unsupported electrodes; Fitting Version of the Hierachical Model; Hierarchical model for electrocatalytic reactions; RDE simulation in COMSOL; RRDE Theory; RRDE simulation in COMSOL,reviewed_decode_anchor,reviewed_decode,https://w3id.org/h2kg/decode/workflow/anchor/lre-ph-distribution-idealized-lre,https://w3id.org/h2kg/hydrogen-ontology#Data,Data,lre_ph_distribution_idealized_is_data,reviewed_structural,DECODE-specific concept retained as a stable reviewed anchor. Its source topology is preserved; no H2KG synonym or new public term was asserted.,"[{""iri"": ""https://w3id.org/h2kg/hydrogen-ontology#AgglomerateSizeDistributionDataset"", ""label"": ""Agglomerate Size Distribution Dataset"", ""score"": 0.696}, {""iri"": ""https://w3id.org/h2kg/hydrogen-ontology#PoreSizeDistributionPeakDiameter"", ""label"": ""Pore Size Distribution Peak Diameter"", ""score"": 0.679}, {""iri"": ""https://w3id.org/h2kg/hydrogen-ontology#PoreSizeDistribution"", ""label"": ""Pore Size Distribution"", ""score"": 0.667}]"
https://w3id.org/h2kg/decode/workflow/concept/lre-potential-distribution-idealized-lre,LRE potential distribution (idealized),LRE,device,2,fitting-version-of-the-hierachical-model; hierarchical-model-for-electrocatalytic-reactions,"LRE potential distribution (idealized)
internal key: LRE potential distribution (idealized): LRE",Fitting Version of the Hierachical Model; Hierarchical model for electrocatalytic reactions,reviewed_decode_anchor,reviewed_decode,https://w3id.org/h2kg/decode/workflow/anchor/lre-potential-distribution-idealized-lre,https://w3id.org/h2kg/hydrogen-ontology#Data,Data,data_product,reviewed_structural,DECODE-specific concept retained as a stable reviewed anchor. Its source topology is preserved; no H2KG synonym or new public term was asserted.,"[{""iri"": ""https://w3id.org/h2kg/hydrogen-ontology#PoreSizeDistributionPeakDiameter"", ""label"": ""Pore Size Distribution Peak Diameter"", ""score"": 0.635}, {""iri"": ""https://w3id.org/h2kg/hydrogen-ontology#AgglomerateSizeDistributionDataset"", ""label"": ""Agglomerate Size Distribution Dataset"", ""score"": 0.613}, {""iri"": ""https://w3id.org/h2kg/hydrogen-ontology#LaserDiffractionScatteringParticleSizeMeasurement"", ""label"": ""Laser Diffraction Scattering Particle Size Measurement"", ""score"": 0.613}]"
https://w3id.org/h2kg/decode/workflow/concept/lre-relevance-of-surface-diffusion-on-support-lre,LRE relevance of surface diffusion on support,LRE,device,1,adsorbate-surface-diffusion-on-electrocatalyst-support,"LRE relevance of surface diffusion on support
internal key: LRE relevance of surface diffusion on support: LRE",Adsorbate Surface Diffusion on Electrocatalyst Support,reviewed_decode_anchor,reviewed_decode,https://w3id.org/h2kg/decode/workflow/anchor/lre-relevance-of-surface-diffusion-on-support-lre,https://w3id.org/h2kg/hydrogen-ontology#Property,Property,physical_or_derived_property,reviewed_structural,DECODE-specific concept retained as a stable reviewed anchor. Its source topology is preserved; no H2KG synonym or new public term was asserted.,"[{""iri"": ""https://w3id.org/h2kg/hydrogen-ontology#LocalOxygenTransportResistance"", ""label"": ""Local Oxygen Transport Resistance"", ""score"": 0.595}, {""iri"": ""https://w3id.org/h2kg/hydrogen-ontology#PhosphoricAcidAdsorptionEnergyOnPt"", ""label"": ""Phosphoric Acid Adsorption Energy On Pt"", ""score"": 0.582}, {""iri"": ""https://w3id.org/h2kg/hydrogen-ontology#MassTransportResistance"", ""label"": ""Mass Transport Resistance"", ""score"": 0.56}]"
https://w3id.org/h2kg/decode/workflow/concept/lre-species-distribution-idealized-lre,LRE species distribution (idealized),LRE,device,5,ab-initio-molecular-dynamics-aimd-of-the-solid-liquid-interface-at-a-pt-electrode; hierarchical-model-for-electrocatalytic-reactions; in-situ-fourier-transformed-ir-in-atr-configuration; molecular-dynamics-for-the-electrode-electrolyte-interface-in-presence-of-ionomer; molecular-dynamics-for-the-electrode-electrolyte-interface-metalwalls,"LRE species distribution (idealized)
internal key: LRE species distribution (idealized): LRE",Ab-initio molecular dynamics (AIMD) of the solid-liquid interface at a Pt electrode; Hierarchical model for electrocatalytic reactions; In Situ Fourier Transformed IR in ATR configuration; Molecular Dynamics for the Electrode | Electrolyte Interface - MetalWalls; Molecular Dynamics for the Electrode | Electrolyte Interface in presence of ionomer,reviewed_decode_anchor,reviewed_decode,https://w3id.org/h2kg/decode/workflow/anchor/lre-species-distribution-idealized-lre,https://w3id.org/h2kg/hydrogen-ontology#Data,Data,data_product,reviewed_structural,DECODE-specific concept retained as a stable reviewed anchor. Its source topology is preserved; no H2KG synonym or new public term was asserted.,"[{""iri"": ""https://w3id.org/h2kg/hydrogen-ontology#PoreSizeDistributionPeakDiameter"", ""label"": ""Pore Size Distribution Peak Diameter"", ""score"": 0.721}, {""iri"": ""https://w3id.org/h2kg/hydrogen-ontology#AgglomerateSizeDistributionDataset"", ""label"": ""Agglomerate Size Distribution Dataset"", ""score"": 0.7}, {""iri"": ""https://w3id.org/h2kg/hydrogen-ontology#LaserDiffractionScatteringParticleSizeMeasurement"", ""label"": ""Laser Diffraction Scattering Particle Size Measurement"", ""score"": 0.7}]"
https://w3id.org/h2kg/decode/workflow/concept/lre-species-mobility-idealized-lre,LRE species mobility (idealized),LRE,device,2,hierarchical-model-for-electrocatalytic-reactions; molecular-dynamics-for-the-electrode-electrolyte-interface-metalwalls,"LRE species mobility (idealized)
internal key: LRE species mobility (idealized): LRE",Hierarchical model for electrocatalytic reactions; Molecular Dynamics for the Electrode | Electrolyte Interface - MetalWalls,reviewed_decode_anchor,reviewed_decode,https://w3id.org/h2kg/decode/workflow/anchor/lre-species-mobility-idealized-lre,https://w3id.org/h2kg/hydrogen-ontology#Property,Property,physical_or_derived_property,reviewed_structural,DECODE-specific concept retained as a stable reviewed anchor. Its source topology is preserved; no H2KG synonym or new public term was asserted.,"[{""iri"": ""https://w3id.org/h2kg/hydrogen-ontology#NafionSideChainMobility"", ""label"": ""Nafion Side Chain Mobility"", ""score"": 0.612}, {""iri"": ""https://w3id.org/h2kg/hydrogen-ontology#HallMobility"", ""label"": ""Hall Mobility"", ""score"": 0.558}]"
https://w3id.org/h2kg/decode/workflow/concept/lre-surface-diffusivity-of-rate-determining-species-on-support-lre,LRE surface diffusivity of rate-determining species on support,LRE,device,1,adsorbate-surface-diffusion-on-electrocatalyst-support,"LRE surface diffusivity of rate-determining species on support
internal key: LRE surface diffusivity of rate-determining species on support: LRE",Adsorbate Surface Diffusion on Electrocatalyst Support,reviewed_decode_anchor,reviewed_decode,https://w3id.org/h2kg/decode/workflow/anchor/lre-surface-diffusivity-of-rate-determining-species-on-support-lre,https://w3id.org/h2kg/hydrogen-ontology#Property,Property,physical_or_derived_property,reviewed_structural,DECODE-specific concept retained as a stable reviewed anchor. Its source topology is preserved; no H2KG synonym or new public term was asserted.,"[{""iri"": ""https://w3id.org/h2kg/hydrogen-ontology#PressureDependentGasDiffusionResistance"", ""label"": ""Pressure Dependent Gas Diffusion Resistance"", ""score"": 0.552}]"
https://w3id.org/h2kg/decode/workflow/concept/mass-of-pt-in-the-membrane-aged-component,Mass of Pt in the membrane (aged),component,component,3,0d-particle-population-degradation-model-coupled-with-performance-model-fitting; image-fib-tomography-dataparameter-extraction-3d; image-parameter-extraction-2d,"Mass of Pt in the membrane (aged)
internal key: Mass of Pt in the membrane (aged): component",0D Particle population degradation model coupled with performance model (fitting); Image FIB tomography dataparameter extraction 3D; Image parameter extraction 2D,reviewed_decode_anchor,reviewed_decode,https://w3id.org/h2kg/decode/workflow/anchor/mass-of-pt-in-the-membrane-aged-component,https://w3id.org/h2kg/hydrogen-ontology#Parameter,Parameter,operating_or_geometric_parameter,reviewed_structural,DECODE-specific concept retained as a stable reviewed anchor. Its source topology is preserved; no H2KG synonym or new public term was asserted.,"[{""iri"": ""https://w3id.org/h2kg/hydrogen-ontology#MembraneThickness"", ""label"": ""Membrane Thickness"", ""score"": 0.679}, {""iri"": ""https://w3id.org/h2kg/hydrogen-ontology#CapillaryPressureInMembrane"", ""label"": ""Capillary Pressure In Membrane"", ""score"": 0.607}, {""iri"": ""https://w3id.org/h2kg/hydrogen-ontology#SaturatedResidualWaterAmount"", ""label"": ""Saturated Residual Water Amount"", ""score"": 0.582}]"
https://w3id.org/h2kg/decode/workflow/concept/mea-component,MEA,component,component,4,current-modulated-hydrogen-flow-rate-spectroscopy-ch2s; differential-cell-testing; mea-assembly-for-pefc-ref-mea; microscopy-sem-and-optical-in-mea-cross-section,"MEA
internal key: MEA: component","Current modulated hydrogen flow-rate spectroscopy (CH2S); Differential Cell Testing; MEA assembly for PEFC ref MEA; Microscopy (SEM and optical) in MEA cross section; Single cell test bench: polarization, EIS",existing_h2kg_mapping,approved_h2kg,https://w3id.org/h2kg/hydrogen-ontology#MEAAssembly,https://w3id.org/h2kg/hydrogen-ontology#Matter,Matter,component_category_default,unreviewed,Reviewed abbreviation mapping to the established H2KG MEA assembly anchor.,"[{""iri"": ""https://w3id.org/h2kg/hydrogen-ontology#MEAAssembly"", ""label"": ""MEA Assembly"", ""score"": 1.0}, {""iri"": ""https://w3id.org/h2kg/hydrogen-ontology#MetalAtomicPercent"", ""label"": ""Metal Atomic Percent"", ""score"": 0.75}, {""iri"": ""https://w3id.org/h2kg/hydrogen-ontology#MetallicMetalFractionPercent"", ""label"": ""Metallic Metal Fraction Percent"", ""score"": 0.75}]"
https://w3id.org/h2kg/decode/workflow/concept/mea-assembly-for-pefc-ref-mea-process,MEA assembly for PEFC ref MEA,,process,8,blade-coating-and-decal-transfer-for-ref-pefc-ccm; current-modulated-hydrogen-flow-rate-spectroscopy-ch2s; differential-cell-testing; electrospray-deposition-of-catalyst-layers; impregnation-by-immersion-and-blade-coating; mea-assembly-for-pefc-ref-mea; microscopy-sem-and-optical-in-mea-cross-section; ultrasonic-spray-deposition-for-catalytic-layers,"MEA assembly for PEFC ref MEA
Owner: CEA:Pierre TOUDRET (CEA),Antonio Chaparro (CIEMAT),A. Gluesen (FZJ),Markus Osenberg (HZB)
Task: T1.4,T2.1,T2.4
Maturity: established method
Documentation: 
Range of validity or processability: unkonwn
internal key: MEA assembly for PEFC ref MEA0",CCM; GDL; MEA; subgasket,reviewed_decode_anchor,reviewed_decode,https://w3id.org/h2kg/decode/workflow/anchor/mea-assembly-for-pefc-ref-mea-process,https://w3id.org/h2kg/hydrogen-ontology#Manufacturing,Manufacturing,physical_manufacturing_workflow,reviewed_structural,DECODE-specific concept retained as a stable reviewed anchor. Its source topology is preserved; no H2KG synonym or new public term was asserted.,"[{""iri"": ""https://w3id.org/h2kg/hydrogen-ontology#MEAAssemblyProcess"", ""label"": ""MEA Assembly Process"", ""score"": 0.653}, {""iri"": ""https://w3id.org/h2kg/hydrogen-ontology#MEAAssemblyGap"", ""label"": ""MEA Assembly Gap"", ""score"": 0.622}, {""iri"": ""https://w3id.org/h2kg/hydrogen-ontology#MEAAssembly"", ""label"": ""MEA Assembly"", ""score"": 0.585}]"
https://w3id.org/h2kg/decode/workflow/concept/mea-electron-potential-distribution-macrohomogeneous-local,MEA electron potential distribution,macrohomogeneous local,other,1,cea-mea-model-europium-2d,"MEA electron potential distribution
internal key: MEA electron potential distribution: macrohomogeneous local",CEA MEA model (Europium 2D),reviewed_decode_anchor,reviewed_decode,https://w3id.org/h2kg/decode/workflow/anchor/mea-electron-potential-distribution-macrohomogeneous-local,https://w3id.org/h2kg/hydrogen-ontology#Property,Property,physical_or_derived_property,reviewed_structural,DECODE-specific concept retained as a stable reviewed anchor. Its source topology is preserved; no H2KG synonym or new public term was asserted.,"[{""iri"": ""https://w3id.org/h2kg/hydrogen-ontology#CathodePotential"", ""label"": ""Cathode Potential"", ""score"": 0.667}, {""iri"": ""https://w3id.org/h2kg/hydrogen-ontology#ElectronBeamEvaporationDeposition"", ""label"": ""Electron Beam Evaporation Deposition"", ""score"": 0.648}, {""iri"": ""https://w3id.org/h2kg/hydrogen-ontology#PoreSizeDistributionPeakDiameter"", ""label"": ""Pore Size Distribution Peak Diameter"", ""score"": 0.645}]"
https://w3id.org/h2kg/decode/workflow/concept/mea-elemental-distribution-meso,MEA elemental distribution,meso,data,1,sem-and-fib-layer,"MEA elemental distribution
internal key: MEA elemental distribution: meso",SEM and FIB (layer),reviewed_decode_anchor,reviewed_decode,https://w3id.org/h2kg/decode/workflow/anchor/mea-elemental-distribution-meso,https://w3id.org/h2kg/hydrogen-ontology#Data,Data,data_product,reviewed_structural,DECODE-specific concept retained as a stable reviewed anchor. Its source topology is preserved; no H2KG synonym or new public term was asserted.,"[{""iri"": ""https://w3id.org/h2kg/hydrogen-ontology#PoreSizeDistribution"", ""label"": ""Pore Size Distribution"", ""score"": 0.667}, {""iri"": ""https://w3id.org/h2kg/hydrogen-ontology#PoreSizeDistributionDataset"", ""label"": ""Pore Size Distribution Dataset"", ""score"": 0.667}, {""iri"": ""https://w3id.org/h2kg/hydrogen-ontology#XPSDataset"", ""label"": ""XPS Dataset"", ""score"": 0.667}]"
https://w3id.org/h2kg/decode/workflow/concept/mea-layer-morphologies-component,MEA layer morphologies,component,component,1,sem-and-fib-layer,"MEA layer morphologies
internal key: MEA layer morphologies: component",SEM and FIB (layer),reviewed_decode_anchor,reviewed_decode,https://w3id.org/h2kg/decode/workflow/anchor/mea-layer-morphologies-component,https://w3id.org/h2kg/hydrogen-ontology#Matter,Matter,component_category_default,reviewed_structural,DECODE-specific concept retained as a stable reviewed anchor. Its source topology is preserved; no H2KG synonym or new public term was asserted.,"[{""iri"": ""https://w3id.org/h2kg/hydrogen-ontology#CatalystLayerMorphology"", ""label"": ""Catalyst Layer Morphology"", ""score"": 0.638}, {""iri"": ""https://w3id.org/h2kg/hydrogen-ontology#ProbabilityDensityMorphologyParameterK"", ""label"": ""Probability Density Morphology Parameter K"", ""score"": 0.634}, {""iri"": ""https://w3id.org/h2kg/hydrogen-ontology#MicroporousLayer"", ""label"": ""Microporous Layer"", ""score"": 0.615}]"
https://w3id.org/h2kg/decode/workflow/concept/mea-o2-concentration-distribution-macrohomogeneous-local,MEA O2 concentration distribution,macrohomogeneous local,other,1,cea-mea-model-europium-2d,"MEA O2 concentration distribution
internal key: MEA O2 concentration distribution: macrohomogeneous local",CEA MEA model (Europium 2D),reviewed_decode_anchor,reviewed_decode,https://w3id.org/h2kg/decode/workflow/anchor/mea-o2-concentration-distribution-macrohomogeneous-local,https://w3id.org/h2kg/hydrogen-ontology#Parameter,Parameter,operating_or_geometric_parameter,reviewed_structural,DECODE-specific concept retained as a stable reviewed anchor. Its source topology is preserved; no H2KG synonym or new public term was asserted.,"[{""iri"": ""https://w3id.org/h2kg/hydrogen-ontology#CatalystSuspensionConcentration"", ""label"": ""Catalyst Suspension Concentration"", ""score"": 0.764}, {""iri"": ""https://w3id.org/h2kg/hydrogen-ontology#FerritinMassConcentration"", ""label"": ""Ferritin Mass Concentration"", ""score"": 0.733}, {""iri"": ""https://w3id.org/h2kg/hydrogen-ontology#InitiatorConcentration"", ""label"": ""Initiator Concentration"", ""score"": 0.714}]"
https://w3id.org/h2kg/decode/workflow/concept/mea-pressure-dependent-o2-transport-resistance-component,MEA pressure dependent O2 transport resistance,component,component,1,pulsed-gas-analysis,"MEA pressure dependent O2 transport resistance
internal key: MEA pressure dependent O2 transport resistance: component",Pulsed gas analysis,reviewed_decode_anchor,reviewed_decode,https://w3id.org/h2kg/decode/workflow/anchor/mea-pressure-dependent-o2-transport-resistance-component,https://w3id.org/h2kg/hydrogen-ontology#Parameter,Parameter,operating_or_geometric_parameter,reviewed_structural,DECODE-specific concept retained as a stable reviewed anchor. Its source topology is preserved; no H2KG synonym or new public term was asserted.,"[{""iri"": ""https://w3id.org/h2kg/hydrogen-ontology#MassTransportResistance"", ""label"": ""Mass Transport Resistance"", ""score"": 0.821}, {""iri"": ""https://w3id.org/h2kg/hydrogen-ontology#LocalOxygenTransportResistance"", ""label"": ""Local Oxygen Transport Resistance"", ""score"": 0.8}, {""iri"": ""https://w3id.org/h2kg/hydrogen-ontology#PressureDependentGasDiffusionResistance"", ""label"": ""Pressure Dependent Gas Diffusion Resistance"", ""score"": 0.773}]"
https://w3id.org/h2kg/decode/workflow/concept/mea-pressure-independent-o2-transport-resistance-component,MEA pressure independent O2 transport resistance,component,component,1,pulsed-gas-analysis,"MEA pressure independent O2 transport resistance
internal key: MEA pressure independent O2 transport resistance: component",Pulsed gas analysis,reviewed_decode_anchor,reviewed_decode,https://w3id.org/h2kg/decode/workflow/anchor/mea-pressure-independent-o2-transport-resistance-component,https://w3id.org/h2kg/hydrogen-ontology#Parameter,Parameter,operating_or_geometric_parameter,reviewed_structural,DECODE-specific concept retained as a stable reviewed anchor. Its source topology is preserved; no H2KG synonym or new public term was asserted.,"[{""iri"": ""https://w3id.org/h2kg/hydrogen-ontology#LocalOxygenTransportResistance"", ""label"": ""Local Oxygen Transport Resistance"", ""score"": 0.829}, {""iri"": ""https://w3id.org/h2kg/hydrogen-ontology#MassTransportResistance"", ""label"": ""Mass Transport Resistance"", ""score"": 0.8}, {""iri"": ""https://w3id.org/h2kg/hydrogen-ontology#PressureIndependentGasDiffusionResistance"", ""label"": ""Pressure Independent Gas Diffusion Resistance"", ""score"": 0.785}]"
https://w3id.org/h2kg/decode/workflow/concept/mea-temperature-distribution-macrohomogeneous-local,MEA temperature distribution,macrohomogeneous local,other,1,cea-mea-model-europium-2d,"MEA temperature distribution
internal key: MEA temperature distribution: macrohomogeneous local",CEA MEA model (Europium 2D),reviewed_decode_anchor,reviewed_decode,https://w3id.org/h2kg/decode/workflow/anchor/mea-temperature-distribution-macrohomogeneous-local,https://w3id.org/h2kg/hydrogen-ontology#Parameter,Parameter,operating_or_geometric_parameter,reviewed_structural,DECODE-specific concept retained as a stable reviewed anchor. Its source topology is preserved; no H2KG synonym or new public term was asserted.,"[{""iri"": ""https://w3id.org/h2kg/hydrogen-ontology#CoatingTemperature"", ""label"": ""Coating Temperature"", ""score"": 0.76}, {""iri"": ""https://w3id.org/h2kg/hydrogen-ontology#SubstrateTemperature"", ""label"": ""Substrate Temperature"", ""score"": 0.75}, {""iri"": ""https://w3id.org/h2kg/hydrogen-ontology#InterdiffusionOnsetTemperature"", ""label"": ""Interdiffusion Onset Temperature"", ""score"": 0.733}]"
https://w3id.org/h2kg/decode/workflow/concept/mechanical-properties-of-catalyst-layers-gdls-and-meas-by-small-punch-and-nanoindentation-method,"Mechanical properties of catalyst layers, GDLs, and MEAs by small-punch and nanoindentation",,method,9,blade-coating-and-decal-transfer-for-ref-pefc-ccm; electrospray-deposition-of-catalyst-layers; impregnation-by-immersion-and-blade-coating; mechanical-properties-of-catalyst-layers-gdls-and-meas-by-small-punch-and-nanoindentation; ultrasonic-spray-deposition-for-catalytic-layers,"Mechanical properties of catalyst layers, GDLs, and MEAs by small-punch and nanoindentation
Owner: CIEMAT:Susana Merino
Task: T1.4
Maturity: established method
Documentation: DOI: 10.1149/10909.0141ecst
Range of validity or processability: 
Spatial resolution:Millimetric for small punchMicrometric for nanoindenter
internal key: Mechanical properties of catalyst layers, GDLs, and MEAs by small-punch and nanoindentation0; Mechanical properties of catalyst layers, GDLs, and MEAs by small-punch and nanoindentation
Owner: CIEMAT:Susana Merino
Task: T1.4
Maturity: established method
Documentation: DOI: 10.1149/10909.0141ecst
Range of validity or processability: 
Spatial resolution:Millimetric for small punchMicrometric for nanoindenter
internal key: Mechanical properties of catalyst layers, GDLs, and MEAs by small-punch and nanoindentation1; Mechanical properties of catalyst layers, GDLs, and MEAs by small-punch and nanoindentation
Owner: CIEMAT:Susana Merino
Task: T1.4
Maturity: established method
Documentation: DOI: 10.1149/10909.0141ecst
Range of validity or processability: 
Spatial resolution:Millimetric for small punchMicrometric for nanoindenter
internal key: Mechanical properties of catalyst layers, GDLs, and MEAs by small-punch and nanoindentation2",CCM; CCM local Youngs modulus; CCM local mechanical strength; CL local Youngs modulus; CL local mechanical strength; CL on substrate; GDL; GDL local Youngs modulus; GDL local mechanical strength,reviewed_decode_anchor,reviewed_decode,https://w3id.org/h2kg/decode/workflow/anchor/mechanical-properties-of-catalyst-layers-gdls-and-meas-by-small-punch-and-nanoindentation-method,https://w3id.org/h2kg/hydrogen-ontology#Measurement,Measurement,method_visual_default,reviewed_structural,DECODE-specific concept retained as a stable reviewed anchor. Its source topology is preserved; no H2KG synonym or new public term was asserted.,[]
https://w3id.org/h2kg/decode/workflow/concept/membrane-component,Membrane,component,component,4,blade-coating-and-decal-transfer-for-ref-pefc-ccm; electrospray-deposition-of-catalyst-layers; gde-cell-for-electrochemical-studies; ultrasonic-spray-deposition-for-catalytic-layers,"Membrane
internal key: Membrane: component",Blade coating and Decal transfer for ref PEFC CCM; Electrospray deposition of Catalyst Layers; GDE cell for electrochemical studies; Ultrasonic spray deposition for catalytic layers,existing_h2kg_mapping,approved_h2kg,https://w3id.org/h2kg/hydrogen-ontology#ProtonExchangeMembrane,https://w3id.org/h2kg/hydrogen-ontology#Matter,Matter,component_category_default,unreviewed,Reviewed material-category mapping to the public H2KG membrane anchor.,"[{""iri"": ""https://w3id.org/h2kg/hydrogen-ontology#MembraneType"", ""label"": ""Membrane Type"", ""score"": 0.762}, {""iri"": ""https://w3id.org/h2kg/hydrogen-ontology#Nafion211Membrane"", ""label"": ""Nafion 211 Membrane"", ""score"": 0.727}, {""iri"": ""https://w3id.org/h2kg/hydrogen-ontology#MembraneThickness"", ""label"": ""Membrane Thickness"", ""score"": 0.696}]"
https://w3id.org/h2kg/decode/workflow/concept/membrane-aged-component,Membrane (aged),component,component,1,additional-measurements-on-pewe-during-operation,"Membrane (aged)
internal key: Membrane (aged): component",Additional measurements on PEWE during operation,reviewed_decode_anchor,reviewed_decode,https://w3id.org/h2kg/decode/workflow/anchor/membrane-aged-component,https://w3id.org/h2kg/hydrogen-ontology#Matter,Matter,component_category_default,reviewed_structural,DECODE-specific concept retained as a stable reviewed anchor. Its source topology is preserved; no H2KG synonym or new public term was asserted.,"[{""iri"": ""https://w3id.org/h2kg/hydrogen-ontology#PhosphoricAcidDopedPESPVPCompositeMembrane"", ""label"": ""Phosphoric Acid Doped PESPVP Composite Membrane"", ""score"": 0.733}, {""iri"": ""https://w3id.org/h2kg/hydrogen-ontology#MembraneThickness"", ""label"": ""Membrane Thickness"", ""score"": 0.714}, {""iri"": ""https://w3id.org/h2kg/hydrogen-ontology#AnionExchangeMembrane"", ""label"": ""Anion Exchange Membrane"", ""score"": 0.667}]"
https://w3id.org/h2kg/decode/workflow/concept/membrane-h2-diffusivity-component,Membrane H2 diffusivity,component,component,3,cea-mea-model-europium-2d; differential-cell-testing; fitting-of-the-europium-model,"Membrane H2 diffusivity
internal key: Membrane H2 diffusivity: component",CEA MEA model (Europium 2D); Differential Cell Testing; Fitting of the Europium model,reviewed_decode_anchor,reviewed_decode,https://w3id.org/h2kg/decode/workflow/anchor/membrane-h2-diffusivity-component,https://w3id.org/h2kg/hydrogen-ontology#Property,Property,physical_or_derived_property,reviewed_structural,DECODE-specific concept retained as a stable reviewed anchor. Its source topology is preserved; no H2KG synonym or new public term was asserted.,"[{""iri"": ""https://w3id.org/h2kg/hydrogen-ontology#EffectiveOxygenDiffusionCoefficient"", ""label"": ""Effective Oxygen Diffusion Coefficient"", ""score"": 0.683}, {""iri"": ""https://w3id.org/h2kg/hydrogen-ontology#OxygenDiffusionCoefficientInIonomer"", ""label"": ""Oxygen Diffusion Coefficient In Ionomer"", ""score"": 0.683}, {""iri"": ""https://w3id.org/h2kg/hydrogen-ontology#MolecularDiffusivityInAir"", ""label"": ""Molecular Diffusivity In Air"", ""score"": 0.682}]"
https://w3id.org/h2kg/decode/workflow/concept/membrane-proton-conductivity-component,Membrane proton conductivity,component,component,5,0d-particle-population-degradation-model-coupled-with-performance-model-prediction; 0d-particle-population-degradation-model-coupled-with-performance-model-prediction-without-fitting-methods; cea-mea-model-europium-2d; fitting-of-the-europium-model; iet-1d-performance-model-for-mea-prediction,"Membrane proton conductivity
internal key: Membrane proton conductivity: component",0D Particle population degradation model coupled with performance model (prediction); CEA MEA model (Europium 2D); Fitting of the Europium model; IET 1D Performance model for MEA (prediction),reviewed_decode_anchor,reviewed_decode,https://w3id.org/h2kg/decode/workflow/anchor/membrane-proton-conductivity-component,https://w3id.org/h2kg/hydrogen-ontology#Property,Property,physical_or_derived_property,reviewed_structural,DECODE-specific concept retained as a stable reviewed anchor. Its source topology is preserved; no H2KG synonym or new public term was asserted.,"[{""iri"": ""https://w3id.org/h2kg/hydrogen-ontology#ProtonConductivityMeasurement"", ""label"": ""Proton Conductivity Measurement"", ""score"": 0.814}, {""iri"": ""https://w3id.org/h2kg/hydrogen-ontology#EffectiveIonicConductivity"", ""label"": ""Effective Ionic Conductivity"", ""score"": 0.809}, {""iri"": ""https://w3id.org/h2kg/hydrogen-ontology#ProtonConductLayer"", ""label"": ""Proton Conduct Layer"", ""score"": 0.708}]"
https://w3id.org/h2kg/decode/workflow/concept/membrane-thermal-conductivity-component,Membrane thermal conductivity,component,component,2,cea-mea-model-europium-2d; fitting-of-the-europium-model,"Membrane thermal conductivity
internal key: Membrane thermal conductivity: component",CEA MEA model (Europium 2D); Fitting of the Europium model,reviewed_decode_anchor,reviewed_decode,https://w3id.org/h2kg/decode/workflow/anchor/membrane-thermal-conductivity-component,https://w3id.org/h2kg/hydrogen-ontology#Property,Property,physical_or_derived_property,reviewed_structural,DECODE-specific concept retained as a stable reviewed anchor. Its source topology is preserved; no H2KG synonym or new public term was asserted.,"[{""iri"": ""https://w3id.org/h2kg/hydrogen-ontology#ThermalConductivity"", ""label"": ""Thermal Conductivity"", ""score"": 0.816}, {""iri"": ""https://w3id.org/h2kg/hydrogen-ontology#ThroughPlaneThermalConductivityMeasurement"", ""label"": ""Through Plane Thermal Conductivity Measurement"", ""score"": 0.772}, {""iri"": ""https://w3id.org/h2kg/hydrogen-ontology#InPlaneElectronicConductivity"", ""label"": ""In Plane Electronic Conductivity"", ""score"": 0.731}]"
https://w3id.org/h2kg/decode/workflow/concept/membrane-thickness-component,Membrane thickness,component,component,7,0d-particle-population-degradation-model-coupled-with-performance-model-prediction; 0d-particle-population-degradation-model-coupled-with-performance-model-prediction-without-fitting-methods; cea-mea-model-europium-2d; differential-cell-testing; fitting-of-the-europium-model; iet-1d-performance-model-for-mea-prediction; sem-and-fib-layer,"Membrane thickness
internal key: Membrane thickness: component",0D Particle population degradation model coupled with performance model (prediction); CEA MEA model (Europium 2D); Differential Cell Testing; Fitting of the Europium model; IET 1D Performance model for MEA (prediction); SEM and FIB (layer),reviewed_decode_anchor,reviewed_decode,https://w3id.org/h2kg/decode/workflow/anchor/membrane-thickness-component,https://w3id.org/h2kg/hydrogen-ontology#Property,Property,physical_or_derived_property,reviewed_structural,DECODE-specific concept retained as a stable reviewed anchor. Its source topology is preserved; no H2KG synonym or new public term was asserted.,"[{""iri"": ""https://w3id.org/h2kg/hydrogen-ontology#MembraneThickness"", ""label"": ""Membrane Thickness"", ""score"": 1.0}, {""iri"": ""https://w3id.org/h2kg/hydrogen-ontology#MembraneThicknessMeasurement"", ""label"": ""Membrane Thickness Measurement"", ""score"": 1.0}, {""iri"": ""https://w3id.org/h2kg/hydrogen-ontology#MembraneElectrodeAssemblyThickness"", ""label"": ""Membrane Electrode Assembly Thickness"", ""score"": 0.839}]"
https://w3id.org/h2kg/decode/workflow/concept/membrane-thickness-aged-component,Membrane thickness (aged),component,component,1,additional-measurements-on-pewe-during-operation,"Membrane thickness (aged)
internal key: Membrane thickness (aged): component",Additional measurements on PEWE during operation,reviewed_decode_anchor,reviewed_decode,https://w3id.org/h2kg/decode/workflow/anchor/membrane-thickness-aged-component,https://w3id.org/h2kg/hydrogen-ontology#Property,Property,physical_or_derived_property,reviewed_structural,DECODE-specific concept retained as a stable reviewed anchor. Its source topology is preserved; no H2KG synonym or new public term was asserted.,"[{""iri"": ""https://w3id.org/h2kg/hydrogen-ontology#MembraneThickness"", ""label"": ""Membrane Thickness"", ""score"": 0.878}, {""iri"": ""https://w3id.org/h2kg/hydrogen-ontology#MembraneThicknessMeasurement"", ""label"": ""Membrane Thickness Measurement"", ""score"": 0.878}, {""iri"": ""https://w3id.org/h2kg/hydrogen-ontology#MembranePorousLayerThickness"", ""label"": ""Membrane Porous Layer Thickness"", ""score"": 0.778}]"
https://w3id.org/h2kg/decode/workflow/concept/metal-sheet-with-ptl-like-surface-component,Metal sheet with PTL-like surface,component,component,1,ptl-corrosion-measurement,"Metal sheet with PTL-like surface
internal key: Metal sheet with PTL-like surface: component",PTL corrosion measurement,reviewed_decode_anchor,reviewed_decode,https://w3id.org/h2kg/decode/workflow/anchor/metal-sheet-with-ptl-like-surface-component,https://w3id.org/h2kg/hydrogen-ontology#Matter,Matter,component_category_default,reviewed_structural,DECODE-specific concept retained as a stable reviewed anchor. Its source topology is preserved; no H2KG synonym or new public term was asserted.,"[{""iri"": ""https://w3id.org/h2kg/hydrogen-ontology#IonomerConnectedElectrochemicallyActiveSurfaceArea"", ""label"": ""Ionomer Connected Electrochemically Active Surface Area"", ""score"": 0.597}, {""iri"": ""https://w3id.org/h2kg/hydrogen-ontology#Pt111Surface"", ""label"": ""Pt 111 Surface"", ""score"": 0.581}, {""iri"": ""https://w3id.org/h2kg/hydrogen-ontology#CatalystParticleSurfaceArea"", ""label"": ""Catalyst Particle Surface Area"", ""score"": 0.571}]"
https://w3id.org/h2kg/decode/workflow/concept/microscopy-sem-and-optical-in-mea-cross-section-method,Microscopy (SEM and optical) in MEA cross section,,method,20,0d-particle-population-degradation-model-coupled-with-performance-model-fitting; 0d-particle-population-degradation-model-coupled-with-performance-model-prediction; 0d-particle-population-degradation-model-coupled-with-performance-model-prediction-without-fitting-methods; cea-mea-model-europium-2d; differential-cell-testing; diffusivities-from-tortuosities; electrical-conductivity; electrical-contact-resistance; electrical-tlm-characterization-of-a-gdl-with-defined-compression; fitting-of-the-europium-model; gas-permeability-of-a-gdl-with-defined-compression; iet-1d-mea-with-water-transport-eis-model; iet-1d-mea-with-water-transport-in-ccl-eis-model; iet-1d-performance-model-for-mea-fitting; iet-1d-performance-model-for-mea-prediction; iet-composition-to-property-model; mea-assembly-for-pefc-ref-mea; microscopy-sem-and-optical-in-mea-cross-section; mpl-parameter-estimation-from-gdl-and-substrate-data; sem-and-edx,"Microscopy (SEM and optical) in MEA cross section
Owner: CIEMAT:Susana Merino
Task: T2.1
Maturity: unknown
Documentation: 
Range of validity or processability: unkonwn
internal key: Microscopy (SEM and optical) in MEA cross section0",CCL average pore radius; CCL cross section; CCL structural parameters; CCL thickness; GDL cross section; GDL structural parameters; GDL thickness; MEA,reviewed_decode_anchor,reviewed_decode,https://w3id.org/h2kg/decode/workflow/anchor/microscopy-sem-and-optical-in-mea-cross-section-method,https://w3id.org/h2kg/hydrogen-ontology#Measurement,Measurement,method_visual_default,reviewed_structural,DECODE-specific concept retained as a stable reviewed anchor. Its source topology is preserved; no H2KG synonym or new public term was asserted.,"[{""iri"": ""https://w3id.org/h2kg/hydrogen-ontology#OpticalMicroscopyImagingMeasurement"", ""label"": ""Optical Microscopy Imaging Measurement"", ""score"": 0.612}, {""iri"": ""https://w3id.org/h2kg/hydrogen-ontology#ElectronMicroscopyImaging"", ""label"": ""Electron Microscopy Imaging"", ""score"": 0.605}, {""iri"": ""https://w3id.org/h2kg/hydrogen-ontology#OpticalMicroscope"", ""label"": ""Optical Microscope"", ""score"": 0.575}]"
https://w3id.org/h2kg/decode/workflow/concept/mixing-duration-process,Mixing duration,process,process,2,ink-preparation-for-deposition-of-catalytic-layers; roller-mixer-and-zirconia-beads-for-ref-pefc-inks,"Mixing duration
internal key: Mixing duration: process",Ink preparation for deposition of catalytic layers; Roller mixer and zirconia beads for ref PEFC inks,reviewed_decode_anchor,reviewed_decode,https://w3id.org/h2kg/decode/workflow/anchor/mixing-duration-process,https://w3id.org/h2kg/hydrogen-ontology#Parameter,Parameter,operating_or_geometric_parameter,reviewed_structural,DECODE-specific concept retained as a stable reviewed anchor. Its source topology is preserved; no H2KG synonym or new public term was asserted.,"[{""iri"": ""https://w3id.org/h2kg/hydrogen-ontology#WorkingTimeDuration"", ""label"": ""Working Time Duration"", ""score"": 0.722}, {""iri"": ""https://w3id.org/h2kg/hydrogen-ontology#PolymerizationDuration"", ""label"": ""Polymerization Duration"", ""score"": 0.684}, {""iri"": ""https://w3id.org/h2kg/hydrogen-ontology#PrintJobDuration"", ""label"": ""Print Job Duration"", ""score"": 0.667}]"
https://w3id.org/h2kg/decode/workflow/concept/mixing-speed-process,Mixing speed,process,process,2,ink-preparation-for-deposition-of-catalytic-layers; roller-mixer-and-zirconia-beads-for-ref-pefc-inks,"Mixing speed
internal key: Mixing speed: process",Ink preparation for deposition of catalytic layers; Roller mixer and zirconia beads for ref PEFC inks,reviewed_decode_anchor,reviewed_decode,https://w3id.org/h2kg/decode/workflow/anchor/mixing-speed-process,https://w3id.org/h2kg/hydrogen-ontology#Parameter,Parameter,mixing_speed_is_parameter,reviewed_structural,DECODE-specific concept retained as a stable reviewed anchor. Its source topology is preserved; no H2KG synonym or new public term was asserted.,"[{""iri"": ""https://w3id.org/h2kg/hydrogen-ontology#InkMixingSpeed"", ""label"": ""Ink Mixing Speed"", ""score"": 1.0}, {""iri"": ""https://w3id.org/h2kg/hydrogen-ontology#StirringSpeed"", ""label"": ""Stirring Speed"", ""score"": 1.0}, {""iri"": ""https://w3id.org/h2kg/hydrogen-ontology#PrintSpeed"", ""label"": ""Print Speed"", ""score"": 0.769}]"
https://w3id.org/h2kg/decode/workflow/concept/model-electrochemistry-in-a-rde-cell-model,Model Electrochemistry in a RDE Cell,,model,8,cl-for-rde; image-fib-tomography-dataparameter-extraction-3d; image-parameter-extraction-2d; model-electrochemistry-in-a-rde-cell,"Model Electrochemistry in a RDE Cell
Owner: ICPEES@CNRS/Unistra:Elena Savinova
Task: T2.1
Maturity: established method
Documentation: 
Range of validity or processability: 
Valid for the oxygen reactions (OER/ORR - but bubble generation of OER has to be considered) owing to thier slow kinetics, indepently of acidic/alkaline) and for all reactions when using non-Pt (i.e., slow kinetics systems). Design of the cell/choice of the reference/counter electrode has to be considered when moving from an acidic to alkaline pH range.
internal key: Model Electrochemistry in a RDE Cell0; Model Electrochemistry in a RDE Cell
Owner: ICPEES@CNRS/Unistra:Elena Savinova
Task: T2.1
Maturity: established method
Documentation: 
Range of validity or processability: 
Valid for the oxygen reactions (OER/ORR - but bubble generation of OER has to be considered) owing to thier slow kinetics, indepently of acidic/alkaline) and for all reactions when using non-Pt (i.e., slow kinetics systems). Design of the cell/choice of the reference/counter electrode has to be considered when moving from an acidic to alkaline pH range.
internal key: Model Electrochemistry in a RDE Cell1",CL on glassy carbon; Catalyst loading; Electrolyte; Electrolyte composition; I/C-ratio; Monomer concentration in the electrolyte; RDE CV; RDE ECSA; RDE diffusion current; RDE kinetic current,reviewed_decode_anchor,reviewed_decode,https://w3id.org/h2kg/decode/workflow/anchor/model-electrochemistry-in-a-rde-cell-model,https://w3id.org/h2kg/hydrogen-ontology#Process,Process,workflow_or_analysis,reviewed_structural,DECODE-specific concept retained as a stable reviewed anchor. Its source topology is preserved; no H2KG synonym or new public term was asserted.,"[{""iri"": ""https://w3id.org/h2kg/hydrogen-ontology#IonomerConnectedElectrochemicallyActiveSurfaceArea"", ""label"": ""Ionomer Connected Electrochemically Active Surface Area"", ""score"": 0.571}, {""iri"": ""https://w3id.org/h2kg/hydrogen-ontology#AgAgCl"", ""label"": ""Ag/AgCl"", ""score"": 0.563}]"
https://w3id.org/h2kg/decode/workflow/concept/modeling-of-hydrophobic-treatment-of-gdl-model,Modeling of Hydrophobic Treatment of GDL,,model,11,ai-based-generation-of-structural-digital-twins-of-multi-scale-tomographies; image-x-ray-tomography-data-parameter-extraction-3d; modeling-of-hydrophobic-treatment-of-gdl; modeling-of-mpl-coating-of-gdl; simulation-of-single-phase-3d-apparent-properties; simulation-of-two-phase-3d-apparent-properties; voxel-based-3d-effective-diffusivity-simulation; voxel-based-3d-electric-conductiviy-simulation; voxel-based-3d-permability-simulation; voxel-based-3d-thermal-conductivity-simulation; water-retention-curve-simulation,"Modeling of Hydrophobic Treatment of GDL
Owner: CEA:Pierluigi ARNELLI,Jol Pauchet
Task: T1.4
Maturity: under development
Documentation: 
Range of validity or processability: unkonwn
internal key: Modeling of Hydrophobic Treatment of GDL0",Binder distribution; GDL substrate 3D voxel data classified; GDL substrate 3D voxel data classified (without PTFE); Hydrophobization process parameters; PTFE ink composition and properties; Teflon distribution,reviewed_decode_anchor,reviewed_decode,https://w3id.org/h2kg/decode/workflow/anchor/modeling-of-hydrophobic-treatment-of-gdl-model,https://w3id.org/h2kg/hydrogen-ontology#Manufacturing,Manufacturing,physical_manufacturing_workflow,reviewed_structural,DECODE-specific concept retained as a stable reviewed anchor. Its source topology is preserved; no H2KG synonym or new public term was asserted.,"[{""iri"": ""https://w3id.org/h2kg/hydrogen-ontology#AcidTreatmentOfCCM"", ""label"": ""Acid Treatment Of CCM"", ""score"": 0.557}]"
https://w3id.org/h2kg/decode/workflow/concept/modeling-of-mpl-coating-of-gdl-model,Modeling of MPL coating of GDL,,model,14,ai-based-generation-of-structural-digital-twins-of-multi-scale-tomographies; image-classification-of-x-ray-tomography-data; image-fib-tomography-dataparameter-extraction-3d; image-x-ray-tomography-data-parameter-extraction-3d; modeling-of-hydrophobic-treatment-of-gdl; modeling-of-mpl-coating-of-gdl; mpl-saturation-determination-from-x-ray-ct-data; simulation-of-single-phase-3d-apparent-properties; simulation-of-two-phase-3d-apparent-properties; voxel-based-3d-effective-diffusivity-simulation; voxel-based-3d-electric-conductiviy-simulation; voxel-based-3d-permability-simulation; voxel-based-3d-thermal-conductivity-simulation; water-retention-curve-simulation,"Modeling of MPL coating of GDL
Owner: CEA:Pierluigi ARNELLI,Jol Pauchet
Task: T1.4
Maturity: under development
Documentation: 
Range of validity or processability: unkonwn
internal key: Modeling of MPL coating of GDL0",GDL substrate 3D voxel data classified; MPL 3D voxel data classified; MPL coating process parameters; MPL ink composition and properties,reviewed_decode_anchor,reviewed_decode,https://w3id.org/h2kg/decode/workflow/anchor/modeling-of-mpl-coating-of-gdl-model,https://w3id.org/h2kg/hydrogen-ontology#Manufacturing,Manufacturing,physical_manufacturing_workflow,reviewed_structural,DECODE-specific concept retained as a stable reviewed anchor. Its source topology is preserved; no H2KG synonym or new public term was asserted.,"[{""iri"": ""https://w3id.org/h2kg/hydrogen-ontology#SlotDieCoating"", ""label"": ""Slot Die Coating"", ""score"": 0.565}]"
https://w3id.org/h2kg/decode/workflow/concept/molecular-dynamics-for-the-electrode-electrolyte-interface-metalwalls-method,Molecular Dynamics for the Electrode | Electrolyte Interface - MetalWalls,,method,8,density-potential-functional-theory-applied-to-supported-electrocatalysts; dip-and-pull-operando-or-in-situ-xps; hierarchical-model-for-electrocatalytic-reactions; irras-operando-or-in-situ-ftir; molecular-dynamics-for-the-electrode-electrolyte-interface-metalwalls; operando-or-in-situ-xas-photon-out; operando-saxs-or-waxs-small-or-wide-angle-x-ray-spectroscopy; thin-windows-operando-or-in-situ-xps,"Molecular Dynamics for the Electrode | Electrolyte Interface - MetalWalls
Owner: ICPEES@CNRS/Unistra:Tristan Asset,Jules Wolff
Task: T1.2
Maturity: under development
Documentation: 
Range of validity or processability: 
- Madrid-2019 model ions does not fit properties for concentration over 3M - Concentration  less than  0.1M are difficult to access owing to the low number of ions in the calculation box.
internal key: Molecular Dynamics for the Electrode | Electrolyte Interface - MetalWalls0",Effective size of solvated ions; Electrode chemistry; Electrode morphology; Electrolyte composition; LRE species distribution (idealized); LRE species mobility (idealized); Lennard-Jones parameters,reviewed_decode_anchor,reviewed_decode,https://w3id.org/h2kg/decode/workflow/anchor/molecular-dynamics-for-the-electrode-electrolyte-interface-metalwalls-method,https://w3id.org/h2kg/hydrogen-ontology#Process,Process,molecular_dynamics_metal_walls_is_process,reviewed_structural,DECODE-specific concept retained as a stable reviewed anchor. Its source topology is preserved; no H2KG synonym or new public term was asserted.,[]
https://w3id.org/h2kg/decode/workflow/concept/molecular-dynamics-for-the-electrode-electrolyte-interface-in-presence-of-ionomer-method,Molecular Dynamics for the Electrode | Electrolyte Interface in presence of ionomer,,method,9,dft-onto-idealized-surfaces; dip-and-pull-operando-or-in-situ-xps; iet-ink-to-composition-model; irras-operando-or-in-situ-ftir; molecular-dynamics-for-the-electrode-electrolyte-interface-in-presence-of-ionomer; operando-or-in-situ-xas-photon-out; operando-saxs-or-waxs-small-or-wide-angle-x-ray-spectroscopy; tem-and-eds-analysis-of-mea; thin-windows-operando-or-in-situ-xps,"Molecular Dynamics for the Electrode | Electrolyte Interface in presence of ionomer
Owner: FZJ-IET-3:Dustin Vivod
Task: T1.3
Maturity: under development
Documentation: 
Range of validity or processability: 
timescale: 100 nano seconds
internal key: Molecular Dynamics for the Electrode | Electrolyte Interface in presence of ionomer0",Adsorbate conformation on electrode (idealized); Adsorbate coverage on electrode (idealized); Adsorbate types on electrode (idealized); Electrode chemistry; Electrode morphology; Ionomer chemical structure; Ionomer contact angles; Ionomer density (dry); Ionomer film thickness; Ionomer pKa; Ionomer-catalyst adsorption energy; LRE species distribution (idealized); Water film thickness,reviewed_decode_anchor,reviewed_decode,https://w3id.org/h2kg/decode/workflow/anchor/molecular-dynamics-for-the-electrode-electrolyte-interface-in-presence-of-ionomer-method,https://w3id.org/h2kg/hydrogen-ontology#Process,Process,molecular_dynamics_ionomer_is_process,reviewed_structural,DECODE-specific concept retained as a stable reviewed anchor. Its source topology is preserved; no H2KG synonym or new public term was asserted.,[]
https://w3id.org/h2kg/decode/workflow/concept/molecular-fluorescent-probe-acidic-material,Molecular fluorescent probe (acidic),material,material,2,confocal-laser-scanning-microscope-clsm-and-fluorescent-probes-for-local-ph-assessment-in-acidic-med; confocal-laser-scanning-microscope-clsm-and-fluorescent-probes-for-local-ph-assessment-in-acidic-med2,"Molecular fluorescent probe (acidic)
internal key: Molecular fluorescent probe (acidic): material",Confocal Laser Scanning Microscope (CLSM) + fluorescent probes for local pH assessment in acidic media in GDE configuration; Confocal Laser Scanning Microscope (CLSM) + fluorescent probes for local pH assessment in acidic media on model /unsupported electrodes,reviewed_decode_anchor,reviewed_decode,https://w3id.org/h2kg/decode/workflow/anchor/molecular-fluorescent-probe-acidic-material,https://w3id.org/h2kg/hydrogen-ontology#Matter,Matter,material_category_default,reviewed_structural,DECODE-specific concept retained as a stable reviewed anchor. Its source topology is preserved; no H2KG synonym or new public term was asserted.,"[{""iri"": ""https://w3id.org/h2kg/hydrogen-ontology#MassTransportResistance"", ""label"": ""Mass Transport Resistance"", ""score"": 0.594}, {""iri"": ""https://w3id.org/h2kg/hydrogen-ontology#MolecularDiffusivityInAir"", ""label"": ""Molecular Diffusivity In Air"", ""score"": 0.582}, {""iri"": ""https://w3id.org/h2kg/hydrogen-ontology#FluorescenceMicroscopyImaging"", ""label"": ""Fluorescence Microscopy Imaging"", ""score"": 0.577}]"
https://w3id.org/h2kg/decode/workflow/concept/molecular-fluorescent-probe-alkaline-material,Molecular fluorescent probe (alkaline),material,material,3,confocal-laser-scanning-microscope-clsm-and-fluorescent-probes-for-local-ph-assessment-in-alkaline-m; confocal-laser-scanning-microscope-clsm-and-fluorescent-probes-for-local-ph-assessment-in-alkaline-m2; development-of-ratiometric-fluorescent-probes-for-local-ph-assessement-in-alkaline-media,"Molecular fluorescent probe (alkaline)
internal key: Molecular fluorescent probe (alkaline): material",Confocal Laser Scanning Microscope (CLSM) + fluorescent probes for local pH assessment in alkaline media in GDE configuration; Confocal Laser Scanning Microscope (CLSM) + fluorescent probes for local pH assessment in alkaline media on model/unsupported electrodes; Development of ratiometric fluorescent probes for local pH assessement in alkaline media,reviewed_decode_anchor,reviewed_decode,https://w3id.org/h2kg/decode/workflow/anchor/molecular-fluorescent-probe-alkaline-material,https://w3id.org/h2kg/hydrogen-ontology#Matter,Matter,material_category_default,reviewed_structural,DECODE-specific concept retained as a stable reviewed anchor. Its source topology is preserved; no H2KG synonym or new public term was asserted.,"[{""iri"": ""https://w3id.org/h2kg/hydrogen-ontology#FluorescenceMicroscopyImaging"", ""label"": ""Fluorescence Microscopy Imaging"", ""score"": 0.556}, {""iri"": ""https://w3id.org/h2kg/hydrogen-ontology#MolecularlyImprintedPolymer"", ""label"": ""Molecularly Imprinted Polymer"", ""score"": 0.554}]"
https://w3id.org/h2kg/decode/workflow/concept/monomer-concentration-in-the-electrolyte-material,Monomer concentration in the electrolyte,material,material,3,accelerated-stress-test-ast-on-nanostructured-electrodes; eis-on-nanostructured-electrodes; model-electrochemistry-in-a-rde-cell,"Monomer concentration in the electrolyte
internal key: Monomer concentration in the electrolyte: material",Accelerated Stress Test (AST) on Nanostructured Electrodes; EIS on nanostructured electrodes; Model Electrochemistry in a RDE Cell,reviewed_decode_anchor,reviewed_decode,https://w3id.org/h2kg/decode/workflow/anchor/monomer-concentration-in-the-electrolyte-material,https://w3id.org/h2kg/hydrogen-ontology#Parameter,Parameter,operating_or_geometric_parameter,reviewed_structural,DECODE-specific concept retained as a stable reviewed anchor. Its source topology is preserved; no H2KG synonym or new public term was asserted.,"[{""iri"": ""https://w3id.org/h2kg/hydrogen-ontology#ElectrolyteConcentration"", ""label"": ""Electrolyte Concentration"", ""score"": 0.769}, {""iri"": ""https://w3id.org/h2kg/hydrogen-ontology#MonomerConcentration"", ""label"": ""Monomer Concentration"", ""score"": 0.689}, {""iri"": ""https://w3id.org/h2kg/hydrogen-ontology#DetectionLimit"", ""label"": ""Detection Limit"", ""score"": 0.676}]"
https://w3id.org/h2kg/decode/workflow/concept/mpl-3d-voxel-data-classified-meso,MPL 3D voxel data classified,meso,data,12,ai-based-generation-of-structural-digital-twins-of-multi-scale-tomographies; image-classification-of-fib-tomography-data; image-classification-on-nm-scale; image-fib-tomography-dataparameter-extraction-3d; modeling-of-mpl-coating-of-gdl; simulation-of-single-phase-3d-apparent-properties; simulation-of-two-phase-3d-apparent-properties; voxel-based-3d-effective-diffusivity-simulation; voxel-based-3d-electric-conductiviy-simulation; voxel-based-3d-permability-simulation; voxel-based-3d-thermal-conductivity-simulation; water-retention-curve-simulation,"MPL 3D voxel data classified
internal key: MPL 3D voxel data classified: meso",AI-based generation of structural digital twins of multi-scale tomographies; Image FIB tomography dataparameter extraction 3D; Image classification of FIB tomography data; Image classification on nm scale; Modeling of MPL coating of GDL; Simulation of single phase 3D apparent properties; Simulation of two phase 3D apparent properties; Voxel based 3D Effective Diffusivity simulation; Voxel based 3D Electric conductiviy simulation; Voxel based 3D Permability simulation; Voxel based 3D Thermal conductivity simulation; Water retention curve simulation,reviewed_decode_anchor,reviewed_decode,https://w3id.org/h2kg/decode/workflow/anchor/mpl-3d-voxel-data-classified,https://w3id.org/h2kg/hydrogen-ontology#Data,Data,data_product,unreviewed,Reviewed recurring DECODE dataset anchor pending an H2KG vocabulary decision.,[]
https://w3id.org/h2kg/decode/workflow/concept/mpl-3d-voxel-data-raw-meso,MPL 3D voxel data raw,meso,data,5,fib-measurements-on-gdl-or-mpl-and-catalyst-materials; image-classification-of-fib-tomography-data; image-classification-on-nm-scale; lab-ct-measurements-on-gdl-or-mpl-materials; synch-ct-measurements-on-gdl-or-mpl-materials,"MPL 3D voxel data raw
internal key: MPL 3D voxel data raw: meso",FIB measurements on GDL/MPL and catalyst materials.; Image classification of FIB tomography data; Image classification on nm scale; LAB-CT measurements on GDL/MPL materials; Synch-CT measurements on GDL/MPL materials.,reviewed_decode_anchor,reviewed_decode,https://w3id.org/h2kg/decode/workflow/anchor/mpl-3d-voxel-data-raw-meso,https://w3id.org/h2kg/hydrogen-ontology#Data,Data,data_product,reviewed_structural,DECODE-specific concept retained as a stable reviewed anchor. Its source topology is preserved; no H2KG synonym or new public term was asserted.,[]
https://w3id.org/h2kg/decode/workflow/concept/mpl-average-pore-radius-component,MPL average pore radius,component,component,5,cea-mea-model-europium-2d; fitting-of-the-europium-model; mpl-parameter-estimation-from-gdl-and-substrate-data; simulation-of-single-phase-3d-apparent-properties; simulation-of-two-phase-3d-apparent-properties,"MPL average pore radius
internal key: MPL average pore radius: component",CEA MEA model (Europium 2D); Fitting of the Europium model; MPL parameter estimation from GDL and substrate data; Simulation of single phase 3D apparent properties; Simulation of two phase 3D apparent properties,reviewed_decode_anchor,reviewed_decode,https://w3id.org/h2kg/decode/workflow/anchor/mpl-average-pore-radius-component,https://w3id.org/h2kg/hydrogen-ontology#Property,Property,physical_or_derived_property,reviewed_structural,DECODE-specific concept retained as a stable reviewed anchor. Its source topology is preserved; no H2KG synonym or new public term was asserted.,"[{""iri"": ""https://w3id.org/h2kg/hydrogen-ontology#AveragePoreDiameter"", ""label"": ""Average Pore Diameter"", ""score"": 0.7}, {""iri"": ""https://w3id.org/h2kg/hydrogen-ontology#AveragePoreSize"", ""label"": ""Average Pore Size"", ""score"": 0.7}, {""iri"": ""https://w3id.org/h2kg/hydrogen-ontology#InterAgglomeratePoreSize"", ""label"": ""Inter Agglomerate Pore Size"", ""score"": 0.7}]"
https://w3id.org/h2kg/decode/workflow/concept/mpl-breakthrough-pressure-component,MPL breakthrough pressure,component,component,1,water-retention-curve-simulation,"MPL breakthrough pressure
internal key: MPL breakthrough pressure: component",Water retention curve simulation,reviewed_decode_anchor,reviewed_decode,https://w3id.org/h2kg/decode/workflow/anchor/mpl-breakthrough-pressure-component,https://w3id.org/h2kg/hydrogen-ontology#Parameter,Parameter,operating_or_geometric_parameter,reviewed_structural,DECODE-specific concept retained as a stable reviewed anchor. Its source topology is preserved; no H2KG synonym or new public term was asserted.,"[{""iri"": ""https://w3id.org/h2kg/hydrogen-ontology#SprayAirPressure"", ""label"": ""Spray Air Pressure"", ""score"": 0.619}, {""iri"": ""https://w3id.org/h2kg/hydrogen-ontology#CellPressure"", ""label"": ""Cell Pressure"", ""score"": 0.609}, {""iri"": ""https://w3id.org/h2kg/hydrogen-ontology#BreakInProcedure"", ""label"": ""Break In Procedure"", ""score"": 0.605}]"
https://w3id.org/h2kg/decode/workflow/concept/mpl-coating-process-parameters-process,MPL coating process parameters,process,process,1,modeling-of-mpl-coating-of-gdl,"MPL coating process parameters
internal key: MPL coating process parameters: process",Modeling of MPL coating of GDL,reviewed_decode_anchor,reviewed_decode,https://w3id.org/h2kg/decode/workflow/anchor/mpl-coating-process-parameters-process,https://w3id.org/h2kg/hydrogen-ontology#Parameter,Parameter,mpl_coating_parameters_are_parameters,reviewed_structural,DECODE-specific concept retained as a stable reviewed anchor. Its source topology is preserved; no H2KG synonym or new public term was asserted.,"[{""iri"": ""https://w3id.org/h2kg/hydrogen-ontology#SprayCoatingParameterSpecification"", ""label"": ""Spray Coating Parameter Specification"", ""score"": 0.778}, {""iri"": ""https://w3id.org/h2kg/hydrogen-ontology#MembraneCastingProcess"", ""label"": ""Membrane Casting Process"", ""score"": 0.704}, {""iri"": ""https://w3id.org/h2kg/hydrogen-ontology#DipCoatingProcess"", ""label"": ""Dip Coating Process"", ""score"": 0.694}]"
https://w3id.org/h2kg/decode/workflow/concept/mpl-conductivity-component,MPL conductivity,component,component,5,cea-mea-model-europium-2d; fitting-of-the-europium-model; mpl-parameter-estimation-from-gdl-and-substrate-data; simulation-of-single-phase-3d-apparent-properties; voxel-based-3d-electric-conductiviy-simulation,"MPL conductivity
internal key: MPL conductivity: component",CEA MEA model (Europium 2D); Fitting of the Europium model; MPL parameter estimation from GDL and substrate data; Simulation of single phase 3D apparent properties; Voxel based 3D Electric conductiviy simulation,reviewed_decode_anchor,reviewed_decode,https://w3id.org/h2kg/decode/workflow/anchor/mpl-conductivity-component,https://w3id.org/h2kg/hydrogen-ontology#Property,Property,physical_or_derived_property,reviewed_structural,DECODE-specific concept retained as a stable reviewed anchor. Its source topology is preserved; no H2KG synonym or new public term was asserted.,"[{""iri"": ""https://w3id.org/h2kg/hydrogen-ontology#ElectronicConductivityLossPercent"", ""label"": ""Electronic Conductivity Loss Percent"", ""score"": 0.848}, {""iri"": ""https://w3id.org/h2kg/hydrogen-ontology#ThermalConductivity"", ""label"": ""Thermal Conductivity"", ""score"": 0.833}, {""iri"": ""https://w3id.org/h2kg/hydrogen-ontology#EffectiveIonicConductivity"", ""label"": ""Effective Ionic Conductivity"", ""score"": 0.8}]"
https://w3id.org/h2kg/decode/workflow/concept/mpl-cross-section-2d-pixel-data-containing-surface-information-of-element-distributions-meso,MPL cross section 2D pixel data containing surface information of element distributions,meso,data,2,image-parameter-extraction-2d; sem-and-edx,"MPL cross section 2D pixel data containing surface information of element distributions
internal key: MPL cross section 2D pixel data containing surface information of element distributions: meso",Image parameter extraction 2D; SEM and EDX,reviewed_decode_anchor,reviewed_decode,https://w3id.org/h2kg/decode/workflow/anchor/mpl-cross-section-2d-pixel-data-containing-surface-information-of-element-distributions-meso,https://w3id.org/h2kg/hydrogen-ontology#Data,Data,data_product,reviewed_structural,DECODE-specific concept retained as a stable reviewed anchor. Its source topology is preserved; no H2KG synonym or new public term was asserted.,[]
https://w3id.org/h2kg/decode/workflow/concept/mpl-density-component,MPL density,component,component,2,image-fib-tomography-dataparameter-extraction-3d; image-parameter-extraction-2d,"MPL density
internal key: MPL density: component",Image FIB tomography dataparameter extraction 3D; Image parameter extraction 2D,reviewed_decode_anchor,reviewed_decode,https://w3id.org/h2kg/decode/workflow/anchor/mpl-density-component,https://w3id.org/h2kg/hydrogen-ontology#Property,Property,physical_or_derived_property,reviewed_structural,DECODE-specific concept retained as a stable reviewed anchor. Its source topology is preserved; no H2KG synonym or new public term was asserted.,"[{""iri"": ""https://w3id.org/h2kg/hydrogen-ontology#DensityMeasurement"", ""label"": ""Density Measurement"", ""score"": 0.778}, {""iri"": ""https://w3id.org/h2kg/hydrogen-ontology#OpticalDensity"", ""label"": ""Optical Density"", ""score"": 0.769}, {""iri"": ""https://w3id.org/h2kg/hydrogen-ontology#PowerDensity"", ""label"": ""Power Density"", ""score"": 0.75}]"
https://w3id.org/h2kg/decode/workflow/concept/mpl-effective-water-permeability-component,MPL effective water permeability,component,component,3,cea-mea-model-europium-2d; fitting-of-the-europium-model; simulation-of-two-phase-3d-apparent-properties,"MPL effective water permeability
internal key: MPL effective water permeability: component",CEA MEA model (Europium 2D); Fitting of the Europium model; Simulation of two phase 3D apparent properties,reviewed_decode_anchor,reviewed_decode,https://w3id.org/h2kg/decode/workflow/anchor/mpl-effective-water-permeability-component,https://w3id.org/h2kg/hydrogen-ontology#Property,Property,physical_or_derived_property,reviewed_structural,DECODE-specific concept retained as a stable reviewed anchor. Its source topology is preserved; no H2KG synonym or new public term was asserted.,"[{""iri"": ""https://w3id.org/h2kg/hydrogen-ontology#MicroporousLayerPermeability"", ""label"": ""Microporous Layer Permeability"", ""score"": 0.667}, {""iri"": ""https://w3id.org/h2kg/hydrogen-ontology#RelativeOxygenPermeability"", ""label"": ""Relative Oxygen Permeability"", ""score"": 0.633}, {""iri"": ""https://w3id.org/h2kg/hydrogen-ontology#OxygenPermeabilityFactorVsNafion"", ""label"": ""Oxygen Permeability Factor Vs Nafion"", ""score"": 0.63}]"
https://w3id.org/h2kg/decode/workflow/concept/mpl-external-contact-angle-component,MPL external contact angle,component,component,1,wilhelmy-wettability-measurement,"MPL external contact angle
internal key: MPL external contact angle: component",Wilhelmy wettability measurement,reviewed_decode_anchor,reviewed_decode,https://w3id.org/h2kg/decode/workflow/anchor/mpl-external-contact-angle-component,https://w3id.org/h2kg/hydrogen-ontology#Property,Property,physical_or_derived_property,reviewed_structural,DECODE-specific concept retained as a stable reviewed anchor. Its source topology is preserved; no H2KG synonym or new public term was asserted.,"[{""iri"": ""https://w3id.org/h2kg/hydrogen-ontology#ContactAngle"", ""label"": ""Contact Angle"", ""score"": 0.756}, {""iri"": ""https://w3id.org/h2kg/hydrogen-ontology#ContactAngleMeasurement"", ""label"": ""Contact Angle Measurement"", ""score"": 0.727}, {""iri"": ""https://w3id.org/h2kg/hydrogen-ontology#ContactAngleGoniometer"", ""label"": ""Contact Angle Goniometer"", ""score"": 0.72}]"
https://w3id.org/h2kg/decode/workflow/concept/mpl-in-plane-2d-pixel-data-containing-surface-information-of-element-distributions-meso,MPL in plane 2D pixel data containing surface information of element distributions,meso,data,1,sem-and-edx,"MPL in plane 2D pixel data containing surface information of element distributions
internal key: MPL in plane 2D pixel data containing surface information of element distributions: meso",SEM and EDX,reviewed_decode_anchor,reviewed_decode,https://w3id.org/h2kg/decode/workflow/anchor/mpl-in-plane-2d-pixel-data-containing-surface-information-of-element-distributions-meso,https://w3id.org/h2kg/hydrogen-ontology#Data,Data,data_product,reviewed_structural,DECODE-specific concept retained as a stable reviewed anchor. Its source topology is preserved; no H2KG synonym or new public term was asserted.,[]
https://w3id.org/h2kg/decode/workflow/concept/mpl-ink-material,MPL ink,material,material,1,impregnation-by-immersion-and-blade-coating,"MPL ink
internal key: MPL ink: material",Impregnation by immersion and blade coating,strict_alt_label,approved_h2kg,https://w3id.org/h2kg/hydrogen-ontology#MicroporousLayerInk,https://w3id.org/h2kg/hydrogen-ontology#Matter,Matter,explicit_mapping,high,Reviewed abbreviation for microporous-layer ink.,"[{""iri"": ""https://w3id.org/h2kg/hydrogen-ontology#MicroporousLayerInk"", ""label"": ""Microporous Layer Ink"", ""score"": 1.0}, {""iri"": ""https://w3id.org/h2kg/hydrogen-ontology#GasFlowRate"", ""label"": ""Gas Flow Rate"", ""score"": 0.769}, {""iri"": ""https://w3id.org/h2kg/hydrogen-ontology#MicroporousLayerPermeability"", ""label"": ""Microporous Layer Permeability"", ""score"": 0.727}]"
https://w3id.org/h2kg/decode/workflow/concept/mpl-ink-composition-and-properties-material,MPL ink composition and properties,material,material,1,modeling-of-mpl-coating-of-gdl,"MPL ink composition and properties
internal key: MPL ink composition and properties: material",Modeling of MPL coating of GDL,reviewed_decode_anchor,reviewed_decode,https://w3id.org/h2kg/decode/workflow/anchor/mpl-ink-composition-and-properties-material,https://w3id.org/h2kg/hydrogen-ontology#Matter,Matter,material_category_default,reviewed_structural,DECODE-specific concept retained as a stable reviewed anchor. Its source topology is preserved; no H2KG synonym or new public term was asserted.,"[{""iri"": ""https://w3id.org/h2kg/hydrogen-ontology#InkCompositionSpecification"", ""label"": ""Ink Composition Specification"", ""score"": 0.635}, {""iri"": ""https://w3id.org/h2kg/hydrogen-ontology#AnodeGasComposition"", ""label"": ""Anode Gas Composition"", ""score"": 0.618}, {""iri"": ""https://w3id.org/h2kg/hydrogen-ontology#CarbonNanotubeDecompositionOnsetTemperature"", ""label"": ""Carbon Nanotube Decomposition Onset Temperature"", ""score"": 0.604}]"
https://w3id.org/h2kg/decode/workflow/concept/mpl-internal-contact-angle-component,MPL internal contact angle,component,component,1,water-retention-curve-simulation,"MPL internal contact angle
internal key: MPL internal contact angle: component",Water retention curve simulation,reviewed_decode_anchor,reviewed_decode,https://w3id.org/h2kg/decode/workflow/anchor/mpl-internal-contact-angle-component,https://w3id.org/h2kg/hydrogen-ontology#Property,Property,physical_or_derived_property,reviewed_structural,DECODE-specific concept retained as a stable reviewed anchor. Its source topology is preserved; no H2KG synonym or new public term was asserted.,"[{""iri"": ""https://w3id.org/h2kg/hydrogen-ontology#ContactAngle"", ""label"": ""Contact Angle"", ""score"": 0.809}, {""iri"": ""https://w3id.org/h2kg/hydrogen-ontology#ContactAngleMeasurement"", ""label"": ""Contact Angle Measurement"", ""score"": 0.727}, {""iri"": ""https://w3id.org/h2kg/hydrogen-ontology#ContactAngleGoniometer"", ""label"": ""Contact Angle Goniometer"", ""score"": 0.72}]"
https://w3id.org/h2kg/decode/workflow/concept/mpl-parameter-estimation-from-gdl-and-substrate-data-method,MPL parameter estimation from GDL and substrate data,,method,21,cea-mea-model-europium-2d; current-modulated-hydrogen-flow-rate-spectroscopy-ch2s; diffusivities-from-tortuosities; electrical-conductivity; electrical-contact-resistance; electrical-tlm-characterization-of-a-gdl-with-defined-compression; fitting-of-the-europium-model; gas-permeability-of-a-gdl-with-defined-compression; gdl-compressability; hg-porosimetry-gdl; image-parameter-extraction-2d; image-x-ray-tomography-data-parameter-extraction-3d; microscopy-sem-and-optical-in-mea-cross-section; mpl-parameter-estimation-from-gdl-and-substrate-data; sem-and-edx; sem-and-fib-layer; simulation-of-single-phase-3d-apparent-properties; simulation-of-two-phase-3d-apparent-properties; voxel-based-3d-effective-diffusivity-simulation; voxel-based-3d-electric-conductiviy-simulation; voxel-based-3d-permability-simulation,"MPL parameter estimation from GDL and substrate data
Owner: Bosch:Matthias Hanauer
Task: T2.1
Maturity: established method
Documentation: following simple formulas are used:MPL thickness estimation: L_MPL = L_GDL - L_sub.MPL conductivity estimation: sigma_MPL = L_MPL / ( L_GDL/sigma_TP,GDL - L_sub/sigma_TP,sub).MPL permeability estimation: kappa_MPL = L_MPL / ( L_GDL/kappa_TP,GDL - L_sub/kappa_TP,sub).Correction of in-plane permeability in substrate (due to partial MPL intrusion): kappa_IP,sub = (kappa_IP,GDL*L_GDL - kappa_MPL*L_MPL)/L_sub.MPL porosity estimation: eps_MPL = (L_GDL*eps_GDL - L_sub*eps_sub)/L_MPL.Estimation of average pore radius': Through visual inspection of GDL and substrate pore size distributions, identifying the MPL contribution as main difference between the two, and possibly using the large-pore region from the GDL data for refining the substrate pore radius.
Range of validity or processability: 
Accuracy/validity depends strongly on the specific material, and especially on the extent to which MPL material intrudes into the substrate. Results should be validated against other methods (i.e. property estimations based on tomography data)
internal key: MPL parameter estimation from GDL and substrate data0",GDL in-plane conductivity; GDL in-plane permeability; GDL pore size distribution; GDL porosity; GDL substrate average pore radius; GDL substrate in-plane conductivity; GDL substrate in-plane permeability; GDL substrate pore size distribution; GDL substrate porosity; GDL substrate thickness; GDL substrate through-plane conductivity; GDL substrate through-plane permeability; GDL thickness; GDL through-plane conductivity; GDL through-plane permeability; MPL average pore radius; MPL conductivity; MPL permeability; MPL porosity; MPL thickness,reviewed_decode_anchor,reviewed_decode,https://w3id.org/h2kg/decode/workflow/anchor/mpl-parameter-estimation-from-gdl-and-substrate-data-method,https://w3id.org/h2kg/hydrogen-ontology#Property,Property,physical_or_derived_property,reviewed_structural,DECODE-specific concept retained as a stable reviewed anchor. Its source topology is preserved; no H2KG synonym or new public term was asserted.,[]
https://w3id.org/h2kg/decode/workflow/concept/mpl-permeability-component,MPL permeability,component,component,6,cea-mea-model-europium-2d; fitting-of-the-europium-model; mpl-parameter-estimation-from-gdl-and-substrate-data; simulation-of-single-phase-3d-apparent-properties; simulation-of-two-phase-3d-apparent-properties; voxel-based-3d-permability-simulation,"MPL permeability
internal key: MPL permeability: component",CEA MEA model (Europium 2D); Fitting of the Europium model; MPL parameter estimation from GDL and substrate data; Simulation of single phase 3D apparent properties; Simulation of two phase 3D apparent properties; Voxel based 3D Permability simulation,strict_alt_label,approved_h2kg,https://w3id.org/h2kg/hydrogen-ontology#MicroporousLayerPermeability,https://w3id.org/h2kg/hydrogen-ontology#Parameter,Parameter,explicit_mapping,high,Reviewed abbreviation for microporous-layer permeability.,"[{""iri"": ""https://w3id.org/h2kg/hydrogen-ontology#MicroporousLayerPermeability"", ""label"": ""Microporous Layer Permeability"", ""score"": 1.0}, {""iri"": ""https://w3id.org/h2kg/hydrogen-ontology#HydrogenPermeability"", ""label"": ""Hydrogen Permeability"", ""score"": 0.867}, {""iri"": ""https://w3id.org/h2kg/hydrogen-ontology#OxygenPermeability"", ""label"": ""Oxygen Permeability"", ""score"": 0.867}]"
https://w3id.org/h2kg/decode/workflow/concept/mpl-porosity-component,MPL porosity,component,component,7,cea-mea-model-europium-2d; current-modulated-hydrogen-flow-rate-spectroscopy-ch2s; diffusivities-from-tortuosities; fitting-of-the-europium-model; mpl-parameter-estimation-from-gdl-and-substrate-data; simulation-of-single-phase-3d-apparent-properties; voxel-based-3d-effective-diffusivity-simulation,"MPL porosity
internal key: MPL porosity: component",CEA MEA model (Europium 2D); Current modulated hydrogen flow-rate spectroscopy (CH2S); Diffusivities from tortuosities; Fitting of the Europium model; MPL parameter estimation from GDL and substrate data; Simulation of single phase 3D apparent properties; Voxel based 3D Effective Diffusivity simulation,strict_alt_label,approved_h2kg,https://w3id.org/h2kg/hydrogen-ontology#MicroporousLayerPorosity,https://w3id.org/h2kg/hydrogen-ontology#Parameter,Parameter,explicit_mapping,high,Reviewed abbreviation for microporous-layer porosity.,"[{""iri"": ""https://w3id.org/h2kg/hydrogen-ontology#MicroporousLayerPorosity"", ""label"": ""Microporous Layer Porosity"", ""score"": 1.0}, {""iri"": ""https://w3id.org/h2kg/hydrogen-ontology#CatalystLayerPorosity"", ""label"": ""Catalyst Layer Porosity"", ""score"": 0.87}, {""iri"": ""https://w3id.org/h2kg/hydrogen-ontology#GasDiffusionLayerPorosity"", ""label"": ""Gas Diffusion Layer Porosity"", ""score"": 0.833}]"
https://w3id.org/h2kg/decode/workflow/concept/mpl-saturation-component,MPL saturation,component,component,4,cea-mea-model-europium-2d; determination-of-cl-saturation-by-saxs-or-sans; image-x-ray-tomography-data-parameter-extraction-3d; mpl-saturation-determination-from-x-ray-ct-data,"MPL saturation
internal key: MPL saturation: component",CEA MEA model (Europium 2D); Determination of CL saturation by SAXS/SANS; Image X-ray tomography data parameter extraction 3D; MPL saturation determination from X-ray CT-data,reviewed_decode_anchor,reviewed_decode,https://w3id.org/h2kg/decode/workflow/anchor/mpl-saturation-component,https://w3id.org/h2kg/hydrogen-ontology#Parameter,Parameter,operating_or_geometric_parameter,reviewed_structural,DECODE-specific concept retained as a stable reviewed anchor. Its source topology is preserved; no H2KG synonym or new public term was asserted.,"[{""iri"": ""https://w3id.org/h2kg/hydrogen-ontology#EISPerturbationAmplitude"", ""label"": ""EIS Perturbation Amplitude"", ""score"": 0.667}, {""iri"": ""https://w3id.org/h2kg/hydrogen-ontology#MEAPolarization"", ""label"": ""MEA Polarization"", ""score"": 0.667}, {""iri"": ""https://w3id.org/h2kg/hydrogen-ontology#MolecularDynamicsSimulation"", ""label"": ""Molecular Dynamics Simulation"", ""score"": 0.667}]"
https://w3id.org/h2kg/decode/workflow/concept/mpl-saturation-determination-from-x-ray-ct-data-method,MPL saturation determination from X-ray CT-data,,method,16,ai-based-generation-of-structural-digital-twins-of-multi-scale-tomographies; blade-coating-and-decal-transfer-for-ref-pefc-ccm; electrospray-deposition-of-catalyst-layers; image-classification-of-x-ray-tomography-data; image-x-ray-tomography-data-parameter-extraction-3d; impregnation-by-immersion-and-blade-coating; modeling-of-mpl-coating-of-gdl; mpl-saturation-determination-from-x-ray-ct-data; simulation-of-single-phase-3d-apparent-properties; simulation-of-two-phase-3d-apparent-properties; ultrasonic-spray-deposition-for-catalytic-layers; voxel-based-3d-effective-diffusivity-simulation; voxel-based-3d-electric-conductiviy-simulation; voxel-based-3d-permability-simulation; voxel-based-3d-thermal-conductivity-simulation; water-retention-curve-simulation,"MPL saturation determination from X-ray CT-data
Owner: PSI:Jens ELLER
Task: T2.4
Maturity: established method
Documentation: https://doi.org/10.1039/d3ya00189j
Range of validity or processability: 
the lower the noise level in the CT data, the more statistical relevant small differences in saturation are
internal key: MPL saturation determination from X-ray CT-data0",CCM; Cell current density; Cell inlet humidification; Cell stoichiometries; Cell temperature; Flow-field geometry; GDL; GDL substrate 3D voxel data classified; GDL substrate 3D voxel data raw; GDL substrate 3D voxel data wet classified; GDL substrate 3D voxel data wet raw; GDL substrate saturation; GDL substrate saturation profiles; MPL X-ray 3D voxel data classified; MPL X-ray 3D voxel data raw; MPL X-ray 3D voxel data wet classified; MPL X-ray 3D voxel data wet raw; MPL saturation; MPL saturation maps,reviewed_decode_anchor,reviewed_decode,https://w3id.org/h2kg/decode/workflow/anchor/mpl-saturation-determination-from-x-ray-ct-data-method,https://w3id.org/h2kg/hydrogen-ontology#Parameter,Parameter,operating_or_geometric_parameter,reviewed_structural,DECODE-specific concept retained as a stable reviewed anchor. Its source topology is preserved; no H2KG synonym or new public term was asserted.,"[{""iri"": ""https://w3id.org/h2kg/hydrogen-ontology#CatalystLayerAcidLoadingDetermination"", ""label"": ""Catalyst Layer Acid Loading Determination"", ""score"": 0.614}, {""iri"": ""https://w3id.org/h2kg/hydrogen-ontology#CatalystLoadingDetermination"", ""label"": ""Catalyst Loading Determination"", ""score"": 0.597}]"
https://w3id.org/h2kg/decode/workflow/concept/mpl-saturation-maps-meso,MPL saturation maps,meso,data,2,image-x-ray-tomography-data-parameter-extraction-3d; mpl-saturation-determination-from-x-ray-ct-data,"MPL saturation maps
internal key: MPL saturation maps: meso",Image X-ray tomography data parameter extraction 3D; MPL saturation determination from X-ray CT-data,reviewed_decode_anchor,reviewed_decode,https://w3id.org/h2kg/decode/workflow/anchor/mpl-saturation-maps-meso,https://w3id.org/h2kg/hydrogen-ontology#Parameter,Parameter,operating_or_geometric_parameter,reviewed_structural,DECODE-specific concept retained as a stable reviewed anchor. Its source topology is preserved; no H2KG synonym or new public term was asserted.,"[{""iri"": ""https://w3id.org/h2kg/hydrogen-ontology#MEAPolarization"", ""label"": ""MEA Polarization"", ""score"": 0.686}, {""iri"": ""https://w3id.org/h2kg/hydrogen-ontology#PhosphoricAcidSaturationInCracks"", ""label"": ""Phosphoric Acid Saturation In Cracks"", ""score"": 0.636}, {""iri"": ""https://w3id.org/h2kg/hydrogen-ontology#EISPerturbationAmplitude"", ""label"": ""EIS Perturbation Amplitude"", ""score"": 0.634}]"
https://w3id.org/h2kg/decode/workflow/concept/mpl-saturation-profiles-macrohomogeneous-local,MPL saturation profiles,macrohomogeneous local,other,2,cea-mea-model-europium-2d; determination-of-cl-saturation-by-saxs-or-sans,"MPL saturation profiles
internal key: MPL saturation profiles: macrohomogeneous local",CEA MEA model (Europium 2D); Determination of CL saturation by SAXS/SANS,reviewed_decode_anchor,reviewed_decode,https://w3id.org/h2kg/decode/workflow/anchor/mpl-saturation-profiles-macrohomogeneous-local,https://w3id.org/h2kg/hydrogen-ontology#Parameter,Parameter,operating_or_geometric_parameter,reviewed_structural,DECODE-specific concept retained as a stable reviewed anchor. Its source topology is preserved; no H2KG synonym or new public term was asserted.,"[{""iri"": ""https://w3id.org/h2kg/hydrogen-ontology#OpticalSurfaceProfiler"", ""label"": ""Optical Surface Profiler"", ""score"": 0.638}, {""iri"": ""https://w3id.org/h2kg/hydrogen-ontology#EISPerturbationAmplitude"", ""label"": ""EIS Perturbation Amplitude"", ""score"": 0.622}, {""iri"": ""https://w3id.org/h2kg/hydrogen-ontology#MEAPolarization"", ""label"": ""MEA Polarization"", ""score"": 0.615}]"
https://w3id.org/h2kg/decode/workflow/concept/mpl-structural-parameters-component,MPL structural parameters,component,component,1,neutron-imaging,"MPL structural parameters
internal key: MPL structural parameters: component",Neutron Imaging,reviewed_decode_anchor,reviewed_decode,https://w3id.org/h2kg/decode/workflow/anchor/mpl-structural-parameters-component,https://w3id.org/h2kg/hydrogen-ontology#Matter,Matter,component_category_default,reviewed_structural,DECODE-specific concept retained as a stable reviewed anchor. Its source topology is preserved; no H2KG synonym or new public term was asserted.,"[{""iri"": ""https://w3id.org/h2kg/hydrogen-ontology#CatalystInkStructureDataset"", ""label"": ""Catalyst Ink Structure Dataset"", ""score"": 0.815}, {""iri"": ""https://w3id.org/h2kg/hydrogen-ontology#PrintedCompositeStructure"", ""label"": ""Printed Composite Structure"", ""score"": 0.615}, {""iri"": ""https://w3id.org/h2kg/hydrogen-ontology#SprayCoatingParameterSpecification"", ""label"": ""Spray Coating Parameter Specification"", ""score"": 0.612}]"
https://w3id.org/h2kg/decode/workflow/concept/mpl-thermal-conductivity-component,MPL thermal conductivity,component,component,5,cea-mea-model-europium-2d; fitting-of-the-europium-model; simulation-of-single-phase-3d-apparent-properties; simulation-of-two-phase-3d-apparent-properties; voxel-based-3d-thermal-conductivity-simulation,"MPL thermal conductivity
internal key: MPL thermal conductivity: component",CEA MEA model (Europium 2D); Fitting of the Europium model; Simulation of single phase 3D apparent properties; Simulation of two phase 3D apparent properties; Voxel based 3D Thermal conductivity simulation,reviewed_decode_anchor,reviewed_decode,https://w3id.org/h2kg/decode/workflow/anchor/mpl-thermal-conductivity-component,https://w3id.org/h2kg/hydrogen-ontology#Property,Property,physical_or_derived_property,reviewed_structural,DECODE-specific concept retained as a stable reviewed anchor. Its source topology is preserved; no H2KG synonym or new public term was asserted.,"[{""iri"": ""https://w3id.org/h2kg/hydrogen-ontology#ThermalConductivity"", ""label"": ""Thermal Conductivity"", ""score"": 0.909}, {""iri"": ""https://w3id.org/h2kg/hydrogen-ontology#ThroughPlaneThermalConductivityMeasurement"", ""label"": ""Through Plane Thermal Conductivity Measurement"", ""score"": 0.808}, {""iri"": ""https://w3id.org/h2kg/hydrogen-ontology#InPlaneElectronicConductivity"", ""label"": ""In Plane Electronic Conductivity"", ""score"": 0.766}]"
https://w3id.org/h2kg/decode/workflow/concept/mpl-thickness-component,MPL thickness,component,component,11,cea-mea-model-europium-2d; current-modulated-hydrogen-flow-rate-spectroscopy-ch2s; diffusivities-from-tortuosities; fib-measurements-on-gdl-or-mpl-and-catalyst-materials; fitting-of-the-europium-model; image-fib-tomography-dataparameter-extraction-3d; image-parameter-extraction-2d; image-x-ray-tomography-data-parameter-extraction-3d; mpl-parameter-estimation-from-gdl-and-substrate-data; sem-and-edx; sem-and-fib-layer,"MPL thickness
internal key: MPL thickness: component",CEA MEA model (Europium 2D); Current modulated hydrogen flow-rate spectroscopy (CH2S); Diffusivities from tortuosities; FIB measurements on GDL/MPL and catalyst materials.; Fitting of the Europium model; Image FIB tomography dataparameter extraction 3D; Image X-ray tomography data parameter extraction 3D; Image parameter extraction 2D; MPL parameter estimation from GDL and substrate data; SEM and EDX; SEM and FIB (layer),strict_alt_label,approved_h2kg,https://w3id.org/h2kg/hydrogen-ontology#MicroporousLayerThickness,https://w3id.org/h2kg/hydrogen-ontology#Property,Property,explicit_mapping,high,Reviewed abbreviation for microporous-layer thickness.,"[{""iri"": ""https://w3id.org/h2kg/hydrogen-ontology#MicroporousLayerThickness"", ""label"": ""Microporous Layer Thickness"", ""score"": 1.0}, {""iri"": ""https://w3id.org/h2kg/hydrogen-ontology#CatalystLayerThickness_2"", ""label"": ""Catalyst Layer Thickness"", ""score"": 0.88}, {""iri"": ""https://w3id.org/h2kg/hydrogen-ontology#CathodeCatalystLayerThickness"", ""label"": ""Cathode Catalyst Layer Thickness"", ""score"": 0.846}]"
https://w3id.org/h2kg/decode/workflow/concept/mpl-tortuosity-component,MPL tortuosity,component,component,7,cea-mea-model-europium-2d; current-modulated-hydrogen-flow-rate-spectroscopy-ch2s; diffusivities-from-tortuosities; fitting-of-the-europium-model; simulation-of-single-phase-3d-apparent-properties; simulation-of-two-phase-3d-apparent-properties; voxel-based-3d-effective-diffusivity-simulation,"MPL tortuosity
internal key: MPL tortuosity: component",CEA MEA model (Europium 2D); Current modulated hydrogen flow-rate spectroscopy (CH2S); Diffusivities from tortuosities; Fitting of the Europium model; Simulation of single phase 3D apparent properties; Simulation of two phase 3D apparent properties; Voxel based 3D Effective Diffusivity simulation,reviewed_decode_anchor,reviewed_decode,https://w3id.org/h2kg/decode/workflow/anchor/mpl-tortuosity-component,https://w3id.org/h2kg/hydrogen-ontology#Property,Property,physical_or_derived_property,reviewed_structural,DECODE-specific concept retained as a stable reviewed anchor. Its source topology is preserved; no H2KG synonym or new public term was asserted.,"[{""iri"": ""https://w3id.org/h2kg/hydrogen-ontology#MicroporousLayerPorosity"", ""label"": ""Microporous Layer Porosity"", ""score"": 0.846}, {""iri"": ""https://w3id.org/h2kg/hydrogen-ontology#PorosityMeasurement"", ""label"": ""Porosity Measurement"", ""score"": 0.727}, {""iri"": ""https://w3id.org/h2kg/hydrogen-ontology#TotalPorosity"", ""label"": ""Total Porosity"", ""score"": 0.727}]"
https://w3id.org/h2kg/decode/workflow/concept/mpl-water-distribution-meso,MPL water distribution,meso,data,1,ct-based-capillary-pressure-saturation-curves,"MPL water distribution
internal key: MPL water distribution: meso",CT-based capillary pressure saturation curves,reviewed_decode_anchor,reviewed_decode,https://w3id.org/h2kg/decode/workflow/anchor/mpl-water-distribution-meso,https://w3id.org/h2kg/hydrogen-ontology#Data,Data,data_product,reviewed_structural,DECODE-specific concept retained as a stable reviewed anchor. Its source topology is preserved; no H2KG synonym or new public term was asserted.,"[{""iri"": ""https://w3id.org/h2kg/hydrogen-ontology#PoreSizeDistribution"", ""label"": ""Pore Size Distribution"", ""score"": 0.727}, {""iri"": ""https://w3id.org/h2kg/hydrogen-ontology#PoreSizeDistributionDataset"", ""label"": ""Pore Size Distribution Dataset"", ""score"": 0.727}, {""iri"": ""https://w3id.org/h2kg/hydrogen-ontology#AgglomerateSizeDistributionDataset"", ""label"": ""Agglomerate Size Distribution Dataset"", ""score"": 0.718}]"
https://w3id.org/h2kg/decode/workflow/concept/mpl-water-retention-curve-component,MPL water retention curve,component,component,5,cea-mea-model-europium-2d; ct-based-capillary-pressure-saturation-curves; fitting-of-the-europium-model; simulation-of-two-phase-3d-apparent-properties; water-retention-curve-simulation,"MPL water retention curve
internal key: MPL water retention curve: component",CEA MEA model (Europium 2D); CT-based capillary pressure saturation curves; Fitting of the Europium model; Simulation of two phase 3D apparent properties; Water retention curve simulation,reviewed_decode_anchor,reviewed_decode,https://w3id.org/h2kg/decode/workflow/anchor/mpl-water-retention-curve-component,https://w3id.org/h2kg/hydrogen-ontology#Data,Data,data_product,reviewed_structural,DECODE-specific concept retained as a stable reviewed anchor. Its source topology is preserved; no H2KG synonym or new public term was asserted.,"[{""iri"": ""https://w3id.org/h2kg/hydrogen-ontology#CurrentRetentionPercentAfterChronoamperometry"", ""label"": ""Current Retention Percent After Chronoamperometry"", ""score"": 0.667}, {""iri"": ""https://w3id.org/h2kg/hydrogen-ontology#WetCoImpregnation"", ""label"": ""Wet Co Impregnation"", ""score"": 0.636}, {""iri"": ""https://w3id.org/h2kg/hydrogen-ontology#WaterToNPropanolVolumeRatio"", ""label"": ""Water To N Propanol Volume Ratio"", ""score"": 0.622}]"
https://w3id.org/h2kg/decode/workflow/concept/mpl-x-ray-3d-voxel-data-classified-meso,MPL X-ray 3D voxel data classified,meso,data,4,ai-based-generation-of-structural-digital-twins-of-multi-scale-tomographies; image-classification-of-x-ray-tomography-data; image-x-ray-tomography-data-parameter-extraction-3d; mpl-saturation-determination-from-x-ray-ct-data,"MPL X-ray 3D voxel data classified
internal key: MPL X-ray 3D voxel data classified: meso",AI-based generation of structural digital twins of multi-scale tomographies; Image X-ray tomography data parameter extraction 3D; Image classification of X-ray tomography data; MPL saturation determination from X-ray CT-data,reviewed_decode_anchor,reviewed_decode,https://w3id.org/h2kg/decode/workflow/anchor/mpl-x-ray-3d-voxel-data-classified-meso,https://w3id.org/h2kg/hydrogen-ontology#Data,Data,data_product,reviewed_structural,DECODE-specific concept retained as a stable reviewed anchor. Its source topology is preserved; no H2KG synonym or new public term was asserted.,[]
https://w3id.org/h2kg/decode/workflow/concept/mpl-x-ray-3d-voxel-data-raw-meso,MPL X-ray 3D voxel data raw,meso,data,3,ct-based-capillary-pressure-saturation-curves; image-classification-of-x-ray-tomography-data; mpl-saturation-determination-from-x-ray-ct-data,"MPL X-ray 3D voxel data raw
internal key: MPL X-ray 3D voxel data raw: meso",CT-based capillary pressure saturation curves; Image classification of X-ray tomography data; MPL saturation determination from X-ray CT-data,reviewed_decode_anchor,reviewed_decode,https://w3id.org/h2kg/decode/workflow/anchor/mpl-x-ray-3d-voxel-data-raw-meso,https://w3id.org/h2kg/hydrogen-ontology#Data,Data,data_product,reviewed_structural,DECODE-specific concept retained as a stable reviewed anchor. Its source topology is preserved; no H2KG synonym or new public term was asserted.,[]
https://w3id.org/h2kg/decode/workflow/concept/mpl-x-ray-3d-voxel-data-wet-classified-meso,MPL X-ray 3D voxel data wet classified,meso,data,4,ai-based-generation-of-structural-digital-twins-of-multi-scale-tomographies; image-classification-of-x-ray-tomography-data; image-x-ray-tomography-data-parameter-extraction-3d; mpl-saturation-determination-from-x-ray-ct-data,"MPL X-ray 3D voxel data wet classified
internal key: MPL X-ray 3D voxel data wet classified: meso",AI-based generation of structural digital twins of multi-scale tomographies; Image X-ray tomography data parameter extraction 3D; Image classification of X-ray tomography data; MPL saturation determination from X-ray CT-data,reviewed_decode_anchor,reviewed_decode,https://w3id.org/h2kg/decode/workflow/anchor/mpl-x-ray-3d-voxel-data-wet-classified-meso,https://w3id.org/h2kg/hydrogen-ontology#Data,Data,data_product,reviewed_structural,DECODE-specific concept retained as a stable reviewed anchor. Its source topology is preserved; no H2KG synonym or new public term was asserted.,[]
https://w3id.org/h2kg/decode/workflow/concept/mpl-x-ray-3d-voxel-data-wet-operando-classified-meso,MPL X-ray 3D voxel data wet operando classified,meso,data,3,ai-based-generation-of-structural-digital-twins-of-multi-scale-tomographies; image-classification-of-x-ray-tomography-data; image-x-ray-tomography-data-parameter-extraction-3d,"MPL X-ray 3D voxel data wet operando classified
internal key: MPL X-ray 3D voxel data wet operando classified: meso",AI-based generation of structural digital twins of multi-scale tomographies; Image X-ray tomography data parameter extraction 3D; Image classification of X-ray tomography data,reviewed_decode_anchor,reviewed_decode,https://w3id.org/h2kg/decode/workflow/anchor/mpl-x-ray-3d-voxel-data-wet-operando-classified-meso,https://w3id.org/h2kg/hydrogen-ontology#Data,Data,data_product,reviewed_structural,DECODE-specific concept retained as a stable reviewed anchor. Its source topology is preserved; no H2KG synonym or new public term was asserted.,[]
https://w3id.org/h2kg/decode/workflow/concept/mpl-x-ray-3d-voxel-data-wet-operando-raw-meso,MPL X-ray 3D voxel data wet operando raw,meso,data,1,image-classification-of-x-ray-tomography-data,"MPL X-ray 3D voxel data wet operando raw
internal key: MPL X-ray 3D voxel data wet operando raw: meso",Image classification of X-ray tomography data,reviewed_decode_anchor,reviewed_decode,https://w3id.org/h2kg/decode/workflow/anchor/mpl-x-ray-3d-voxel-data-wet-operando-raw-meso,https://w3id.org/h2kg/hydrogen-ontology#Data,Data,data_product,reviewed_structural,DECODE-specific concept retained as a stable reviewed anchor. Its source topology is preserved; no H2KG synonym or new public term was asserted.,[]
https://w3id.org/h2kg/decode/workflow/concept/mpl-x-ray-3d-voxel-data-wet-raw-meso,MPL X-ray 3D voxel data wet raw,meso,data,3,ct-based-capillary-pressure-saturation-curves; image-classification-of-x-ray-tomography-data; mpl-saturation-determination-from-x-ray-ct-data,"MPL X-ray 3D voxel data wet raw
internal key: MPL X-ray 3D voxel data wet raw: meso",CT-based capillary pressure saturation curves; Image classification of X-ray tomography data; MPL saturation determination from X-ray CT-data,reviewed_decode_anchor,reviewed_decode,https://w3id.org/h2kg/decode/workflow/anchor/mpl-x-ray-3d-voxel-data-wet-raw-meso,https://w3id.org/h2kg/hydrogen-ontology#Data,Data,data_product,reviewed_structural,DECODE-specific concept retained as a stable reviewed anchor. Its source topology is preserved; no H2KG synonym or new public term was asserted.,[]
https://w3id.org/h2kg/decode/workflow/concept/neutron-imaging-method,Neutron Imaging,,method,5,blade-coating-and-decal-transfer-for-ref-pefc-ccm; electrospray-deposition-of-catalyst-layers; impregnation-by-immersion-and-blade-coating; neutron-imaging; ultrasonic-spray-deposition-for-catalytic-layers,"Neutron Imaging
Owner: HZB:Markus Osenberg
Task: T2.4
Maturity: established method
Documentation: Publication in preparation
Range of validity or processability: unkonwn
internal key: Neutron Imaging0",CCM; Cell clamping pressure; Cell current density; Cell inlet humidification; Cell inlet pressure; Cell temperature; GDL; GDL 4D voxel data classified; GDL substrate structural parameters; MPL structural parameters,reviewed_decode_anchor,reviewed_decode,https://w3id.org/h2kg/decode/workflow/anchor/neutron-imaging-method,https://w3id.org/h2kg/hydrogen-ontology#Measurement,Measurement,method_visual_default,reviewed_structural,DECODE-specific concept retained as a stable reviewed anchor. Its source topology is preserved; no H2KG synonym or new public term was asserted.,"[{""iri"": ""https://w3id.org/h2kg/hydrogen-ontology#SEMImaging"", ""label"": ""SEM Imaging"", ""score"": 0.692}, {""iri"": ""https://w3id.org/h2kg/hydrogen-ontology#SEMImagingMeasurement"", ""label"": ""SEM Imaging Measurement"", ""score"": 0.692}, {""iri"": ""https://w3id.org/h2kg/hydrogen-ontology#ScanningElectronMicroscopyImaging"", ""label"": ""Scanning Electron Microscopy Imaging"", ""score"": 0.692}]"
https://w3id.org/h2kg/decode/workflow/concept/operando-saxs-waxs-small-wide-angle-x-ray-spectroscopy-method,operando SAXS/WAXS (small/wide angle X-ray spectroscopy),,method,6,ab-initio-molecular-dynamics-aimd-of-the-solid-liquid-interface-at-a-pt-electrode; density-potential-functional-theory-applied-to-supported-electrocatalysts; dft-onto-idealized-surfaces; molecular-dynamics-for-the-electrode-electrolyte-interface-in-presence-of-ionomer; molecular-dynamics-for-the-electrode-electrolyte-interface-metalwalls; operando-saxs-or-waxs-small-or-wide-angle-x-ray-spectroscopy,"operando SAXS/WAXS (small/wide angle X-ray spectroscopy)
Owner: ICPEES@CNRS/Unistra, PSI:Emiliana Fabbri, Tim Welmers, Tristan Asset
Task: T2.4
Maturity: established method
Documentation: 
Range of validity or processability: 
Valid for all electrode complexity/system complexity.
internal key: operando SAXS/WAXS (small/wide angle X-ray spectroscopy)0",Catalyst powder; Cell current density; Cell electrolyte flow; Cell temperature; Electrode chemistry; Electrode morphology; Electrolyte,reviewed_decode_anchor,reviewed_decode,https://w3id.org/h2kg/decode/workflow/anchor/operando-saxs-waxs-small-wide-angle-x-ray-spectroscopy-method,https://w3id.org/h2kg/hydrogen-ontology#Measurement,Measurement,method_visual_default,reviewed_structural,DECODE-specific concept retained as a stable reviewed anchor. Its source topology is preserved; no H2KG synonym or new public term was asserted.,"[{""iri"": ""https://w3id.org/h2kg/hydrogen-ontology#UltraSmallAngleXRayScatteringMeasurement"", ""label"": ""Ultra Small Angle X Ray Scattering Measurement"", ""score"": 0.56}]"
https://w3id.org/h2kg/decode/workflow/concept/operando-in-situ-xas-photon-out-method,operando/in-situ XAS (photon-out),,method,6,ab-initio-molecular-dynamics-aimd-of-the-solid-liquid-interface-at-a-pt-electrode; density-potential-functional-theory-applied-to-supported-electrocatalysts; dft-onto-idealized-surfaces; molecular-dynamics-for-the-electrode-electrolyte-interface-in-presence-of-ionomer; molecular-dynamics-for-the-electrode-electrolyte-interface-metalwalls; operando-or-in-situ-xas-photon-out,"operando/in-situ XAS (photon-out)
Owner: ICPEES@CNRS/Unistra, PSI:Emiliana Fabbri, Tim Welmers, Tristan Asset
Task: T2.4
Maturity: established method
Documentation: 
Range of validity or processability: 
Valid for nanostructured samples/single atome catalysts. Not valid for bulk electrodes
internal key: operando/in-situ XAS (photon-out)0",Adsorbate types on electrode (nanostructured); Catalyst powder; Cell electrolyte flow; Electrode chemistry; Electrode morphology; Electrolyte,reviewed_decode_anchor,reviewed_decode,https://w3id.org/h2kg/decode/workflow/anchor/operando-in-situ-xas-photon-out-method,https://w3id.org/h2kg/hydrogen-ontology#Measurement,Measurement,method_visual_default,reviewed_structural,DECODE-specific concept retained as a stable reviewed anchor. Its source topology is preserved; no H2KG synonym or new public term was asserted.,"[{""iri"": ""https://w3id.org/h2kg/hydrogen-ontology#UltraSmallAngleXRayScatteringMeasurement"", ""label"": ""Ultra Small Angle X Ray Scattering Measurement"", ""score"": 0.582}]"
https://w3id.org/h2kg/decode/workflow/concept/operating-pewe-cell-device,Operating PEWE cell,device,device,2,additional-measurements-on-pewe-during-operation; eis-on-pewe-cells,"Operating PEWE cell
internal key: Operating PEWE cell: device",Additional measurements on PEWE during operation; EIS on PEWE cells,reviewed_decode_anchor,reviewed_decode,https://w3id.org/h2kg/decode/workflow/anchor/operating-pewe-cell-device,https://w3id.org/h2kg/hydrogen-ontology#Instrument,Instrument,operating_pewe_cell_is_instrument,reviewed_structural,DECODE-specific concept retained as a stable reviewed anchor. Its source topology is preserved; no H2KG synonym or new public term was asserted.,"[{""iri"": ""https://w3id.org/h2kg/hydrogen-ontology#OperatingTemperature"", ""label"": ""Operating Temperature"", ""score"": 0.8}, {""iri"": ""https://w3id.org/h2kg/hydrogen-ontology#FuelCellOperationTime"", ""label"": ""Fuel Cell Operation Time"", ""score"": 0.698}, {""iri"": ""https://w3id.org/h2kg/hydrogen-ontology#CoatingSpeed"", ""label"": ""Coating Speed"", ""score"": 0.688}]"
https://w3id.org/h2kg/decode/workflow/concept/optimal-catalyst-loading-for-xas-signal-component,Optimal catalyst loading for XAS signal,component,component,2,development-of-a-zero-gap-cell-for-gde-based-spectrocopy-measurement; three-electrode-cell-assesement-of-cl-by-xas-xanes-exafs-xrd,"Optimal catalyst loading for XAS signal
internal key: Optimal catalyst loading for XAS signal: component","Development of a zero gap cell for GDE based spectrocopy measurement; Three electrode cell assesement of CL by XAS, XANES, EXAFS, XRD",reviewed_decode_anchor,reviewed_decode,https://w3id.org/h2kg/decode/workflow/anchor/optimal-catalyst-loading-for-xas-signal-component,https://w3id.org/h2kg/hydrogen-ontology#Parameter,Parameter,operating_or_geometric_parameter,reviewed_structural,DECODE-specific concept retained as a stable reviewed anchor. Its source topology is preserved; no H2KG synonym or new public term was asserted.,"[{""iri"": ""https://w3id.org/h2kg/hydrogen-ontology#PtLoading"", ""label"": ""Pt Loading"", ""score"": 0.655}, {""iri"": ""https://w3id.org/h2kg/hydrogen-ontology#CatalystMassFractionInInk"", ""label"": ""Catalyst Mass Fraction In Ink"", ""score"": 0.647}, {""iri"": ""https://w3id.org/h2kg/hydrogen-ontology#CatalystLoadingPattern"", ""label"": ""Catalyst Loading Pattern"", ""score"": 0.635}]"
https://w3id.org/h2kg/decode/workflow/concept/orr-charge-transfer-coefficient-lre,ORR charge transfer coefficient,LRE,device,1,adsorbate-surface-diffusion-on-electrocatalyst-support,"ORR charge transfer coefficient
internal key: ORR charge transfer coefficient: LRE",Adsorbate Surface Diffusion on Electrocatalyst Support,reviewed_decode_anchor,reviewed_decode,https://w3id.org/h2kg/decode/workflow/anchor/orr-charge-transfer-coefficient-lre,https://w3id.org/h2kg/hydrogen-ontology#Property,Property,physical_or_derived_property,reviewed_structural,DECODE-specific concept retained as a stable reviewed anchor. Its source topology is preserved; no H2KG synonym or new public term was asserted.,"[{""iri"": ""https://w3id.org/h2kg/hydrogen-ontology#ChargeTransferCoefficient"", ""label"": ""Charge Transfer Coefficient"", ""score"": 0.931}, {""iri"": ""https://w3id.org/h2kg/hydrogen-ontology#ExchangeCoefficient"", ""label"": ""Exchange Coefficient"", ""score"": 0.931}, {""iri"": ""https://w3id.org/h2kg/hydrogen-ontology#ChargeTransferResistance"", ""label"": ""Charge Transfer Resistance"", ""score"": 0.702}]"
https://w3id.org/h2kg/decode/workflow/concept/oxidation-state-changes-lre,Oxidation state changes,LRE,device,2,development-of-a-zero-gap-cell-for-gde-based-spectrocopy-measurement; three-electrode-cell-assesement-of-cl-by-xas-xanes-exafs-xrd,"Oxidation state changes
internal key: Oxidation state changes: LRE","Development of a zero gap cell for GDE based spectrocopy measurement; Three electrode cell assesement of CL by XAS, XANES, EXAFS, XRD",reviewed_decode_anchor,reviewed_decode,https://w3id.org/h2kg/decode/workflow/anchor/oxidation-state-changes-lre,https://w3id.org/h2kg/hydrogen-ontology#Property,Property,physical_or_derived_property,reviewed_structural,DECODE-specific concept retained as a stable reviewed anchor. Its source topology is preserved; no H2KG synonym or new public term was asserted.,"[{""iri"": ""https://w3id.org/h2kg/hydrogen-ontology#LigandExchangeReactionTime"", ""label"": ""Ligand Exchange Reaction Time"", ""score"": 0.654}, {""iri"": ""https://w3id.org/h2kg/hydrogen-ontology#AnnealingTime"", ""label"": ""Annealing Time"", ""score"": 0.649}, {""iri"": ""https://w3id.org/h2kg/hydrogen-ontology#SolidStateLigandExchange"", ""label"": ""Solid State Ligand Exchange"", ""score"": 0.64}]"
https://w3id.org/h2kg/decode/workflow/concept/percolation-threshold-component,Percolation threshold,component,component,1,iet-composition-to-property-model,"Percolation threshold
internal key: Percolation threshold: component",IET composition to property model,reviewed_decode_anchor,reviewed_decode,https://w3id.org/h2kg/decode/workflow/anchor/percolation-threshold-component,https://w3id.org/h2kg/hydrogen-ontology#Matter,Matter,component_category_default,reviewed_structural,DECODE-specific concept retained as a stable reviewed anchor. Its source topology is preserved; no H2KG synonym or new public term was asserted.,"[{""iri"": ""https://w3id.org/h2kg/hydrogen-ontology#AgNWSurfaceDensity"", ""label"": ""Ag NW Surface Density"", ""score"": 0.724}, {""iri"": ""https://w3id.org/h2kg/hydrogen-ontology#FuelCellOperationTime"", ""label"": ""Fuel Cell Operation Time"", ""score"": 0.629}, {""iri"": ""https://w3id.org/h2kg/hydrogen-ontology#ThresholdAggregateDiameter"", ""label"": ""Threshold Aggregate Diameter"", ""score"": 0.622}]"
https://w3id.org/h2kg/decode/workflow/concept/polished-gc-tips-material,Polished GC tips,material,material,1,dropcasted-ink-on-gc-tips,"Polished GC tips
internal key: Polished GC tips: material",Dropcasted Ink on GC Tips,reviewed_decode_anchor,reviewed_decode,https://w3id.org/h2kg/decode/workflow/anchor/polished-gc-tips-material,https://w3id.org/h2kg/hydrogen-ontology#Matter,Matter,material_category_default,reviewed_structural,DECODE-specific concept retained as a stable reviewed anchor. Its source topology is preserved; no H2KG synonym or new public term was asserted.,"[{""iri"": ""https://w3id.org/h2kg/hydrogen-ontology#ContaminationTime"", ""label"": ""Contamination Time"", ""score"": 0.562}]"
https://w3id.org/h2kg/decode/workflow/concept/precursors-for-molecular-probe-synthesis-material,Precursors for molecular probe synthesis,material,material,1,development-of-ratiometric-fluorescent-probes-for-local-ph-assessement-in-alkaline-media,"Precursors for molecular probe synthesis
internal key: Precursors for molecular probe synthesis: material",Development of ratiometric fluorescent probes for local pH assessement in alkaline media,reviewed_decode_anchor,reviewed_decode,https://w3id.org/h2kg/decode/workflow/anchor/precursors-for-molecular-probe-synthesis-material,https://w3id.org/h2kg/hydrogen-ontology#Matter,Matter,material_category_default,reviewed_structural,DECODE-specific concept retained as a stable reviewed anchor. Its source topology is preserved; no H2KG synonym or new public term was asserted.,"[{""iri"": ""https://w3id.org/h2kg/hydrogen-ontology#ColloidalSynthesisProcess"", ""label"": ""Colloidal Synthesis Process"", ""score"": 0.597}, {""iri"": ""https://w3id.org/h2kg/hydrogen-ontology#HydrothermalSynthesisProcess"", ""label"": ""Hydrothermal Synthesis Process"", ""score"": 0.571}, {""iri"": ""https://w3id.org/h2kg/hydrogen-ontology#MassTransportResistance"", ""label"": ""Mass Transport Resistance"", ""score"": 0.558}]"
https://w3id.org/h2kg/decode/workflow/concept/prism-for-atr-ftir-material,Prism for ATR-FTIR,material,material,2,irras-operando-or-in-situ-ftir; prism-preparation-for-atr-ftir,"Prism for ATR-FTIR
internal key: Prism for ATR-FTIR: material",IRRAS operando/in-situ FTIR; Prism Preparation for ATR-FTIR,reviewed_decode_anchor,reviewed_decode,https://w3id.org/h2kg/decode/workflow/anchor/prism-for-atr-ftir-material,https://w3id.org/h2kg/hydrogen-ontology#Matter,Matter,material_category_default,reviewed_structural,DECODE-specific concept retained as a stable reviewed anchor. Its source topology is preserved; no H2KG synonym or new public term was asserted.,"[{""iri"": ""https://w3id.org/h2kg/hydrogen-ontology#ATRFTIRMeasurement"", ""label"": ""ATRFTIR Measurement"", ""score"": 0.615}, {""iri"": ""https://w3id.org/h2kg/hydrogen-ontology#HotPress"", ""label"": ""Hot Press"", ""score"": 0.562}, {""iri"": ""https://w3id.org/h2kg/hydrogen-ontology#FiberIonomerToCarbonRatio"", ""label"": ""Fiber Ionomer To Carbon Ratio"", ""score"": 0.556}]"
https://w3id.org/h2kg/decode/workflow/concept/prism-preparation-for-atr-ftir-process,Prism Preparation for ATR-FTIR,,process,4,image-fib-tomography-dataparameter-extraction-3d; image-parameter-extraction-2d; in-situ-fourier-transformed-ir-in-atr-configuration; prism-preparation-for-atr-ftir,"Prism Preparation for ATR-FTIR
Owner: ICPEES@CNRS/Unistra, PSI:Elena Savinova, Emiliana Fabbri, Tim Welmers
Task: T1.3
Maturity: unknown
Documentation: 
Range of validity or processability: unkonwn
internal key: Prism Preparation for ATR-FTIR0",ATR-FTIR electrode; Catalyst ink composition; Catalyst loading; Catalyst powder; Chemicals for prism preparation; Ionomer; Prism for ATR-FTIR; Solvent,reviewed_decode_anchor,reviewed_decode,https://w3id.org/h2kg/decode/workflow/anchor/prism-preparation-for-atr-ftir-process,https://w3id.org/h2kg/hydrogen-ontology#Manufacturing,Manufacturing,physical_manufacturing_workflow,reviewed_structural,DECODE-specific concept retained as a stable reviewed anchor. Its source topology is preserved; no H2KG synonym or new public term was asserted.,"[{""iri"": ""https://w3id.org/h2kg/hydrogen-ontology#CatalystInkPreparation"", ""label"": ""Catalyst Ink Preparation"", ""score"": 0.593}, {""iri"": ""https://w3id.org/h2kg/hydrogen-ontology#PressureBondingElectrodePreparation"", ""label"": ""Pressure Bonding Electrode Preparation"", ""score"": 0.588}, {""iri"": ""https://w3id.org/h2kg/hydrogen-ontology#InkPreparationBurningReaction"", ""label"": ""Ink Preparation Burning Reaction"", ""score"": 0.581}]"
https://w3id.org/h2kg/decode/workflow/concept/process-water-samples-taken-during-operation-device,Process water samples taken during operation,device,device,1,additional-measurements-on-pewe-during-operation,"Process water samples taken during operation
internal key: Process water samples taken during operation: device",Additional measurements on PEWE during operation,reviewed_decode_anchor,reviewed_decode,https://w3id.org/h2kg/decode/workflow/anchor/process-water-samples-taken-during-operation-device,https://w3id.org/h2kg/hydrogen-ontology#Matter,Matter,process_water_sample_is_matter,reviewed_structural,DECODE-specific concept retained as a stable reviewed anchor. Its source topology is preserved; no H2KG synonym or new public term was asserted.,"[{""iri"": ""https://w3id.org/h2kg/hydrogen-ontology#RelativeHumidityOperation"", ""label"": ""Relative Humidity Operation"", ""score"": 0.571}, {""iri"": ""https://w3id.org/h2kg/hydrogen-ontology#WaterStorageSpaceCalculation"", ""label"": ""Water Storage Space Calculation"", ""score"": 0.56}, {""iri"": ""https://w3id.org/h2kg/hydrogen-ontology#SteamActivationProcess"", ""label"": ""Steam Activation Process"", ""score"": 0.559}]"
https://w3id.org/h2kg/decode/workflow/concept/ptfe-ink-composition-and-properties-material,PTFE ink composition and properties,material,material,1,modeling-of-hydrophobic-treatment-of-gdl,"PTFE ink composition and properties
internal key: PTFE ink composition and properties: material",Modeling of Hydrophobic Treatment of GDL,reviewed_decode_anchor,reviewed_decode,https://w3id.org/h2kg/decode/workflow/anchor/ptfe-ink-composition-and-properties-material,https://w3id.org/h2kg/hydrogen-ontology#Matter,Matter,material_category_default,reviewed_structural,DECODE-specific concept retained as a stable reviewed anchor. Its source topology is preserved; no H2KG synonym or new public term was asserted.,"[{""iri"": ""https://w3id.org/h2kg/hydrogen-ontology#InkCompositionSpecification"", ""label"": ""Ink Composition Specification"", ""score"": 0.625}, {""iri"": ""https://w3id.org/h2kg/hydrogen-ontology#AnodeGasComposition"", ""label"": ""Anode Gas Composition"", ""score"": 0.607}, {""iri"": ""https://w3id.org/h2kg/hydrogen-ontology#CarbonNanotubeDecompositionOnsetTemperature"", ""label"": ""Carbon Nanotube Decomposition Onset Temperature"", ""score"": 0.593}]"
https://w3id.org/h2kg/decode/workflow/concept/ptl-component,PTL,component,component,1,contact-resistance-measurement,"PTL
internal key: PTL: component",Contact resistance measurement,reviewed_decode_anchor,reviewed_decode,https://w3id.org/h2kg/decode/workflow/anchor/ptl-component,https://w3id.org/h2kg/hydrogen-ontology#Matter,Matter,component_category_default,reviewed_structural,DECODE-specific concept retained as a stable reviewed anchor. Its source topology is preserved; no H2KG synonym or new public term was asserted.,"[{""iri"": ""https://w3id.org/h2kg/hydrogen-ontology#PlatinumWeightPercentInCatalystLayer"", ""label"": ""Platinum Weight Percent In Catalyst Layer"", ""score"": 0.8}, {""iri"": ""https://w3id.org/h2kg/hydrogen-ontology#PrintingLayerThickness"", ""label"": ""Printing Layer Thickness"", ""score"": 0.8}, {""iri"": ""https://w3id.org/h2kg/hydrogen-ontology#MicroporousLayerPorosity"", ""label"": ""Microporous Layer Porosity"", ""score"": 0.667}]"
https://w3id.org/h2kg/decode/workflow/concept/ptl-3d-voxel-data-classified-meso,PTL 3D voxel data classified,meso,data,5,voxel-based-3d-effective-diffusivity-simulation; voxel-based-3d-electric-conductiviy-simulation; voxel-based-3d-permability-simulation; voxel-based-3d-thermal-conductivity-simulation; water-retention-curve-simulation,"PTL 3D voxel data classified
internal key: PTL 3D voxel data classified: meso",Voxel based 3D Effective Diffusivity simulation; Voxel based 3D Electric conductiviy simulation; Voxel based 3D Permability simulation; Voxel based 3D Thermal conductivity simulation; Water retention curve simulation,reviewed_decode_anchor,reviewed_decode,https://w3id.org/h2kg/decode/workflow/anchor/ptl-3d-voxel-data-classified-meso,https://w3id.org/h2kg/hydrogen-ontology#Data,Data,data_product,reviewed_structural,DECODE-specific concept retained as a stable reviewed anchor. Its source topology is preserved; no H2KG synonym or new public term was asserted.,[]
https://w3id.org/h2kg/decode/workflow/concept/ptl-breakthrough-pressure-component,PTL breakthrough pressure,component,component,1,water-retention-curve-simulation,"PTL breakthrough pressure
internal key: PTL breakthrough pressure: component",Water retention curve simulation,reviewed_decode_anchor,reviewed_decode,https://w3id.org/h2kg/decode/workflow/anchor/ptl-breakthrough-pressure-component,https://w3id.org/h2kg/hydrogen-ontology#Parameter,Parameter,operating_or_geometric_parameter,reviewed_structural,DECODE-specific concept retained as a stable reviewed anchor. Its source topology is preserved; no H2KG synonym or new public term was asserted.,"[{""iri"": ""https://w3id.org/h2kg/hydrogen-ontology#ExtrusionPressure"", ""label"": ""Extrusion Pressure"", ""score"": 0.605}, {""iri"": ""https://w3id.org/h2kg/hydrogen-ontology#PrintPressure"", ""label"": ""Print Pressure"", ""score"": 0.605}, {""iri"": ""https://w3id.org/h2kg/hydrogen-ontology#SprayAirPressure"", ""label"": ""Spray Air Pressure"", ""score"": 0.605}]"
https://w3id.org/h2kg/decode/workflow/concept/ptl-conductivity-component,PTL conductivity,component,component,1,voxel-based-3d-electric-conductiviy-simulation,"PTL conductivity
internal key: PTL conductivity: component",Voxel based 3D Electric conductiviy simulation,reviewed_decode_anchor,reviewed_decode,https://w3id.org/h2kg/decode/workflow/anchor/ptl-conductivity-component,https://w3id.org/h2kg/hydrogen-ontology#Property,Property,physical_or_derived_property,reviewed_structural,DECODE-specific concept retained as a stable reviewed anchor. Its source topology is preserved; no H2KG synonym or new public term was asserted.,"[{""iri"": ""https://w3id.org/h2kg/hydrogen-ontology#EffectiveIonicConductivity"", ""label"": ""Effective Ionic Conductivity"", ""score"": 0.857}, {""iri"": ""https://w3id.org/h2kg/hydrogen-ontology#ProtonConductivityMeasurement"", ""label"": ""Proton Conductivity Measurement"", ""score"": 0.857}, {""iri"": ""https://w3id.org/h2kg/hydrogen-ontology#ConductivityDataset"", ""label"": ""Conductivity Dataset"", ""score"": 0.848}]"
https://w3id.org/h2kg/decode/workflow/concept/ptl-contact-resistance-component,PTL contact resistance,component,component,1,contact-resistance-measurement,"PTL contact resistance
internal key: PTL contact resistance: component",Contact resistance measurement,reviewed_decode_anchor,reviewed_decode,https://w3id.org/h2kg/decode/workflow/anchor/ptl-contact-resistance-component,https://w3id.org/h2kg/hydrogen-ontology#Property,Property,physical_or_derived_property,reviewed_structural,DECODE-specific concept retained as a stable reviewed anchor. Its source topology is preserved; no H2KG synonym or new public term was asserted.,"[{""iri"": ""https://w3id.org/h2kg/hydrogen-ontology#CompressionPressure"", ""label"": ""Compression Pressure"", ""score"": 0.737}, {""iri"": ""https://w3id.org/h2kg/hydrogen-ontology#IonicResistance"", ""label"": ""Ionic Resistance"", ""score"": 0.737}, {""iri"": ""https://w3id.org/h2kg/hydrogen-ontology#TotalInternalResistance"", ""label"": ""Total Internal Resistance"", ""score"": 0.732}]"
https://w3id.org/h2kg/decode/workflow/concept/ptl-corrosion-measurement-method,PTL corrosion measurement,,method,1,ptl-corrosion-measurement,"PTL corrosion measurement
Owner: FZJ-IET-4:Andreas Glsen
Task: T2.1
Maturity: established method
Documentation: publication in preparation
Range of validity or processability: 
see assumptions
internal key: PTL corrosion measurement0",Corrosion current; Corrosion potential; Corrosion potential of zero current; Electrolyte; Electrolyte pH; Metal sheet with PTL-like surface,reviewed_decode_anchor,reviewed_decode,https://w3id.org/h2kg/decode/workflow/anchor/ptl-corrosion-measurement-method,https://w3id.org/h2kg/hydrogen-ontology#Property,Property,physical_or_derived_property,reviewed_structural,DECODE-specific concept retained as a stable reviewed anchor. Its source topology is preserved; no H2KG synonym or new public term was asserted.,"[{""iri"": ""https://w3id.org/h2kg/hydrogen-ontology#SolutionCompositionMeasurement"", ""label"": ""Solution Composition Measurement"", ""score"": 0.737}, {""iri"": ""https://w3id.org/h2kg/hydrogen-ontology#IonomerAdsorptionRateMeasurement"", ""label"": ""Ionomer Adsorption Rate Measurement"", ""score"": 0.731}, {""iri"": ""https://w3id.org/h2kg/hydrogen-ontology#IonomerAdsorptionIsothermMeasurement"", ""label"": ""Ionomer Adsorption Isotherm Measurement"", ""score"": 0.717}]"
https://w3id.org/h2kg/decode/workflow/concept/ptl-internal-contact-angle-component,PTL internal contact angle,component,component,1,water-retention-curve-simulation,"PTL internal contact angle
internal key: PTL internal contact angle: component",Water retention curve simulation,reviewed_decode_anchor,reviewed_decode,https://w3id.org/h2kg/decode/workflow/anchor/ptl-internal-contact-angle-component,https://w3id.org/h2kg/hydrogen-ontology#Property,Property,physical_or_derived_property,reviewed_structural,DECODE-specific concept retained as a stable reviewed anchor. Its source topology is preserved; no H2KG synonym or new public term was asserted.,"[{""iri"": ""https://w3id.org/h2kg/hydrogen-ontology#ContactAngle"", ""label"": ""Contact Angle"", ""score"": 0.809}, {""iri"": ""https://w3id.org/h2kg/hydrogen-ontology#ContactAngleMeasurement"", ""label"": ""Contact Angle Measurement"", ""score"": 0.773}, {""iri"": ""https://w3id.org/h2kg/hydrogen-ontology#ContactAngleGoniometer"", ""label"": ""Contact Angle Goniometer"", ""score"": 0.72}]"
https://w3id.org/h2kg/decode/workflow/concept/ptl-permeability-component,PTL permeability,component,component,1,voxel-based-3d-permability-simulation,"PTL permeability
internal key: PTL permeability: component",Voxel based 3D Permability simulation,reviewed_decode_anchor,reviewed_decode,https://w3id.org/h2kg/decode/workflow/anchor/ptl-permeability-component,https://w3id.org/h2kg/hydrogen-ontology#Property,Property,physical_or_derived_property,reviewed_structural,DECODE-specific concept retained as a stable reviewed anchor. Its source topology is preserved; no H2KG synonym or new public term was asserted.,"[{""iri"": ""https://w3id.org/h2kg/hydrogen-ontology#HydrogenPermeability"", ""label"": ""Hydrogen Permeability"", ""score"": 0.8}, {""iri"": ""https://w3id.org/h2kg/hydrogen-ontology#OxygenPermeability"", ""label"": ""Oxygen Permeability"", ""score"": 0.8}, {""iri"": ""https://w3id.org/h2kg/hydrogen-ontology#MicroporousLayerPermeability"", ""label"": ""Microporous Layer Permeability"", ""score"": 0.75}]"
https://w3id.org/h2kg/decode/workflow/concept/ptl-porosity-component,PTL porosity,component,component,1,voxel-based-3d-effective-diffusivity-simulation,"PTL porosity
internal key: PTL porosity: component",Voxel based 3D Effective Diffusivity simulation,reviewed_decode_anchor,reviewed_decode,https://w3id.org/h2kg/decode/workflow/anchor/ptl-porosity-component,https://w3id.org/h2kg/hydrogen-ontology#Property,Property,physical_or_derived_property,reviewed_structural,DECODE-specific concept retained as a stable reviewed anchor. Its source topology is preserved; no H2KG synonym or new public term was asserted.,"[{""iri"": ""https://w3id.org/h2kg/hydrogen-ontology#TotalPorosity"", ""label"": ""Total Porosity"", ""score"": 0.846}, {""iri"": ""https://w3id.org/h2kg/hydrogen-ontology#PorosityMeasurement"", ""label"": ""Porosity Measurement"", ""score"": 0.8}, {""iri"": ""https://w3id.org/h2kg/hydrogen-ontology#CatalystLayerPorosity"", ""label"": ""Catalyst Layer Porosity"", ""score"": 0.696}]"
https://w3id.org/h2kg/decode/workflow/concept/ptl-thermal-conductivity-component,PTL thermal conductivity,component,component,1,voxel-based-3d-thermal-conductivity-simulation,"PTL thermal conductivity
internal key: PTL thermal conductivity: component",Voxel based 3D Thermal conductivity simulation,reviewed_decode_anchor,reviewed_decode,https://w3id.org/h2kg/decode/workflow/anchor/ptl-thermal-conductivity-component,https://w3id.org/h2kg/hydrogen-ontology#Property,Property,physical_or_derived_property,reviewed_structural,DECODE-specific concept retained as a stable reviewed anchor. Its source topology is preserved; no H2KG synonym or new public term was asserted.,"[{""iri"": ""https://w3id.org/h2kg/hydrogen-ontology#ThermalConductivity"", ""label"": ""Thermal Conductivity"", ""score"": 0.909}, {""iri"": ""https://w3id.org/h2kg/hydrogen-ontology#ThroughPlaneThermalConductivityMeasurement"", ""label"": ""Through Plane Thermal Conductivity Measurement"", ""score"": 0.846}, {""iri"": ""https://w3id.org/h2kg/hydrogen-ontology#InPlaneElectronicConductivity"", ""label"": ""In Plane Electronic Conductivity"", ""score"": 0.766}]"
https://w3id.org/h2kg/decode/workflow/concept/ptl-tortuosity-component,PTL tortuosity,component,component,1,voxel-based-3d-effective-diffusivity-simulation,"PTL tortuosity
internal key: PTL tortuosity: component",Voxel based 3D Effective Diffusivity simulation,reviewed_decode_anchor,reviewed_decode,https://w3id.org/h2kg/decode/workflow/anchor/ptl-tortuosity-component,https://w3id.org/h2kg/hydrogen-ontology#Property,Property,physical_or_derived_property,reviewed_structural,DECODE-specific concept retained as a stable reviewed anchor. Its source topology is preserved; no H2KG synonym or new public term was asserted.,"[{""iri"": ""https://w3id.org/h2kg/hydrogen-ontology#TortuosityFactor"", ""label"": ""Tortuosity Factor"", ""score"": 0.774}, {""iri"": ""https://w3id.org/h2kg/hydrogen-ontology#MicroporousLayerPorosity"", ""label"": ""Microporous Layer Porosity"", ""score"": 0.769}, {""iri"": ""https://w3id.org/h2kg/hydrogen-ontology#PorosityMeasurement"", ""label"": ""Porosity Measurement"", ""score"": 0.727}]"
https://w3id.org/h2kg/decode/workflow/concept/ptl-water-retention-curve-component,PTL water retention curve,component,component,1,water-retention-curve-simulation,"PTL water retention curve
internal key: PTL water retention curve: component",Water retention curve simulation,reviewed_decode_anchor,reviewed_decode,https://w3id.org/h2kg/decode/workflow/anchor/ptl-water-retention-curve-component,https://w3id.org/h2kg/hydrogen-ontology#Data,Data,data_product,reviewed_structural,DECODE-specific concept retained as a stable reviewed anchor. Its source topology is preserved; no H2KG synonym or new public term was asserted.,"[{""iri"": ""https://w3id.org/h2kg/hydrogen-ontology#CurrentRetentionPercentAfterChronoamperometry"", ""label"": ""Current Retention Percent After Chronoamperometry"", ""score"": 0.714}, {""iri"": ""https://w3id.org/h2kg/hydrogen-ontology#WaterContentFraction"", ""label"": ""Water Content Fraction"", ""score"": 0.638}, {""iri"": ""https://w3id.org/h2kg/hydrogen-ontology#WaterToEthanolRatio"", ""label"": ""Water To Ethanol Ratio"", ""score"": 0.636}]"
https://w3id.org/h2kg/decode/workflow/concept/pulsed-gas-analysis-method,Pulsed gas analysis,,method,7,blade-coating-and-decal-transfer-for-ref-pefc-ccm; electrospray-deposition-of-catalyst-layers; fitting-of-the-europium-model; iet-1d-performance-model-for-mea-fitting; impregnation-by-immersion-and-blade-coating; pulsed-gas-analysis; ultrasonic-spray-deposition-for-catalytic-layers,"Pulsed gas analysis
Owner: PSI:Jens Eller  (Pierre Boillat)
Task: T2.4
Maturity: established method
Documentation: 
Range of validity or processability: unkonwn
internal key: Pulsed gas analysis0",CCM; Cell polarization curve; GDL; MEA pressure dependent O2 transport resistance; MEA pressure independent O2 transport resistance; Pulsed gas analysis test protocol,reviewed_decode_anchor,reviewed_decode,https://w3id.org/h2kg/decode/workflow/anchor/pulsed-gas-analysis-method,https://w3id.org/h2kg/hydrogen-ontology#Process,Process,workflow_or_analysis,reviewed_structural,DECODE-specific concept retained as a stable reviewed anchor. Its source topology is preserved; no H2KG synonym or new public term was asserted.,"[{""iri"": ""https://w3id.org/h2kg/hydrogen-ontology#XPSAnalysisArea"", ""label"": ""XPS Analysis Area"", ""score"": 0.722}, {""iri"": ""https://w3id.org/h2kg/hydrogen-ontology#ResidualRate"", ""label"": ""Residual Rate"", ""score"": 0.667}, {""iri"": ""https://w3id.org/h2kg/hydrogen-ontology#ImageAnalysisPoreMeasurement"", ""label"": ""Image Analysis Pore Measurement"", ""score"": 0.636}]"
https://w3id.org/h2kg/decode/workflow/concept/pulsed-gas-analysis-test-protocol-device,Pulsed gas analysis test protocol,device,device,1,pulsed-gas-analysis,"Pulsed gas analysis test protocol
internal key: Pulsed gas analysis test protocol: device",Pulsed gas analysis,reviewed_decode_anchor,reviewed_decode,https://w3id.org/h2kg/decode/workflow/anchor/pulsed-gas-analysis-test-protocol-device,https://w3id.org/h2kg/hydrogen-ontology#Process,Process,workflow_or_analysis,reviewed_structural,DECODE-specific concept retained as a stable reviewed anchor. Its source topology is preserved; no H2KG synonym or new public term was asserted.,"[{""iri"": ""https://w3id.org/h2kg/hydrogen-ontology#TafelSlopeStepAnalysis"", ""label"": ""Tafel Slope Step Analysis"", ""score"": 0.604}, {""iri"": ""https://w3id.org/h2kg/hydrogen-ontology#XPSAnalysisArea"", ""label"": ""XPS Analysis Area"", ""score"": 0.588}, {""iri"": ""https://w3id.org/h2kg/hydrogen-ontology#ProtocolSpecification"", ""label"": ""Protocol Specification"", ""score"": 0.565}]"
https://w3id.org/h2kg/decode/workflow/concept/ratio-of-proton-conductivity-and-saturation-component,Ratio of proton conductivity and saturation,component,component,2,iet-1d-mea-with-water-transport-eis-model; iet-1d-mea-with-water-transport-in-ccl-eis-model,"Ratio of proton conductivity and saturation
internal key: Ratio of proton conductivity and saturation: component",IET 1D MEA with water transport EIS model; IET 1D MEA with water transport in CCL EIS model,reviewed_decode_anchor,reviewed_decode,https://w3id.org/h2kg/decode/workflow/anchor/ratio-of-proton-conductivity-and-saturation-component,https://w3id.org/h2kg/hydrogen-ontology#Parameter,Parameter,operating_or_geometric_parameter,reviewed_structural,DECODE-specific concept retained as a stable reviewed anchor. Its source topology is preserved; no H2KG synonym or new public term was asserted.,"[{""iri"": ""https://w3id.org/h2kg/hydrogen-ontology#RelativeProtonConductivityCoefficientLowRIC"", ""label"": ""Relative Proton Conductivity Coefficient Low RIC"", ""score"": 0.681}, {""iri"": ""https://w3id.org/h2kg/hydrogen-ontology#RelativeProtonConductivity"", ""label"": ""Relative Proton Conductivity"", ""score"": 0.676}, {""iri"": ""https://w3id.org/h2kg/hydrogen-ontology#RelativeProtonConductivityExponentRICLow"", ""label"": ""Relative Proton Conductivity Exponent RIC Low"", ""score"": 0.659}]"
https://w3id.org/h2kg/decode/workflow/concept/rde-cv-component,RDE CV,component,component,1,model-electrochemistry-in-a-rde-cell,"RDE CV
internal key: RDE CV: component",Model Electrochemistry in a RDE Cell,reviewed_decode_anchor,reviewed_decode,https://w3id.org/h2kg/decode/workflow/anchor/rde-cv-component,https://w3id.org/h2kg/hydrogen-ontology#Data,Data,data_product,reviewed_structural,DECODE-specific concept retained as a stable reviewed anchor. Its source topology is preserved; no H2KG synonym or new public term was asserted.,"[{""iri"": ""https://w3id.org/h2kg/hydrogen-ontology#RotatingDiskElectrodeSystem"", ""label"": ""Rotating Disk Electrode System"", ""score"": 0.667}, {""iri"": ""https://w3id.org/h2kg/hydrogen-ontology#ChargeTransferResistance"", ""label"": ""Charge Transfer Resistance"", ""score"": 0.6}, {""iri"": ""https://w3id.org/h2kg/hydrogen-ontology#CellActiveArea"", ""label"": ""Cell Active Area"", ""score"": 0.588}]"
https://w3id.org/h2kg/decode/workflow/concept/rde-diffusion-current-component,RDE diffusion current,component,component,1,model-electrochemistry-in-a-rde-cell,"RDE diffusion current
internal key: RDE diffusion current: component",Model Electrochemistry in a RDE Cell,reviewed_decode_anchor,reviewed_decode,https://w3id.org/h2kg/decode/workflow/anchor/rde-diffusion-current-component,https://w3id.org/h2kg/hydrogen-ontology#Property,Property,physical_or_derived_property,reviewed_structural,DECODE-specific concept retained as a stable reviewed anchor. Its source topology is preserved; no H2KG synonym or new public term was asserted.,"[{""iri"": ""https://w3id.org/h2kg/hydrogen-ontology#TriiodideDiffusionCoefficient"", ""label"": ""Triiodide Diffusion Coefficient"", ""score"": 0.692}, {""iri"": ""https://w3id.org/h2kg/hydrogen-ontology#ReductionPeakCurrent"", ""label"": ""Reduction Peak Current"", ""score"": 0.684}, {""iri"": ""https://w3id.org/h2kg/hydrogen-ontology#WaterDiffusionCoefficient"", ""label"": ""Water Diffusion Coefficient"", ""score"": 0.667}]"
https://w3id.org/h2kg/decode/workflow/concept/rde-ecsa-component,RDE ECSA,component,component,1,model-electrochemistry-in-a-rde-cell,"RDE ECSA
internal key: RDE ECSA: component",Model Electrochemistry in a RDE Cell,reviewed_decode_anchor,reviewed_decode,https://w3id.org/h2kg/decode/workflow/anchor/rde-ecsa-component,https://w3id.org/h2kg/hydrogen-ontology#Matter,Matter,component_category_default,reviewed_structural,DECODE-specific concept retained as a stable reviewed anchor. Its source topology is preserved; no H2KG synonym or new public term was asserted.,"[{""iri"": ""https://w3id.org/h2kg/hydrogen-ontology#CurrentDensityDecayRate"", ""label"": ""Current Density Decay Rate"", ""score"": 0.667}, {""iri"": ""https://w3id.org/h2kg/hydrogen-ontology#ElectrochemicallyActiveSurfaceArea"", ""label"": ""Electrochemically Active Surface Area"", ""score"": 0.667}, {""iri"": ""https://w3id.org/h2kg/hydrogen-ontology#PtChemicalSurfaceArea"", ""label"": ""Pt Chemical Surface Area"", ""score"": 0.667}]"
https://w3id.org/h2kg/decode/workflow/concept/rde-eis-component,RDE EIS,component,component,1,transmission-line-model-fitting-of-cl-eis-patterns-for-components-distribution,"RDE EIS
internal key: RDE EIS: component",Transmission Line Model Fitting of CL EIS patterns for components distribution,reviewed_decode_anchor,reviewed_decode,https://w3id.org/h2kg/decode/workflow/anchor/rde-eis-component,https://w3id.org/h2kg/hydrogen-ontology#Data,Data,data_product,reviewed_structural,DECODE-specific concept retained as a stable reviewed anchor. Its source topology is preserved; no H2KG synonym or new public term was asserted.,"[{""iri"": ""https://w3id.org/h2kg/hydrogen-ontology#ExchangeCurrentDensity"", ""label"": ""Exchange Current Density"", ""score"": 0.667}, {""iri"": ""https://w3id.org/h2kg/hydrogen-ontology#ElectrochemicalImpedanceSpectroscopyGalvanostatic"", ""label"": ""Electrochemical Impedance Spectroscopy Galvanostatic"", ""score"": 0.6}, {""iri"": ""https://w3id.org/h2kg/hydrogen-ontology#ElectrochemicalImpedanceSpectroscopyPotentiostatic"", ""label"": ""Electrochemical Impedance Spectroscopy Potentiostatic"", ""score"": 0.6}]"
https://w3id.org/h2kg/decode/workflow/concept/rde-eis-catalyst-free-component,RDE EIS (catalyst-free),component,component,1,transmission-line-model-fitting-of-cl-eis-patterns-for-components-distribution,"RDE EIS (catalyst-free)
internal key: RDE EIS (catalyst-free): component",Transmission Line Model Fitting of CL EIS patterns for components distribution,reviewed_decode_anchor,reviewed_decode,https://w3id.org/h2kg/decode/workflow/anchor/rde-eis-catalyst-free-component,https://w3id.org/h2kg/hydrogen-ontology#Data,Data,data_product,reviewed_structural,DECODE-specific concept retained as a stable reviewed anchor. Its source topology is preserved; no H2KG synonym or new public term was asserted.,"[{""iri"": ""https://w3id.org/h2kg/hydrogen-ontology#FeNCCatalyst"", ""label"": ""Fe NC Catalyst"", ""score"": 0.737}, {""iri"": ""https://w3id.org/h2kg/hydrogen-ontology#NSPCNFsCatalyst"", ""label"": ""NSPCN Fs Catalyst"", ""score"": 0.714}, {""iri"": ""https://w3id.org/h2kg/hydrogen-ontology#PrintedFerritinPreCatalystPattern"", ""label"": ""Printed Ferritin Pre Catalyst Pattern"", ""score"": 0.683}]"
https://w3id.org/h2kg/decode/workflow/concept/rde-eis-ionomer-free-component,RDE EIS (ionomer-free),component,component,1,transmission-line-model-fitting-of-cl-eis-patterns-for-components-distribution,"RDE EIS (ionomer-free)
internal key: RDE EIS (ionomer-free): component",Transmission Line Model Fitting of CL EIS patterns for components distribution,reviewed_decode_anchor,reviewed_decode,https://w3id.org/h2kg/decode/workflow/anchor/rde-eis-ionomer-free-component,https://w3id.org/h2kg/hydrogen-ontology#Data,Data,data_product,reviewed_structural,DECODE-specific concept retained as a stable reviewed anchor. Its source topology is preserved; no H2KG synonym or new public term was asserted.,"[{""iri"": ""https://w3id.org/h2kg/hydrogen-ontology#IonomerConnectedElectrochemicallyActiveSurfaceArea"", ""label"": ""Ionomer Connected Electrochemically Active Surface Area"", ""score"": 0.625}, {""iri"": ""https://w3id.org/h2kg/hydrogen-ontology#IonomerOxygenTransportResistanceComponent"", ""label"": ""Ionomer Oxygen Transport Resistance Component"", ""score"": 0.621}, {""iri"": ""https://w3id.org/h2kg/hydrogen-ontology#IonomerAggregateDiameter"", ""label"": ""Ionomer Aggregate Diameter"", ""score"": 0.619}]"
https://w3id.org/h2kg/decode/workflow/concept/rde-eis-nanostructured-component,RDE EIS (nanostructured),component,component,1,eis-on-nanostructured-electrodes,"RDE EIS (nanostructured)
internal key: RDE EIS (nanostructured): component",EIS on nanostructured electrodes,reviewed_decode_anchor,reviewed_decode,https://w3id.org/h2kg/decode/workflow/anchor/rde-eis-nanostructured-component,https://w3id.org/h2kg/hydrogen-ontology#Data,Data,data_product,reviewed_structural,DECODE-specific concept retained as a stable reviewed anchor. Its source topology is preserved; no H2KG synonym or new public term was asserted.,"[{""iri"": ""https://w3id.org/h2kg/hydrogen-ontology#NiFe2O4Nanostructure"", ""label"": ""Ni Fe 2 O 4 Nanostructure"", ""score"": 0.681}, {""iri"": ""https://w3id.org/h2kg/hydrogen-ontology#BiomimeticVeinStructure"", ""label"": ""Biomimetic Vein Structure"", ""score"": 0.634}, {""iri"": ""https://w3id.org/h2kg/hydrogen-ontology#LatticeStructureSize"", ""label"": ""Lattice Structure Size"", ""score"": 0.611}]"
https://w3id.org/h2kg/decode/workflow/concept/rde-electrochemical-protocol-component,RDE electrochemical protocol,component,component,7,fitting-version-of-the-hierachical-model; rde-on-mono-or-polycrystalline-electrodes; rde-on-nanostructured-electrodes; rde-simulation-in-comsol; rrde-on-model-electrodes-in-acidic-solutions; rrde-on-model-electrodes-in-alkaline-solutions; rrde-simulation-in-comsol,"RDE electrochemical protocol
internal key: RDE electrochemical protocol: component",Fitting Version of the Hierachical Model; RDE on mono- or polycrystalline electrodes; RDE on nanostructured electrodes; RDE simulation in COMSOL; RRDE on model electrodes in acidic solutions; RRDE on model electrodes in alkaline solutions; RRDE simulation in COMSOL,reviewed_decode_anchor,reviewed_decode,https://w3id.org/h2kg/decode/workflow/anchor/rde-electrochemical-protocol-component,https://w3id.org/h2kg/hydrogen-ontology#Process,Process,workflow_or_analysis,reviewed_structural,DECODE-specific concept retained as a stable reviewed anchor. Its source topology is preserved; no H2KG synonym or new public term was asserted.,"[{""iri"": ""https://w3id.org/h2kg/hydrogen-ontology#ElectrochemicalWorkstation"", ""label"": ""Electrochemical Workstation"", ""score"": 0.691}, {""iri"": ""https://w3id.org/h2kg/hydrogen-ontology#ElectrochemicalImpedanceSpectroscopyPotentiostatic"", ""label"": ""Electrochemical Impedance Spectroscopy Potentiostatic"", ""score"": 0.636}, {""iri"": ""https://w3id.org/h2kg/hydrogen-ontology#ElectrochemicalReactionSimulation"", ""label"": ""Electrochemical Reaction Simulation"", ""score"": 0.635}]"
https://w3id.org/h2kg/decode/workflow/concept/rde-electrochemical-response-idealized-lre,RDE electrochemical response (idealized),LRE,device,9,adsorbate-surface-diffusion-on-electrocatalyst-support; diffusion-theory; fitting-version-of-the-hierachical-model; rde-on-mono-or-polycrystalline-electrodes; rde-simulation-in-comsol; rrde-on-model-electrodes-in-acidic-solutions; rrde-on-model-electrodes-in-alkaline-solutions; rrde-simulation-in-comsol; rrde-theory,"RDE electrochemical response (idealized)
internal key: RDE electrochemical response (idealized): LRE",Adsorbate Surface Diffusion on Electrocatalyst Support; Diffusion Theory; Fitting Version of the Hierachical Model; RDE on mono- or polycrystalline electrodes; RDE simulation in COMSOL; RRDE Theory; RRDE on model electrodes in acidic solutions; RRDE on model electrodes in alkaline solutions; RRDE simulation in COMSOL,reviewed_decode_anchor,reviewed_decode,https://w3id.org/h2kg/decode/workflow/anchor/rde-electrochemical-response-idealized-lre,https://w3id.org/h2kg/hydrogen-ontology#Data,Data,data_product,reviewed_structural,DECODE-specific concept retained as a stable reviewed anchor. Its source topology is preserved; no H2KG synonym or new public term was asserted.,"[{""iri"": ""https://w3id.org/h2kg/hydrogen-ontology#ElectrochemicalImpedanceSpectroscopyPotentiostatic"", ""label"": ""Electrochemical Impedance Spectroscopy Potentiostatic"", ""score"": 0.658}, {""iri"": ""https://w3id.org/h2kg/hydrogen-ontology#ElectrochemicalReactionSimulation"", ""label"": ""Electrochemical Reaction Simulation"", ""score"": 0.63}, {""iri"": ""https://w3id.org/h2kg/hydrogen-ontology#ElectrochemicalWorkstation"", ""label"": ""Electrochemical Workstation"", ""score"": 0.629}]"
https://w3id.org/h2kg/decode/workflow/concept/rde-electrochemical-response-nanostructured-component,RDE electrochemical response (nanostructured),component,component,1,rde-on-nanostructured-electrodes,"RDE electrochemical response (nanostructured)
internal key: RDE electrochemical response (nanostructured): component",RDE on nanostructured electrodes,reviewed_decode_anchor,reviewed_decode,https://w3id.org/h2kg/decode/workflow/anchor/rde-electrochemical-response-nanostructured-component,https://w3id.org/h2kg/hydrogen-ontology#Data,Data,data_product,reviewed_structural,DECODE-specific concept retained as a stable reviewed anchor. Its source topology is preserved; no H2KG synonym or new public term was asserted.,"[{""iri"": ""https://w3id.org/h2kg/hydrogen-ontology#ElectrochemicalImpedanceSpectroscopyGalvanostatic"", ""label"": ""Electrochemical Impedance Spectroscopy Galvanostatic"", ""score"": 0.632}, {""iri"": ""https://w3id.org/h2kg/hydrogen-ontology#ElectrochemicalWorkstation"", ""label"": ""Electrochemical Workstation"", ""score"": 0.629}, {""iri"": ""https://w3id.org/h2kg/hydrogen-ontology#ElectrochemicalImpedanceSpectroscopyPotentiostatic"", ""label"": ""Electrochemical Impedance Spectroscopy Potentiostatic"", ""score"": 0.617}]"
https://w3id.org/h2kg/decode/workflow/concept/rde-electrode-nanostructured-component,RDE electrode (nanostructured),component,component,4,accelerated-stress-test-ast-on-nanostructured-electrodes; dropcasted-ink-on-gc-tips; eis-on-nanostructured-electrodes; rde-on-nanostructured-electrodes,"RDE electrode (nanostructured)
internal key: RDE electrode (nanostructured): component",Accelerated Stress Test (AST) on Nanostructured Electrodes; Dropcasted Ink on GC Tips; EIS on nanostructured electrodes; RDE on nanostructured electrodes,reviewed_decode_anchor,reviewed_decode,https://w3id.org/h2kg/decode/workflow/anchor/rde-electrode-nanostructured-component,https://w3id.org/h2kg/hydrogen-ontology#Property,Property,physical_or_derived_property,reviewed_structural,DECODE-specific concept retained as a stable reviewed anchor. Its source topology is preserved; no H2KG synonym or new public term was asserted.,"[{""iri"": ""https://w3id.org/h2kg/hydrogen-ontology#ElectrodeSubstrate"", ""label"": ""Electrode Substrate"", ""score"": 0.638}, {""iri"": ""https://w3id.org/h2kg/hydrogen-ontology#ElectronTransferNumber"", ""label"": ""Electron Transfer Number"", ""score"": 0.627}, {""iri"": ""https://w3id.org/h2kg/hydrogen-ontology#AmorphousCarbonDeposit"", ""label"": ""Amorphous Carbon Deposit"", ""score"": 0.618}]"
https://w3id.org/h2kg/decode/workflow/concept/rde-electrode-geometry-device,RDE electrode geometry,device,device,1,rde-simulation-in-comsol,"RDE electrode geometry
internal key: RDE electrode geometry: device",RDE simulation in COMSOL,reviewed_decode_anchor,reviewed_decode,https://w3id.org/h2kg/decode/workflow/anchor/rde-electrode-geometry-device,https://w3id.org/h2kg/hydrogen-ontology#Parameter,Parameter,operating_or_geometric_parameter,reviewed_structural,DECODE-specific concept retained as a stable reviewed anchor. Its source topology is preserved; no H2KG synonym or new public term was asserted.,"[{""iri"": ""https://w3id.org/h2kg/hydrogen-ontology#PrintedGoldElectrode"", ""label"": ""Printed Gold Electrode"", ""score"": 0.722}, {""iri"": ""https://w3id.org/h2kg/hydrogen-ontology#ElectrodeSideLength"", ""label"": ""Electrode Side Length"", ""score"": 0.698}, {""iri"": ""https://w3id.org/h2kg/hydrogen-ontology#ElectrosprayedCatalystLayer"", ""label"": ""Electrosprayed Catalyst Layer"", ""score"": 0.696}]"
https://w3id.org/h2kg/decode/workflow/concept/rde-electrode-kinetic-parameters-material,RDE electrode kinetic parameters,material,material,2,rde-simulation-in-comsol; rrde-simulation-in-comsol,"RDE electrode kinetic parameters
internal key: RDE electrode kinetic parameters: material",RDE simulation in COMSOL; RRDE simulation in COMSOL,reviewed_decode_anchor,reviewed_decode,https://w3id.org/h2kg/decode/workflow/anchor/rde-electrode-kinetic-parameters-material,https://w3id.org/h2kg/hydrogen-ontology#Property,Property,rde_kinetic_parameters_are_property,reviewed_structural,DECODE-specific concept retained as a stable reviewed anchor. Its source topology is preserved; no H2KG synonym or new public term was asserted.,"[{""iri"": ""https://w3id.org/h2kg/hydrogen-ontology#ZetaPotential"", ""label"": ""Zeta Potential"", ""score"": 0.643}, {""iri"": ""https://w3id.org/h2kg/hydrogen-ontology#InterdigitatedElectrodeArray"", ""label"": ""Interdigitated Electrode Array"", ""score"": 0.632}, {""iri"": ""https://w3id.org/h2kg/hydrogen-ontology#LatticeParameter"", ""label"": ""Lattice Parameter"", ""score"": 0.612}]"
https://w3id.org/h2kg/decode/workflow/concept/rde-kinetic-current-component,RDE kinetic current,component,component,1,model-electrochemistry-in-a-rde-cell,"RDE kinetic current
internal key: RDE kinetic current: component",Model Electrochemistry in a RDE Cell,reviewed_decode_anchor,reviewed_decode,https://w3id.org/h2kg/decode/workflow/anchor/rde-kinetic-current-component,https://w3id.org/h2kg/hydrogen-ontology#Property,Property,physical_or_derived_property,reviewed_structural,DECODE-specific concept retained as a stable reviewed anchor. Its source topology is preserved; no H2KG synonym or new public term was asserted.,"[{""iri"": ""https://w3id.org/h2kg/hydrogen-ontology#KineticCurrent"", ""label"": ""Kinetic Current"", ""score"": 0.882}, {""iri"": ""https://w3id.org/h2kg/hydrogen-ontology#CurrentDensityDecayRate"", ""label"": ""Current Density Decay Rate"", ""score"": 0.703}, {""iri"": ""https://w3id.org/h2kg/hydrogen-ontology#CurrentInterruptHFRMeasurement"", ""label"": ""Current-Interrupt HFR Measurement"", ""score"": 0.667}]"
https://w3id.org/h2kg/decode/workflow/concept/rde-local-ph-component,RDE local pH,component,component,1,rotating-ring-disk-electrode-rrde,"RDE local pH
internal key: RDE local pH: component",Rotating Ring Disk Electrode (RRDE),reviewed_decode_anchor,reviewed_decode,https://w3id.org/h2kg/decode/workflow/anchor/rde-local-ph-component,https://w3id.org/h2kg/hydrogen-ontology#Property,Property,physical_or_derived_property,reviewed_structural,DECODE-specific concept retained as a stable reviewed anchor. Its source topology is preserved; no H2KG synonym or new public term was asserted.,"[{""iri"": ""https://w3id.org/h2kg/hydrogen-ontology#LocalGasTransportResistance"", ""label"": ""Local Gas Transport Resistance"", ""score"": 0.737}, {""iri"": ""https://w3id.org/h2kg/hydrogen-ontology#PtRuOnCarbonCatalyst"", ""label"": ""Pt Ru On Carbon Catalyst"", ""score"": 0.562}, {""iri"": ""https://w3id.org/h2kg/hydrogen-ontology#CatalystLoading"", ""label"": ""Catalyst Loading"", ""score"": 0.552}]"
https://w3id.org/h2kg/decode/workflow/concept/rde-monocrystalline-electrode-material,RDE monocrystalline electrode,material,material,3,rde-on-mono-or-polycrystalline-electrodes; rrde-on-model-electrodes-in-acidic-solutions; rrde-on-model-electrodes-in-alkaline-solutions,"RDE monocrystalline electrode
internal key: RDE monocrystalline electrode: material",RDE on mono- or polycrystalline electrodes; RRDE on model electrodes in acidic solutions; RRDE on model electrodes in alkaline solutions,reviewed_decode_anchor,reviewed_decode,https://w3id.org/h2kg/decode/workflow/anchor/rde-monocrystalline-electrode-material,https://w3id.org/h2kg/hydrogen-ontology#Instrument,Instrument,apparatus_or_electrode,reviewed_structural,DECODE-specific concept retained as a stable reviewed anchor. Its source topology is preserved; no H2KG synonym or new public term was asserted.,"[{""iri"": ""https://w3id.org/h2kg/hydrogen-ontology#SHE"", ""label"": ""SHE"", ""score"": 0.643}, {""iri"": ""https://w3id.org/h2kg/hydrogen-ontology#RingPotential"", ""label"": ""Ring Potential"", ""score"": 0.642}, {""iri"": ""https://w3id.org/h2kg/hydrogen-ontology#PrintedGoldElectrode"", ""label"": ""Printed Gold Electrode"", ""score"": 0.627}]"
https://w3id.org/h2kg/decode/workflow/concept/rde-on-mono-or-polycrystalline-electrodes-method,RDE on mono- or polycrystalline electrodes,,method,10,adsorbate-surface-diffusion-on-electrocatalyst-support; diffusion-theory; fitting-version-of-the-hierachical-model; rde-on-mono-or-polycrystalline-electrodes; rrde-theory,"RDE on mono- or polycrystalline electrodes
Owner: ULEI:Karen van den Akker
Task: T1.2
Maturity: established method
Documentation: 
Range of validity or processability: unkonwn
internal key: RDE on mono- or polycrystalline electrodes0; RDE on mono- or polycrystalline electrodes
Owner: ULEI:Karen van den Akker
Task: T1.2
Maturity: established method
Documentation: 
Range of validity or processability: unkonwn
internal key: RDE on mono- or polycrystalline electrodes1",Electrolyte; RDE electrochemical protocol; RDE electrochemical response (idealized); RDE monocrystalline electrode; RDE polycrystalline electrode; RDE rotation rate; RDE temperature,reviewed_decode_anchor,reviewed_decode,https://w3id.org/h2kg/decode/workflow/anchor/rde-on-mono-or-polycrystalline-electrodes-method,https://w3id.org/h2kg/hydrogen-ontology#Measurement,Measurement,rde_monopoly_measurement_is_measurement,reviewed_structural,DECODE-specific concept retained as a stable reviewed anchor. Its source topology is preserved; no H2KG synonym or new public term was asserted.,"[{""iri"": ""https://w3id.org/h2kg/hydrogen-ontology#PrintedGoldElectrode"", ""label"": ""Printed Gold Electrode"", ""score"": 0.571}, {""iri"": ""https://w3id.org/h2kg/hydrogen-ontology#SHE"", ""label"": ""SHE"", ""score"": 0.559}]"
https://w3id.org/h2kg/decode/workflow/concept/rde-on-nanostructured-electrodes-method,RDE on nanostructured electrodes,,method,2,dropcasted-ink-on-gc-tips; rde-on-nanostructured-electrodes,"RDE on nanostructured electrodes
Owner: ICPEES@CNRS/Unistra:Elena Savinova, Emiliana Fabbri, Tim Welmers
Task: T1.3
Maturity: unknown
Documentation: doi.org/10.1016/j.electacta.2007.11.057doi.org/10.1016/B978-0-444-63278-4.00007-0
Range of validity or processability: 
Valid for the oxygen reactions (OER/ORR) owing to thier slow kinetics, indepently of acidic/alkaline) and for all reactions when using non-Pt (i.e., slow kinetics systems). Design of the cell/choice of the reference/counter electrode has to be considered when moving from an acidic to alkaline pH range.
internal key: RDE on nanostructured electrodes0",Electrolyte; RDE electrochemical protocol; RDE electrochemical response (nanostructured); RDE electrode (nanostructured); RDE rotation rate; RDE temperature,reviewed_decode_anchor,reviewed_decode,https://w3id.org/h2kg/decode/workflow/anchor/rde-on-nanostructured-electrodes-method,https://w3id.org/h2kg/hydrogen-ontology#Property,Property,physical_or_derived_property,reviewed_structural,DECODE-specific concept retained as a stable reviewed anchor. Its source topology is preserved; no H2KG synonym or new public term was asserted.,"[{""iri"": ""https://w3id.org/h2kg/hydrogen-ontology#NiFe2O4Nanostructure"", ""label"": ""Ni Fe 2 O 4 Nanostructure"", ""score"": 0.632}, {""iri"": ""https://w3id.org/h2kg/hydrogen-ontology#ElectronTransferNumber"", ""label"": ""Electron Transfer Number"", ""score"": 0.618}, {""iri"": ""https://w3id.org/h2kg/hydrogen-ontology#AmorphousCarbonDeposit"", ""label"": ""Amorphous Carbon Deposit"", ""score"": 0.61}]"
https://w3id.org/h2kg/decode/workflow/concept/rde-polarization-curve-component,RDE polarization curve,component,component,1,rotating-ring-disk-electrode-rrde,"RDE polarization curve
internal key: RDE polarization curve: component",Rotating Ring Disk Electrode (RRDE),reviewed_decode_anchor,reviewed_decode,https://w3id.org/h2kg/decode/workflow/anchor/rde-polarization-curve-component,https://w3id.org/h2kg/hydrogen-ontology#Data,Data,data_product,reviewed_structural,DECODE-specific concept retained as a stable reviewed anchor. Its source topology is preserved; no H2KG synonym or new public term was asserted.,"[{""iri"": ""https://w3id.org/h2kg/hydrogen-ontology#PolarizationCurveDataset"", ""label"": ""Polarization Curve Dataset"", ""score"": 0.8}, {""iri"": ""https://w3id.org/h2kg/hydrogen-ontology#FuelCellPolarizationMeasurement"", ""label"": ""Fuel Cell Polarization Measurement"", ""score"": 0.769}, {""iri"": ""https://w3id.org/h2kg/hydrogen-ontology#PolarizationCurveFitting"", ""label"": ""Polarization Curve Fitting"", ""score"": 0.75}]"
https://w3id.org/h2kg/decode/workflow/concept/rde-polycrystalline-electrode-material,RDE polycrystalline electrode,material,material,3,rde-on-mono-or-polycrystalline-electrodes; rrde-on-model-electrodes-in-acidic-solutions; rrde-on-model-electrodes-in-alkaline-solutions,"RDE polycrystalline electrode
internal key: RDE polycrystalline electrode: material",RDE on mono- or polycrystalline electrodes; RRDE on model electrodes in acidic solutions; RRDE on model electrodes in alkaline solutions,reviewed_decode_anchor,reviewed_decode,https://w3id.org/h2kg/decode/workflow/anchor/rde-polycrystalline-electrode-material,https://w3id.org/h2kg/hydrogen-ontology#Instrument,Instrument,apparatus_or_electrode,reviewed_structural,DECODE-specific concept retained as a stable reviewed anchor. Its source topology is preserved; no H2KG synonym or new public term was asserted.,"[{""iri"": ""https://w3id.org/h2kg/hydrogen-ontology#PrintedGoldElectrode"", ""label"": ""Printed Gold Electrode"", ""score"": 0.667}, {""iri"": ""https://w3id.org/h2kg/hydrogen-ontology#SHE"", ""label"": ""SHE"", ""score"": 0.643}, {""iri"": ""https://w3id.org/h2kg/hydrogen-ontology#ElectrosprayedCatalystLayer"", ""label"": ""Electrosprayed Catalyst Layer"", ""score"": 0.642}]"
https://w3id.org/h2kg/decode/workflow/concept/rde-rotation-rate-component,RDE rotation rate,component,component,8,diffusion-theory; rde-on-mono-or-polycrystalline-electrodes; rde-on-nanostructured-electrodes; rde-simulation-in-comsol; rrde-on-model-electrodes-in-acidic-solutions; rrde-on-model-electrodes-in-alkaline-solutions; rrde-simulation-in-comsol; rrde-theory,"RDE rotation rate
internal key: RDE rotation rate: component",Diffusion Theory; RDE on mono- or polycrystalline electrodes; RDE on nanostructured electrodes; RDE simulation in COMSOL; RRDE Theory; RRDE on model electrodes in acidic solutions; RRDE on model electrodes in alkaline solutions; RRDE simulation in COMSOL,reviewed_decode_anchor,reviewed_decode,https://w3id.org/h2kg/decode/workflow/anchor/rde-rotation-rate-component,https://w3id.org/h2kg/hydrogen-ontology#Parameter,Parameter,operating_or_geometric_parameter,reviewed_structural,DECODE-specific concept retained as a stable reviewed anchor. Its source topology is preserved; no H2KG synonym or new public term was asserted.,"[{""iri"": ""https://w3id.org/h2kg/hydrogen-ontology#RotationRate"", ""label"": ""Rotation Rate"", ""score"": 0.867}, {""iri"": ""https://w3id.org/h2kg/hydrogen-ontology#RetractionRate"", ""label"": ""Retraction Rate"", ""score"": 0.812}, {""iri"": ""https://w3id.org/h2kg/hydrogen-ontology#LaserRepetitionRate"", ""label"": ""Laser Repetition Rate"", ""score"": 0.75}]"
https://w3id.org/h2kg/decode/workflow/concept/rde-simulation-in-comsol-model,RDE simulation in COMSOL,,model,5,adsorbate-surface-diffusion-on-electrocatalyst-support; diffusion-theory; fitting-version-of-the-hierachical-model; rde-simulation-in-comsol; rrde-theory,"RDE simulation in COMSOL
Owner: ULEI:Katie Levey
Task: T1.2
Maturity: under development
Documentation: 
Range of validity or processability: 
Generally limited by the continuum PNP model to lower concentration below ~ 1 M
internal key: RDE simulation in COMSOL0",Electrolyte composition; LRE pH distribution (idealized); RDE electrochemical protocol; RDE electrochemical response (idealized); RDE electrode geometry; RDE electrode kinetic parameters; RDE rotation rate; RDE species distribution (idealized); RDE temperature,reviewed_decode_anchor,reviewed_decode,https://w3id.org/h2kg/decode/workflow/anchor/rde-simulation-in-comsol-model,https://w3id.org/h2kg/hydrogen-ontology#Process,Process,workflow_or_analysis,reviewed_structural,DECODE-specific concept retained as a stable reviewed anchor. Its source topology is preserved; no H2KG synonym or new public term was asserted.,"[{""iri"": ""https://w3id.org/h2kg/hydrogen-ontology#MolecularDynamicsSimulation"", ""label"": ""Molecular Dynamics Simulation"", ""score"": 0.703}, {""iri"": ""https://w3id.org/h2kg/hydrogen-ontology#SimulationParticleCount"", ""label"": ""Simulation Particle Count"", ""score"": 0.694}, {""iri"": ""https://w3id.org/h2kg/hydrogen-ontology#DiscreteElementMethodPackingSimulation"", ""label"": ""Discrete Element Method Packing Simulation"", ""score"": 0.684}]"
https://w3id.org/h2kg/decode/workflow/concept/rde-species-distribution-idealized-lre,RDE species distribution (idealized),LRE,device,2,rde-simulation-in-comsol; rrde-simulation-in-comsol,"RDE species distribution (idealized)
internal key: RDE species distribution (idealized): LRE",RDE simulation in COMSOL; RRDE simulation in COMSOL,reviewed_decode_anchor,reviewed_decode,https://w3id.org/h2kg/decode/workflow/anchor/rde-species-distribution-idealized-lre,https://w3id.org/h2kg/hydrogen-ontology#Data,Data,data_product,reviewed_structural,DECODE-specific concept retained as a stable reviewed anchor. Its source topology is preserved; no H2KG synonym or new public term was asserted.,"[{""iri"": ""https://w3id.org/h2kg/hydrogen-ontology#PoreSizeDistributionPeakDiameter"", ""label"": ""Pore Size Distribution Peak Diameter"", ""score"": 0.721}, {""iri"": ""https://w3id.org/h2kg/hydrogen-ontology#PoreSizeDistribution"", ""label"": ""Pore Size Distribution"", ""score"": 0.679}, {""iri"": ""https://w3id.org/h2kg/hydrogen-ontology#PoreSizeDistributionDataset"", ""label"": ""Pore Size Distribution Dataset"", ""score"": 0.679}]"
https://w3id.org/h2kg/decode/workflow/concept/rde-temperature-component,RDE temperature,component,component,8,diffusion-theory; rde-on-mono-or-polycrystalline-electrodes; rde-on-nanostructured-electrodes; rde-simulation-in-comsol; rrde-on-model-electrodes-in-acidic-solutions; rrde-on-model-electrodes-in-alkaline-solutions; rrde-simulation-in-comsol; rrde-theory,"RDE temperature
internal key: RDE temperature: component",Diffusion Theory; RDE on mono- or polycrystalline electrodes; RDE on nanostructured electrodes; RDE simulation in COMSOL; RRDE Theory; RRDE on model electrodes in acidic solutions; RRDE on model electrodes in alkaline solutions; RRDE simulation in COMSOL,reviewed_decode_anchor,reviewed_decode,https://w3id.org/h2kg/decode/workflow/anchor/rde-temperature-component,https://w3id.org/h2kg/hydrogen-ontology#Parameter,Parameter,operating_or_geometric_parameter,reviewed_structural,DECODE-specific concept retained as a stable reviewed anchor. Its source topology is preserved; no H2KG synonym or new public term was asserted.,"[{""iri"": ""https://w3id.org/h2kg/hydrogen-ontology#Temperature"", ""label"": ""Temperature"", ""score"": 0.846}, {""iri"": ""https://w3id.org/h2kg/hydrogen-ontology#BakeTemperature"", ""label"": ""Bake Temperature"", ""score"": 0.839}, {""iri"": ""https://w3id.org/h2kg/hydrogen-ontology#CryoUltramicrotomeTemperature"", ""label"": ""Cryo Ultramicrotome Temperature"", ""score"": 0.839}]"
https://w3id.org/h2kg/decode/workflow/concept/reaction-mechanisms-orr-lre,Reaction mechanisms (ORR),LRE,device,2,fitting-version-of-the-hierachical-model; hierarchical-model-for-electrocatalytic-reactions,"Reaction mechanisms (ORR)
internal key: Reaction mechanisms (ORR): LRE",Fitting Version of the Hierachical Model; Hierarchical model for electrocatalytic reactions,reviewed_decode_anchor,reviewed_decode,https://w3id.org/h2kg/decode/workflow/anchor/reaction-mechanisms-orr-lre,https://w3id.org/h2kg/hydrogen-ontology#Process,Process,lre_reaction_mechanism_is_process,reviewed_structural,DECODE-specific concept retained as a stable reviewed anchor. Its source topology is preserved; no H2KG synonym or new public term was asserted.,"[{""iri"": ""https://w3id.org/h2kg/hydrogen-ontology#LigandExchangeProcess"", ""label"": ""Ligand Exchange Process"", ""score"": 0.667}, {""iri"": ""https://w3id.org/h2kg/hydrogen-ontology#ReductionPeakCurrent"", ""label"": ""Reduction Peak Current"", ""score"": 0.636}, {""iri"": ""https://w3id.org/h2kg/hydrogen-ontology#CarbonBlackAggregateAnisotropyRatio"", ""label"": ""Carbon Black Aggregate Anisotropy Ratio"", ""score"": 0.615}]"
https://w3id.org/h2kg/decode/workflow/concept/rheology-method,Rheology,,method,3,ink-preparation-for-deposition-of-catalytic-layers; rheology; roller-mixer-and-zirconia-beads-for-ref-pefc-inks,"Rheology
Owner: FZJ-IET-2:Dominik Dworschak
Task: T.2.1, T2.5
Maturity: established method
Documentation: 
Range of validity or processability: 
no bigger particles involved in suspension
internal key: Rheology0",Catalyst ink; Catalyst ink rheologic properties; Catalyst ink stability,reviewed_decode_anchor,reviewed_decode,https://w3id.org/h2kg/decode/workflow/anchor/rheology-method,https://w3id.org/h2kg/hydrogen-ontology#Measurement,Measurement,method_visual_default,reviewed_structural,DECODE-specific concept retained as a stable reviewed anchor. Its source topology is preserved; no H2KG synonym or new public term was asserted.,"[{""iri"": ""https://w3id.org/h2kg/hydrogen-ontology#RheologyDataset"", ""label"": ""Rheology Dataset"", ""score"": 0.762}, {""iri"": ""https://w3id.org/h2kg/hydrogen-ontology#PrintResolution"", ""label"": ""Print Resolution"", ""score"": 0.571}, {""iri"": ""https://w3id.org/h2kg/hydrogen-ontology#RheologyMeasurement"", ""label"": ""Rheology Measurement"", ""score"": 0.571}]"
https://w3id.org/h2kg/decode/workflow/concept/roller-mixer-and-zirconia-beads-for-ref-pefc-inks-method,Roller mixer and zirconia beads for ref PEFC inks,,method,5,blade-coating-and-decal-transfer-for-ref-pefc-ccm; electrospray-deposition-of-catalyst-layers; rheology; roller-mixer-and-zirconia-beads-for-ref-pefc-inks; turbiscan-transmission-and-backscattering-stability-testing,"Roller mixer and zirconia beads for ref PEFC inks
Owner: CEA:Pierre TOUDRET
Task: T1.4
Maturity: established method
Documentation: 
Range of validity or processability: 

internal key: Roller mixer and zirconia beads for ref PEFC inks0",Catalyst ink; Catalyst ink composition; Catalyst powder; Ionomer; Mixing duration; Mixing speed; Solvent,reviewed_decode_anchor,reviewed_decode,https://w3id.org/h2kg/decode/workflow/anchor/roller-mixer-and-zirconia-beads-for-ref-pefc-inks-method,https://w3id.org/h2kg/hydrogen-ontology#Manufacturing,Manufacturing,roller_mixing_is_manufacturing,reviewed_structural,DECODE-specific concept retained as a stable reviewed anchor. Its source topology is preserved; no H2KG synonym or new public term was asserted.,[]
https://w3id.org/h2kg/decode/workflow/concept/rotating-ring-disk-electrode-rrde-method,Rotating Ring Disk Electrode (RRDE),,method,6,blade-coating-and-decal-transfer-for-ref-pefc-ccm; electrospray-deposition-of-catalyst-layers; image-fib-tomography-dataparameter-extraction-3d; image-parameter-extraction-2d; rotating-ring-disk-electrode-rrde; ultrasonic-spray-deposition-for-catalytic-layers,"Rotating Ring Disk Electrode (RRDE)
Owner: PSI:Emiliana Fabbri, Tim Welmers
Task: T1.3
Maturity: under development
Documentation: doi.org/10.1002/9783527616817.ch810.1021/acs.jpcc.2c01504
Range of validity or processability: 
linear response between pH 2 and 13
internal key: Rotating Ring Disk Electrode (RRDE)0",CCM; Catalyst loading; Catalyst powder; Electrochemical protocol; Electrolyte; Electrolyte composition; Glassy carbon area; I/C-ratio; RDE local pH; RDE polarization curve; RRDE polarization curve (ring),reviewed_decode_anchor,reviewed_decode,https://w3id.org/h2kg/decode/workflow/anchor/rotating-ring-disk-electrode-rrde-method,https://w3id.org/h2kg/hydrogen-ontology#Instrument,Instrument,apparatus_or_electrode,reviewed_structural,DECODE-specific concept retained as a stable reviewed anchor. Its source topology is preserved; no H2KG synonym or new public term was asserted.,"[{""iri"": ""https://w3id.org/h2kg/hydrogen-ontology#RotatingRingDiskVoltammetry"", ""label"": ""Rotating Ring Disk Voltammetry"", ""score"": 0.918}, {""iri"": ""https://w3id.org/h2kg/hydrogen-ontology#RotatingDiskElectrodeSystem"", ""label"": ""Rotating Disk Electrode System"", ""score"": 0.794}, {""iri"": ""https://w3id.org/h2kg/hydrogen-ontology#PressureBondingElectrodePreparation"", ""label"": ""Pressure Bonding Electrode Preparation"", ""score"": 0.648}]"
https://w3id.org/h2kg/decode/workflow/concept/rrde-average-disk-ph-device,RRDE average disk pH,device,device,1,rrde-simulation-in-comsol,"RRDE average disk pH
internal key: RRDE average disk pH: device",RRDE simulation in COMSOL,reviewed_decode_anchor,reviewed_decode,https://w3id.org/h2kg/decode/workflow/anchor/rrde-average-disk-ph-device,https://w3id.org/h2kg/hydrogen-ontology#Property,Property,rrde_disk_ph_is_property,reviewed_structural,DECODE-specific concept retained as a stable reviewed anchor. Its source topology is preserved; no H2KG synonym or new public term was asserted.,"[{""iri"": ""https://w3id.org/h2kg/hydrogen-ontology#AveragePoreDiameter"", ""label"": ""Average Pore Diameter"", ""score"": 0.683}, {""iri"": ""https://w3id.org/h2kg/hydrogen-ontology#CellPressure"", ""label"": ""Cell Pressure"", ""score"": 0.634}, {""iri"": ""https://w3id.org/h2kg/hydrogen-ontology#SurfaceRoughnessRa"", ""label"": ""Surface Roughness Ra"", ""score"": 0.6}]"
https://w3id.org/h2kg/decode/workflow/concept/rrde-average-ring-ph-device,RRDE average ring pH,device,device,1,rrde-simulation-in-comsol,"RRDE average ring pH
internal key: RRDE average ring pH: device",RRDE simulation in COMSOL,reviewed_decode_anchor,reviewed_decode,https://w3id.org/h2kg/decode/workflow/anchor/rrde-average-ring-ph-device,https://w3id.org/h2kg/hydrogen-ontology#Property,Property,rrde_ring_ph_is_property,reviewed_structural,DECODE-specific concept retained as a stable reviewed anchor. Its source topology is preserved; no H2KG synonym or new public term was asserted.,"[{""iri"": ""https://w3id.org/h2kg/hydrogen-ontology#AveragePoreDiameter"", ""label"": ""Average Pore Diameter"", ""score"": 0.649}, {""iri"": ""https://w3id.org/h2kg/hydrogen-ontology#AveragePoreSize"", ""label"": ""Average Pore Size"", ""score"": 0.649}, {""iri"": ""https://w3id.org/h2kg/hydrogen-ontology#InterAgglomeratePoreSize"", ""label"": ""Inter Agglomerate Pore Size"", ""score"": 0.649}]"
https://w3id.org/h2kg/decode/workflow/concept/rrde-collection-efficiency-device,RRDE collection efficiency,device,device,3,rrde-on-model-electrodes-in-acidic-solutions; rrde-on-model-electrodes-in-alkaline-solutions; rrde-simulation-in-comsol,"RRDE collection efficiency
internal key: RRDE collection efficiency: device",RRDE on model electrodes in acidic solutions; RRDE on model electrodes in alkaline solutions; RRDE simulation in COMSOL,reviewed_decode_anchor,reviewed_decode,https://w3id.org/h2kg/decode/workflow/anchor/rrde-collection-efficiency-device,https://w3id.org/h2kg/hydrogen-ontology#Property,Property,rrde_collection_efficiency_is_property,reviewed_structural,DECODE-specific concept retained as a stable reviewed anchor. Its source topology is preserved; no H2KG synonym or new public term was asserted.,"[{""iri"": ""https://w3id.org/h2kg/hydrogen-ontology#RingCollectionEfficiency"", ""label"": ""Ring Collection Efficiency"", ""score"": 0.898}, {""iri"": ""https://w3id.org/h2kg/hydrogen-ontology#PowerConversionEfficiency"", ""label"": ""Power Conversion Efficiency"", ""score"": 0.723}, {""iri"": ""https://w3id.org/h2kg/hydrogen-ontology#PhotodegradationEfficiency"", ""label"": ""Photodegradation Efficiency"", ""score"": 0.72}]"
https://w3id.org/h2kg/decode/workflow/concept/rrde-electrode-geometries-device,RRDE electrode geometries,device,device,1,rrde-simulation-in-comsol,"RRDE electrode geometries
internal key: RRDE electrode geometries: device",RRDE simulation in COMSOL,reviewed_decode_anchor,reviewed_decode,https://w3id.org/h2kg/decode/workflow/anchor/rrde-electrode-geometries-device,https://w3id.org/h2kg/hydrogen-ontology#Parameter,Parameter,rde_electrode_geometry_is_parameter,reviewed_structural,DECODE-specific concept retained as a stable reviewed anchor. Its source topology is preserved; no H2KG synonym or new public term was asserted.,"[{""iri"": ""https://w3id.org/h2kg/hydrogen-ontology#ElectrosprayedCatalystLayer"", ""label"": ""Electrosprayed Catalyst Layer"", ""score"": 0.694}, {""iri"": ""https://w3id.org/h2kg/hydrogen-ontology#PrintedGoldElectrode"", ""label"": ""Printed Gold Electrode"", ""score"": 0.681}, {""iri"": ""https://w3id.org/h2kg/hydrogen-ontology#RingPotential"", ""label"": ""Ring Potential"", ""score"": 0.653}]"
https://w3id.org/h2kg/decode/workflow/concept/rrde-near-electrode-ca-1mm-ph-distribution-lre,RRDE near-electrode (ca. 1mm) pH distribution,LRE,device,4,rrde-on-model-electrodes-in-acidic-solutions; rrde-on-model-electrodes-in-alkaline-solutions; rrde-simulation-in-comsol; rrde-theory,"RRDE near-electrode (ca. 1mm) pH distribution
internal key: RRDE near-electrode (ca. 1mm) pH distribution: LRE",RRDE Theory; RRDE on model electrodes in acidic solutions; RRDE on model electrodes in alkaline solutions; RRDE simulation in COMSOL,reviewed_decode_anchor,reviewed_decode,https://w3id.org/h2kg/decode/workflow/anchor/rrde-near-electrode-ca-1mm-ph-distribution-lre,https://w3id.org/h2kg/hydrogen-ontology#Data,Data,rrde_ph_distribution_is_data,reviewed_structural,DECODE-specific concept retained as a stable reviewed anchor. Its source topology is preserved; no H2KG synonym or new public term was asserted.,"[{""iri"": ""https://w3id.org/h2kg/hydrogen-ontology#ReferenceElectrodeCalibrationMeasurement"", ""label"": ""Reference Electrode Calibration Measurement"", ""score"": 0.612}, {""iri"": ""https://w3id.org/h2kg/hydrogen-ontology#GasDiffusionElectrodeMethod"", ""label"": ""Gas Diffusion Electrode Method"", ""score"": 0.583}, {""iri"": ""https://w3id.org/h2kg/hydrogen-ontology#CarbonFeltElectrode"", ""label"": ""Carbon Felt Electrode"", ""score"": 0.571}]"
https://w3id.org/h2kg/decode/workflow/concept/rrde-on-model-electrodes-in-acidic-solutions-model,RRDE on model electrodes in acidic solutions,,model,12,adsorbate-surface-diffusion-on-electrocatalyst-support; diffusion-theory; fitting-version-of-the-hierachical-model; rrde-on-model-electrodes-in-acidic-solutions; rrde-simulation-in-comsol; rrde-theory,"RRDE on model electrodes in acidic solutions
Owner: ULEI:Karen van den Akker
Task: T1.2
Maturity: established method
Documentation: [US: Ring and disc geometry seems to be fixed (at least not specified as input); please specify]
Range of validity or processability: unkonwn
internal key: RRDE on model electrodes in acidic solutions0; RRDE on model electrodes in acidic solutions
Owner: ULEI:Karen van den Akker
Task: T1.2
Maturity: established method
Documentation: [US: Ring and disc geometry seems to be fixed (at least not specified as input); please specify]
Range of validity or processability: unkonwn
internal key: RRDE on model electrodes in acidic solutions1",Electrolyte; RDE electrochemical protocol; RDE electrochemical response (idealized); RDE monocrystalline electrode; RDE polycrystalline electrode; RDE rotation rate; RDE temperature; RRDE collection efficiency; RRDE near-electrode (ca. 1mm) pH distribution; RRDE ring redox couple; RRDE ring vs pH calibration curve,reviewed_decode_anchor,reviewed_decode,https://w3id.org/h2kg/decode/workflow/anchor/rrde-on-model-electrodes-in-acidic-solutions-model,https://w3id.org/h2kg/hydrogen-ontology#Process,Process,workflow_or_analysis,reviewed_structural,DECODE-specific concept retained as a stable reviewed anchor. Its source topology is preserved; no H2KG synonym or new public term was asserted.,"[{""iri"": ""https://w3id.org/h2kg/hydrogen-ontology#IonomerDispersionPropertyCompilation"", ""label"": ""Ionomer Dispersion Property Compilation"", ""score"": 0.583}, {""iri"": ""https://w3id.org/h2kg/hydrogen-ontology#RotatingRingDiskVoltammetry"", ""label"": ""Rotating Ring Disk Voltammetry"", ""score"": 0.583}, {""iri"": ""https://w3id.org/h2kg/hydrogen-ontology#SprayDistance"", ""label"": ""Spray Distance"", ""score"": 0.583}]"
https://w3id.org/h2kg/decode/workflow/concept/rrde-on-model-electrodes-in-alkaline-solutions-model,RRDE on model electrodes in alkaline solutions,,model,12,adsorbate-surface-diffusion-on-electrocatalyst-support; diffusion-theory; fitting-version-of-the-hierachical-model; rrde-on-model-electrodes-in-alkaline-solutions; rrde-simulation-in-comsol; rrde-theory,"RRDE on model electrodes in alkaline solutions
Owner: ULEI:Karen van den Akker
Task: T1.2
Maturity: under development
Documentation: 
Range of validity or processability: unkonwn
internal key: RRDE on model electrodes in alkaline solutions0; RRDE on model electrodes in alkaline solutions
Owner: ULEI:Karen van den Akker
Task: T1.2
Maturity: under development
Documentation: 
Range of validity or processability: unkonwn
internal key: RRDE on model electrodes in alkaline solutions1",Electrolyte; RDE electrochemical protocol; RDE electrochemical response (idealized); RDE monocrystalline electrode; RDE polycrystalline electrode; RDE rotation rate; RDE temperature; RRDE collection efficiency; RRDE near-electrode (ca. 1mm) pH distribution; RRDE ring redox couple; RRDE ring vs pH calibration curve,reviewed_decode_anchor,reviewed_decode,https://w3id.org/h2kg/decode/workflow/anchor/rrde-on-model-electrodes-in-alkaline-solutions-model,https://w3id.org/h2kg/hydrogen-ontology#Process,Process,workflow_or_analysis,reviewed_structural,DECODE-specific concept retained as a stable reviewed anchor. Its source topology is preserved; no H2KG synonym or new public term was asserted.,"[{""iri"": ""https://w3id.org/h2kg/hydrogen-ontology#SprayDistance"", ""label"": ""Spray Distance"", ""score"": 0.568}]"
https://w3id.org/h2kg/decode/workflow/concept/rrde-polarization-curve-ring-component,RRDE polarization curve (ring),component,component,1,rotating-ring-disk-electrode-rrde,"RRDE polarization curve (ring)
internal key: RRDE polarization curve (ring): component",Rotating Ring Disk Electrode (RRDE),reviewed_decode_anchor,reviewed_decode,https://w3id.org/h2kg/decode/workflow/anchor/rrde-polarization-curve-ring-component,https://w3id.org/h2kg/hydrogen-ontology#Data,Data,data_product,reviewed_structural,DECODE-specific concept retained as a stable reviewed anchor. Its source topology is preserved; no H2KG synonym or new public term was asserted.,"[{""iri"": ""https://w3id.org/h2kg/hydrogen-ontology#FuelCellPolarizationMeasurement"", ""label"": ""Fuel Cell Polarization Measurement"", ""score"": 0.793}, {""iri"": ""https://w3id.org/h2kg/hydrogen-ontology#PolarizationCurveDataset"", ""label"": ""Polarization Curve Dataset"", ""score"": 0.706}, {""iri"": ""https://w3id.org/h2kg/hydrogen-ontology#FittedResistanceFromPolarizationCurve"", ""label"": ""Fitted Resistance From Polarization Curve"", ""score"": 0.667}]"
https://w3id.org/h2kg/decode/workflow/concept/rrde-ring-electrochemical-response-idealized-lre,RRDE ring electrochemical response (idealized),LRE,device,1,adsorbate-surface-diffusion-on-electrocatalyst-support,"RRDE ring electrochemical response (idealized)
internal key: RRDE ring electrochemical response (idealized): LRE",Adsorbate Surface Diffusion on Electrocatalyst Support,reviewed_decode_anchor,reviewed_decode,https://w3id.org/h2kg/decode/workflow/anchor/rrde-ring-electrochemical-response-idealized-lre,https://w3id.org/h2kg/hydrogen-ontology#Data,Data,data_product,reviewed_structural,DECODE-specific concept retained as a stable reviewed anchor. Its source topology is preserved; no H2KG synonym or new public term was asserted.,"[{""iri"": ""https://w3id.org/h2kg/hydrogen-ontology#ElectrochemicalImpedanceSpectroscopyPotentiostatic"", ""label"": ""Electrochemical Impedance Spectroscopy Potentiostatic"", ""score"": 0.61}, {""iri"": ""https://w3id.org/h2kg/hydrogen-ontology#ElectrochemicalReactionSimulation"", ""label"": ""Electrochemical Reaction Simulation"", ""score"": 0.608}, {""iri"": ""https://w3id.org/h2kg/hydrogen-ontology#ElectrochemicalWorkstation"", ""label"": ""Electrochemical Workstation"", ""score"": 0.589}]"
https://w3id.org/h2kg/decode/workflow/concept/rrde-ring-redox-couple-material,RRDE ring redox couple,material,material,3,rrde-on-model-electrodes-in-acidic-solutions; rrde-on-model-electrodes-in-alkaline-solutions; rrde-theory,"RRDE ring redox couple
internal key: RRDE ring redox couple: material",RRDE Theory; RRDE on model electrodes in acidic solutions; RRDE on model electrodes in alkaline solutions,reviewed_decode_anchor,reviewed_decode,https://w3id.org/h2kg/decode/workflow/anchor/rrde-ring-redox-couple-material,https://w3id.org/h2kg/hydrogen-ontology#Matter,Matter,material_category_default,reviewed_structural,DECODE-specific concept retained as a stable reviewed anchor. Its source topology is preserved; no H2KG synonym or new public term was asserted.,"[{""iri"": ""https://w3id.org/h2kg/hydrogen-ontology#IodideTriiodideRedoxElectrolyte"", ""label"": ""Iodide Triiodide Redox Electrolyte"", ""score"": 0.634}, {""iri"": ""https://w3id.org/h2kg/hydrogen-ontology#ReductionCompletionTemperature"", ""label"": ""Reduction Completion Temperature"", ""score"": 0.577}, {""iri"": ""https://w3id.org/h2kg/hydrogen-ontology#CoolingRate"", ""label"": ""Cooling Rate"", ""score"": 0.556}]"
https://w3id.org/h2kg/decode/workflow/concept/rrde-ring-vs-ph-calibration-curve-material,RRDE ring vs pH calibration curve,material,material,2,rrde-on-model-electrodes-in-acidic-solutions; rrde-on-model-electrodes-in-alkaline-solutions,"RRDE ring vs pH calibration curve
internal key: RRDE ring vs pH calibration curve: material",RRDE on model electrodes in acidic solutions; RRDE on model electrodes in alkaline solutions,reviewed_decode_anchor,reviewed_decode,https://w3id.org/h2kg/decode/workflow/anchor/rrde-ring-vs-ph-calibration-curve-material,https://w3id.org/h2kg/hydrogen-ontology#Parameter,Parameter,operating_or_geometric_parameter,reviewed_structural,DECODE-specific concept retained as a stable reviewed anchor. Its source topology is preserved; no H2KG synonym or new public term was asserted.,"[{""iri"": ""https://w3id.org/h2kg/hydrogen-ontology#ReferenceElectrodeCalibrationMeasurement"", ""label"": ""Reference Electrode Calibration Measurement"", ""score"": 0.579}, {""iri"": ""https://w3id.org/h2kg/hydrogen-ontology#SiliconCalibrationStandard"", ""label"": ""Silicon Calibration Standard"", ""score"": 0.557}, {""iri"": ""https://w3id.org/h2kg/hydrogen-ontology#DeflectionCriterionCalculation"", ""label"": ""Deflection Criterion Calculation"", ""score"": 0.554}]"
https://w3id.org/h2kg/decode/workflow/concept/rrde-simulation-in-comsol-model,RRDE simulation in COMSOL,,model,7,adsorbate-surface-diffusion-on-electrocatalyst-support; diffusion-theory; fitting-version-of-the-hierachical-model; rrde-on-model-electrodes-in-acidic-solutions; rrde-on-model-electrodes-in-alkaline-solutions; rrde-simulation-in-comsol; rrde-theory,"RRDE simulation in COMSOL
Owner: ULEI:Katie Levey
Task: T1.2
Maturity: under development
Documentation: 
Range of validity or processability: 
Generally limited by the continuum PNP model to lower concentration below ~ 1 M
internal key: RRDE simulation in COMSOL0",Electrolyte composition; LRE pH distribution (idealized); RDE electrochemical protocol; RDE electrochemical response (idealized); RDE electrode kinetic parameters; RDE rotation rate; RDE species distribution (idealized); RDE temperature; RRDE average disk pH; RRDE average ring pH; RRDE collection efficiency; RRDE electrode geometries; RRDE near-electrode (ca. 1mm) pH distribution,reviewed_decode_anchor,reviewed_decode,https://w3id.org/h2kg/decode/workflow/anchor/rrde-simulation-in-comsol-model,https://w3id.org/h2kg/hydrogen-ontology#Process,Process,workflow_or_analysis,reviewed_structural,DECODE-specific concept retained as a stable reviewed anchor. Its source topology is preserved; no H2KG synonym or new public term was asserted.,"[{""iri"": ""https://w3id.org/h2kg/hydrogen-ontology#MolecularDynamicsSimulation"", ""label"": ""Molecular Dynamics Simulation"", ""score"": 0.684}, {""iri"": ""https://w3id.org/h2kg/hydrogen-ontology#SimulationParticleCount"", ""label"": ""Simulation Particle Count"", ""score"": 0.68}, {""iri"": ""https://w3id.org/h2kg/hydrogen-ontology#DiscreteElementMethodPackingSimulation"", ""label"": ""Discrete Element Method Packing Simulation"", ""score"": 0.667}]"
https://w3id.org/h2kg/decode/workflow/concept/rrde-theory-model,RRDE Theory,,model,7,fitting-version-of-the-hierachical-model; rde-on-mono-or-polycrystalline-electrodes; rde-simulation-in-comsol; rrde-on-model-electrodes-in-acidic-solutions; rrde-on-model-electrodes-in-alkaline-solutions; rrde-simulation-in-comsol; rrde-theory,"RRDE Theory
Owner: ULEI:Karen van den Akker
Task: T1.2
Maturity: established method
Documentation: 
Range of validity or processability: unkonwn
internal key: RRDE Theory0",Electrolyte composition; LRE pH distribution (idealized); RDE electrochemical response (idealized); RDE rotation rate; RDE temperature; RRDE near-electrode (ca. 1mm) pH distribution; RRDE ring redox couple,reviewed_decode_anchor,reviewed_decode,https://w3id.org/h2kg/decode/workflow/anchor/rrde-theory-model,https://w3id.org/h2kg/hydrogen-ontology#Process,Process,model_visual_default,reviewed_structural,DECODE-specific concept retained as a stable reviewed anchor. Its source topology is preserved; no H2KG synonym or new public term was asserted.,"[{""iri"": ""https://w3id.org/h2kg/hydrogen-ontology#InfraredThermometryMeasurement"", ""label"": ""Infrared Thermometry Measurement"", ""score"": 0.645}, {""iri"": ""https://w3id.org/h2kg/hydrogen-ontology#RDERotator"", ""label"": ""RDE Rotator"", ""score"": 0.636}, {""iri"": ""https://w3id.org/h2kg/hydrogen-ontology#GasDiffusionElectrodeMethod"", ""label"": ""Gas Diffusion Electrode Method"", ""score"": 0.571}]"
https://w3id.org/h2kg/decode/workflow/concept/sem-and-edx-method,SEM and EDX,,method,43,0d-particle-population-degradation-model-coupled-with-performance-model-fitting; 0d-particle-population-degradation-model-coupled-with-performance-model-prediction; 0d-particle-population-degradation-model-coupled-with-performance-model-prediction-without-fitting-methods; cea-mea-model-europium-2d; current-modulated-hydrogen-flow-rate-spectroscopy-ch2s; differential-cell-testing; diffusivities-from-tortuosities; electrical-conductivity; electrical-contact-resistance; electrical-tlm-characterization-of-a-gdl-with-defined-compression; fitting-of-the-europium-model; gas-permeability-of-a-gdl-with-defined-compression; iet-1d-mea-with-water-transport-eis-model; iet-1d-mea-with-water-transport-in-ccl-eis-model; iet-1d-performance-model-for-mea-fitting; iet-1d-performance-model-for-mea-prediction; image-parameter-extraction-2d; impregnation-by-immersion-and-blade-coating; microscopy-sem-and-optical-in-mea-cross-section; mpl-parameter-estimation-from-gdl-and-substrate-data; sem-and-edx,"SEM and EDX
Owner: HZB:Markus Osenberg
Task: T2.1
Maturity: established method
Documentation: publication in preparation
Range of validity or processability: unkonwn
internal key: SEM and EDX0; SEM and EDX
Owner: HZB:Markus Osenberg
Task: T2.1
Maturity: established method
Documentation: publication in preparation
Range of validity or processability: unkonwn
internal key: SEM and EDX1; SEM and EDX
Owner: HZB:Markus Osenberg
Task: T2.1
Maturity: established method
Documentation: publication in preparation
Range of validity or processability: unkonwn
internal key: SEM and EDX2; SEM and EDX
Owner: HZB:Markus Osenberg
Task: T2.1
Maturity: established method
Documentation: publication in preparation
Range of validity or processability: unkonwn
internal key: SEM and EDX3; SEM and EDX
Owner: HZB:Markus Osenberg
Task: T2.1
Maturity: established method
Documentation: publication in preparation
Range of validity or processability: unkonwn
internal key: SEM and EDX4",CCL cross section; CCL cross section 2D pixel data containing surface information of element distributions; CCL thickness; GDL; GDL cross section; GDL cross section 2D pixel data containing surface information of element distributions; GDL in plane 2D pixel data containing surface information of element distributions; GDL substrate; GDL substrate cross section; GDL substrate cross section 2D pixel data containing surface information of element distributions; GDL substrate in plane 2D pixel data containing surface information of element distributions; GDL substrate thickness; GDL thickness; MPL cross section 2D pixel data containing surface information of element distributions; MPL in plane 2D pixel data containing surface information of element distributions; MPL thickness,reviewed_decode_anchor,reviewed_decode,https://w3id.org/h2kg/decode/workflow/anchor/sem-and-edx-method,https://w3id.org/h2kg/hydrogen-ontology#Measurement,Measurement,method_visual_default,reviewed_structural,DECODE-specific concept retained as a stable reviewed anchor. Its source topology is preserved; no H2KG synonym or new public term was asserted.,"[{""iri"": ""https://w3id.org/h2kg/hydrogen-ontology#PtAtomicPercent"", ""label"": ""Pt Atomic Percent"", ""score"": 0.737}, {""iri"": ""https://w3id.org/h2kg/hydrogen-ontology#RuAtomicPercent"", ""label"": ""Ru Atomic Percent"", ""score"": 0.737}, {""iri"": ""https://w3id.org/h2kg/hydrogen-ontology#RamanDBandPeakWavenumber"", ""label"": ""Raman D Band Peak Wavenumber"", ""score"": 0.636}]"
https://w3id.org/h2kg/decode/workflow/concept/sem-and-fib-layer-method,SEM and FIB (layer),,method,22,0d-particle-population-degradation-model-coupled-with-performance-model-fitting; 0d-particle-population-degradation-model-coupled-with-performance-model-prediction; 0d-particle-population-degradation-model-coupled-with-performance-model-prediction-without-fitting-methods; blade-coating-and-decal-transfer-for-ref-pefc-ccm; cea-mea-model-europium-2d; current-modulated-hydrogen-flow-rate-spectroscopy-ch2s; differential-cell-testing; diffusivities-from-tortuosities; electrical-conductivity; electrical-contact-resistance; electrical-tlm-characterization-of-a-gdl-with-defined-compression; electrospray-deposition-of-catalyst-layers; fitting-of-the-europium-model; gas-permeability-of-a-gdl-with-defined-compression; iet-1d-mea-with-water-transport-eis-model; iet-1d-mea-with-water-transport-in-ccl-eis-model; iet-1d-performance-model-for-mea-fitting; iet-1d-performance-model-for-mea-prediction; impregnation-by-immersion-and-blade-coating; mpl-parameter-estimation-from-gdl-and-substrate-data; sem-and-fib-layer; ultrasonic-spray-deposition-for-catalytic-layers,"SEM and FIB (layer)
Owner: CIEMAT:Susana Merino
Task: T2.1
Maturity: established method
Documentation: 
Range of validity or processability: 
50 nm resolution
internal key: SEM and FIB (layer)0",CCL thickness; CCM; GDL; GDL thickness; MEA elemental distribution; MEA layer morphologies; MPL thickness; Membrane thickness,reviewed_decode_anchor,reviewed_decode,https://w3id.org/h2kg/decode/workflow/anchor/sem-and-fib-layer-method,https://w3id.org/h2kg/hydrogen-ontology#Measurement,Measurement,method_visual_default,reviewed_structural,DECODE-specific concept retained as a stable reviewed anchor. Its source topology is preserved; no H2KG synonym or new public term was asserted.,"[{""iri"": ""https://w3id.org/h2kg/hydrogen-ontology#SEMImageDataset"", ""label"": ""SEM Image Dataset"", ""score"": 0.645}, {""iri"": ""https://w3id.org/h2kg/hydrogen-ontology#AnodeCatalystLayer"", ""label"": ""Anode Catalyst Layer"", ""score"": 0.643}, {""iri"": ""https://w3id.org/h2kg/hydrogen-ontology#FiberOrientationAngleStdDev"", ""label"": ""Fiber Orientation Angle Std Dev"", ""score"": 0.611}]"
https://w3id.org/h2kg/decode/workflow/concept/sem-and-fib-powder-method,SEM and FIB (powder),,method,2,iet-ink-to-composition-model; sem-and-fib-powder,"SEM and FIB (powder)
Owner: CIEMAT:Susana Merino
Task: T2.1
Maturity: established method
Documentation: 
Range of validity or processability: 
50 nm resolution
internal key: SEM and FIB (powder)0",Catalyst active particle diameter; Catalyst elemental composition; Catalyst morphology; Catalyst powder; Catalyst support particle diameter; Electrocatalyst structure,reviewed_decode_anchor,reviewed_decode,https://w3id.org/h2kg/decode/workflow/anchor/sem-and-fib-powder-method,https://w3id.org/h2kg/hydrogen-ontology#Measurement,Measurement,method_visual_default,reviewed_structural,DECODE-specific concept retained as a stable reviewed anchor. Its source topology is preserved; no H2KG synonym or new public term was asserted.,"[{""iri"": ""https://w3id.org/h2kg/hydrogen-ontology#NiPowder"", ""label"": ""Ni Powder"", ""score"": 0.667}, {""iri"": ""https://w3id.org/h2kg/hydrogen-ontology#SeleniumPowder"", ""label"": ""Selenium Powder"", ""score"": 0.667}, {""iri"": ""https://w3id.org/h2kg/hydrogen-ontology#AnionExchangeIonomerPowder"", ""label"": ""Anion Exchange Ionomer Powder"", ""score"": 0.643}]"
https://w3id.org/h2kg/decode/workflow/concept/sheet-resistance-measurement-method,Sheet resistance measurement,,method,13,blade-coating-and-decal-transfer-for-ref-pefc-ccm; cl-for-rde; electrospray-deposition-of-catalyst-layers; sheet-resistance-measurement; ultrasonic-spray-deposition-for-catalytic-layers,"Sheet resistance measurement
Owner: FZJ-IET-4:Andreas Glsen
Task: T2.1
Maturity: established method
Documentation: publication in preparation
Range of validity or processability: 
Not fully determined, very high resistivity cannot be measured. This will likely exclude measurement of GDLs/PTLs[Matthias: wouldn't we expect resistivies for GDLs/PTLs to be lower than for CLs? Because they are thicker and also have higher intrinsic conductivity (fibers or sintered structures instead of particle based)]
internal key: Sheet resistance measurement0; Sheet resistance measurement
Owner: FZJ-IET-4:Andreas Glsen
Task: T2.1
Maturity: established method
Documentation: publication in preparation
Range of validity or processability: 
Not fully determined, very high resistivity cannot be measured. This will likely exclude measurement of GDLs/PTLs[Matthias: wouldn't we expect resistivies for GDLs/PTLs to be lower than for CLs? Because they are thicker and also have higher intrinsic conductivity (fibers or sintered structures instead of particle based)]
internal key: Sheet resistance measurement1; Sheet resistance measurement
Owner: FZJ-IET-4:Andreas Glsen
Task: T2.1
Maturity: established method
Documentation: publication in preparation
Range of validity or processability: 
Not fully determined, very high resistivity cannot be measured. This will likely exclude measurement of GDLs/PTLs[Matthias: wouldn't we expect resistivies for GDLs/PTLs to be lower than for CLs? Because they are thicker and also have higher intrinsic conductivity (fibers or sintered structures instead of particle based)]
internal key: Sheet resistance measurement2; Sheet resistance measurement
Owner: FZJ-IET-4:Andreas Glsen
Task: T2.1
Maturity: established method
Documentation: publication in preparation
Range of validity or processability: 
Not fully determined, very high resistivity cannot be measured. This will likely exclude measurement of GDLs/PTLs[Matthias: wouldn't we expect resistivies for GDLs/PTLs to be lower than for CLs? Because they are thicker and also have higher intrinsic conductivity (fibers or sintered structures instead of particle based)]
internal key: Sheet resistance measurement3; Sheet resistance measurement
Owner: FZJ-IET-4:Andreas Glsen
Task: T2.1
Maturity: established method
Documentation: publication in preparation
Range of validity or processability: 
Not fully determined, very high resistivity cannot be measured. This will likely exclude measurement of GDLs/PTLs[Matthias: wouldn't we expect resistivies for GDLs/PTLs to be lower than for CLs? Because they are thicker and also have higher intrinsic conductivity (fibers or sintered structures instead of particle based)]
internal key: Sheet resistance measurement4",CCL sheet resistance; CCL sheet resistance homogeneity; CCM; CL on GDL; CL on glassy carbon; CL on membrane; CL on substrate,reviewed_decode_anchor,reviewed_decode,https://w3id.org/h2kg/decode/workflow/anchor/sheet-resistance-measurement-method,https://w3id.org/h2kg/hydrogen-ontology#Property,Property,physical_or_derived_property,reviewed_structural,DECODE-specific concept retained as a stable reviewed anchor. Its source topology is preserved; no H2KG synonym or new public term was asserted.,"[{""iri"": ""https://w3id.org/h2kg/hydrogen-ontology#InPlaneElectronicConductivityMeasurement"", ""label"": ""In Plane Electronic Conductivity Measurement"", ""score"": 0.88}, {""iri"": ""https://w3id.org/h2kg/hydrogen-ontology#TensileTestMeasurement"", ""label"": ""Tensile Test Measurement"", ""score"": 0.731}, {""iri"": ""https://w3id.org/h2kg/hydrogen-ontology#SheetResistance"", ""label"": ""Sheet Resistance"", ""score"": 0.727}]"
https://w3id.org/h2kg/decode/workflow/concept/simulation-of-single-phase-3d-apparent-properties-model,Simulation of single phase 3D apparent properties,,model,13,ai-based-generation-of-structural-digital-twins-of-multi-scale-tomographies; cea-mea-model-europium-2d; current-modulated-hydrogen-flow-rate-spectroscopy-ch2s; diffusivities-from-tortuosities; fitting-of-the-europium-model; image-classification-of-fib-tomography-data; image-classification-of-x-ray-tomography-data; image-classification-on-nm-scale; modeling-of-hydrophobic-treatment-of-gdl; modeling-of-mpl-coating-of-gdl; mpl-parameter-estimation-from-gdl-and-substrate-data; mpl-saturation-determination-from-x-ray-ct-data; simulation-of-single-phase-3d-apparent-properties,"Simulation of single phase 3D apparent properties
Owner: CEA:Pierluigi ARNELLI,Jol Pauchet
Task: T2.2
Maturity: under development
Documentation: https://doi.org/10.1016/j.jpowsour.2023.232735
Range of validity or processability: unkonwn
internal key: Simulation of single phase 3D apparent properties0",GDL substrate 3D voxel data classified; GDL substrate average pore radius; GDL substrate in-plane conductivity; GDL substrate in-plane permeability; GDL substrate in-plane thermal conductivity; GDL substrate in-plane tortuosity; GDL substrate porosity; GDL substrate through-plane conductivity; GDL substrate through-plane permeability; GDL substrate through-plane thermal conductivity; GDL substrate through-plane tortuosity; MPL 3D voxel data classified; MPL average pore radius; MPL conductivity; MPL permeability; MPL porosity; MPL thermal conductivity; MPL tortuosity,reviewed_decode_anchor,reviewed_decode,https://w3id.org/h2kg/decode/workflow/anchor/simulation-of-single-phase-3d-apparent-properties-model,https://w3id.org/h2kg/hydrogen-ontology#Process,Process,workflow_or_analysis,reviewed_structural,DECODE-specific concept retained as a stable reviewed anchor. Its source topology is preserved; no H2KG synonym or new public term was asserted.,"[{""iri"": ""https://w3id.org/h2kg/hydrogen-ontology#ProfilometerTipSimulation"", ""label"": ""Profilometer Tip Simulation"", ""score"": 0.558}]"
https://w3id.org/h2kg/decode/workflow/concept/simulation-of-two-phase-3d-apparent-properties-model,Simulation of two phase 3D apparent properties,,model,14,ai-based-generation-of-structural-digital-twins-of-multi-scale-tomographies; cea-mea-model-europium-2d; diffusivities-from-tortuosities; fitting-of-the-europium-model; iet-1d-mea-with-water-transport-eis-model; iet-1d-performance-model-for-mea-prediction; image-classification-of-fib-tomography-data; image-classification-of-x-ray-tomography-data; image-classification-on-nm-scale; modeling-of-hydrophobic-treatment-of-gdl; modeling-of-mpl-coating-of-gdl; mpl-parameter-estimation-from-gdl-and-substrate-data; mpl-saturation-determination-from-x-ray-ct-data; simulation-of-two-phase-3d-apparent-properties,"Simulation of two phase 3D apparent properties
Owner: CEA:Pierluigi ARNELLI,Jol Pauchet
Task: T2.2
Maturity: under development
Documentation: 
Range of validity or processability: unkonwn
internal key: Simulation of two phase 3D apparent properties0",GDL substrate 3D voxel data classified; GDL substrate average pore radius; GDL substrate effective water permeability; GDL substrate in-plane permeability; GDL substrate in-plane thermal conductivity; GDL substrate in-plane tortuosity; GDL substrate through-plane permeability; GDL substrate through-plane thermal conductivity; GDL substrate through-plane tortuosity; GDL substrate water retention curve; MPL 3D voxel data classified; MPL average pore radius; MPL effective water permeability; MPL permeability; MPL thermal conductivity; MPL tortuosity; MPL water retention curve,reviewed_decode_anchor,reviewed_decode,https://w3id.org/h2kg/decode/workflow/anchor/simulation-of-two-phase-3d-apparent-properties-model,https://w3id.org/h2kg/hydrogen-ontology#Process,Process,workflow_or_analysis,reviewed_structural,DECODE-specific concept retained as a stable reviewed anchor. Its source topology is preserved; no H2KG synonym or new public term was asserted.,"[{""iri"": ""https://w3id.org/h2kg/hydrogen-ontology#ProfilometerTipSimulation"", ""label"": ""Profilometer Tip Simulation"", ""score"": 0.578}, {""iri"": ""https://w3id.org/h2kg/hydrogen-ontology#SimulationParticleCount"", ""label"": ""Simulation Particle Count"", ""score"": 0.563}, {""iri"": ""https://w3id.org/h2kg/hydrogen-ontology#SolventPhysicalPropertyDataset"", ""label"": ""Solvent Physical Property Dataset"", ""score"": 0.557}]"
https://w3id.org/h2kg/decode/workflow/concept/single-cell-test-bench-polarization-eis-method,"Single cell test bench: polarization, EIS",,method,17,0d-particle-population-degradation-model-coupled-with-performance-model-fitting; 0d-particle-population-degradation-model-coupled-with-performance-model-prediction; 0d-particle-population-degradation-model-coupled-with-performance-model-prediction-without-fitting-methods; cea-mea-model-europium-2d; fib-measurements-on-gdl-or-mpl-and-catalyst-materials; fitting-of-the-europium-model; iet-1d-mea-with-water-transport-eis-model; iet-1d-mea-with-water-transport-in-ccl-eis-model; iet-1d-performance-model-for-mea-fitting; iet-1d-performance-model-for-mea-prediction; iet-ink-to-composition-model; image-fib-tomography-dataparameter-extraction-3d; image-parameter-extraction-2d; mea-assembly-for-pefc-ref-mea; microscopy-sem-and-optical-in-mea-cross-section; sem-and-edx; sem-and-fib-layer,"Single cell test bench: polarization, EIS
Owner: CIEMAT:Antonio Chaparro
Task: T2.4
Maturity: established method
Documentation: 
Range of validity or processability: unkonwn
internal key: Single cell test bench: polarization, EIS0",CCL effective double-layer capacitance; CCL effective proton conductivity; CCL thickness; Catalyst loading; Cell crossover current density; Cell high-frequency resistance; Cell limiting current; Cell polarization curve; Cell voltammogram; ECSA; MEA,reviewed_decode_anchor,reviewed_decode,https://w3id.org/h2kg/decode/workflow/anchor/single-cell-test-bench-polarization-eis-method,https://w3id.org/h2kg/hydrogen-ontology#Instrument,Instrument,apparatus_or_electrode,reviewed_structural,DECODE-specific concept retained as a stable reviewed anchor. Its source topology is preserved; no H2KG synonym or new public term was asserted.,"[{""iri"": ""https://w3id.org/h2kg/hydrogen-ontology#FuelCellPolarizationMeasurement"", ""label"": ""Fuel Cell Polarization Measurement"", ""score"": 0.754}, {""iri"": ""https://w3id.org/h2kg/hydrogen-ontology#PolarizationCurveAnalysis"", ""label"": ""Polarization Curve Analysis"", ""score"": 0.6}, {""iri"": ""https://w3id.org/h2kg/hydrogen-ontology#FuelCellTestStation"", ""label"": ""Fuel Cell Test Station"", ""score"": 0.557}]"
https://w3id.org/h2kg/decode/workflow/concept/solvent-material,Solvent,material,material,6,cl-for-rde; dropcasted-ink-on-gc-tips; gde-catalytic-layer-preparation; ink-preparation-for-deposition-of-catalytic-layers; prism-preparation-for-atr-ftir; roller-mixer-and-zirconia-beads-for-ref-pefc-inks,"Solvent
internal key: Solvent: material",CL for RDE; Dropcasted Ink on GC Tips; GDE Catalytic Layer Preparation; Ink preparation for deposition of catalytic layers; Prism Preparation for ATR-FTIR; Roller mixer and zirconia beads for ref PEFC inks,reviewed_decode_anchor,reviewed_decode,https://w3id.org/h2kg/decode/workflow/anchor/solvent-material,https://w3id.org/h2kg/hydrogen-ontology#Matter,Matter,material_category_default,reviewed_structural,DECODE-specific concept retained as a stable reviewed anchor. Its source topology is preserved; no H2KG synonym or new public term was asserted.,"[{""iri"": ""https://w3id.org/h2kg/hydrogen-ontology#Solvent"", ""label"": ""Solvent"", ""score"": 1.0}, {""iri"": ""https://w3id.org/h2kg/hydrogen-ontology#SolventType"", ""label"": ""Solvent Type"", ""score"": 0.737}, {""iri"": ""https://w3id.org/h2kg/hydrogen-ontology#Oven"", ""label"": ""Oven"", ""score"": 0.727}]"
https://w3id.org/h2kg/decode/workflow/concept/subgasket-material,subgasket,material,material,1,mea-assembly-for-pefc-ref-mea,"subgasket
internal key: subgasket: material",MEA assembly for PEFC ref MEA,reviewed_decode_anchor,reviewed_decode,https://w3id.org/h2kg/decode/workflow/anchor/subgasket-material,https://w3id.org/h2kg/hydrogen-ontology#Matter,Matter,material_category_default,reviewed_structural,DECODE-specific concept retained as a stable reviewed anchor. Its source topology is preserved; no H2KG synonym or new public term was asserted.,"[{""iri"": ""https://w3id.org/h2kg/hydrogen-ontology#Gasket"", ""label"": ""Gasket"", ""score"": 0.8}, {""iri"": ""https://w3id.org/h2kg/hydrogen-ontology#GasketThickness"", ""label"": ""Gasket Thickness"", ""score"": 0.571}, {""iri"": ""https://w3id.org/h2kg/hydrogen-ontology#TitaniumSubstrate"", ""label"": ""Titanium Substrate"", ""score"": 0.571}]"
https://w3id.org/h2kg/decode/workflow/concept/synch-ct-measurements-on-gdl-mpl-materials-method,Synch-CT measurements on GDL/MPL materials.,,method,7,image-classification-of-fib-tomography-data; image-classification-of-x-ray-tomography-data; image-classification-on-nm-scale; impregnation-by-immersion-and-blade-coating; synch-ct-measurements-on-gdl-or-mpl-materials,"Synch-CT measurements on GDL/MPL materials.
Owner: HZB:Markus Osenberg
Task: T2.1
Maturity: established method
Documentation: publication in preparation
Range of validity or processability: 
maximum resolution   less than 1 m, Teflon/Binder including internal cracks visible, GDL fibre and internal pores visible and MPL and Carbon flakes visible, no nano pores visible
internal key: Synch-CT measurements on GDL/MPL materials.0; Synch-CT measurements on GDL/MPL materials.
Owner: HZB:Markus Osenberg
Task: T2.1
Maturity: established method
Documentation: publication in preparation
Range of validity or processability: 
maximum resolution   less than 1 m, Teflon/Binder including internal cracks visible, GDL fibre and internal pores visible and MPL and Carbon flakes visible, no nano pores visible
internal key: Synch-CT measurements on GDL/MPL materials.1",GDL; GDL substrate; GDL substrate 3D voxel data raw; GDL substrate 3D voxel data wet raw; GDL substrate breakthrough pressure; MPL 3D voxel data raw,reviewed_decode_anchor,reviewed_decode,https://w3id.org/h2kg/decode/workflow/anchor/synch-ct-measurements-on-gdl-mpl-materials-method,https://w3id.org/h2kg/hydrogen-ontology#Measurement,Measurement,method_visual_default,reviewed_structural,DECODE-specific concept retained as a stable reviewed anchor. Its source topology is preserved; no H2KG synonym or new public term was asserted.,"[{""iri"": ""https://w3id.org/h2kg/hydrogen-ontology#MaterialSpecificationMeasurement"", ""label"": ""Material Specification Measurement"", ""score"": 0.632}, {""iri"": ""https://w3id.org/h2kg/hydrogen-ontology#ThreePointFlexuralStrengthMeasurement"", ""label"": ""Three Point Flexural Strength Measurement"", ""score"": 0.602}, {""iri"": ""https://w3id.org/h2kg/hydrogen-ontology#OxygenGainLossMeasurement"", ""label"": ""Oxygen Gain/Loss Measurement"", ""score"": 0.6}]"
https://w3id.org/h2kg/decode/workflow/concept/teflon-distribution-component,Teflon distribution,component,component,2,image-parameter-extraction-2d; modeling-of-hydrophobic-treatment-of-gdl,"Teflon distribution
internal key: Teflon distribution: component",Image parameter extraction 2D; Modeling of Hydrophobic Treatment of GDL,reviewed_decode_anchor,reviewed_decode,https://w3id.org/h2kg/decode/workflow/anchor/teflon-distribution-component,https://w3id.org/h2kg/hydrogen-ontology#Data,Data,data_product,reviewed_structural,DECODE-specific concept retained as a stable reviewed anchor. Its source topology is preserved; no H2KG synonym or new public term was asserted.,"[{""iri"": ""https://w3id.org/h2kg/hydrogen-ontology#AgglomerateSizeDistributionDataset"", ""label"": ""Agglomerate Size Distribution Dataset"", ""score"": 0.778}, {""iri"": ""https://w3id.org/h2kg/hydrogen-ontology#PoreSizeDistribution"", ""label"": ""Pore Size Distribution"", ""score"": 0.683}, {""iri"": ""https://w3id.org/h2kg/hydrogen-ontology#PoreSizeDistributionDataset"", ""label"": ""Pore Size Distribution Dataset"", ""score"": 0.683}]"
https://w3id.org/h2kg/decode/workflow/concept/tem-and-eds-analysis-of-mea-method,TEM and EDS analysis of MEA,,method,9,0d-particle-population-degradation-model-coupled-with-performance-model-prediction; 0d-particle-population-degradation-model-coupled-with-performance-model-prediction-without-fitting-methods; 0d-particle-population-degradation-model-prediction; blade-coating-and-decal-transfer-for-ref-pefc-ccm; electrospray-deposition-of-catalyst-layers; iet-ink-to-composition-model; molecular-dynamics-for-the-electrode-electrolyte-interface-in-presence-of-ionomer; tem-and-eds-analysis-of-mea; ultrasonic-spray-deposition-for-catalytic-layers,"TEM and EDS analysis of MEA
Owner: CEA:Laure Guetaz
Task: T1.4, T2.1
Maturity: established method
Documentation: https://doi.org/10.1016/j.jpowsour.2020.228893
Range of validity or processability: 
resolution 0.1 nm
internal key: TEM and EDS analysis of MEA0",CCM; Catalyst active particle diameter; Catalyst active particle radius distribution; Ionomer film thickness,reviewed_decode_anchor,reviewed_decode,https://w3id.org/h2kg/decode/workflow/anchor/tem-and-eds-analysis-of-mea-method,https://w3id.org/h2kg/hydrogen-ontology#Process,Process,workflow_or_analysis,reviewed_structural,DECODE-specific concept retained as a stable reviewed anchor. Its source topology is preserved; no H2KG synonym or new public term was asserted.,"[{""iri"": ""https://w3id.org/h2kg/hydrogen-ontology#XPSAnalysisArea"", ""label"": ""XPS Analysis Area"", ""score"": 0.667}, {""iri"": ""https://w3id.org/h2kg/hydrogen-ontology#ThermalAnalysisDataset"", ""label"": ""Thermal Analysis Dataset"", ""score"": 0.627}, {""iri"": ""https://w3id.org/h2kg/hydrogen-ontology#ImageAnalysisPoreMeasurement"", ""label"": ""Image Analysis Pore Measurement"", ""score"": 0.621}]"
https://w3id.org/h2kg/decode/workflow/concept/thin-windows-operando-in-situ-xps-method,thin windows operando/in-situ XPS,,method,6,ab-initio-molecular-dynamics-aimd-of-the-solid-liquid-interface-at-a-pt-electrode; density-potential-functional-theory-applied-to-supported-electrocatalysts; dft-onto-idealized-surfaces; molecular-dynamics-for-the-electrode-electrolyte-interface-in-presence-of-ionomer; molecular-dynamics-for-the-electrode-electrolyte-interface-metalwalls; thin-windows-operando-or-in-situ-xps,"thin windows operando/in-situ XPS
Owner: CNRS/Unistra:Tristan Asset
Task: T2.4
Maturity: established method
Documentation: Example of cells can be found here: 10.1088/1361-6463/abd2ed
Range of validity or processability: 
Invalid in the current design for bubble generation reactions (OER, HER) if a membrane is used
internal key: thin windows operando/in-situ XPS0",Adsorbate coverage on electrode (nanostructured); Adsorbate types on electrode (nanostructured); Catalyst powder; Cell electrolyte flow; Electrode chemistry; Electrode morphology; Electrolyte,reviewed_decode_anchor,reviewed_decode,https://w3id.org/h2kg/decode/workflow/anchor/thin-windows-operando-in-situ-xps-method,https://w3id.org/h2kg/hydrogen-ontology#Measurement,Measurement,method_visual_default,reviewed_structural,DECODE-specific concept retained as a stable reviewed anchor. Its source topology is preserved; no H2KG synonym or new public term was asserted.,[]
https://w3id.org/h2kg/decode/workflow/concept/three-electrode-cell-assesement-of-cl-by-xas-xanes-exafs-xrd-method,"Three electrode cell assesement of CL by XAS, XANES, EXAFS, XRD",,method,4,blade-coating-and-decal-transfer-for-ref-pefc-ccm; electrospray-deposition-of-catalyst-layers; three-electrode-cell-assesement-of-cl-by-xas-xanes-exafs-xrd; ultrasonic-spray-deposition-for-catalytic-layers,"Three electrode cell assesement of CL by XAS, XANES, EXAFS, XRD
Owner: PSI:Emiliana Fabbri, Tim Welmers
Task: T2.4
Maturity: established method
Documentation: 10.1021/acs.chemrev.0c0039610.1021/acs.chemrev.3c00331
Range of validity or processability: 
XAS, EXAFS atomic level resolution, bulk technique, XRD micro to milimeter resolution, bulk technique
internal key: Three electrode cell assesement of CL by XAS, XANES, EXAFS, XRD0",Active phase; CCM; CCM area; CCM composition; Coordination number and bond distance; EXAFS spectra; Electrolyte; GDE electrochemical protocol; GDE electrochemical response; Local electronic structure; Optimal catalyst loading for XAS signal; Oxidation state changes; XANES spectra; XAS spectra; XRD pattern,reviewed_decode_anchor,reviewed_decode,https://w3id.org/h2kg/decode/workflow/anchor/three-electrode-cell-assesement-of-cl-by-xas-xanes-exafs-xrd-method,https://w3id.org/h2kg/hydrogen-ontology#Measurement,Measurement,three_electrode_assessment_is_measurement,reviewed_structural,DECODE-specific concept retained as a stable reviewed anchor. Its source topology is preserved; no H2KG synonym or new public term was asserted.,"[{""iri"": ""https://w3id.org/h2kg/hydrogen-ontology#MembraneElectrodeAssemblyThickness"", ""label"": ""Membrane Electrode Assembly Thickness"", ""score"": 0.557}]"
https://w3id.org/h2kg/decode/workflow/concept/time-series-of-cell-voltage-device,Time series of cell voltage,device,device,2,0d-particle-population-degradation-model-coupled-with-performance-model-fitting; data-extraction-from-existing-pewe-measurements-u-i-t,"Time series of cell voltage
internal key: Time series of cell voltage: device",0D Particle population degradation model coupled with performance model (fitting); Data extraction from existing PEWE measurements (U-i-t),reviewed_decode_anchor,reviewed_decode,https://w3id.org/h2kg/decode/workflow/anchor/time-series-of-cell-voltage-device,https://w3id.org/h2kg/hydrogen-ontology#Data,Data,data_product,reviewed_structural,DECODE-specific concept retained as a stable reviewed anchor. Its source topology is preserved; no H2KG synonym or new public term was asserted.,"[{""iri"": ""https://w3id.org/h2kg/hydrogen-ontology#CellVoltageLossPercent"", ""label"": ""Cell Voltage Loss Percent"", ""score"": 0.731}, {""iri"": ""https://w3id.org/h2kg/hydrogen-ontology#CellVoltageLoss"", ""label"": ""Cell Voltage Loss"", ""score"": 0.727}, {""iri"": ""https://w3id.org/h2kg/hydrogen-ontology#CellVoltageIncreaseRate"", ""label"": ""Cell Voltage Increase Rate"", ""score"": 0.717}]"
https://w3id.org/h2kg/decode/workflow/concept/time-series-of-current-density-device,Time series of current density,device,device,2,0d-particle-population-degradation-model-coupled-with-performance-model-fitting; data-extraction-from-existing-pewe-measurements-u-i-t,"Time series of current density
internal key: Time series of current density: device",0D Particle population degradation model coupled with performance model (fitting); Data extraction from existing PEWE measurements (U-i-t),reviewed_decode_anchor,reviewed_decode,https://w3id.org/h2kg/decode/workflow/anchor/time-series-of-current-density-device,https://w3id.org/h2kg/hydrogen-ontology#Data,Data,data_product,reviewed_structural,DECODE-specific concept retained as a stable reviewed anchor. Its source topology is preserved; no H2KG synonym or new public term was asserted.,"[{""iri"": ""https://w3id.org/h2kg/hydrogen-ontology#SetCurrentDensity"", ""label"": ""Set Current Density"", ""score"": 0.776}, {""iri"": ""https://w3id.org/h2kg/hydrogen-ontology#ReferenceCurrentDensity"", ""label"": ""Reference Current Density"", ""score"": 0.764}, {""iri"": ""https://w3id.org/h2kg/hydrogen-ontology#CurrentDensityLossPercent"", ""label"": ""Current Density Loss Percent"", ""score"": 0.759}]"
https://w3id.org/h2kg/decode/workflow/concept/time-series-of-electrode-potential-component,Time series of electrode potential,component,component,1,0d-particle-population-degradation-model-fitting,"Time series of electrode potential
internal key: Time series of electrode potential: component",0D Particle population degradation model (fitting),reviewed_decode_anchor,reviewed_decode,https://w3id.org/h2kg/decode/workflow/anchor/time-series-of-electrode-potential-component,https://w3id.org/h2kg/hydrogen-ontology#Data,Data,data_product,reviewed_structural,DECODE-specific concept retained as a stable reviewed anchor. Its source topology is preserved; no H2KG synonym or new public term was asserted.,"[{""iri"": ""https://w3id.org/h2kg/hydrogen-ontology#RingPotential"", ""label"": ""Ring Potential"", ""score"": 0.759}, {""iri"": ""https://w3id.org/h2kg/hydrogen-ontology#CathodePotential"", ""label"": ""Cathode Potential"", ""score"": 0.717}, {""iri"": ""https://w3id.org/h2kg/hydrogen-ontology#ZetaPotential"", ""label"": ""Zeta Potential"", ""score"": 0.621}]"
https://w3id.org/h2kg/decode/workflow/concept/transfer-coefficients-of-elementary-steps-lre,Transfer coefficients of elementary steps,LRE,device,2,fitting-version-of-the-hierachical-model; hierarchical-model-for-electrocatalytic-reactions,"Transfer coefficients of elementary steps
internal key: Transfer coefficients of elementary steps: LRE",Fitting Version of the Hierachical Model; Hierarchical model for electrocatalytic reactions,reviewed_decode_anchor,reviewed_decode,https://w3id.org/h2kg/decode/workflow/anchor/transfer-coefficients-of-elementary-steps-lre,https://w3id.org/h2kg/hydrogen-ontology#Property,Property,physical_or_derived_property,reviewed_structural,DECODE-specific concept retained as a stable reviewed anchor. Its source topology is preserved; no H2KG synonym or new public term was asserted.,"[{""iri"": ""https://w3id.org/h2kg/hydrogen-ontology#ChargeTransferCoefficient"", ""label"": ""Charge Transfer Coefficient"", ""score"": 0.771}, {""iri"": ""https://w3id.org/h2kg/hydrogen-ontology#CoefficientOfDeterminationR2"", ""label"": ""Coefficient Of Determination R 2"", ""score"": 0.603}, {""iri"": ""https://w3id.org/h2kg/hydrogen-ontology#ContactSpringCoefficient"", ""label"": ""Contact Spring Coefficient"", ""score"": 0.597}]"
https://w3id.org/h2kg/decode/workflow/concept/transmission-line-model-fitting-of-cl-eis-patterns-for-components-distribution-model,Transmission Line Model Fitting of CL EIS patterns for components distribution,,model,2,transmission-line-model-fitting-of-cl-eis-patterns-for-components-distribution,"Transmission Line Model Fitting of CL EIS patterns for components distribution
Owner: ICPEES@CNRS/Unistra:Sergey Pronkin
Task: T1.4
Maturity: under development
Documentation: 
Range of validity or processability: 
Catalytic layer containing nanostructured materials and ionomers;
internal key: Transmission Line Model Fitting of CL EIS patterns for components distribution0; Transmission Line Model Fitting of CL EIS patterns for components distribution
Owner: ICPEES@CNRS/Unistra:Sergey Pronkin
Task: T1.4
Maturity: under development
Documentation: 
Range of validity or processability: 
Catalytic layer containing nanostructured materials and ionomers;
internal key: Transmission Line Model Fitting of CL EIS patterns for components distribution1",CL nanostructure porous network model; GDE EIS; GDE EIS (catalyst-free); GDE EIS (ionomer-free); RDE EIS; RDE EIS (catalyst-free); RDE EIS (ionomer-free),reviewed_decode_anchor,reviewed_decode,https://w3id.org/h2kg/decode/workflow/anchor/transmission-line-model-fitting-of-cl-eis-patterns-for-components-distribution-model,https://w3id.org/h2kg/hydrogen-ontology#Process,Process,workflow_or_analysis,reviewed_structural,DECODE-specific concept retained as a stable reviewed anchor. Its source topology is preserved; no H2KG synonym or new public term was asserted.,[]
https://w3id.org/h2kg/decode/workflow/concept/transparent-electrode-for-clsm-component,Transparent electrode for CLSM,component,component,3,confocal-laser-scanning-microscope-clsm-and-fluorescent-probes-for-local-ph-assessment-in-acidic-med; confocal-laser-scanning-microscope-clsm-and-fluorescent-probes-for-local-ph-assessment-in-alkaline-m; transparent-electrodes-for-clsm-applications,"Transparent electrode for CLSM
internal key: Transparent electrode for CLSM: component",Confocal Laser Scanning Microscope (CLSM) + fluorescent probes for local pH assessment in acidic media on model /unsupported electrodes; Confocal Laser Scanning Microscope (CLSM) + fluorescent probes for local pH assessment in alkaline media on model/unsupported electrodes; Transparent Electrodes for CLSM applications,reviewed_decode_anchor,reviewed_decode,https://w3id.org/h2kg/decode/workflow/anchor/transparent-electrode-for-clsm-component,https://w3id.org/h2kg/hydrogen-ontology#Instrument,Instrument,apparatus_or_electrode,reviewed_structural,DECODE-specific concept retained as a stable reviewed anchor. Its source topology is preserved; no H2KG synonym or new public term was asserted.,"[{""iri"": ""https://w3id.org/h2kg/hydrogen-ontology#SCE"", ""label"": ""SCE"", ""score"": 0.632}, {""iri"": ""https://w3id.org/h2kg/hydrogen-ontology#PrintedGoldElectrode"", ""label"": ""Printed Gold Electrode"", ""score"": 0.615}, {""iri"": ""https://w3id.org/h2kg/hydrogen-ontology#CathodePotential"", ""label"": ""Cathode Potential"", ""score"": 0.612}]"
https://w3id.org/h2kg/decode/workflow/concept/transparent-electrodes-for-clsm-applications-method,Transparent Electrodes for CLSM applications,,method,3,confocal-laser-scanning-microscope-clsm-and-fluorescent-probes-for-local-ph-assessment-in-acidic-med; confocal-laser-scanning-microscope-clsm-and-fluorescent-probes-for-local-ph-assessment-in-alkaline-m; transparent-electrodes-for-clsm-applications,"Transparent Electrodes for CLSM applications
Owner: ICPEES@CNRS/Unistra:Tristan Asset,Amandine Brige
Task: T1.2
Maturity: under development
Documentation: 
Range of validity or processability: 
All systems of interest.
internal key: Transparent Electrodes for CLSM applications0",CLSM electrode template; Electrodeposition precursors; ITO sputter target; Transparent electrode for CLSM,reviewed_decode_anchor,reviewed_decode,https://w3id.org/h2kg/decode/workflow/anchor/transparent-electrodes-for-clsm-applications-method,https://w3id.org/h2kg/hydrogen-ontology#Process,Process,transparent_electrodes_workflow_is_process,reviewed_structural,DECODE-specific concept retained as a stable reviewed anchor. Its source topology is preserved; no H2KG synonym or new public term was asserted.,"[{""iri"": ""https://w3id.org/h2kg/hydrogen-ontology#ReferenceElectrodeCalibrationMeasurement"", ""label"": ""Reference Electrode Calibration Measurement"", ""score"": 0.575}, {""iri"": ""https://w3id.org/h2kg/hydrogen-ontology#CarbonFeltElectrode"", ""label"": ""Carbon Felt Electrode"", ""score"": 0.554}]"
https://w3id.org/h2kg/decode/workflow/concept/turbiscan-transmission-and-backscattering-stability-testing-method,Turbiscan Transmission and Backscattering stability testing,,method,3,ink-preparation-for-deposition-of-catalytic-layers; roller-mixer-and-zirconia-beads-for-ref-pefc-inks; turbiscan-transmission-and-backscattering-stability-testing,"Turbiscan Transmission and Backscattering stability testing
Owner: FZJ-IET-2:Dominik Dworschak
Task: T.2.1and2.5
Maturity: established method
Documentation: 
Range of validity or processability: unkonwn
internal key: Turbiscan Transmission and Backscattering stability testing0",Catalyst ink; Catalyst ink stability (turbiscan factor),reviewed_decode_anchor,reviewed_decode,https://w3id.org/h2kg/decode/workflow/anchor/turbiscan-transmission-and-backscattering-stability-testing-method,https://w3id.org/h2kg/hydrogen-ontology#Measurement,Measurement,method_visual_default,reviewed_structural,DECODE-specific concept retained as a stable reviewed anchor. Its source topology is preserved; no H2KG synonym or new public term was asserted.,[]
https://w3id.org/h2kg/decode/workflow/concept/ultrasonic-spray-deposition-for-catalytic-layers-process,Ultrasonic spray deposition for catalytic layers,,process,22,determination-of-cl-saturation-by-saxs-or-sans; development-of-a-zero-gap-cell-for-gde-based-spectrocopy-measurement; electron-tomography-for-pt-c-and-ionomer-distribution-in-cl; fib-measurements-on-gdl-or-mpl-and-catalyst-materials; fib-sem-on-cl-material; high-resolution-electron-tomography-for-accessing-pt-and-ionomer-distribution-on-carbon-aggregate; mea-assembly-for-pefc-ref-mea; mechanical-properties-of-catalyst-layers-gdls-and-meas-by-small-punch-and-nanoindentation; mpl-saturation-determination-from-x-ray-ct-data; neutron-imaging; pulsed-gas-analysis; rotating-ring-disk-electrode-rrde; sem-and-fib-layer; sheet-resistance-measurement; tem-and-eds-analysis-of-mea; three-electrode-cell-assesement-of-cl-by-xas-xanes-exafs-xrd; ultrasonic-spray-deposition-for-catalytic-layers,"Ultrasonic spray deposition for catalytic layers
Owner: FZJ-IET-4:Andreas Glsen
Task: T2.4
Maturity: established method
Documentation: 
Range of validity or processability: 
ink must be stable for 1 hour (several hours for very large electrodes)
internal key: Ultrasonic spray deposition for catalytic layers0; Ultrasonic spray deposition for catalytic layers
Owner: FZJ-IET-4:Andreas Glsen
Task: T2.4
Maturity: established method
Documentation: 
Range of validity or processability: 
ink must be stable for 1 hour (several hours for very large electrodes)
internal key: Ultrasonic spray deposition for catalytic layers1",CCM; CL on substrate; Catalyst powder; Inert substrate; Ionomer; Membrane,reviewed_decode_anchor,reviewed_decode,https://w3id.org/h2kg/decode/workflow/anchor/ultrasonic-spray-deposition-for-catalytic-layers-process,https://w3id.org/h2kg/hydrogen-ontology#Manufacturing,Manufacturing,physical_manufacturing_workflow,reviewed_structural,DECODE-specific concept retained as a stable reviewed anchor. Its source topology is preserved; no H2KG synonym or new public term was asserted.,"[{""iri"": ""https://w3id.org/h2kg/hydrogen-ontology#UltrasonicDepositionProcess"", ""label"": ""Ultrasonic Deposition Process"", ""score"": 0.675}, {""iri"": ""https://w3id.org/h2kg/hydrogen-ontology#CatalystLayerCompositionSpecification"", ""label"": ""Catalyst Layer Composition Specification"", ""score"": 0.659}, {""iri"": ""https://w3id.org/h2kg/hydrogen-ontology#SprayCoating"", ""label"": ""Spray Coating"", ""score"": 0.611}]"
https://w3id.org/h2kg/decode/workflow/concept/voxel-based-3d-effective-diffusivity-simulation-model,Voxel based 3D Effective Diffusivity simulation,,model,33,0d-particle-population-degradation-model-coupled-with-performance-model-prediction; 0d-particle-population-degradation-model-coupled-with-performance-model-prediction-without-fitting-methods; ai-based-generation-of-structural-digital-twins-of-multi-scale-tomographies; cea-mea-model-europium-2d; current-modulated-hydrogen-flow-rate-spectroscopy-ch2s; diffusivities-from-tortuosities; fib-sem-on-cl-material; fitting-of-the-europium-model; iet-1d-performance-model-for-mea-prediction; image-classification-of-fib-tomography-data; image-classification-of-x-ray-tomography-data; image-classification-on-nm-scale; inpt-cl-process-model; modeling-of-hydrophobic-treatment-of-gdl; modeling-of-mpl-coating-of-gdl; mpl-parameter-estimation-from-gdl-and-substrate-data; mpl-saturation-determination-from-x-ray-ct-data; voxel-based-3d-effective-diffusivity-simulation,"Voxel based 3D Effective Diffusivity simulation
Owner: PSI:Jens Eller
Task: T2.1
Maturity: established method
Documentation: 
Range of validity or processability: unkonwn
internal key: Voxel based 3D Effective Diffusivity simulation0; Voxel based 3D Effective Diffusivity simulation
Owner: PSI:Jens Eller
Task: T2.1
Maturity: established method
Documentation: 
Range of validity or processability: unkonwn
internal key: Voxel based 3D Effective Diffusivity simulation1; Voxel based 3D Effective Diffusivity simulation
Owner: PSI:Jens Eller
Task: T2.1
Maturity: established method
Documentation: 
Range of validity or processability: unkonwn
internal key: Voxel based 3D Effective Diffusivity simulation2; Voxel based 3D Effective Diffusivity simulation
Owner: PSI:Jens Eller
Task: T2.1
Maturity: established method
Documentation: 
Range of validity or processability: unkonwn
internal key: Voxel based 3D Effective Diffusivity simulation3",CCL 3D voxel data classified; CCL porosity; CCL tortuosity; GDL substrate 3D voxel data classified; GDL substrate in-plane tortuosity; GDL substrate porosity; GDL substrate through-plane tortuosity; MPL 3D voxel data classified; MPL porosity; MPL tortuosity; PTL 3D voxel data classified; PTL porosity; PTL tortuosity,reviewed_decode_anchor,reviewed_decode,https://w3id.org/h2kg/decode/workflow/anchor/voxel-based-3d-effective-diffusivity-simulation-model,https://w3id.org/h2kg/hydrogen-ontology#Process,Process,workflow_or_analysis,reviewed_structural,DECODE-specific concept retained as a stable reviewed anchor. Its source topology is preserved; no H2KG synonym or new public term was asserted.,"[{""iri"": ""https://w3id.org/h2kg/hydrogen-ontology#InPlaneEffectiveDiffusivityMeasurement"", ""label"": ""In Plane Effective Diffusivity Measurement"", ""score"": 0.652}, {""iri"": ""https://w3id.org/h2kg/hydrogen-ontology#EffectiveIonicConductivity"", ""label"": ""Effective Ionic Conductivity"", ""score"": 0.56}]"
https://w3id.org/h2kg/decode/workflow/concept/voxel-based-3d-electric-conductiviy-simulation-model,Voxel based 3D Electric conductiviy simulation,,model,25,ai-based-generation-of-structural-digital-twins-of-multi-scale-tomographies; cea-mea-model-europium-2d; fib-sem-on-cl-material; fitting-of-the-europium-model; image-classification-of-fib-tomography-data; image-classification-of-x-ray-tomography-data; image-classification-on-nm-scale; inpt-cl-process-model; modeling-of-hydrophobic-treatment-of-gdl; modeling-of-mpl-coating-of-gdl; mpl-parameter-estimation-from-gdl-and-substrate-data; mpl-saturation-determination-from-x-ray-ct-data; voxel-based-3d-electric-conductiviy-simulation,"Voxel based 3D Electric conductiviy simulation
Owner: PSI:Jens Eller
Task: T2.1
Maturity: established method
Documentation: 
Range of validity or processability: unkonwn
internal key: Voxel based 3D Electric conductiviy simulation0; Voxel based 3D Electric conductiviy simulation
Owner: PSI:Jens Eller
Task: T2.1
Maturity: established method
Documentation: 
Range of validity or processability: unkonwn
internal key: Voxel based 3D Electric conductiviy simulation1; Voxel based 3D Electric conductiviy simulation
Owner: PSI:Jens Eller
Task: T2.1
Maturity: established method
Documentation: 
Range of validity or processability: unkonwn
internal key: Voxel based 3D Electric conductiviy simulation2; Voxel based 3D Electric conductiviy simulation
Owner: PSI:Jens Eller
Task: T2.1
Maturity: established method
Documentation: 
Range of validity or processability: unkonwn
internal key: Voxel based 3D Electric conductiviy simulation3",CCL 3D voxel data classified; CCL conductivity; GDL substrate 3D voxel data classified; GDL substrate in-plane conductivity; GDL substrate through-plane conductivity; MPL 3D voxel data classified; MPL conductivity; PTL 3D voxel data classified; PTL conductivity,reviewed_decode_anchor,reviewed_decode,https://w3id.org/h2kg/decode/workflow/anchor/voxel-based-3d-electric-conductiviy-simulation-model,https://w3id.org/h2kg/hydrogen-ontology#Process,Process,workflow_or_analysis,reviewed_structural,DECODE-specific concept retained as a stable reviewed anchor. Its source topology is preserved; no H2KG synonym or new public term was asserted.,"[{""iri"": ""https://w3id.org/h2kg/hydrogen-ontology#InPlaneElectronicConductivity"", ""label"": ""In Plane Electronic Conductivity"", ""score"": 0.667}, {""iri"": ""https://w3id.org/h2kg/hydrogen-ontology#ElectronicConductivityAnisotropyRatio"", ""label"": ""Electronic Conductivity Anisotropy Ratio"", ""score"": 0.651}, {""iri"": ""https://w3id.org/h2kg/hydrogen-ontology#ThroughPlaneElectronicConductivity"", ""label"": ""Through Plane Electronic Conductivity"", ""score"": 0.638}]"
https://w3id.org/h2kg/decode/workflow/concept/voxel-based-3d-permability-simulation-model,Voxel based 3D Permability simulation,,model,25,ai-based-generation-of-structural-digital-twins-of-multi-scale-tomographies; cea-mea-model-europium-2d; fib-sem-on-cl-material; fitting-of-the-europium-model; image-classification-of-fib-tomography-data; image-classification-of-x-ray-tomography-data; image-classification-on-nm-scale; inpt-cl-process-model; modeling-of-hydrophobic-treatment-of-gdl; modeling-of-mpl-coating-of-gdl; mpl-parameter-estimation-from-gdl-and-substrate-data; mpl-saturation-determination-from-x-ray-ct-data; voxel-based-3d-permability-simulation,"Voxel based 3D Permability simulation
Owner: PSI:Jens Eller
Task: T2.1
Maturity: established method
Documentation: 
Range of validity or processability: unkonwn
internal key: Voxel based 3D Permability simulation0; Voxel based 3D Permability simulation
Owner: PSI:Jens Eller
Task: T2.1
Maturity: established method
Documentation: 
Range of validity or processability: unkonwn
internal key: Voxel based 3D Permability simulation1; Voxel based 3D Permability simulation
Owner: PSI:Jens Eller
Task: T2.1
Maturity: established method
Documentation: 
Range of validity or processability: unkonwn
internal key: Voxel based 3D Permability simulation2; Voxel based 3D Permability simulation
Owner: PSI:Jens Eller
Task: T2.1
Maturity: established method
Documentation: 
Range of validity or processability: unkonwn
internal key: Voxel based 3D Permability simulation3",CCL 3D voxel data classified; CCL permeability; GDL substrate 3D voxel data classified; GDL substrate in-plane permeability; GDL substrate through-plane permeability; MPL 3D voxel data classified; MPL permeability; PTL 3D voxel data classified; PTL permeability,reviewed_decode_anchor,reviewed_decode,https://w3id.org/h2kg/decode/workflow/anchor/voxel-based-3d-permability-simulation-model,https://w3id.org/h2kg/hydrogen-ontology#Process,Process,workflow_or_analysis,reviewed_structural,DECODE-specific concept retained as a stable reviewed anchor. Its source topology is preserved; no H2KG synonym or new public term was asserted.,"[{""iri"": ""https://w3id.org/h2kg/hydrogen-ontology#RelativeOxygenPermeability"", ""label"": ""Relative Oxygen Permeability"", ""score"": 0.615}]"
https://w3id.org/h2kg/decode/workflow/concept/voxel-based-3d-thermal-conductivity-simulation-model,Voxel based 3D Thermal conductivity simulation,,model,24,ai-based-generation-of-structural-digital-twins-of-multi-scale-tomographies; cea-mea-model-europium-2d; fib-sem-on-cl-material; fitting-of-the-europium-model; image-classification-of-fib-tomography-data; image-classification-of-x-ray-tomography-data; image-classification-on-nm-scale; inpt-cl-process-model; modeling-of-hydrophobic-treatment-of-gdl; modeling-of-mpl-coating-of-gdl; mpl-saturation-determination-from-x-ray-ct-data; voxel-based-3d-thermal-conductivity-simulation,"Voxel based 3D Thermal conductivity simulation
Owner: PSI:Jens Eller
Task: T2.1
Maturity: established method
Documentation: 
Range of validity or processability: unkonwn
internal key: Voxel based 3D Thermal conductivity simulation0; Voxel based 3D Thermal conductivity simulation
Owner: PSI:Jens Eller
Task: T2.1
Maturity: established method
Documentation: 
Range of validity or processability: unkonwn
internal key: Voxel based 3D Thermal conductivity simulation1; Voxel based 3D Thermal conductivity simulation
Owner: PSI:Jens Eller
Task: T2.1
Maturity: established method
Documentation: 
Range of validity or processability: unkonwn
internal key: Voxel based 3D Thermal conductivity simulation2; Voxel based 3D Thermal conductivity simulation
Owner: PSI:Jens Eller
Task: T2.1
Maturity: established method
Documentation: 
Range of validity or processability: unkonwn
internal key: Voxel based 3D Thermal conductivity simulation3",CCL 3D voxel data classified; CCL thermal conductivity; GDL substrate 3D voxel data classified; GDL substrate in-plane thermal conductivity; GDL substrate through-plane thermal conductivity; MPL 3D voxel data classified; MPL thermal conductivity; PTL 3D voxel data classified; PTL thermal conductivity,reviewed_decode_anchor,reviewed_decode,https://w3id.org/h2kg/decode/workflow/anchor/voxel-based-3d-thermal-conductivity-simulation-model,https://w3id.org/h2kg/hydrogen-ontology#Process,Process,workflow_or_analysis,reviewed_structural,DECODE-specific concept retained as a stable reviewed anchor. Its source topology is preserved; no H2KG synonym or new public term was asserted.,"[{""iri"": ""https://w3id.org/h2kg/hydrogen-ontology#ThermalConductivity"", ""label"": ""Thermal Conductivity"", ""score"": 0.65}, {""iri"": ""https://w3id.org/h2kg/hydrogen-ontology#ThroughPlaneThermalConductivityMeasurement"", ""label"": ""Through Plane Thermal Conductivity Measurement"", ""score"": 0.649}, {""iri"": ""https://w3id.org/h2kg/hydrogen-ontology#RelativeProtonConductivity"", ""label"": ""Relative Proton Conductivity"", ""score"": 0.568}]"
https://w3id.org/h2kg/decode/workflow/concept/water-catalyst-interaction-strength-lre,Water catalyst interaction strength,LRE,device,1,hierarchical-model-for-electrocatalytic-reactions,"Water catalyst interaction strength
internal key: Water catalyst interaction strength: LRE",Hierarchical model for electrocatalytic reactions,reviewed_decode_anchor,reviewed_decode,https://w3id.org/h2kg/decode/workflow/anchor/water-catalyst-interaction-strength-lre,https://w3id.org/h2kg/hydrogen-ontology#Property,Property,physical_or_derived_property,reviewed_structural,DECODE-specific concept retained as a stable reviewed anchor. Its source topology is preserved; no H2KG synonym or new public term was asserted.,"[{""iri"": ""https://w3id.org/h2kg/hydrogen-ontology#CatalystPlatinumMassFraction"", ""label"": ""Catalyst Platinum Mass Fraction"", ""score"": 0.69}, {""iri"": ""https://w3id.org/h2kg/hydrogen-ontology#CatalystToNafionWeightRatio"", ""label"": ""Catalyst To Nafion Weight Ratio"", ""score"": 0.667}, {""iri"": ""https://w3id.org/h2kg/hydrogen-ontology#PtMassFractionInCatalyst"", ""label"": ""Pt Mass Fraction In Catalyst"", ""score"": 0.667}]"
https://w3id.org/h2kg/decode/workflow/concept/water-film-thickness-lre,Water film thickness,LRE,device,1,molecular-dynamics-for-the-electrode-electrolyte-interface-in-presence-of-ionomer,"Water film thickness
internal key: Water film thickness: LRE",Molecular Dynamics for the Electrode | Electrolyte Interface in presence of ionomer,reviewed_decode_anchor,reviewed_decode,https://w3id.org/h2kg/decode/workflow/anchor/water-film-thickness-lre,https://w3id.org/h2kg/hydrogen-ontology#Property,Property,physical_or_derived_property,reviewed_structural,DECODE-specific concept retained as a stable reviewed anchor. Its source topology is preserved; no H2KG synonym or new public term was asserted.,"[{""iri"": ""https://w3id.org/h2kg/hydrogen-ontology#FilmThickness"", ""label"": ""Film Thickness"", ""score"": 0.824}, {""iri"": ""https://w3id.org/h2kg/hydrogen-ontology#IonomerThinFilmThickness"", ""label"": ""Ionomer Thin Film Thickness"", ""score"": 0.821}, {""iri"": ""https://w3id.org/h2kg/hydrogen-ontology#CatalystLayerThickness_2"", ""label"": ""Catalyst Layer Thickness"", ""score"": 0.688}]"
https://w3id.org/h2kg/decode/workflow/concept/water-retention-curve-simulation-model,Water retention curve simulation,,model,29,ai-based-generation-of-structural-digital-twins-of-multi-scale-tomographies; cea-mea-model-europium-2d; fib-sem-on-cl-material; fitting-of-the-europium-model; iet-1d-mea-with-water-transport-eis-model; iet-1d-mea-with-water-transport-in-ccl-eis-model; iet-1d-performance-model-for-mea-prediction; image-classification-of-fib-tomography-data; image-classification-of-x-ray-tomography-data; image-classification-on-nm-scale; inpt-cl-process-model; modeling-of-hydrophobic-treatment-of-gdl; modeling-of-mpl-coating-of-gdl; mpl-saturation-determination-from-x-ray-ct-data; water-retention-curve-simulation,"Water retention curve simulation
Owner: PSI:Jens Eller
Task: T2.1
Maturity: established method
Documentation: 
Range of validity or processability: unkonwn
internal key: Water retention curve simulation0; Water retention curve simulation
Owner: PSI:Jens Eller
Task: T2.1
Maturity: established method
Documentation: 
Range of validity or processability: unkonwn
internal key: Water retention curve simulation1; Water retention curve simulation
Owner: PSI:Jens Eller
Task: T2.1
Maturity: established method
Documentation: 
Range of validity or processability: unkonwn
internal key: Water retention curve simulation2; Water retention curve simulation
Owner: PSI:Jens Eller
Task: T2.1
Maturity: established method
Documentation: 
Range of validity or processability: unkonwn
internal key: Water retention curve simulation3",CCL 3D voxel data classified; CCL breakthrough pressure; CCL internal contact angle; CCL water retention curve; GDL substrate 3D voxel data classified; GDL substrate breakthrough pressure; GDL substrate internal contact angle; GDL substrate water retention curve; MPL 3D voxel data classified; MPL breakthrough pressure; MPL internal contact angle; MPL water retention curve; PTL 3D voxel data classified; PTL breakthrough pressure; PTL internal contact angle; PTL water retention curve,reviewed_decode_anchor,reviewed_decode,https://w3id.org/h2kg/decode/workflow/anchor/water-retention-curve-simulation-model,https://w3id.org/h2kg/hydrogen-ontology#Process,Process,workflow_or_analysis,reviewed_structural,DECODE-specific concept retained as a stable reviewed anchor. Its source topology is preserved; no H2KG synonym or new public term was asserted.,"[{""iri"": ""https://w3id.org/h2kg/hydrogen-ontology#FiniteElementAnalysisSimulation"", ""label"": ""Finite Element Analysis Simulation"", ""score"": 0.632}, {""iri"": ""https://w3id.org/h2kg/hydrogen-ontology#WaterContentFraction"", ""label"": ""Water Content Fraction"", ""score"": 0.63}, {""iri"": ""https://w3id.org/h2kg/hydrogen-ontology#ElectrochemicalReactionSimulation"", ""label"": ""Electrochemical Reaction Simulation"", ""score"": 0.627}]"
https://w3id.org/h2kg/decode/workflow/concept/wilhelmy-wettability-measurement-method,Wilhelmy wettability measurement,,method,3,impregnation-by-immersion-and-blade-coating; wilhelmy-wettability-measurement,"Wilhelmy wettability measurement
Owner: PSI:Barbara Thiele
Task: T1.4
Maturity: established method
Documentation: Wilhelmy plate method for contact angle measurement
Range of validity or processability: 
0-180, +/- 5
internal key: Wilhelmy wettability measurement0; Wilhelmy wettability measurement
Owner: PSI:Barbara Thiele
Task: T1.4
Maturity: established method
Documentation: Wilhelmy plate method for contact angle measurement
Range of validity or processability: 
0-180, +/- 5
internal key: Wilhelmy wettability measurement1",Contact angle probe liquid(s); GDL; GDL substrate; GDL substrate external contact angle; MPL external contact angle,reviewed_decode_anchor,reviewed_decode,https://w3id.org/h2kg/decode/workflow/anchor/wilhelmy-wettability-measurement-method,https://w3id.org/h2kg/hydrogen-ontology#Measurement,Measurement,method_visual_default,reviewed_structural,DECODE-specific concept retained as a stable reviewed anchor. Its source topology is preserved; no H2KG synonym or new public term was asserted.,"[{""iri"": ""https://w3id.org/h2kg/hydrogen-ontology#GasPermeabilityMeasurement"", ""label"": ""Gas Permeability Measurement"", ""score"": 0.667}, {""iri"": ""https://w3id.org/h2kg/hydrogen-ontology#F19NMRMobilityMeasurement"", ""label"": ""F 19 NMR Mobility Measurement"", ""score"": 0.656}, {""iri"": ""https://w3id.org/h2kg/hydrogen-ontology#VisualInspectionStabilityMeasurement"", ""label"": ""Visual Inspection Stability Measurement"", ""score"": 0.648}]"
https://w3id.org/h2kg/decode/workflow/concept/xanes-spectra-component,XANES spectra,component,component,2,development-of-a-zero-gap-cell-for-gde-based-spectrocopy-measurement; three-electrode-cell-assesement-of-cl-by-xas-xanes-exafs-xrd,"XANES spectra
internal key: XANES spectra: component","Development of a zero gap cell for GDE based spectrocopy measurement; Three electrode cell assesement of CL by XAS, XANES, EXAFS, XRD",reviewed_decode_anchor,reviewed_decode,https://w3id.org/h2kg/decode/workflow/anchor/xanes-spectra-component,https://w3id.org/h2kg/hydrogen-ontology#Data,Data,data_product,reviewed_structural,DECODE-specific concept retained as a stable reviewed anchor. Its source topology is preserved; no H2KG synonym or new public term was asserted.,"[{""iri"": ""https://w3id.org/h2kg/hydrogen-ontology#XPSDataset"", ""label"": ""XPS Dataset"", ""score"": 0.833}, {""iri"": ""https://w3id.org/h2kg/hydrogen-ontology#UVVisibleSpectroscopyMeasurement"", ""label"": ""UV Visible Spectroscopy Measurement"", ""score"": 0.696}, {""iri"": ""https://w3id.org/h2kg/hydrogen-ontology#XRayPhotoelectronSpectrometer"", ""label"": ""X Ray Photoelectron Spectrometer"", ""score"": 0.621}]"
https://w3id.org/h2kg/decode/workflow/concept/xas-spectra-component,XAS spectra,component,component,2,development-of-a-zero-gap-cell-for-gde-based-spectrocopy-measurement; three-electrode-cell-assesement-of-cl-by-xas-xanes-exafs-xrd,"XAS spectra
internal key: XAS spectra: component","Development of a zero gap cell for GDE based spectrocopy measurement; Three electrode cell assesement of CL by XAS, XANES, EXAFS, XRD",reviewed_decode_anchor,reviewed_decode,https://w3id.org/h2kg/decode/workflow/anchor/xas-spectra-component,https://w3id.org/h2kg/hydrogen-ontology#Data,Data,data_product,reviewed_structural,DECODE-specific concept retained as a stable reviewed anchor. Its source topology is preserved; no H2KG synonym or new public term was asserted.,"[{""iri"": ""https://w3id.org/h2kg/hydrogen-ontology#XPSDataset"", ""label"": ""XPS Dataset"", ""score"": 0.909}, {""iri"": ""https://w3id.org/h2kg/hydrogen-ontology#UVVisibleSpectroscopyMeasurement"", ""label"": ""UV Visible Spectroscopy Measurement"", ""score"": 0.762}, {""iri"": ""https://w3id.org/h2kg/hydrogen-ontology#XRayPhotoelectronSpectrometer"", ""label"": ""X Ray Photoelectron Spectrometer"", ""score"": 0.667}]"
https://w3id.org/h2kg/decode/workflow/concept/xrd-pattern-component,XRD pattern,component,component,2,development-of-a-zero-gap-cell-for-gde-based-spectrocopy-measurement; three-electrode-cell-assesement-of-cl-by-xas-xanes-exafs-xrd,"XRD pattern
internal key: XRD pattern: component","Development of a zero gap cell for GDE based spectrocopy measurement; Three electrode cell assesement of CL by XAS, XANES, EXAFS, XRD",strict_alt_label,approved_h2kg,https://w3id.org/h2kg/hydrogen-ontology#XRDPatternDataset,https://w3id.org/h2kg/hydrogen-ontology#Data,Data,explicit_mapping,high,Reviewed raw-diffraction data naming variant.,"[{""iri"": ""https://w3id.org/h2kg/hydrogen-ontology#XRDPatternDataset"", ""label"": ""XRD Pattern Dataset"", ""score"": 1.0}, {""iri"": ""https://w3id.org/h2kg/hydrogen-ontology#CatalystLoadingPattern"", ""label"": ""Catalyst Loading Pattern"", ""score"": 0.75}, {""iri"": ""https://w3id.org/h2kg/hydrogen-ontology#MicroXRayFluorescenceSpectrometer"", ""label"": ""Micro X Ray Fluorescence Spectrometer"", ""score"": 0.593}]"
