source_label,native_category,visual_category,occurrence_count,workflow_count,workflow_ids,recommended_state,note
Fitting of the Europium model,,model,41,41,0d-particle-population-degradation-model-coupled-with-performance-model-prediction; 0d-particle-population-degradation-model-coupled-with-performance-model-prediction-without-fitting-methods; cea-mea-model-europium-2d; ct-based-capillary-pressure-saturation-curves; current-modulated-hydrogen-flow-rate-spectroscopy-ch2s; data-extraction-from-existing-pewe-measurements-u-i-t; determination-of-cl-saturation-by-saxs-or-sans; differential-cell-testing; diffusivities-from-tortuosities; distribution-of-contact-angles-in-ccl-fib-sem-image-from-ionomer-reconstruction; eis-on-pewe-cells; electrical-conductivity; electrical-contact-resistance; electrical-tlm-characterization-of-a-gdl-with-defined-compression; fib-measurements-on-gdl-or-mpl-and-catalyst-materials; fitting-of-the-europium-model; gas-permeability-of-a-gdl-with-defined-compression; gdl-compressability; hg-porosimetry-gdl; iet-1d-mea-with-water-transport-eis-model; iet-1d-mea-with-water-transport-in-ccl-eis-model; iet-1d-performance-model-for-mea-fitting; iet-1d-performance-model-for-mea-prediction; iet-composition-to-property-model; iet-ink-to-composition-model; image-based-ccl-effective-transport-property-computation-from-numerical-simulations; image-fib-tomography-dataparameter-extraction-3d; image-parameter-extraction-2d; image-x-ray-tomography-data-parameter-extraction-3d; microscopy-sem-and-optical-in-mea-cross-section; mpl-parameter-estimation-from-gdl-and-substrate-data; pulsed-gas-analysis; sem-and-edx; sem-and-fib-layer; simulation-of-single-phase-3d-apparent-properties; simulation-of-two-phase-3d-apparent-properties; voxel-based-3d-effective-diffusivity-simulation; voxel-based-3d-electric-conductiviy-simulation; voxel-based-3d-permability-simulation; voxel-based-3d-thermal-conductivity-simulation; water-retention-curve-simulation,review_required,Candidate only. It does not create a cross-workflow link until an explicit mapping entry is reviewed and added.
CEA MEA model (Europium 2D),,model,34,34,0d-particle-population-degradation-model-coupled-with-performance-model-prediction; 0d-particle-population-degradation-model-coupled-with-performance-model-prediction-without-fitting-methods; cea-mea-model-europium-2d; ct-based-capillary-pressure-saturation-curves; current-modulated-hydrogen-flow-rate-spectroscopy-ch2s; determination-of-cl-saturation-by-saxs-or-sans; differential-cell-testing; distribution-of-contact-angles-in-ccl-fib-sem-image-from-ionomer-reconstruction; electrical-conductivity; electrical-contact-resistance; electrical-tlm-characterization-of-a-gdl-with-defined-compression; fib-measurements-on-gdl-or-mpl-and-catalyst-materials; fitting-of-the-europium-model; gas-permeability-of-a-gdl-with-defined-compression; gdl-compressability; hg-porosimetry-gdl; iet-1d-performance-model-for-mea-fitting; iet-composition-to-property-model; iet-ink-to-composition-model; image-based-ccl-effective-transport-property-computation-from-numerical-simulations; image-fib-tomography-dataparameter-extraction-3d; image-parameter-extraction-2d; image-x-ray-tomography-data-parameter-extraction-3d; microscopy-sem-and-optical-in-mea-cross-section; mpl-parameter-estimation-from-gdl-and-substrate-data; sem-and-edx; sem-and-fib-layer; simulation-of-single-phase-3d-apparent-properties; simulation-of-two-phase-3d-apparent-properties; voxel-based-3d-effective-diffusivity-simulation; voxel-based-3d-electric-conductiviy-simulation; voxel-based-3d-permability-simulation; voxel-based-3d-thermal-conductivity-simulation; water-retention-curve-simulation,review_required,Candidate only. It does not create a cross-workflow link until an explicit mapping entry is reviewed and added.
Image FIB tomography dataparameter extraction 3D,,data,34,28,0d-particle-population-degradation-model-coupled-with-performance-model-fitting; 0d-particle-population-degradation-model-coupled-with-performance-model-prediction; 0d-particle-population-degradation-model-coupled-with-performance-model-prediction-without-fitting-methods; accelerated-stress-test-ast-on-nanostructured-electrodes; ai-based-generation-of-structural-digital-twins-of-multi-scale-tomographies; cea-mea-model-europium-2d; current-modulated-hydrogen-flow-rate-spectroscopy-ch2s; differential-cell-testing; diffusivities-from-tortuosities; eis-on-nanostructured-electrodes; fib-sem-on-cl-material; fitting-of-the-europium-model; iet-1d-mea-with-water-transport-eis-model; iet-1d-mea-with-water-transport-in-ccl-eis-model; iet-1d-performance-model-for-mea-fitting; iet-1d-performance-model-for-mea-prediction; iet-composition-to-property-model; iet-ink-to-composition-model; image-classification-of-fib-tomography-data; image-classification-on-nm-scale; image-fib-tomography-dataparameter-extraction-3d; inpt-cl-process-model; ionomer-reconstruction-in-ccl-3d-images; irras-operando-or-in-situ-ftir; model-electrochemistry-in-a-rde-cell; modeling-of-mpl-coating-of-gdl; prism-preparation-for-atr-ftir; rotating-ring-disk-electrode-rrde,review_required,Candidate only. It does not create a cross-workflow link until an explicit mapping entry is reviewed and added.
Image parameter extraction 2D,,method,55,28,0d-particle-population-degradation-model-coupled-with-performance-model-fitting; 0d-particle-population-degradation-model-coupled-with-performance-model-prediction; 0d-particle-population-degradation-model-coupled-with-performance-model-prediction-without-fitting-methods; accelerated-stress-test-ast-on-nanostructured-electrodes; cea-mea-model-europium-2d; current-modulated-hydrogen-flow-rate-spectroscopy-ch2s; differential-cell-testing; diffusivities-from-tortuosities; eis-on-nanostructured-electrodes; electrical-conductivity; electrical-contact-resistance; electrical-tlm-characterization-of-a-gdl-with-defined-compression; fitting-of-the-europium-model; gas-permeability-of-a-gdl-with-defined-compression; iet-1d-mea-with-water-transport-eis-model; iet-1d-mea-with-water-transport-in-ccl-eis-model; iet-1d-performance-model-for-mea-fitting; iet-1d-performance-model-for-mea-prediction; iet-composition-to-property-model; iet-ink-to-composition-model; image-parameter-extraction-2d; ionomer-reconstruction-in-ccl-3d-images; irras-operando-or-in-situ-ftir; model-electrochemistry-in-a-rde-cell; mpl-parameter-estimation-from-gdl-and-substrate-data; prism-preparation-for-atr-ftir; rotating-ring-disk-electrode-rrde; sem-and-edx,review_required,Candidate only. It does not create a cross-workflow link until an explicit mapping entry is reviewed and added.
Impregnation by immersion and blade coating,,process,27,27,cl-for-rde; contact-angle-extraction-of-ct-data; ct-based-capillary-pressure-saturation-curves; determination-of-cl-saturation-by-saxs-or-sans; dropcasted-ink-on-gc-tips; electrical-conductivity; electrical-contact-resistance; electrical-tlm-characterization-of-a-gdl-with-defined-compression; electrospray-deposition-of-catalyst-layers; external-contact-angle-of-a-gdl; fib-measurements-on-gdl-or-mpl-and-catalyst-materials; gas-permeability-of-a-gdl-with-defined-compression; gde-catalytic-layer-preparation; gde-cell-for-electrochemical-studies; gdl-compressability; hg-porosimetry-gdl; impregnation-by-immersion-and-blade-coating; lab-ct-measurements-on-gdl-or-mpl-materials; mea-assembly-for-pefc-ref-mea; mechanical-properties-of-catalyst-layers-gdls-and-meas-by-small-punch-and-nanoindentation; mpl-saturation-determination-from-x-ray-ct-data; neutron-imaging; pulsed-gas-analysis; sem-and-edx; sem-and-fib-layer; synch-ct-measurements-on-gdl-or-mpl-materials; wilhelmy-wettability-measurement,review_required,Candidate only. It does not create a cross-workflow link until an explicit mapping entry is reviewed and added.
0D Particle population degradation model coupled with performance model (prediction),,model,44,25,0d-particle-population-degradation-model-coupled-with-performance-model-fitting; 0d-particle-population-degradation-model-coupled-with-performance-model-prediction; 0d-particle-population-degradation-model-coupled-with-performance-model-prediction-without-fitting-methods; 0d-particle-population-degradation-model-fitting; cea-mea-model-europium-2d; differential-cell-testing; diffusivities-from-tortuosities; fib-measurements-on-gdl-or-mpl-and-catalyst-materials; fitting-of-the-europium-model; gdl-compressability; iet-1d-mea-with-water-transport-eis-model; iet-1d-mea-with-water-transport-in-ccl-eis-model; iet-1d-performance-model-for-mea-fitting; iet-1d-performance-model-for-mea-prediction; iet-composition-to-property-model; iet-ink-to-composition-model; image-based-ccl-effective-transport-property-computation-from-numerical-simulations; image-fib-tomography-dataparameter-extraction-3d; image-parameter-extraction-2d; image-tem-data-parameter-extraction-3d; microscopy-sem-and-optical-in-mea-cross-section; sem-and-edx; sem-and-fib-layer; tem-and-eds-analysis-of-mea; voxel-based-3d-effective-diffusivity-simulation,review_required,Candidate only. It does not create a cross-workflow link until an explicit mapping entry is reviewed and added.
IET 1D Performance model for MEA (prediction),,model,24,24,0d-particle-population-degradation-model-coupled-with-performance-model-prediction; 0d-particle-population-degradation-model-coupled-with-performance-model-prediction-without-fitting-methods; ct-based-capillary-pressure-saturation-curves; differential-cell-testing; diffusivities-from-tortuosities; distribution-of-contact-angles-in-ccl-fib-sem-image-from-ionomer-reconstruction; fib-measurements-on-gdl-or-mpl-and-catalyst-materials; fitting-of-the-europium-model; gdl-compressability; hg-porosimetry-gdl; iet-1d-performance-model-for-mea-fitting; iet-1d-performance-model-for-mea-prediction; iet-composition-to-property-model; iet-ink-to-composition-model; image-based-ccl-effective-transport-property-computation-from-numerical-simulations; image-fib-tomography-dataparameter-extraction-3d; image-parameter-extraction-2d; image-x-ray-tomography-data-parameter-extraction-3d; microscopy-sem-and-optical-in-mea-cross-section; sem-and-edx; sem-and-fib-layer; simulation-of-two-phase-3d-apparent-properties; voxel-based-3d-effective-diffusivity-simulation; water-retention-curve-simulation,review_required,Candidate only. It does not create a cross-workflow link until an explicit mapping entry is reviewed and added.
Electrospray deposition of Catalyst Layers,,process,39,23,confocal-laser-scanning-microscope-clsm-and-fluorescent-probes-for-local-ph-assessment-in-acidic-med2; confocal-laser-scanning-microscope-clsm-and-fluorescent-probes-for-local-ph-assessment-in-alkaline-m2; determination-of-cl-saturation-by-saxs-or-sans; development-of-a-zero-gap-cell-for-gde-based-spectrocopy-measurement; electron-tomography-for-pt-c-and-ionomer-distribution-in-cl; electrospray-deposition-of-catalyst-layers; fib-measurements-on-gdl-or-mpl-and-catalyst-materials; fib-sem-on-cl-material; gde-cell-for-electrochemical-studies; high-resolution-electron-tomography-for-accessing-pt-and-ionomer-distribution-on-carbon-aggregate; impregnation-by-immersion-and-blade-coating; ink-preparation-for-deposition-of-catalytic-layers; mea-assembly-for-pefc-ref-mea; mechanical-properties-of-catalyst-layers-gdls-and-meas-by-small-punch-and-nanoindentation; mpl-saturation-determination-from-x-ray-ct-data; neutron-imaging; pulsed-gas-analysis; roller-mixer-and-zirconia-beads-for-ref-pefc-inks; rotating-ring-disk-electrode-rrde; sem-and-fib-layer; sheet-resistance-measurement; tem-and-eds-analysis-of-mea; three-electrode-cell-assesement-of-cl-by-xas-xanes-exafs-xrd,review_required,Candidate only. It does not create a cross-workflow link until an explicit mapping entry is reviewed and added.
Diffusivities from tortuosities,,method,22,22,0d-particle-population-degradation-model-coupled-with-performance-model-prediction; 0d-particle-population-degradation-model-coupled-with-performance-model-prediction-without-fitting-methods; current-modulated-hydrogen-flow-rate-spectroscopy-ch2s; diffusivities-from-tortuosities; fib-measurements-on-gdl-or-mpl-and-catalyst-materials; fitting-of-the-europium-model; gdl-compressability; hg-porosimetry-gdl; iet-1d-mea-with-water-transport-eis-model; iet-1d-mea-with-water-transport-in-ccl-eis-model; iet-1d-performance-model-for-mea-prediction; image-based-ccl-effective-transport-property-computation-from-numerical-simulations; image-fib-tomography-dataparameter-extraction-3d; image-parameter-extraction-2d; image-x-ray-tomography-data-parameter-extraction-3d; microscopy-sem-and-optical-in-mea-cross-section; mpl-parameter-estimation-from-gdl-and-substrate-data; sem-and-edx; sem-and-fib-layer; simulation-of-single-phase-3d-apparent-properties; simulation-of-two-phase-3d-apparent-properties; voxel-based-3d-effective-diffusivity-simulation,review_required,Candidate only. It does not create a cross-workflow link until an explicit mapping entry is reviewed and added.
IET 1D MEA with water transport EIS model,,model,22,22,0d-particle-population-degradation-model-coupled-with-performance-model-prediction; 0d-particle-population-degradation-model-coupled-with-performance-model-prediction-without-fitting-methods; ct-based-capillary-pressure-saturation-curves; differential-cell-testing; diffusivities-from-tortuosities; distribution-of-contact-angles-in-ccl-fib-sem-image-from-ionomer-reconstruction; fib-measurements-on-gdl-or-mpl-and-catalyst-materials; fitting-of-the-europium-model; gdl-compressability; iet-1d-mea-with-water-transport-eis-model; iet-1d-performance-model-for-mea-fitting; iet-composition-to-property-model; iet-ink-to-composition-model; image-based-ccl-effective-transport-property-computation-from-numerical-simulations; image-fib-tomography-dataparameter-extraction-3d; image-parameter-extraction-2d; image-x-ray-tomography-data-parameter-extraction-3d; microscopy-sem-and-optical-in-mea-cross-section; sem-and-edx; sem-and-fib-layer; simulation-of-two-phase-3d-apparent-properties; water-retention-curve-simulation,review_required,Candidate only. It does not create a cross-workflow link until an explicit mapping entry is reviewed and added.
SEM and FIB (layer),,method,22,22,0d-particle-population-degradation-model-coupled-with-performance-model-fitting; 0d-particle-population-degradation-model-coupled-with-performance-model-prediction; 0d-particle-population-degradation-model-coupled-with-performance-model-prediction-without-fitting-methods; blade-coating-and-decal-transfer-for-ref-pefc-ccm; cea-mea-model-europium-2d; current-modulated-hydrogen-flow-rate-spectroscopy-ch2s; differential-cell-testing; diffusivities-from-tortuosities; electrical-conductivity; electrical-contact-resistance; electrical-tlm-characterization-of-a-gdl-with-defined-compression; electrospray-deposition-of-catalyst-layers; fitting-of-the-europium-model; gas-permeability-of-a-gdl-with-defined-compression; iet-1d-mea-with-water-transport-eis-model; iet-1d-mea-with-water-transport-in-ccl-eis-model; iet-1d-performance-model-for-mea-fitting; iet-1d-performance-model-for-mea-prediction; impregnation-by-immersion-and-blade-coating; mpl-parameter-estimation-from-gdl-and-substrate-data; sem-and-fib-layer; ultrasonic-spray-deposition-for-catalytic-layers,review_required,Candidate only. It does not create a cross-workflow link until an explicit mapping entry is reviewed and added.
IET 1D Performance model for MEA (fitting),,model,21,21,0d-particle-population-degradation-model-coupled-with-performance-model-prediction; 0d-particle-population-degradation-model-coupled-with-performance-model-prediction-without-fitting-methods; cea-mea-model-europium-2d; data-extraction-from-existing-pewe-measurements-u-i-t; differential-cell-testing; eis-on-pewe-cells; fib-measurements-on-gdl-or-mpl-and-catalyst-materials; fitting-of-the-europium-model; gdl-compressability; iet-1d-mea-with-water-transport-eis-model; iet-1d-mea-with-water-transport-in-ccl-eis-model; iet-1d-performance-model-for-mea-fitting; iet-1d-performance-model-for-mea-prediction; iet-composition-to-property-model; iet-ink-to-composition-model; image-fib-tomography-dataparameter-extraction-3d; image-parameter-extraction-2d; microscopy-sem-and-optical-in-mea-cross-section; pulsed-gas-analysis; sem-and-edx; sem-and-fib-layer,review_required,Candidate only. It does not create a cross-workflow link until an explicit mapping entry is reviewed and added.
MPL parameter estimation from GDL and substrate data,,method,21,21,cea-mea-model-europium-2d; current-modulated-hydrogen-flow-rate-spectroscopy-ch2s; diffusivities-from-tortuosities; electrical-conductivity; electrical-contact-resistance; electrical-tlm-characterization-of-a-gdl-with-defined-compression; fitting-of-the-europium-model; gas-permeability-of-a-gdl-with-defined-compression; gdl-compressability; hg-porosimetry-gdl; image-parameter-extraction-2d; image-x-ray-tomography-data-parameter-extraction-3d; microscopy-sem-and-optical-in-mea-cross-section; mpl-parameter-estimation-from-gdl-and-substrate-data; sem-and-edx; sem-and-fib-layer; simulation-of-single-phase-3d-apparent-properties; simulation-of-two-phase-3d-apparent-properties; voxel-based-3d-effective-diffusivity-simulation; voxel-based-3d-electric-conductiviy-simulation; voxel-based-3d-permability-simulation,review_required,Candidate only. It does not create a cross-workflow link until an explicit mapping entry is reviewed and added.
SEM and EDX,,method,43,21,0d-particle-population-degradation-model-coupled-with-performance-model-fitting; 0d-particle-population-degradation-model-coupled-with-performance-model-prediction; 0d-particle-population-degradation-model-coupled-with-performance-model-prediction-without-fitting-methods; cea-mea-model-europium-2d; current-modulated-hydrogen-flow-rate-spectroscopy-ch2s; differential-cell-testing; diffusivities-from-tortuosities; electrical-conductivity; electrical-contact-resistance; electrical-tlm-characterization-of-a-gdl-with-defined-compression; fitting-of-the-europium-model; gas-permeability-of-a-gdl-with-defined-compression; iet-1d-mea-with-water-transport-eis-model; iet-1d-mea-with-water-transport-in-ccl-eis-model; iet-1d-performance-model-for-mea-fitting; iet-1d-performance-model-for-mea-prediction; image-parameter-extraction-2d; impregnation-by-immersion-and-blade-coating; microscopy-sem-and-optical-in-mea-cross-section; mpl-parameter-estimation-from-gdl-and-substrate-data; sem-and-edx,review_required,Candidate only. It does not create a cross-workflow link until an explicit mapping entry is reviewed and added.
Microscopy (SEM and optical) in MEA cross section,,method,20,20,0d-particle-population-degradation-model-coupled-with-performance-model-fitting; 0d-particle-population-degradation-model-coupled-with-performance-model-prediction; 0d-particle-population-degradation-model-coupled-with-performance-model-prediction-without-fitting-methods; cea-mea-model-europium-2d; differential-cell-testing; diffusivities-from-tortuosities; electrical-conductivity; electrical-contact-resistance; electrical-tlm-characterization-of-a-gdl-with-defined-compression; fitting-of-the-europium-model; gas-permeability-of-a-gdl-with-defined-compression; iet-1d-mea-with-water-transport-eis-model; iet-1d-mea-with-water-transport-in-ccl-eis-model; iet-1d-performance-model-for-mea-fitting; iet-1d-performance-model-for-mea-prediction; iet-composition-to-property-model; mea-assembly-for-pefc-ref-mea; microscopy-sem-and-optical-in-mea-cross-section; mpl-parameter-estimation-from-gdl-and-substrate-data; sem-and-edx,review_required,Candidate only. It does not create a cross-workflow link until an explicit mapping entry is reviewed and added.
AI-based generation of structural digital twins of multi-scale tomographies,,model,55,19,ai-based-generation-of-structural-digital-twins-of-multi-scale-tomographies; fib-sem-on-cl-material; image-classification-of-fib-tomography-data; image-classification-of-x-ray-tomography-data; image-classification-on-nm-scale; image-fib-tomography-dataparameter-extraction-3d; image-x-ray-tomography-data-parameter-extraction-3d; inpt-cl-process-model; ionomer-reconstruction-in-ccl-3d-images; modeling-of-hydrophobic-treatment-of-gdl; modeling-of-mpl-coating-of-gdl; mpl-saturation-determination-from-x-ray-ct-data; simulation-of-single-phase-3d-apparent-properties; simulation-of-two-phase-3d-apparent-properties; voxel-based-3d-effective-diffusivity-simulation; voxel-based-3d-electric-conductiviy-simulation; voxel-based-3d-permability-simulation; voxel-based-3d-thermal-conductivity-simulation; water-retention-curve-simulation,review_required,Candidate only. It does not create a cross-workflow link until an explicit mapping entry is reviewed and added.
Blade coating and Decal transfer for ref PEFC CCM,,process,19,19,blade-coating-and-decal-transfer-for-ref-pefc-ccm; determination-of-cl-saturation-by-saxs-or-sans; development-of-a-zero-gap-cell-for-gde-based-spectrocopy-measurement; electron-tomography-for-pt-c-and-ionomer-distribution-in-cl; fib-measurements-on-gdl-or-mpl-and-catalyst-materials; fib-sem-on-cl-material; high-resolution-electron-tomography-for-accessing-pt-and-ionomer-distribution-on-carbon-aggregate; ink-preparation-for-deposition-of-catalytic-layers; mea-assembly-for-pefc-ref-mea; mechanical-properties-of-catalyst-layers-gdls-and-meas-by-small-punch-and-nanoindentation; mpl-saturation-determination-from-x-ray-ct-data; neutron-imaging; pulsed-gas-analysis; roller-mixer-and-zirconia-beads-for-ref-pefc-inks; rotating-ring-disk-electrode-rrde; sem-and-fib-layer; sheet-resistance-measurement; tem-and-eds-analysis-of-mea; three-electrode-cell-assesement-of-cl-by-xas-xanes-exafs-xrd,review_required,Candidate only. It does not create a cross-workflow link until an explicit mapping entry is reviewed and added.
IET 1D MEA with water transport in CCL EIS model,,model,19,19,0d-particle-population-degradation-model-coupled-with-performance-model-prediction; 0d-particle-population-degradation-model-coupled-with-performance-model-prediction-without-fitting-methods; differential-cell-testing; diffusivities-from-tortuosities; distribution-of-contact-angles-in-ccl-fib-sem-image-from-ionomer-reconstruction; fib-measurements-on-gdl-or-mpl-and-catalyst-materials; fitting-of-the-europium-model; gdl-compressability; iet-1d-mea-with-water-transport-in-ccl-eis-model; iet-1d-performance-model-for-mea-fitting; iet-composition-to-property-model; iet-ink-to-composition-model; image-based-ccl-effective-transport-property-computation-from-numerical-simulations; image-fib-tomography-dataparameter-extraction-3d; image-parameter-extraction-2d; microscopy-sem-and-optical-in-mea-cross-section; sem-and-edx; sem-and-fib-layer; water-retention-curve-simulation,review_required,Candidate only. It does not create a cross-workflow link until an explicit mapping entry is reviewed and added.
Differential Cell Testing,,method,18,18,0d-particle-population-degradation-model-coupled-with-performance-model-fitting; 0d-particle-population-degradation-model-coupled-with-performance-model-prediction; 0d-particle-population-degradation-model-coupled-with-performance-model-prediction-without-fitting-methods; cea-mea-model-europium-2d; differential-cell-testing; fib-measurements-on-gdl-or-mpl-and-catalyst-materials; fitting-of-the-europium-model; iet-1d-mea-with-water-transport-eis-model; iet-1d-mea-with-water-transport-in-ccl-eis-model; iet-1d-performance-model-for-mea-fitting; iet-1d-performance-model-for-mea-prediction; iet-ink-to-composition-model; image-fib-tomography-dataparameter-extraction-3d; image-parameter-extraction-2d; mea-assembly-for-pefc-ref-mea; microscopy-sem-and-optical-in-mea-cross-section; sem-and-edx; sem-and-fib-layer,review_required,Candidate only. It does not create a cross-workflow link until an explicit mapping entry is reviewed and added.
FIB measurements on GDL/MPL and catalyst materials.,,method,73,18,0d-particle-population-degradation-model-coupled-with-performance-model-fitting; blade-coating-and-decal-transfer-for-ref-pefc-ccm; cea-mea-model-europium-2d; cl-for-rde; current-modulated-hydrogen-flow-rate-spectroscopy-ch2s; differential-cell-testing; diffusivities-from-tortuosities; electrospray-deposition-of-catalyst-layers; fib-measurements-on-gdl-or-mpl-and-catalyst-materials; fitting-of-the-europium-model; iet-1d-mea-with-water-transport-eis-model; iet-1d-mea-with-water-transport-in-ccl-eis-model; iet-1d-performance-model-for-mea-fitting; iet-1d-performance-model-for-mea-prediction; image-classification-of-fib-tomography-data; image-classification-on-nm-scale; impregnation-by-immersion-and-blade-coating; ultrasonic-spray-deposition-for-catalytic-layers,review_required,Candidate only. It does not create a cross-workflow link until an explicit mapping entry is reviewed and added.
Voxel based 3D Effective Diffusivity simulation,,model,33,18,0d-particle-population-degradation-model-coupled-with-performance-model-prediction; 0d-particle-population-degradation-model-coupled-with-performance-model-prediction-without-fitting-methods; ai-based-generation-of-structural-digital-twins-of-multi-scale-tomographies; cea-mea-model-europium-2d; current-modulated-hydrogen-flow-rate-spectroscopy-ch2s; diffusivities-from-tortuosities; fib-sem-on-cl-material; fitting-of-the-europium-model; iet-1d-performance-model-for-mea-prediction; image-classification-of-fib-tomography-data; image-classification-of-x-ray-tomography-data; image-classification-on-nm-scale; inpt-cl-process-model; modeling-of-hydrophobic-treatment-of-gdl; modeling-of-mpl-coating-of-gdl; mpl-parameter-estimation-from-gdl-and-substrate-data; mpl-saturation-determination-from-x-ray-ct-data; voxel-based-3d-effective-diffusivity-simulation,review_required,Candidate only. It does not create a cross-workflow link until an explicit mapping entry is reviewed and added.
GDL compressability,,method,27,17,0d-particle-population-degradation-model-coupled-with-performance-model-prediction; 0d-particle-population-degradation-model-coupled-with-performance-model-prediction-without-fitting-methods; cea-mea-model-europium-2d; current-modulated-hydrogen-flow-rate-spectroscopy-ch2s; diffusivities-from-tortuosities; electrical-conductivity; electrical-contact-resistance; electrical-tlm-characterization-of-a-gdl-with-defined-compression; fitting-of-the-europium-model; gas-permeability-of-a-gdl-with-defined-compression; gdl-compressability; iet-1d-mea-with-water-transport-eis-model; iet-1d-mea-with-water-transport-in-ccl-eis-model; iet-1d-performance-model-for-mea-fitting; iet-1d-performance-model-for-mea-prediction; impregnation-by-immersion-and-blade-coating; mpl-parameter-estimation-from-gdl-and-substrate-data,review_required,Candidate only. It does not create a cross-workflow link until an explicit mapping entry is reviewed and added.
IET ink to composition model,,model,17,17,0d-particle-population-degradation-model-coupled-with-performance-model-fitting; cea-mea-model-europium-2d; differential-cell-testing; fitting-of-the-europium-model; iet-1d-mea-with-water-transport-eis-model; iet-1d-mea-with-water-transport-in-ccl-eis-model; iet-1d-performance-model-for-mea-fitting; iet-1d-performance-model-for-mea-prediction; iet-composition-to-property-model; iet-ink-to-composition-model; image-fib-tomography-dataparameter-extraction-3d; image-parameter-extraction-2d; image-tem-data-parameter-extraction-3d; in-situ-fourier-transformed-ir-in-atr-configuration; molecular-dynamics-for-the-electrode-electrolyte-interface-in-presence-of-ionomer; sem-and-fib-powder; tem-and-eds-analysis-of-mea,review_required,Candidate only. It does not create a cross-workflow link until an explicit mapping entry is reviewed and added.
Image X-ray tomography data parameter extraction 3D,,data,42,17,ai-based-generation-of-structural-digital-twins-of-multi-scale-tomographies; cea-mea-model-europium-2d; current-modulated-hydrogen-flow-rate-spectroscopy-ch2s; diffusivities-from-tortuosities; electrical-conductivity; electrical-contact-resistance; electrical-tlm-characterization-of-a-gdl-with-defined-compression; fitting-of-the-europium-model; gas-permeability-of-a-gdl-with-defined-compression; iet-1d-mea-with-water-transport-eis-model; iet-1d-performance-model-for-mea-prediction; image-classification-of-x-ray-tomography-data; image-x-ray-tomography-data-parameter-extraction-3d; modeling-of-hydrophobic-treatment-of-gdl; modeling-of-mpl-coating-of-gdl; mpl-parameter-estimation-from-gdl-and-substrate-data; mpl-saturation-determination-from-x-ray-ct-data,review_required,Candidate only. It does not create a cross-workflow link until an explicit mapping entry is reviewed and added.
"Single cell test bench: polarization, EIS",,method,17,17,0d-particle-population-degradation-model-coupled-with-performance-model-fitting; 0d-particle-population-degradation-model-coupled-with-performance-model-prediction; 0d-particle-population-degradation-model-coupled-with-performance-model-prediction-without-fitting-methods; cea-mea-model-europium-2d; fib-measurements-on-gdl-or-mpl-and-catalyst-materials; fitting-of-the-europium-model; iet-1d-mea-with-water-transport-eis-model; iet-1d-mea-with-water-transport-in-ccl-eis-model; iet-1d-performance-model-for-mea-fitting; iet-1d-performance-model-for-mea-prediction; iet-ink-to-composition-model; image-fib-tomography-dataparameter-extraction-3d; image-parameter-extraction-2d; mea-assembly-for-pefc-ref-mea; microscopy-sem-and-optical-in-mea-cross-section; sem-and-edx; sem-and-fib-layer,review_required,Candidate only. It does not create a cross-workflow link until an explicit mapping entry is reviewed and added.
Ultrasonic spray deposition for catalytic layers,,process,22,17,determination-of-cl-saturation-by-saxs-or-sans; development-of-a-zero-gap-cell-for-gde-based-spectrocopy-measurement; electron-tomography-for-pt-c-and-ionomer-distribution-in-cl; fib-measurements-on-gdl-or-mpl-and-catalyst-materials; fib-sem-on-cl-material; high-resolution-electron-tomography-for-accessing-pt-and-ionomer-distribution-on-carbon-aggregate; mea-assembly-for-pefc-ref-mea; mechanical-properties-of-catalyst-layers-gdls-and-meas-by-small-punch-and-nanoindentation; mpl-saturation-determination-from-x-ray-ct-data; neutron-imaging; pulsed-gas-analysis; rotating-ring-disk-electrode-rrde; sem-and-fib-layer; sheet-resistance-measurement; tem-and-eds-analysis-of-mea; three-electrode-cell-assesement-of-cl-by-xas-xanes-exafs-xrd; ultrasonic-spray-deposition-for-catalytic-layers,review_required,Candidate only. It does not create a cross-workflow link until an explicit mapping entry is reviewed and added.
Cell temperature,device,device,16,16,0d-particle-population-degradation-model-coupled-with-performance-model-prediction; 0d-particle-population-degradation-model-coupled-with-performance-model-prediction-without-fitting-methods; cea-mea-model-europium-2d; current-modulated-hydrogen-flow-rate-spectroscopy-ch2s; determination-of-cl-saturation-by-saxs-or-sans; fitting-of-the-europium-model; iet-1d-mea-with-water-transport-eis-model; iet-1d-mea-with-water-transport-in-ccl-eis-model; iet-1d-performance-model-for-mea-fitting; iet-1d-performance-model-for-mea-prediction; manual-hte-mod-pemfc-4-fold-cell-benchtop-test; manual-nel-exp-large-scale-durability-test; manual-nel-exp-pewe-single-cell-benchtop-test; mpl-saturation-determination-from-x-ray-ct-data; neutron-imaging; operando-saxs-or-waxs-small-or-wide-angle-x-ray-spectroscopy,review_required,Candidate only. It does not create a cross-workflow link until an explicit mapping entry is reviewed and added.
Current modulated hydrogen flow-rate spectroscopy (CH2S),,method,16,16,cea-mea-model-europium-2d; current-modulated-hydrogen-flow-rate-spectroscopy-ch2s; diffusivities-from-tortuosities; fib-measurements-on-gdl-or-mpl-and-catalyst-materials; fitting-of-the-europium-model; gdl-compressability; hg-porosimetry-gdl; image-fib-tomography-dataparameter-extraction-3d; image-parameter-extraction-2d; image-x-ray-tomography-data-parameter-extraction-3d; mea-assembly-for-pefc-ref-mea; mpl-parameter-estimation-from-gdl-and-substrate-data; sem-and-edx; sem-and-fib-layer; simulation-of-single-phase-3d-apparent-properties; voxel-based-3d-effective-diffusivity-simulation,review_required,Candidate only. It does not create a cross-workflow link until an explicit mapping entry is reviewed and added.
Image based CCL effective transport property computation from numerical simulations,,model,16,16,0d-particle-population-degradation-model-coupled-with-performance-model-prediction; 0d-particle-population-degradation-model-coupled-with-performance-model-prediction-without-fitting-methods; cea-mea-model-europium-2d; determination-of-cl-saturation-by-saxs-or-sans; diffusivities-from-tortuosities; electron-tomography-for-pt-c-and-ionomer-distribution-in-cl; fitting-of-the-europium-model; high-resolution-electron-tomography-for-accessing-pt-and-ionomer-distribution-on-carbon-aggregate; iet-1d-mea-with-water-transport-eis-model; iet-1d-mea-with-water-transport-in-ccl-eis-model; iet-1d-performance-model-for-mea-prediction; iet-composition-to-property-model; image-based-ccl-effective-transport-property-computation-from-numerical-simulations; image-classification-on-tem-data; inpt-cl-process-model; ionomer-reconstruction-in-ccl-3d-images,review_required,Candidate only. It does not create a cross-workflow link until an explicit mapping entry is reviewed and added.
Image classification of X-ray tomography data,,data,39,16,ai-based-generation-of-structural-digital-twins-of-multi-scale-tomographies; contact-angle-extraction-of-ct-data; ct-based-capillary-pressure-saturation-curves; image-classification-of-x-ray-tomography-data; image-x-ray-tomography-data-parameter-extraction-3d; lab-ct-measurements-on-gdl-or-mpl-materials; modeling-of-mpl-coating-of-gdl; mpl-saturation-determination-from-x-ray-ct-data; simulation-of-single-phase-3d-apparent-properties; simulation-of-two-phase-3d-apparent-properties; synch-ct-measurements-on-gdl-or-mpl-materials; voxel-based-3d-effective-diffusivity-simulation; voxel-based-3d-electric-conductiviy-simulation; voxel-based-3d-permability-simulation; voxel-based-3d-thermal-conductivity-simulation; water-retention-curve-simulation,review_required,Candidate only. It does not create a cross-workflow link until an explicit mapping entry is reviewed and added.
MPL saturation determination from X-ray CT-data,,method,16,16,ai-based-generation-of-structural-digital-twins-of-multi-scale-tomographies; blade-coating-and-decal-transfer-for-ref-pefc-ccm; electrospray-deposition-of-catalyst-layers; image-classification-of-x-ray-tomography-data; image-x-ray-tomography-data-parameter-extraction-3d; impregnation-by-immersion-and-blade-coating; modeling-of-mpl-coating-of-gdl; mpl-saturation-determination-from-x-ray-ct-data; simulation-of-single-phase-3d-apparent-properties; simulation-of-two-phase-3d-apparent-properties; ultrasonic-spray-deposition-for-catalytic-layers; voxel-based-3d-effective-diffusivity-simulation; voxel-based-3d-electric-conductiviy-simulation; voxel-based-3d-permability-simulation; voxel-based-3d-thermal-conductivity-simulation; water-retention-curve-simulation,review_required,Candidate only. It does not create a cross-workflow link until an explicit mapping entry is reviewed and added.
IET composition to property model,,model,15,15,0d-particle-population-degradation-model-coupled-with-performance-model-prediction; 0d-particle-population-degradation-model-coupled-with-performance-model-prediction-without-fitting-methods; cea-mea-model-europium-2d; fitting-of-the-europium-model; iet-1d-mea-with-water-transport-eis-model; iet-1d-mea-with-water-transport-in-ccl-eis-model; iet-1d-performance-model-for-mea-fitting; iet-1d-performance-model-for-mea-prediction; iet-composition-to-property-model; iet-ink-to-composition-model; image-based-ccl-effective-transport-property-computation-from-numerical-simulations; image-fib-tomography-dataparameter-extraction-3d; image-parameter-extraction-2d; image-tem-data-parameter-extraction-3d; microscopy-sem-and-optical-in-mea-cross-section,review_required,Candidate only. It does not create a cross-workflow link until an explicit mapping entry is reviewed and added.
Image classification of FIB tomography data,,data,24,15,ai-based-generation-of-structural-digital-twins-of-multi-scale-tomographies; fib-measurements-on-gdl-or-mpl-and-catalyst-materials; fib-sem-on-cl-material; image-classification-of-fib-tomography-data; image-fib-tomography-dataparameter-extraction-3d; ionomer-reconstruction-in-ccl-3d-images; lab-ct-measurements-on-gdl-or-mpl-materials; simulation-of-single-phase-3d-apparent-properties; simulation-of-two-phase-3d-apparent-properties; synch-ct-measurements-on-gdl-or-mpl-materials; voxel-based-3d-effective-diffusivity-simulation; voxel-based-3d-electric-conductiviy-simulation; voxel-based-3d-permability-simulation; voxel-based-3d-thermal-conductivity-simulation; water-retention-curve-simulation,review_required,Candidate only. It does not create a cross-workflow link until an explicit mapping entry is reviewed and added.
Image classification on nm scale,,method,24,15,ai-based-generation-of-structural-digital-twins-of-multi-scale-tomographies; fib-measurements-on-gdl-or-mpl-and-catalyst-materials; fib-sem-on-cl-material; image-classification-on-nm-scale; image-fib-tomography-dataparameter-extraction-3d; ionomer-reconstruction-in-ccl-3d-images; lab-ct-measurements-on-gdl-or-mpl-materials; simulation-of-single-phase-3d-apparent-properties; simulation-of-two-phase-3d-apparent-properties; synch-ct-measurements-on-gdl-or-mpl-materials; voxel-based-3d-effective-diffusivity-simulation; voxel-based-3d-electric-conductiviy-simulation; voxel-based-3d-permability-simulation; voxel-based-3d-thermal-conductivity-simulation; water-retention-curve-simulation,review_required,Candidate only. It does not create a cross-workflow link until an explicit mapping entry is reviewed and added.
Water retention curve simulation,,model,29,15,ai-based-generation-of-structural-digital-twins-of-multi-scale-tomographies; cea-mea-model-europium-2d; fib-sem-on-cl-material; fitting-of-the-europium-model; iet-1d-mea-with-water-transport-eis-model; iet-1d-mea-with-water-transport-in-ccl-eis-model; iet-1d-performance-model-for-mea-prediction; image-classification-of-fib-tomography-data; image-classification-of-x-ray-tomography-data; image-classification-on-nm-scale; inpt-cl-process-model; modeling-of-hydrophobic-treatment-of-gdl; modeling-of-mpl-coating-of-gdl; mpl-saturation-determination-from-x-ray-ct-data; water-retention-curve-simulation,review_required,Candidate only. It does not create a cross-workflow link until an explicit mapping entry is reviewed and added.
Modeling of MPL coating of GDL,,model,14,14,ai-based-generation-of-structural-digital-twins-of-multi-scale-tomographies; image-classification-of-x-ray-tomography-data; image-fib-tomography-dataparameter-extraction-3d; image-x-ray-tomography-data-parameter-extraction-3d; modeling-of-hydrophobic-treatment-of-gdl; modeling-of-mpl-coating-of-gdl; mpl-saturation-determination-from-x-ray-ct-data; simulation-of-single-phase-3d-apparent-properties; simulation-of-two-phase-3d-apparent-properties; voxel-based-3d-effective-diffusivity-simulation; voxel-based-3d-electric-conductiviy-simulation; voxel-based-3d-permability-simulation; voxel-based-3d-thermal-conductivity-simulation; water-retention-curve-simulation,review_required,Candidate only. It does not create a cross-workflow link until an explicit mapping entry is reviewed and added.
Simulation of two phase 3D apparent properties,,model,14,14,ai-based-generation-of-structural-digital-twins-of-multi-scale-tomographies; cea-mea-model-europium-2d; diffusivities-from-tortuosities; fitting-of-the-europium-model; iet-1d-mea-with-water-transport-eis-model; iet-1d-performance-model-for-mea-prediction; image-classification-of-fib-tomography-data; image-classification-of-x-ray-tomography-data; image-classification-on-nm-scale; modeling-of-hydrophobic-treatment-of-gdl; modeling-of-mpl-coating-of-gdl; mpl-parameter-estimation-from-gdl-and-substrate-data; mpl-saturation-determination-from-x-ray-ct-data; simulation-of-two-phase-3d-apparent-properties,review_required,Candidate only. It does not create a cross-workflow link until an explicit mapping entry is reviewed and added.
GDL substrate thickness,component,component,13,13,cea-mea-model-europium-2d; current-modulated-hydrogen-flow-rate-spectroscopy-ch2s; diffusivities-from-tortuosities; electrical-conductivity; electrical-contact-resistance; electrical-tlm-characterization-of-a-gdl-with-defined-compression; fitting-of-the-europium-model; gas-permeability-of-a-gdl-with-defined-compression; gdl-compressability; image-parameter-extraction-2d; image-x-ray-tomography-data-parameter-extraction-3d; mpl-parameter-estimation-from-gdl-and-substrate-data; sem-and-edx,review_required,Candidate only. It does not create a cross-workflow link until an explicit mapping entry is reviewed and added.
Simulation of single phase 3D apparent properties,,model,13,13,ai-based-generation-of-structural-digital-twins-of-multi-scale-tomographies; cea-mea-model-europium-2d; current-modulated-hydrogen-flow-rate-spectroscopy-ch2s; diffusivities-from-tortuosities; fitting-of-the-europium-model; image-classification-of-fib-tomography-data; image-classification-of-x-ray-tomography-data; image-classification-on-nm-scale; modeling-of-hydrophobic-treatment-of-gdl; modeling-of-mpl-coating-of-gdl; mpl-parameter-estimation-from-gdl-and-substrate-data; mpl-saturation-determination-from-x-ray-ct-data; simulation-of-single-phase-3d-apparent-properties,review_required,Candidate only. It does not create a cross-workflow link until an explicit mapping entry is reviewed and added.
Voxel based 3D Electric conductiviy simulation,,model,25,13,ai-based-generation-of-structural-digital-twins-of-multi-scale-tomographies; cea-mea-model-europium-2d; fib-sem-on-cl-material; fitting-of-the-europium-model; image-classification-of-fib-tomography-data; image-classification-of-x-ray-tomography-data; image-classification-on-nm-scale; inpt-cl-process-model; modeling-of-hydrophobic-treatment-of-gdl; modeling-of-mpl-coating-of-gdl; mpl-parameter-estimation-from-gdl-and-substrate-data; mpl-saturation-determination-from-x-ray-ct-data; voxel-based-3d-electric-conductiviy-simulation,review_required,Candidate only. It does not create a cross-workflow link until an explicit mapping entry is reviewed and added.
Voxel based 3D Permability simulation,,model,25,13,ai-based-generation-of-structural-digital-twins-of-multi-scale-tomographies; cea-mea-model-europium-2d; fib-sem-on-cl-material; fitting-of-the-europium-model; image-classification-of-fib-tomography-data; image-classification-of-x-ray-tomography-data; image-classification-on-nm-scale; inpt-cl-process-model; modeling-of-hydrophobic-treatment-of-gdl; modeling-of-mpl-coating-of-gdl; mpl-parameter-estimation-from-gdl-and-substrate-data; mpl-saturation-determination-from-x-ray-ct-data; voxel-based-3d-permability-simulation,review_required,Candidate only. It does not create a cross-workflow link until an explicit mapping entry is reviewed and added.
CCL effective proton conductivity,component,component,12,12,cea-mea-model-europium-2d; differential-cell-testing; fitting-of-the-europium-model; iet-1d-mea-with-water-transport-eis-model; iet-1d-mea-with-water-transport-in-ccl-eis-model; iet-1d-performance-model-for-mea-fitting; iet-1d-performance-model-for-mea-prediction; iet-composition-to-property-model; iet-ink-to-composition-model; image-based-ccl-effective-transport-property-computation-from-numerical-simulations; manual-ciemat-exp-effective-proton-conductivity; manual-ciemat-exp-single-cell-polarization-eis,review_required,Candidate only. It does not create a cross-workflow link until an explicit mapping entry is reviewed and added.
Distribution of contact angles in CCL FIB-SEM image from ionomer reconstruction,,method,12,12,cea-mea-model-europium-2d; determination-of-cl-saturation-by-saxs-or-sans; distribution-of-contact-angles-in-ccl-fib-sem-image-from-ionomer-reconstruction; electron-tomography-for-pt-c-and-ionomer-distribution-in-cl; fitting-of-the-europium-model; high-resolution-electron-tomography-for-accessing-pt-and-ionomer-distribution-on-carbon-aggregate; iet-1d-mea-with-water-transport-eis-model; iet-1d-mea-with-water-transport-in-ccl-eis-model; iet-1d-performance-model-for-mea-prediction; image-classification-on-tem-data; inpt-cl-process-model; ionomer-reconstruction-in-ccl-3d-images,review_required,Candidate only. It does not create a cross-workflow link until an explicit mapping entry is reviewed and added.
GDL substrate,component,component,12,12,contact-angle-extraction-of-ct-data; ct-based-capillary-pressure-saturation-curves; electrical-conductivity; electrical-contact-resistance; electrical-tlm-characterization-of-a-gdl-with-defined-compression; gas-permeability-of-a-gdl-with-defined-compression; gdl-compressability; hg-porosimetry-gdl; lab-ct-measurements-on-gdl-or-mpl-materials; sem-and-edx; synch-ct-measurements-on-gdl-or-mpl-materials; wilhelmy-wettability-measurement,review_required,Candidate only. It does not create a cross-workflow link until an explicit mapping entry is reviewed and added.
Image TEM data parameter extraction 3D,,method,12,12,0d-particle-population-degradation-model-coupled-with-performance-model-prediction; 0d-particle-population-degradation-model-coupled-with-performance-model-prediction-without-fitting-methods; 0d-particle-population-degradation-model-prediction; determination-of-cl-saturation-by-saxs-or-sans; electron-tomography-for-pt-c-and-ionomer-distribution-in-cl; high-resolution-electron-tomography-for-accessing-pt-and-ionomer-distribution-on-carbon-aggregate; iet-composition-to-property-model; iet-ink-to-composition-model; image-classification-on-tem-data; image-tem-data-parameter-extraction-3d; inpt-cl-process-model; ionomer-reconstruction-in-ccl-3d-images,review_required,Candidate only. It does not create a cross-workflow link until an explicit mapping entry is reviewed and added.
INPT CL process model,,model,12,12,ai-based-generation-of-structural-digital-twins-of-multi-scale-tomographies; distribution-of-contact-angles-in-ccl-fib-sem-image-from-ionomer-reconstruction; image-based-ccl-effective-transport-property-computation-from-numerical-simulations; image-fib-tomography-dataparameter-extraction-3d; image-tem-data-parameter-extraction-3d; inpt-cl-process-model; ionomer-reconstruction-in-ccl-3d-images; voxel-based-3d-effective-diffusivity-simulation; voxel-based-3d-electric-conductiviy-simulation; voxel-based-3d-permability-simulation; voxel-based-3d-thermal-conductivity-simulation; water-retention-curve-simulation,review_required,Candidate only. It does not create a cross-workflow link until an explicit mapping entry is reviewed and added.
Voxel based 3D Thermal conductivity simulation,,model,24,12,ai-based-generation-of-structural-digital-twins-of-multi-scale-tomographies; cea-mea-model-europium-2d; fib-sem-on-cl-material; fitting-of-the-europium-model; image-classification-of-fib-tomography-data; image-classification-of-x-ray-tomography-data; image-classification-on-nm-scale; inpt-cl-process-model; modeling-of-hydrophobic-treatment-of-gdl; modeling-of-mpl-coating-of-gdl; mpl-saturation-determination-from-x-ray-ct-data; voxel-based-3d-thermal-conductivity-simulation,review_required,Candidate only. It does not create a cross-workflow link until an explicit mapping entry is reviewed and added.
0D Particle population degradation model coupled with performance model (fitting),,model,11,11,0d-particle-population-degradation-model-coupled-with-performance-model-fitting; 0d-particle-population-degradation-model-coupled-with-performance-model-prediction; 0d-particle-population-degradation-model-prediction; differential-cell-testing; fib-measurements-on-gdl-or-mpl-and-catalyst-materials; iet-ink-to-composition-model; image-fib-tomography-dataparameter-extraction-3d; image-parameter-extraction-2d; microscopy-sem-and-optical-in-mea-cross-section; sem-and-edx; sem-and-fib-layer,review_required,Candidate only. It does not create a cross-workflow link until an explicit mapping entry is reviewed and added.
Cell inlet humidification,device,device,11,11,cea-mea-model-europium-2d; current-modulated-hydrogen-flow-rate-spectroscopy-ch2s; determination-of-cl-saturation-by-saxs-or-sans; fitting-of-the-europium-model; iet-1d-mea-with-water-transport-eis-model; iet-1d-mea-with-water-transport-in-ccl-eis-model; iet-1d-performance-model-for-mea-fitting; iet-1d-performance-model-for-mea-prediction; manual-hte-exp-cell-testing; mpl-saturation-determination-from-x-ray-ct-data; neutron-imaging,review_required,Candidate only. It does not create a cross-workflow link until an explicit mapping entry is reviewed and added.
Cell polarization curve,device,device,11,11,cea-mea-model-europium-2d; differential-cell-testing; fitting-of-the-europium-model; iet-1d-performance-model-for-mea-fitting; iet-1d-performance-model-for-mea-prediction; manual-ciemat-exp-single-cell-polarization-eis; manual-hte-exp-cell-testing; manual-hte-mod-pemfc-4-fold-cell-benchtop-test; manual-nel-exp-large-scale-durability-test; manual-nel-exp-pewe-single-cell-benchtop-test; pulsed-gas-analysis,review_required,Candidate only. It does not create a cross-workflow link until an explicit mapping entry is reviewed and added.
DFT onto idealized surfaces,,method,11,11,adsorbate-surface-diffusion-on-electrocatalyst-support; dft-onto-idealized-surfaces; dip-and-pull-operando-or-in-situ-xps; fitting-version-of-the-hierachical-model; hierarchical-model-for-electrocatalytic-reactions; in-situ-fourier-transformed-ir-in-atr-configuration; irras-operando-or-in-situ-ftir; molecular-dynamics-for-the-electrode-electrolyte-interface-in-presence-of-ionomer; operando-or-in-situ-xas-photon-out; operando-saxs-or-waxs-small-or-wide-angle-x-ray-spectroscopy; thin-windows-operando-or-in-situ-xps,review_required,Candidate only. It does not create a cross-workflow link until an explicit mapping entry is reviewed and added.
Electrical conductivity,,method,16,11,cea-mea-model-europium-2d; electrical-conductivity; fitting-of-the-europium-model; gdl-compressability; image-parameter-extraction-2d; image-x-ray-tomography-data-parameter-extraction-3d; impregnation-by-immersion-and-blade-coating; microscopy-sem-and-optical-in-mea-cross-section; mpl-parameter-estimation-from-gdl-and-substrate-data; sem-and-edx; sem-and-fib-layer,review_required,Candidate only. It does not create a cross-workflow link until an explicit mapping entry is reviewed and added.
Electrical contact resistance,,method,16,11,cea-mea-model-europium-2d; electrical-contact-resistance; fitting-of-the-europium-model; gdl-compressability; image-parameter-extraction-2d; image-x-ray-tomography-data-parameter-extraction-3d; impregnation-by-immersion-and-blade-coating; microscopy-sem-and-optical-in-mea-cross-section; mpl-parameter-estimation-from-gdl-and-substrate-data; sem-and-edx; sem-and-fib-layer,review_required,Candidate only. It does not create a cross-workflow link until an explicit mapping entry is reviewed and added.
Electrical TLM characterization of a GDL with defined compression,,method,16,11,cea-mea-model-europium-2d; electrical-tlm-characterization-of-a-gdl-with-defined-compression; fitting-of-the-europium-model; gdl-compressability; image-parameter-extraction-2d; image-x-ray-tomography-data-parameter-extraction-3d; impregnation-by-immersion-and-blade-coating; microscopy-sem-and-optical-in-mea-cross-section; mpl-parameter-estimation-from-gdl-and-substrate-data; sem-and-edx; sem-and-fib-layer,review_required,Candidate only. It does not create a cross-workflow link until an explicit mapping entry is reviewed and added.
Electrode chemistry,material,material,11,11,ab-initio-molecular-dynamics-aimd-of-the-solid-liquid-interface-at-a-pt-electrode; density-potential-functional-theory-applied-to-supported-electrocatalysts; dft-onto-idealized-surfaces; dip-and-pull-operando-or-in-situ-xps; irras-operando-or-in-situ-ftir; manual-dtu-mod-machine-learning-force-fields; molecular-dynamics-for-the-electrode-electrolyte-interface-in-presence-of-ionomer; molecular-dynamics-for-the-electrode-electrolyte-interface-metalwalls; operando-or-in-situ-xas-photon-out; operando-saxs-or-waxs-small-or-wide-angle-x-ray-spectroscopy; thin-windows-operando-or-in-situ-xps,review_required,Candidate only. It does not create a cross-workflow link until an explicit mapping entry is reviewed and added.
Fitting Version of the Hierachical Model,,model,22,11,confocal-laser-scanning-microscope-clsm-and-fluorescent-probes-for-local-ph-assessment-in-acidic-med; confocal-laser-scanning-microscope-clsm-and-fluorescent-probes-for-local-ph-assessment-in-alkaline-m; dft-onto-idealized-surfaces; fitting-version-of-the-hierachical-model; hierarchical-model-for-electrocatalytic-reactions; rde-on-mono-or-polycrystalline-electrodes; rde-simulation-in-comsol; rrde-on-model-electrodes-in-acidic-solutions; rrde-on-model-electrodes-in-alkaline-solutions; rrde-simulation-in-comsol; rrde-theory,review_required,Candidate only. It does not create a cross-workflow link until an explicit mapping entry is reviewed and added.
Gas permeability of a GDL with defined compression,,method,16,11,cea-mea-model-europium-2d; fitting-of-the-europium-model; gas-permeability-of-a-gdl-with-defined-compression; gdl-compressability; image-parameter-extraction-2d; image-x-ray-tomography-data-parameter-extraction-3d; impregnation-by-immersion-and-blade-coating; microscopy-sem-and-optical-in-mea-cross-section; mpl-parameter-estimation-from-gdl-and-substrate-data; sem-and-edx; sem-and-fib-layer,review_required,Candidate only. It does not create a cross-workflow link until an explicit mapping entry is reviewed and added.
Ionomer reconstruction in CCL 3D images,,method,11,11,ai-based-generation-of-structural-digital-twins-of-multi-scale-tomographies; distribution-of-contact-angles-in-ccl-fib-sem-image-from-ionomer-reconstruction; fib-sem-on-cl-material; image-based-ccl-effective-transport-property-computation-from-numerical-simulations; image-classification-of-fib-tomography-data; image-classification-on-nm-scale; image-fib-tomography-dataparameter-extraction-3d; image-parameter-extraction-2d; image-tem-data-parameter-extraction-3d; inpt-cl-process-model; ionomer-reconstruction-in-ccl-3d-images,review_required,Candidate only. It does not create a cross-workflow link until an explicit mapping entry is reviewed and added.
Modeling of Hydrophobic Treatment of GDL,,model,11,11,ai-based-generation-of-structural-digital-twins-of-multi-scale-tomographies; image-x-ray-tomography-data-parameter-extraction-3d; modeling-of-hydrophobic-treatment-of-gdl; modeling-of-mpl-coating-of-gdl; simulation-of-single-phase-3d-apparent-properties; simulation-of-two-phase-3d-apparent-properties; voxel-based-3d-effective-diffusivity-simulation; voxel-based-3d-electric-conductiviy-simulation; voxel-based-3d-permability-simulation; voxel-based-3d-thermal-conductivity-simulation; water-retention-curve-simulation,review_required,Candidate only. It does not create a cross-workflow link until an explicit mapping entry is reviewed and added.
Cell inlet pressure,device,device,10,10,0d-particle-population-degradation-model-coupled-with-performance-model-prediction; 0d-particle-population-degradation-model-coupled-with-performance-model-prediction-without-fitting-methods; cea-mea-model-europium-2d; current-modulated-hydrogen-flow-rate-spectroscopy-ch2s; fitting-of-the-europium-model; iet-1d-mea-with-water-transport-eis-model; iet-1d-mea-with-water-transport-in-ccl-eis-model; iet-1d-performance-model-for-mea-fitting; iet-1d-performance-model-for-mea-prediction; neutron-imaging,review_required,Candidate only. It does not create a cross-workflow link until an explicit mapping entry is reviewed and added.
Determination of CL saturation by SAXS/SANS,,method,10,10,blade-coating-and-decal-transfer-for-ref-pefc-ccm; cea-mea-model-europium-2d; determination-of-cl-saturation-by-saxs-or-sans; distribution-of-contact-angles-in-ccl-fib-sem-image-from-ionomer-reconstruction; electrospray-deposition-of-catalyst-layers; fitting-of-the-europium-model; image-based-ccl-effective-transport-property-computation-from-numerical-simulations; image-tem-data-parameter-extraction-3d; impregnation-by-immersion-and-blade-coating; ultrasonic-spray-deposition-for-catalytic-layers,review_required,Candidate only. It does not create a cross-workflow link until an explicit mapping entry is reviewed and added.
Electrode morphology,material,material,10,10,ab-initio-molecular-dynamics-aimd-of-the-solid-liquid-interface-at-a-pt-electrode; density-potential-functional-theory-applied-to-supported-electrocatalysts; dft-onto-idealized-surfaces; dip-and-pull-operando-or-in-situ-xps; manual-dtu-mod-machine-learning-force-fields; molecular-dynamics-for-the-electrode-electrolyte-interface-in-presence-of-ionomer; molecular-dynamics-for-the-electrode-electrolyte-interface-metalwalls; operando-or-in-situ-xas-photon-out; operando-saxs-or-waxs-small-or-wide-angle-x-ray-spectroscopy; thin-windows-operando-or-in-situ-xps,review_required,Candidate only. It does not create a cross-workflow link until an explicit mapping entry is reviewed and added.
CCL 3D voxel data classified with ionomer and Pt,meso,data,9,9,determination-of-cl-saturation-by-saxs-or-sans; distribution-of-contact-angles-in-ccl-fib-sem-image-from-ionomer-reconstruction; electron-tomography-for-pt-c-and-ionomer-distribution-in-cl; high-resolution-electron-tomography-for-accessing-pt-and-ionomer-distribution-on-carbon-aggregate; image-based-ccl-effective-transport-property-computation-from-numerical-simulations; image-classification-on-tem-data; image-tem-data-parameter-extraction-3d; inpt-cl-process-model; ionomer-reconstruction-in-ccl-3d-images,review_required,Candidate only. It does not create a cross-workflow link until an explicit mapping entry is reviewed and added.
CCL ORR effective exchange current density,component,component,9,9,0d-particle-population-degradation-model-coupled-with-performance-model-prediction; 0d-particle-population-degradation-model-coupled-with-performance-model-prediction-without-fitting-methods; cea-mea-model-europium-2d; fitting-of-the-europium-model; iet-1d-mea-with-water-transport-eis-model; iet-1d-mea-with-water-transport-in-ccl-eis-model; iet-1d-performance-model-for-mea-fitting; iet-1d-performance-model-for-mea-prediction; iet-composition-to-property-model,review_required,Candidate only. It does not create a cross-workflow link until an explicit mapping entry is reviewed and added.
GDL substrate porosity,component,component,9,9,cea-mea-model-europium-2d; current-modulated-hydrogen-flow-rate-spectroscopy-ch2s; diffusivities-from-tortuosities; fitting-of-the-europium-model; hg-porosimetry-gdl; image-x-ray-tomography-data-parameter-extraction-3d; mpl-parameter-estimation-from-gdl-and-substrate-data; simulation-of-single-phase-3d-apparent-properties; voxel-based-3d-effective-diffusivity-simulation,review_required,Candidate only. It does not create a cross-workflow link until an explicit mapping entry is reviewed and added.
Molecular Dynamics for the Electrode | Electrolyte Interface in presence of ionomer,,method,9,9,dft-onto-idealized-surfaces; dip-and-pull-operando-or-in-situ-xps; iet-ink-to-composition-model; irras-operando-or-in-situ-ftir; molecular-dynamics-for-the-electrode-electrolyte-interface-in-presence-of-ionomer; operando-or-in-situ-xas-photon-out; operando-saxs-or-waxs-small-or-wide-angle-x-ray-spectroscopy; tem-and-eds-analysis-of-mea; thin-windows-operando-or-in-situ-xps,review_required,Candidate only. It does not create a cross-workflow link until an explicit mapping entry is reviewed and added.
RDE electrochemical response (idealized),LRE,device,9,9,adsorbate-surface-diffusion-on-electrocatalyst-support; diffusion-theory; fitting-version-of-the-hierachical-model; rde-on-mono-or-polycrystalline-electrodes; rde-simulation-in-comsol; rrde-on-model-electrodes-in-acidic-solutions; rrde-on-model-electrodes-in-alkaline-solutions; rrde-simulation-in-comsol; rrde-theory,review_required,Candidate only. It does not create a cross-workflow link until an explicit mapping entry is reviewed and added.
TEM and EDS analysis of MEA,,method,9,9,0d-particle-population-degradation-model-coupled-with-performance-model-prediction; 0d-particle-population-degradation-model-coupled-with-performance-model-prediction-without-fitting-methods; 0d-particle-population-degradation-model-prediction; blade-coating-and-decal-transfer-for-ref-pefc-ccm; electrospray-deposition-of-catalyst-layers; iet-ink-to-composition-model; molecular-dynamics-for-the-electrode-electrolyte-interface-in-presence-of-ionomer; tem-and-eds-analysis-of-mea; ultrasonic-spray-deposition-for-catalytic-layers,review_required,Candidate only. It does not create a cross-workflow link until an explicit mapping entry is reviewed and added.
Catalyst active particle density,material,material,8,8,0d-particle-population-degradation-model-coupled-with-performance-model-prediction; 0d-particle-population-degradation-model-coupled-with-performance-model-prediction-without-fitting-methods; iet-ink-to-composition-model; image-fib-tomography-dataparameter-extraction-3d; image-parameter-extraction-2d; image-tem-data-parameter-extraction-3d; manual-fzj-mod-stardist-temseg; manual-fzj-mod-starplatin-temseg,review_required,Candidate only. It does not create a cross-workflow link until an explicit mapping entry is reviewed and added.
Catalyst active particle radius distribution,material,material,8,8,0d-particle-population-degradation-model-coupled-with-performance-model-prediction; 0d-particle-population-degradation-model-coupled-with-performance-model-prediction-without-fitting-methods; 0d-particle-population-degradation-model-prediction; image-tem-data-parameter-extraction-3d; manual-cea-exp-tem-eds-analysis-cl; manual-fzj-mod-stardist-temseg; manual-fzj-mod-starplatin-temseg; tem-and-eds-analysis-of-mea,review_required,Candidate only. It does not create a cross-workflow link until an explicit mapping entry is reviewed and added.
Catalyst ink composition,material,material,8,8,cl-for-rde; dropcasted-ink-on-gc-tips; gde-catalytic-layer-preparation; ink-preparation-for-deposition-of-catalytic-layers; inpt-cl-process-model; irras-operando-or-in-situ-ftir; prism-preparation-for-atr-ftir; roller-mixer-and-zirconia-beads-for-ref-pefc-inks,review_required,Candidate only. It does not create a cross-workflow link until an explicit mapping entry is reviewed and added.
CCL porosity,component,component,8,8,0d-particle-population-degradation-model-coupled-with-performance-model-prediction; 0d-particle-population-degradation-model-coupled-with-performance-model-prediction-without-fitting-methods; cea-mea-model-europium-2d; diffusivities-from-tortuosities; fitting-of-the-europium-model; iet-1d-performance-model-for-mea-prediction; image-based-ccl-effective-transport-property-computation-from-numerical-simulations; voxel-based-3d-effective-diffusivity-simulation,review_required,Candidate only. It does not create a cross-workflow link until an explicit mapping entry is reviewed and added.
CCL water retention curve,component,component,8,8,cea-mea-model-europium-2d; distribution-of-contact-angles-in-ccl-fib-sem-image-from-ionomer-reconstruction; fitting-of-the-europium-model; iet-1d-mea-with-water-transport-eis-model; iet-1d-mea-with-water-transport-in-ccl-eis-model; iet-1d-performance-model-for-mea-prediction; iet-ink-to-composition-model; water-retention-curve-simulation,review_required,Candidate only. It does not create a cross-workflow link until an explicit mapping entry is reviewed and added.
Cell crossover current density,device,device,8,8,0d-particle-population-degradation-model-coupled-with-performance-model-fitting; 0d-particle-population-degradation-model-coupled-with-performance-model-prediction; 0d-particle-population-degradation-model-coupled-with-performance-model-prediction-without-fitting-methods; differential-cell-testing; fitting-of-the-europium-model; iet-1d-performance-model-for-mea-fitting; iet-1d-performance-model-for-mea-prediction; manual-ciemat-exp-single-cell-polarization-eis,review_required,Candidate only. It does not create a cross-workflow link until an explicit mapping entry is reviewed and added.
CL on substrate,component,component,8,8,electrospray-deposition-of-catalyst-layers; fib-measurements-on-gdl-or-mpl-and-catalyst-materials; high-resolution-electron-tomography-for-accessing-pt-and-ionomer-distribution-on-carbon-aggregate; manual-hte-mod-pemfc-4-fold-cell-benchtop-test; manual-nel-exp-pewe-single-cell-benchtop-test; mechanical-properties-of-catalyst-layers-gdls-and-meas-by-small-punch-and-nanoindentation; sheet-resistance-measurement; ultrasonic-spray-deposition-for-catalytic-layers,review_required,Candidate only. It does not create a cross-workflow link until an explicit mapping entry is reviewed and added.
"Electron tomography for Pt, C and ionomer distribution in CL",,method,8,8,blade-coating-and-decal-transfer-for-ref-pefc-ccm; distribution-of-contact-angles-in-ccl-fib-sem-image-from-ionomer-reconstruction; electron-tomography-for-pt-c-and-ionomer-distribution-in-cl; electrospray-deposition-of-catalyst-layers; image-based-ccl-effective-transport-property-computation-from-numerical-simulations; image-classification-on-tem-data; image-tem-data-parameter-extraction-3d; ultrasonic-spray-deposition-for-catalytic-layers,review_required,Candidate only. It does not create a cross-workflow link until an explicit mapping entry is reviewed and added.
GDL stress-strain curve,component,component,8,8,cea-mea-model-europium-2d; current-modulated-hydrogen-flow-rate-spectroscopy-ch2s; electrical-conductivity; electrical-contact-resistance; electrical-tlm-characterization-of-a-gdl-with-defined-compression; fitting-of-the-europium-model; gas-permeability-of-a-gdl-with-defined-compression; gdl-compressability,review_required,Candidate only. It does not create a cross-workflow link until an explicit mapping entry is reviewed and added.
GDL substrate water retention curve,component,component,8,8,cea-mea-model-europium-2d; ct-based-capillary-pressure-saturation-curves; fitting-of-the-europium-model; iet-1d-mea-with-water-transport-eis-model; iet-1d-performance-model-for-mea-prediction; image-x-ray-tomography-data-parameter-extraction-3d; simulation-of-two-phase-3d-apparent-properties; water-retention-curve-simulation,review_required,Candidate only. It does not create a cross-workflow link until an explicit mapping entry is reviewed and added.
Hg porosimetry GDL,,method,10,8,cea-mea-model-europium-2d; current-modulated-hydrogen-flow-rate-spectroscopy-ch2s; diffusivities-from-tortuosities; fitting-of-the-europium-model; hg-porosimetry-gdl; iet-1d-performance-model-for-mea-prediction; impregnation-by-immersion-and-blade-coating; mpl-parameter-estimation-from-gdl-and-substrate-data,review_required,Candidate only. It does not create a cross-workflow link until an explicit mapping entry is reviewed and added.
High resolution electron tomography for accessing Pt and ionomer distribution on carbon aggregate,,method,15,8,blade-coating-and-decal-transfer-for-ref-pefc-ccm; distribution-of-contact-angles-in-ccl-fib-sem-image-from-ionomer-reconstruction; electrospray-deposition-of-catalyst-layers; high-resolution-electron-tomography-for-accessing-pt-and-ionomer-distribution-on-carbon-aggregate; image-based-ccl-effective-transport-property-computation-from-numerical-simulations; image-classification-on-tem-data; image-tem-data-parameter-extraction-3d; ultrasonic-spray-deposition-for-catalytic-layers,review_required,Candidate only. It does not create a cross-workflow link until an explicit mapping entry is reviewed and added.
Ionomer,material,material,8,8,cl-for-rde; dropcasted-ink-on-gc-tips; gde-catalytic-layer-preparation; ink-preparation-for-deposition-of-catalytic-layers; irras-operando-or-in-situ-ftir; prism-preparation-for-atr-ftir; roller-mixer-and-zirconia-beads-for-ref-pefc-inks; ultrasonic-spray-deposition-for-catalytic-layers,review_required,Candidate only. It does not create a cross-workflow link until an explicit mapping entry is reviewed and added.
IRRAS operando/in-situ FTIR,,method,16,8,ab-initio-molecular-dynamics-aimd-of-the-solid-liquid-interface-at-a-pt-electrode; density-potential-functional-theory-applied-to-supported-electrocatalysts; dft-onto-idealized-surfaces; image-fib-tomography-dataparameter-extraction-3d; image-parameter-extraction-2d; irras-operando-or-in-situ-ftir; molecular-dynamics-for-the-electrode-electrolyte-interface-in-presence-of-ionomer; molecular-dynamics-for-the-electrode-electrolyte-interface-metalwalls,review_required,Candidate only. It does not create a cross-workflow link until an explicit mapping entry is reviewed and added.
LRE pH distribution (idealized),LRE,device,8,8,confocal-laser-scanning-microscope-clsm-and-fluorescent-probes-for-local-ph-assessment-in-acidic-med; confocal-laser-scanning-microscope-clsm-and-fluorescent-probes-for-local-ph-assessment-in-alkaline-m; fitting-version-of-the-hierachical-model; hierarchical-model-for-electrocatalytic-reactions; manual-icpees-cnrs-unistra-exp-clsm-acidic-supported-electrodes; rde-simulation-in-comsol; rrde-simulation-in-comsol; rrde-theory,review_required,Candidate only. It does not create a cross-workflow link until an explicit mapping entry is reviewed and added.
MEA assembly for PEFC ref MEA,,process,8,8,blade-coating-and-decal-transfer-for-ref-pefc-ccm; current-modulated-hydrogen-flow-rate-spectroscopy-ch2s; differential-cell-testing; electrospray-deposition-of-catalyst-layers; impregnation-by-immersion-and-blade-coating; mea-assembly-for-pefc-ref-mea; microscopy-sem-and-optical-in-mea-cross-section; ultrasonic-spray-deposition-for-catalytic-layers,review_required,Candidate only. It does not create a cross-workflow link until an explicit mapping entry is reviewed and added.
Molecular Dynamics for the Electrode | Electrolyte Interface - MetalWalls,,method,8,8,density-potential-functional-theory-applied-to-supported-electrocatalysts; dip-and-pull-operando-or-in-situ-xps; hierarchical-model-for-electrocatalytic-reactions; irras-operando-or-in-situ-ftir; molecular-dynamics-for-the-electrode-electrolyte-interface-metalwalls; operando-or-in-situ-xas-photon-out; operando-saxs-or-waxs-small-or-wide-angle-x-ray-spectroscopy; thin-windows-operando-or-in-situ-xps,review_required,Candidate only. It does not create a cross-workflow link until an explicit mapping entry is reviewed and added.
RDE rotation rate,component,component,8,8,diffusion-theory; rde-on-mono-or-polycrystalline-electrodes; rde-on-nanostructured-electrodes; rde-simulation-in-comsol; rrde-on-model-electrodes-in-acidic-solutions; rrde-on-model-electrodes-in-alkaline-solutions; rrde-simulation-in-comsol; rrde-theory,review_required,Candidate only. It does not create a cross-workflow link until an explicit mapping entry is reviewed and added.
RDE temperature,component,component,8,8,diffusion-theory; rde-on-mono-or-polycrystalline-electrodes; rde-on-nanostructured-electrodes; rde-simulation-in-comsol; rrde-on-model-electrodes-in-acidic-solutions; rrde-on-model-electrodes-in-alkaline-solutions; rrde-simulation-in-comsol; rrde-theory,review_required,Candidate only. It does not create a cross-workflow link until an explicit mapping entry is reviewed and added.
Adsorbate Surface Diffusion on Electrocatalyst Support,,method,7,7,adsorbate-surface-diffusion-on-electrocatalyst-support; dft-onto-idealized-surfaces; rde-on-mono-or-polycrystalline-electrodes; rde-simulation-in-comsol; rrde-on-model-electrodes-in-acidic-solutions; rrde-on-model-electrodes-in-alkaline-solutions; rrde-simulation-in-comsol,review_required,Candidate only. It does not create a cross-workflow link until an explicit mapping entry is reviewed and added.
Catalyst active particle diameter,material,material,7,7,iet-ink-to-composition-model; image-tem-data-parameter-extraction-3d; manual-cea-exp-tem-eds-analysis-cl; manual-fzj-mod-stardist-temseg; manual-fzj-mod-starplatin-temseg; sem-and-fib-powder; tem-and-eds-analysis-of-mea,review_required,Candidate only. It does not create a cross-workflow link until an explicit mapping entry is reviewed and added.
Catalyst-support ratio,component,component,7,7,0d-particle-population-degradation-model-coupled-with-performance-model-prediction; 0d-particle-population-degradation-model-coupled-with-performance-model-prediction-without-fitting-methods; iet-composition-to-property-model; iet-ink-to-composition-model; image-fib-tomography-dataparameter-extraction-3d; image-parameter-extraction-2d; image-tem-data-parameter-extraction-3d,review_required,Candidate only. It does not create a cross-workflow link until an explicit mapping entry is reviewed and added.
CCL ORR apparent Tafel slope(s),component,component,7,7,0d-particle-population-degradation-model-coupled-with-performance-model-prediction; 0d-particle-population-degradation-model-coupled-with-performance-model-prediction-without-fitting-methods; cea-mea-model-europium-2d; fitting-of-the-europium-model; iet-1d-mea-with-water-transport-eis-model; iet-1d-mea-with-water-transport-in-ccl-eis-model; iet-1d-performance-model-for-mea-prediction,review_required,Candidate only. It does not create a cross-workflow link until an explicit mapping entry is reviewed and added.
Cell EIS,device,device,7,7,cea-mea-model-europium-2d; differential-cell-testing; manual-ciemat-exp-effective-proton-conductivity; manual-ciemat-exp-single-cell-polarization-eis; manual-hte-mod-pemfc-4-fold-cell-benchtop-test; manual-nel-exp-large-scale-durability-test; manual-nel-exp-pewe-single-cell-benchtop-test,review_required,Candidate only. It does not create a cross-workflow link until an explicit mapping entry is reviewed and added.
CT-based capillary pressure saturation curves,,method,13,7,cea-mea-model-europium-2d; ct-based-capillary-pressure-saturation-curves; fitting-of-the-europium-model; iet-1d-mea-with-water-transport-eis-model; iet-1d-performance-model-for-mea-prediction; image-classification-of-x-ray-tomography-data; impregnation-by-immersion-and-blade-coating,review_required,Candidate only. It does not create a cross-workflow link until an explicit mapping entry is reviewed and added.
Density-potential functional theory applied to supported electrocatalysts,,model,7,7,density-potential-functional-theory-applied-to-supported-electrocatalysts; dip-and-pull-operando-or-in-situ-xps; irras-operando-or-in-situ-ftir; molecular-dynamics-for-the-electrode-electrolyte-interface-metalwalls; operando-or-in-situ-xas-photon-out; operando-saxs-or-waxs-small-or-wide-angle-x-ray-spectroscopy; thin-windows-operando-or-in-situ-xps,review_required,Candidate only. It does not create a cross-workflow link until an explicit mapping entry is reviewed and added.
Diffusion Theory,,model,7,7,diffusion-theory; hierarchical-model-for-electrocatalytic-reactions; rde-on-mono-or-polycrystalline-electrodes; rde-simulation-in-comsol; rrde-on-model-electrodes-in-acidic-solutions; rrde-on-model-electrodes-in-alkaline-solutions; rrde-simulation-in-comsol,review_required,Candidate only. It does not create a cross-workflow link until an explicit mapping entry is reviewed and added.
GDL effective O2 diffusivity,component,component,7,7,0d-particle-population-degradation-model-coupled-with-performance-model-prediction; 0d-particle-population-degradation-model-coupled-with-performance-model-prediction-without-fitting-methods; diffusivities-from-tortuosities; iet-1d-mea-with-water-transport-eis-model; iet-1d-mea-with-water-transport-in-ccl-eis-model; iet-1d-performance-model-for-mea-fitting; iet-1d-performance-model-for-mea-prediction,review_required,Candidate only. It does not create a cross-workflow link until an explicit mapping entry is reviewed and added.
GDL substrate average pore radius,component,component,7,7,cea-mea-model-europium-2d; fitting-of-the-europium-model; hg-porosimetry-gdl; image-x-ray-tomography-data-parameter-extraction-3d; mpl-parameter-estimation-from-gdl-and-substrate-data; simulation-of-single-phase-3d-apparent-properties; simulation-of-two-phase-3d-apparent-properties,review_required,Candidate only. It does not create a cross-workflow link until an explicit mapping entry is reviewed and added.
GDL substrate in-plane conductivity,component,component,7,7,cea-mea-model-europium-2d; electrical-conductivity; electrical-tlm-characterization-of-a-gdl-with-defined-compression; fitting-of-the-europium-model; mpl-parameter-estimation-from-gdl-and-substrate-data; simulation-of-single-phase-3d-apparent-properties; voxel-based-3d-electric-conductiviy-simulation,review_required,Candidate only. It does not create a cross-workflow link until an explicit mapping entry is reviewed and added.
GDL substrate in-plane permeability,component,component,7,7,cea-mea-model-europium-2d; fitting-of-the-europium-model; gas-permeability-of-a-gdl-with-defined-compression; mpl-parameter-estimation-from-gdl-and-substrate-data; simulation-of-single-phase-3d-apparent-properties; simulation-of-two-phase-3d-apparent-properties; voxel-based-3d-permability-simulation,review_required,Candidate only. It does not create a cross-workflow link until an explicit mapping entry is reviewed and added.
GDL substrate through-plane conductivity,component,component,7,7,cea-mea-model-europium-2d; electrical-conductivity; electrical-contact-resistance; fitting-of-the-europium-model; mpl-parameter-estimation-from-gdl-and-substrate-data; simulation-of-single-phase-3d-apparent-properties; voxel-based-3d-electric-conductiviy-simulation,review_required,Candidate only. It does not create a cross-workflow link until an explicit mapping entry is reviewed and added.
GDL substrate through-plane permeability,component,component,7,7,cea-mea-model-europium-2d; fitting-of-the-europium-model; gas-permeability-of-a-gdl-with-defined-compression; mpl-parameter-estimation-from-gdl-and-substrate-data; simulation-of-single-phase-3d-apparent-properties; simulation-of-two-phase-3d-apparent-properties; voxel-based-3d-permability-simulation,review_required,Candidate only. It does not create a cross-workflow link until an explicit mapping entry is reviewed and added.
GDL substrate through-plane tortuosity,component,component,7,7,cea-mea-model-europium-2d; current-modulated-hydrogen-flow-rate-spectroscopy-ch2s; diffusivities-from-tortuosities; fitting-of-the-europium-model; simulation-of-single-phase-3d-apparent-properties; simulation-of-two-phase-3d-apparent-properties; voxel-based-3d-effective-diffusivity-simulation,review_required,Candidate only. It does not create a cross-workflow link until an explicit mapping entry is reviewed and added.
Membrane thickness,component,component,7,7,0d-particle-population-degradation-model-coupled-with-performance-model-prediction; 0d-particle-population-degradation-model-coupled-with-performance-model-prediction-without-fitting-methods; cea-mea-model-europium-2d; differential-cell-testing; fitting-of-the-europium-model; iet-1d-performance-model-for-mea-prediction; sem-and-fib-layer,review_required,Candidate only. It does not create a cross-workflow link until an explicit mapping entry is reviewed and added.
MPL tortuosity,component,component,7,7,cea-mea-model-europium-2d; current-modulated-hydrogen-flow-rate-spectroscopy-ch2s; diffusivities-from-tortuosities; fitting-of-the-europium-model; simulation-of-single-phase-3d-apparent-properties; simulation-of-two-phase-3d-apparent-properties; voxel-based-3d-effective-diffusivity-simulation,review_required,Candidate only. It does not create a cross-workflow link until an explicit mapping entry is reviewed and added.
Pulsed gas analysis,,method,7,7,blade-coating-and-decal-transfer-for-ref-pefc-ccm; electrospray-deposition-of-catalyst-layers; fitting-of-the-europium-model; iet-1d-performance-model-for-mea-fitting; impregnation-by-immersion-and-blade-coating; pulsed-gas-analysis; ultrasonic-spray-deposition-for-catalytic-layers,review_required,Candidate only. It does not create a cross-workflow link until an explicit mapping entry is reviewed and added.
RDE electrochemical protocol,component,component,7,7,fitting-version-of-the-hierachical-model; rde-on-mono-or-polycrystalline-electrodes; rde-on-nanostructured-electrodes; rde-simulation-in-comsol; rrde-on-model-electrodes-in-acidic-solutions; rrde-on-model-electrodes-in-alkaline-solutions; rrde-simulation-in-comsol,review_required,Candidate only. It does not create a cross-workflow link until an explicit mapping entry is reviewed and added.
RRDE simulation in COMSOL,,model,7,7,adsorbate-surface-diffusion-on-electrocatalyst-support; diffusion-theory; fitting-version-of-the-hierachical-model; rrde-on-model-electrodes-in-acidic-solutions; rrde-on-model-electrodes-in-alkaline-solutions; rrde-simulation-in-comsol; rrde-theory,review_required,Candidate only. It does not create a cross-workflow link until an explicit mapping entry is reviewed and added.
RRDE Theory,,model,7,7,fitting-version-of-the-hierachical-model; rde-on-mono-or-polycrystalline-electrodes; rde-simulation-in-comsol; rrde-on-model-electrodes-in-acidic-solutions; rrde-on-model-electrodes-in-alkaline-solutions; rrde-simulation-in-comsol; rrde-theory,review_required,Candidate only. It does not create a cross-workflow link until an explicit mapping entry is reviewed and added.
Ab-initio molecular dynamics (AIMD) of the solid-liquid interface at a Pt electrode,,method,6,6,ab-initio-molecular-dynamics-aimd-of-the-solid-liquid-interface-at-a-pt-electrode; dip-and-pull-operando-or-in-situ-xps; irras-operando-or-in-situ-ftir; operando-or-in-situ-xas-photon-out; operando-saxs-or-waxs-small-or-wide-angle-x-ray-spectroscopy; thin-windows-operando-or-in-situ-xps,review_required,Candidate only. It does not create a cross-workflow link until an explicit mapping entry is reviewed and added.
CCL effective double-layer capacitance,component,component,6,6,cea-mea-model-europium-2d; differential-cell-testing; fitting-of-the-europium-model; iet-1d-mea-with-water-transport-eis-model; iet-1d-mea-with-water-transport-in-ccl-eis-model; manual-ciemat-exp-single-cell-polarization-eis,review_required,Candidate only. It does not create a cross-workflow link until an explicit mapping entry is reviewed and added.
CCL effective O2 diffusivity,component,component,6,6,diffusivities-from-tortuosities; iet-1d-mea-with-water-transport-eis-model; iet-1d-mea-with-water-transport-in-ccl-eis-model; iet-1d-performance-model-for-mea-fitting; iet-1d-performance-model-for-mea-prediction; iet-composition-to-property-model,review_required,Candidate only. It does not create a cross-workflow link until an explicit mapping entry is reviewed and added.
Cell high-frequency resistance,device,device,6,6,data-extraction-from-existing-pewe-measurements-u-i-t; differential-cell-testing; eis-on-pewe-cells; fitting-of-the-europium-model; iet-1d-performance-model-for-mea-fitting; manual-ciemat-exp-single-cell-polarization-eis,review_required,Candidate only. It does not create a cross-workflow link until an explicit mapping entry is reviewed and added.
CL on membrane,component,component,6,6,electrospray-deposition-of-catalyst-layers; fib-measurements-on-gdl-or-mpl-and-catalyst-materials; gde-cell-for-electrochemical-studies; manual-hte-mod-pemfc-4-fold-cell-benchtop-test; manual-nel-exp-pewe-single-cell-benchtop-test; sheet-resistance-measurement,review_required,Candidate only. It does not create a cross-workflow link until an explicit mapping entry is reviewed and added.
dip-and-pull operando/in-situ XPS,,method,6,6,ab-initio-molecular-dynamics-aimd-of-the-solid-liquid-interface-at-a-pt-electrode; density-potential-functional-theory-applied-to-supported-electrocatalysts; dft-onto-idealized-surfaces; dip-and-pull-operando-or-in-situ-xps; molecular-dynamics-for-the-electrode-electrolyte-interface-in-presence-of-ionomer; molecular-dynamics-for-the-electrode-electrolyte-interface-metalwalls,review_required,Candidate only. It does not create a cross-workflow link until an explicit mapping entry is reviewed and added.
Fitting of the Europium model,model,model,6,6,manual-ciemat-exp-effective-proton-conductivity; manual-ciemat-exp-single-cell-polarization-eis; manual-hte-exp-cell-testing; manual-hte-mod-pemfc-4-fold-cell-benchtop-test; manual-nel-exp-large-scale-durability-test; manual-nel-exp-pewe-single-cell-benchtop-test,review_required,Candidate only. It does not create a cross-workflow link until an explicit mapping entry is reviewed and added.
GDL substrate 3D voxel data wet raw,meso,data,6,6,contact-angle-extraction-of-ct-data; ct-based-capillary-pressure-saturation-curves; image-classification-of-x-ray-tomography-data; lab-ct-measurements-on-gdl-or-mpl-materials; mpl-saturation-determination-from-x-ray-ct-data; synch-ct-measurements-on-gdl-or-mpl-materials,review_required,Candidate only. It does not create a cross-workflow link until an explicit mapping entry is reviewed and added.
IET ink to composition model,model,model,6,6,manual-cea-exp-tem-eds-analysis-cl; manual-ciemat-exp-single-cell-polarization-eis; manual-fzj-mod-stardist-temseg; manual-fzj-mod-starplatin-temseg; manual-icpees-cnrs-unistra-exp-n2-adsorption-ex-situ; manual-icpees-cnrs-unistra-psi-exp-in-situ-ftir-atr-configuration-nanostructured,review_required,Candidate only. It does not create a cross-workflow link until an explicit mapping entry is reviewed and added.
Image classification on TEM data,,method,6,6,distribution-of-contact-angles-in-ccl-fib-sem-image-from-ionomer-reconstruction; electron-tomography-for-pt-c-and-ionomer-distribution-in-cl; high-resolution-electron-tomography-for-accessing-pt-and-ionomer-distribution-on-carbon-aggregate; image-based-ccl-effective-transport-property-computation-from-numerical-simulations; image-classification-on-tem-data; image-tem-data-parameter-extraction-3d,review_required,Candidate only. It does not create a cross-workflow link until an explicit mapping entry is reviewed and added.
LRE species distribution (idealized),LRE,device,6,6,ab-initio-molecular-dynamics-aimd-of-the-solid-liquid-interface-at-a-pt-electrode; hierarchical-model-for-electrocatalytic-reactions; in-situ-fourier-transformed-ir-in-atr-configuration; manual-dtu-mod-machine-learning-force-fields; molecular-dynamics-for-the-electrode-electrolyte-interface-in-presence-of-ionomer; molecular-dynamics-for-the-electrode-electrolyte-interface-metalwalls,review_required,Candidate only. It does not create a cross-workflow link until an explicit mapping entry is reviewed and added.
operando SAXS/WAXS (small/wide angle X-ray spectroscopy),,method,6,6,ab-initio-molecular-dynamics-aimd-of-the-solid-liquid-interface-at-a-pt-electrode; density-potential-functional-theory-applied-to-supported-electrocatalysts; dft-onto-idealized-surfaces; molecular-dynamics-for-the-electrode-electrolyte-interface-in-presence-of-ionomer; molecular-dynamics-for-the-electrode-electrolyte-interface-metalwalls; operando-saxs-or-waxs-small-or-wide-angle-x-ray-spectroscopy,review_required,Candidate only. It does not create a cross-workflow link until an explicit mapping entry is reviewed and added.
operando/in-situ XAS (photon-out),,method,6,6,ab-initio-molecular-dynamics-aimd-of-the-solid-liquid-interface-at-a-pt-electrode; density-potential-functional-theory-applied-to-supported-electrocatalysts; dft-onto-idealized-surfaces; molecular-dynamics-for-the-electrode-electrolyte-interface-in-presence-of-ionomer; molecular-dynamics-for-the-electrode-electrolyte-interface-metalwalls; operando-or-in-situ-xas-photon-out,review_required,Candidate only. It does not create a cross-workflow link until an explicit mapping entry is reviewed and added.
PTL,component,component,6,6,contact-resistance-measurement; manual-hte-mod-pemfc-4-fold-cell-benchtop-test; manual-nel-exp-large-scale-durability-test; manual-nel-exp-pewe-single-cell-benchtop-test; manual-nel-exp-ptl-bulk-resistance; manual-nel-exp-ptl-porosity-contact-angle,review_required,Candidate only. It does not create a cross-workflow link until an explicit mapping entry is reviewed and added.
Rotating Ring Disk Electrode (RRDE),,method,6,6,blade-coating-and-decal-transfer-for-ref-pefc-ccm; electrospray-deposition-of-catalyst-layers; image-fib-tomography-dataparameter-extraction-3d; image-parameter-extraction-2d; rotating-ring-disk-electrode-rrde; ultrasonic-spray-deposition-for-catalytic-layers,review_required,Candidate only. It does not create a cross-workflow link until an explicit mapping entry is reviewed and added.
RRDE on model electrodes in acidic solutions,,model,12,6,adsorbate-surface-diffusion-on-electrocatalyst-support; diffusion-theory; fitting-version-of-the-hierachical-model; rrde-on-model-electrodes-in-acidic-solutions; rrde-simulation-in-comsol; rrde-theory,review_required,Candidate only. It does not create a cross-workflow link until an explicit mapping entry is reviewed and added.
RRDE on model electrodes in alkaline solutions,,model,12,6,adsorbate-surface-diffusion-on-electrocatalyst-support; diffusion-theory; fitting-version-of-the-hierachical-model; rrde-on-model-electrodes-in-alkaline-solutions; rrde-simulation-in-comsol; rrde-theory,review_required,Candidate only. It does not create a cross-workflow link until an explicit mapping entry is reviewed and added.
Solvent,material,material,6,6,cl-for-rde; dropcasted-ink-on-gc-tips; gde-catalytic-layer-preparation; ink-preparation-for-deposition-of-catalytic-layers; prism-preparation-for-atr-ftir; roller-mixer-and-zirconia-beads-for-ref-pefc-inks,review_required,Candidate only. It does not create a cross-workflow link until an explicit mapping entry is reviewed and added.
thin windows operando/in-situ XPS,,method,6,6,ab-initio-molecular-dynamics-aimd-of-the-solid-liquid-interface-at-a-pt-electrode; density-potential-functional-theory-applied-to-supported-electrocatalysts; dft-onto-idealized-surfaces; molecular-dynamics-for-the-electrode-electrolyte-interface-in-presence-of-ionomer; molecular-dynamics-for-the-electrode-electrolyte-interface-metalwalls; thin-windows-operando-or-in-situ-xps,review_required,Candidate only. It does not create a cross-workflow link until an explicit mapping entry is reviewed and added.
0D Particle population degradation model (prediction),,model,5,5,0d-particle-population-degradation-model-coupled-with-performance-model-fitting; 0d-particle-population-degradation-model-fitting; 0d-particle-population-degradation-model-prediction; image-tem-data-parameter-extraction-3d; tem-and-eds-analysis-of-mea,review_required,Candidate only. It does not create a cross-workflow link until an explicit mapping entry is reviewed and added.
Adsorbate types on electrode (idealized),LRE,device,5,5,dft-onto-idealized-surfaces; dip-and-pull-operando-or-in-situ-xps; hierarchical-model-for-electrocatalytic-reactions; in-situ-fourier-transformed-ir-in-atr-configuration; molecular-dynamics-for-the-electrode-electrolyte-interface-in-presence-of-ionomer,review_required,Candidate only. It does not create a cross-workflow link until an explicit mapping entry is reviewed and added.
Catalyst active particle radius distribution (aged),component,component,5,5,0d-particle-population-degradation-model-coupled-with-performance-model-fitting; 0d-particle-population-degradation-model-coupled-with-performance-model-prediction; 0d-particle-population-degradation-model-coupled-with-performance-model-prediction-without-fitting-methods; 0d-particle-population-degradation-model-fitting; 0d-particle-population-degradation-model-prediction,review_required,Candidate only. It does not create a cross-workflow link until an explicit mapping entry is reviewed and added.
Catalyst coagulation rate constant,component,component,5,5,0d-particle-population-degradation-model-coupled-with-performance-model-fitting; 0d-particle-population-degradation-model-coupled-with-performance-model-prediction; 0d-particle-population-degradation-model-coupled-with-performance-model-prediction-without-fitting-methods; 0d-particle-population-degradation-model-fitting; 0d-particle-population-degradation-model-prediction,review_required,Candidate only. It does not create a cross-workflow link until an explicit mapping entry is reviewed and added.
Catalyst deactivation rate constant,component,component,5,5,0d-particle-population-degradation-model-coupled-with-performance-model-fitting; 0d-particle-population-degradation-model-coupled-with-performance-model-prediction; 0d-particle-population-degradation-model-coupled-with-performance-model-prediction-without-fitting-methods; 0d-particle-population-degradation-model-fitting; 0d-particle-population-degradation-model-prediction,review_required,Candidate only. It does not create a cross-workflow link until an explicit mapping entry is reviewed and added.
Catalyst dissolution rate constant,component,component,5,5,0d-particle-population-degradation-model-coupled-with-performance-model-fitting; 0d-particle-population-degradation-model-coupled-with-performance-model-prediction; 0d-particle-population-degradation-model-coupled-with-performance-model-prediction-without-fitting-methods; 0d-particle-population-degradation-model-fitting; 0d-particle-population-degradation-model-prediction,review_required,Candidate only. It does not create a cross-workflow link until an explicit mapping entry is reviewed and added.
Catalyst re-deposition rate constant,component,component,5,5,0d-particle-population-degradation-model-coupled-with-performance-model-fitting; 0d-particle-population-degradation-model-coupled-with-performance-model-prediction; 0d-particle-population-degradation-model-coupled-with-performance-model-prediction-without-fitting-methods; 0d-particle-population-degradation-model-fitting; 0d-particle-population-degradation-model-prediction,review_required,Candidate only. It does not create a cross-workflow link until an explicit mapping entry is reviewed and added.
Catalyst surface tension,component,component,5,5,0d-particle-population-degradation-model-coupled-with-performance-model-fitting; 0d-particle-population-degradation-model-coupled-with-performance-model-prediction; 0d-particle-population-degradation-model-coupled-with-performance-model-prediction-without-fitting-methods; 0d-particle-population-degradation-model-fitting; 0d-particle-population-degradation-model-prediction,review_required,Candidate only. It does not create a cross-workflow link until an explicit mapping entry is reviewed and added.
CCL effective water permeability,component,component,5,5,cea-mea-model-europium-2d; fitting-of-the-europium-model; iet-1d-mea-with-water-transport-eis-model; iet-1d-mea-with-water-transport-in-ccl-eis-model; iet-composition-to-property-model,review_required,Candidate only. It does not create a cross-workflow link until an explicit mapping entry is reviewed and added.
CCL structural parameters,component,component,5,5,iet-composition-to-property-model; iet-ink-to-composition-model; image-based-ccl-effective-transport-property-computation-from-numerical-simulations; image-tem-data-parameter-extraction-3d; microscopy-sem-and-optical-in-mea-cross-section,review_required,Candidate only. It does not create a cross-workflow link until an explicit mapping entry is reviewed and added.
CCL tortuosity,component,component,5,5,cea-mea-model-europium-2d; diffusivities-from-tortuosities; fitting-of-the-europium-model; image-based-ccl-effective-transport-property-computation-from-numerical-simulations; voxel-based-3d-effective-diffusivity-simulation,review_required,Candidate only. It does not create a cross-workflow link until an explicit mapping entry is reviewed and added.
Cell limiting current,device,device,5,5,cea-mea-model-europium-2d; differential-cell-testing; fitting-of-the-europium-model; iet-1d-performance-model-for-mea-prediction; manual-ciemat-exp-single-cell-polarization-eis,review_required,Candidate only. It does not create a cross-workflow link until an explicit mapping entry is reviewed and added.
CL for RDE,,method,8,5,cl-for-rde; fib-measurements-on-gdl-or-mpl-and-catalyst-materials; impregnation-by-immersion-and-blade-coating; model-electrochemistry-in-a-rde-cell; sheet-resistance-measurement,review_required,Candidate only. It does not create a cross-workflow link until an explicit mapping entry is reviewed and added.
CL on glassy carbon,component,component,5,5,cl-for-rde; fib-measurements-on-gdl-or-mpl-and-catalyst-materials; manual-cea-exp-tem-eds-analysis-cl; model-electrochemistry-in-a-rde-cell; sheet-resistance-measurement,review_required,Candidate only. It does not create a cross-workflow link until an explicit mapping entry is reviewed and added.
CL protonic resistance,model,method,5,5,manual-ciemat-exp-effective-proton-conductivity; manual-ciemat-exp-single-cell-polarization-eis; manual-hte-mod-pemfc-4-fold-cell-benchtop-test; manual-nel-exp-large-scale-durability-test; manual-nel-exp-pewe-single-cell-benchtop-test,review_required,Candidate only. It does not create a cross-workflow link until an explicit mapping entry is reviewed and added.
CLSM electrochemical protocol,component,component,5,5,confocal-laser-scanning-microscope-clsm-and-fluorescent-probes-for-local-ph-assessment-in-acidic-med; confocal-laser-scanning-microscope-clsm-and-fluorescent-probes-for-local-ph-assessment-in-acidic-med2; confocal-laser-scanning-microscope-clsm-and-fluorescent-probes-for-local-ph-assessment-in-alkaline-m; confocal-laser-scanning-microscope-clsm-and-fluorescent-probes-for-local-ph-assessment-in-alkaline-m2; manual-icpees-cnrs-unistra-exp-clsm-acidic-supported-electrodes,review_required,Candidate only. It does not create a cross-workflow link until an explicit mapping entry is reviewed and added.
Dropcasted Ink on GC Tips,,method,5,5,accelerated-stress-test-ast-on-nanostructured-electrodes; dropcasted-ink-on-gc-tips; eis-on-nanostructured-electrodes; impregnation-by-immersion-and-blade-coating; rde-on-nanostructured-electrodes,review_required,Candidate only. It does not create a cross-workflow link until an explicit mapping entry is reviewed and added.
ECSA (aged),component,component,5,5,0d-particle-population-degradation-model-coupled-with-performance-model-fitting; 0d-particle-population-degradation-model-coupled-with-performance-model-prediction; 0d-particle-population-degradation-model-coupled-with-performance-model-prediction-without-fitting-methods; 0d-particle-population-degradation-model-fitting; 0d-particle-population-degradation-model-prediction,review_required,Candidate only. It does not create a cross-workflow link until an explicit mapping entry is reviewed and added.
Flow-field geometry,device,device,5,5,cea-mea-model-europium-2d; current-modulated-hydrogen-flow-rate-spectroscopy-ch2s; determination-of-cl-saturation-by-saxs-or-sans; fitting-of-the-europium-model; mpl-saturation-determination-from-x-ray-ct-data,review_required,Candidate only. It does not create a cross-workflow link until an explicit mapping entry is reviewed and added.
GDE,component,component,5,5,confocal-laser-scanning-microscope-clsm-and-fluorescent-probes-for-local-ph-assessment-in-acidic-med2; confocal-laser-scanning-microscope-clsm-and-fluorescent-probes-for-local-ph-assessment-in-alkaline-m2; electrospray-deposition-of-catalyst-layers; gde-catalytic-layer-preparation; gde-cell-for-electrochemical-studies,review_required,Candidate only. It does not create a cross-workflow link until an explicit mapping entry is reviewed and added.
GDE Catalytic Layer Preparation,,process,5,5,confocal-laser-scanning-microscope-clsm-and-fluorescent-probes-for-local-ph-assessment-in-acidic-med2; confocal-laser-scanning-microscope-clsm-and-fluorescent-probes-for-local-ph-assessment-in-alkaline-m2; gde-catalytic-layer-preparation; gde-cell-for-electrochemical-studies; impregnation-by-immersion-and-blade-coating,review_required,Candidate only. It does not create a cross-workflow link until an explicit mapping entry is reviewed and added.
GDL substrate 3D voxel data raw,meso,data,5,5,ct-based-capillary-pressure-saturation-curves; image-classification-of-x-ray-tomography-data; lab-ct-measurements-on-gdl-or-mpl-materials; mpl-saturation-determination-from-x-ray-ct-data; synch-ct-measurements-on-gdl-or-mpl-materials,review_required,Candidate only. It does not create a cross-workflow link until an explicit mapping entry is reviewed and added.
GDL substrate in-plane thermal conductivity,component,component,5,5,cea-mea-model-europium-2d; fitting-of-the-europium-model; simulation-of-single-phase-3d-apparent-properties; simulation-of-two-phase-3d-apparent-properties; voxel-based-3d-thermal-conductivity-simulation,review_required,Candidate only. It does not create a cross-workflow link until an explicit mapping entry is reviewed and added.
GDL substrate in-plane tortuosity,component,component,5,5,cea-mea-model-europium-2d; fitting-of-the-europium-model; simulation-of-single-phase-3d-apparent-properties; simulation-of-two-phase-3d-apparent-properties; voxel-based-3d-effective-diffusivity-simulation,review_required,Candidate only. It does not create a cross-workflow link until an explicit mapping entry is reviewed and added.
GDL substrate stress-strain curve,component,component,5,5,electrical-conductivity; electrical-contact-resistance; electrical-tlm-characterization-of-a-gdl-with-defined-compression; gas-permeability-of-a-gdl-with-defined-compression; gdl-compressability,review_required,Candidate only. It does not create a cross-workflow link until an explicit mapping entry is reviewed and added.
GDL substrate through-plane thermal conductivity,component,component,5,5,cea-mea-model-europium-2d; fitting-of-the-europium-model; simulation-of-single-phase-3d-apparent-properties; simulation-of-two-phase-3d-apparent-properties; voxel-based-3d-thermal-conductivity-simulation,review_required,Candidate only. It does not create a cross-workflow link until an explicit mapping entry is reviewed and added.
Hierarchical model for electrocatalytic reactions,,model,5,5,dft-onto-idealized-surfaces; diffusion-theory; fitting-version-of-the-hierachical-model; hierarchical-model-for-electrocatalytic-reactions; molecular-dynamics-for-the-electrode-electrolyte-interface-metalwalls,review_required,Candidate only. It does not create a cross-workflow link until an explicit mapping entry is reviewed and added.
IET 1D Performance model for MEA (fitting),model,model,5,5,manual-ciemat-exp-single-cell-polarization-eis; manual-hte-exp-cell-testing; manual-hte-mod-pemfc-4-fold-cell-benchtop-test; manual-nel-exp-large-scale-durability-test; manual-nel-exp-pewe-single-cell-benchtop-test,review_required,Candidate only. It does not create a cross-workflow link until an explicit mapping entry is reviewed and added.
Ink preparation for deposition of catalytic layers,,process,5,5,blade-coating-and-decal-transfer-for-ref-pefc-ccm; electrospray-deposition-of-catalyst-layers; ink-preparation-for-deposition-of-catalytic-layers; rheology; turbiscan-transmission-and-backscattering-stability-testing,review_required,Candidate only. It does not create a cross-workflow link until an explicit mapping entry is reviewed and added.
LAB-CT measurements on GDL/MPL materials,,method,7,5,image-classification-of-fib-tomography-data; image-classification-of-x-ray-tomography-data; image-classification-on-nm-scale; impregnation-by-immersion-and-blade-coating; lab-ct-measurements-on-gdl-or-mpl-materials,review_required,Candidate only. It does not create a cross-workflow link until an explicit mapping entry is reviewed and added.
"Mechanical properties of catalyst layers, GDLs, and MEAs by small-punch and nanoindentation",,method,9,5,blade-coating-and-decal-transfer-for-ref-pefc-ccm; electrospray-deposition-of-catalyst-layers; impregnation-by-immersion-and-blade-coating; mechanical-properties-of-catalyst-layers-gdls-and-meas-by-small-punch-and-nanoindentation; ultrasonic-spray-deposition-for-catalytic-layers,review_required,Candidate only. It does not create a cross-workflow link until an explicit mapping entry is reviewed and added.
Membrane proton conductivity,component,component,5,5,0d-particle-population-degradation-model-coupled-with-performance-model-prediction; 0d-particle-population-degradation-model-coupled-with-performance-model-prediction-without-fitting-methods; cea-mea-model-europium-2d; fitting-of-the-europium-model; iet-1d-performance-model-for-mea-prediction,review_required,Candidate only. It does not create a cross-workflow link until an explicit mapping entry is reviewed and added.
MPL 3D voxel data raw,meso,data,5,5,fib-measurements-on-gdl-or-mpl-and-catalyst-materials; image-classification-of-fib-tomography-data; image-classification-on-nm-scale; lab-ct-measurements-on-gdl-or-mpl-materials; synch-ct-measurements-on-gdl-or-mpl-materials,review_required,Candidate only. It does not create a cross-workflow link until an explicit mapping entry is reviewed and added.
MPL average pore radius,component,component,5,5,cea-mea-model-europium-2d; fitting-of-the-europium-model; mpl-parameter-estimation-from-gdl-and-substrate-data; simulation-of-single-phase-3d-apparent-properties; simulation-of-two-phase-3d-apparent-properties,review_required,Candidate only. It does not create a cross-workflow link until an explicit mapping entry is reviewed and added.
MPL conductivity,component,component,5,5,cea-mea-model-europium-2d; fitting-of-the-europium-model; mpl-parameter-estimation-from-gdl-and-substrate-data; simulation-of-single-phase-3d-apparent-properties; voxel-based-3d-electric-conductiviy-simulation,review_required,Candidate only. It does not create a cross-workflow link until an explicit mapping entry is reviewed and added.
MPL thermal conductivity,component,component,5,5,cea-mea-model-europium-2d; fitting-of-the-europium-model; simulation-of-single-phase-3d-apparent-properties; simulation-of-two-phase-3d-apparent-properties; voxel-based-3d-thermal-conductivity-simulation,review_required,Candidate only. It does not create a cross-workflow link until an explicit mapping entry is reviewed and added.
MPL water retention curve,component,component,5,5,cea-mea-model-europium-2d; ct-based-capillary-pressure-saturation-curves; fitting-of-the-europium-model; simulation-of-two-phase-3d-apparent-properties; water-retention-curve-simulation,review_required,Candidate only. It does not create a cross-workflow link until an explicit mapping entry is reviewed and added.
Neutron Imaging,,method,5,5,blade-coating-and-decal-transfer-for-ref-pefc-ccm; electrospray-deposition-of-catalyst-layers; impregnation-by-immersion-and-blade-coating; neutron-imaging; ultrasonic-spray-deposition-for-catalytic-layers,review_required,Candidate only. It does not create a cross-workflow link until an explicit mapping entry is reviewed and added.
PTL 3D voxel data classified,meso,data,5,5,voxel-based-3d-effective-diffusivity-simulation; voxel-based-3d-electric-conductiviy-simulation; voxel-based-3d-permability-simulation; voxel-based-3d-thermal-conductivity-simulation; water-retention-curve-simulation,review_required,Candidate only. It does not create a cross-workflow link until an explicit mapping entry is reviewed and added.
RDE on mono- or polycrystalline electrodes,,method,10,5,adsorbate-surface-diffusion-on-electrocatalyst-support; diffusion-theory; fitting-version-of-the-hierachical-model; rde-on-mono-or-polycrystalline-electrodes; rrde-theory,review_required,Candidate only. It does not create a cross-workflow link until an explicit mapping entry is reviewed and added.
RDE simulation in COMSOL,,model,5,5,adsorbate-surface-diffusion-on-electrocatalyst-support; diffusion-theory; fitting-version-of-the-hierachical-model; rde-simulation-in-comsol; rrde-theory,review_required,Candidate only. It does not create a cross-workflow link until an explicit mapping entry is reviewed and added.
Roller mixer and zirconia beads for ref PEFC inks,,method,5,5,blade-coating-and-decal-transfer-for-ref-pefc-ccm; electrospray-deposition-of-catalyst-layers; rheology; roller-mixer-and-zirconia-beads-for-ref-pefc-inks; turbiscan-transmission-and-backscattering-stability-testing,review_required,Candidate only. It does not create a cross-workflow link until an explicit mapping entry is reviewed and added.
Sheet resistance measurement,,method,13,5,blade-coating-and-decal-transfer-for-ref-pefc-ccm; cl-for-rde; electrospray-deposition-of-catalyst-layers; sheet-resistance-measurement; ultrasonic-spray-deposition-for-catalytic-layers,review_required,Candidate only. It does not create a cross-workflow link until an explicit mapping entry is reviewed and added.
Synch-CT measurements on GDL/MPL materials.,,method,7,5,image-classification-of-fib-tomography-data; image-classification-of-x-ray-tomography-data; image-classification-on-nm-scale; impregnation-by-immersion-and-blade-coating; synch-ct-measurements-on-gdl-or-mpl-materials,review_required,Candidate only. It does not create a cross-workflow link until an explicit mapping entry is reviewed and added.
Time series of cell voltage,device,device,5,5,0d-particle-population-degradation-model-coupled-with-performance-model-fitting; data-extraction-from-existing-pewe-measurements-u-i-t; manual-hte-mod-pemfc-4-fold-cell-benchtop-test; manual-nel-exp-large-scale-durability-test; manual-nel-exp-pewe-single-cell-benchtop-test,review_required,Candidate only. It does not create a cross-workflow link until an explicit mapping entry is reviewed and added.
Accelerated Stress Test (AST) on Nanostructured Electrodes,,method,8,4,accelerated-stress-test-ast-on-nanostructured-electrodes; dropcasted-ink-on-gc-tips; image-fib-tomography-dataparameter-extraction-3d; image-parameter-extraction-2d,review_required,Candidate only. It does not create a cross-workflow link until an explicit mapping entry is reviewed and added.
Adsorbate conformation on electrode (idealized),LRE,device,4,4,dft-onto-idealized-surfaces; hierarchical-model-for-electrocatalytic-reactions; in-situ-fourier-transformed-ir-in-atr-configuration; molecular-dynamics-for-the-electrode-electrolyte-interface-in-presence-of-ionomer,review_required,Candidate only. It does not create a cross-workflow link until an explicit mapping entry is reviewed and added.
Adsorbate coverage on electrode (idealized),LRE,device,4,4,dip-and-pull-operando-or-in-situ-xps; hierarchical-model-for-electrocatalytic-reactions; in-situ-fourier-transformed-ir-in-atr-configuration; molecular-dynamics-for-the-electrode-electrolyte-interface-in-presence-of-ionomer,review_required,Candidate only. It does not create a cross-workflow link until an explicit mapping entry is reviewed and added.
Catalyst morphology,material,material,4,4,image-tem-data-parameter-extraction-3d; manual-fzj-mod-stardist-temseg; manual-fzj-mod-starplatin-temseg; sem-and-fib-powder,review_required,Candidate only. It does not create a cross-workflow link until an explicit mapping entry is reviewed and added.
Catalyst support density,material,material,4,4,0d-particle-population-degradation-model-coupled-with-performance-model-prediction; 0d-particle-population-degradation-model-coupled-with-performance-model-prediction-without-fitting-methods; image-fib-tomography-dataparameter-extraction-3d; image-parameter-extraction-2d,review_required,Candidate only. It does not create a cross-workflow link until an explicit mapping entry is reviewed and added.
CCL 3D voxel data raw,meso,data,4,4,fib-measurements-on-gdl-or-mpl-and-catalyst-materials; fib-sem-on-cl-material; image-classification-of-fib-tomography-data; image-classification-on-nm-scale,review_required,Candidate only. It does not create a cross-workflow link until an explicit mapping entry is reviewed and added.
CCL effective vapor diffusivity,component,component,4,4,diffusivities-from-tortuosities; iet-1d-mea-with-water-transport-eis-model; iet-1d-mea-with-water-transport-in-ccl-eis-model; iet-composition-to-property-model,review_required,Candidate only. It does not create a cross-workflow link until an explicit mapping entry is reviewed and added.
CCL ORR rate prefactor,component,component,4,4,cea-mea-model-europium-2d; fitting-of-the-europium-model; iet-1d-performance-model-for-mea-fitting; iet-1d-performance-model-for-mea-prediction,review_required,Candidate only. It does not create a cross-workflow link until an explicit mapping entry is reviewed and added.
Cell clamping pressure,device,device,4,4,cea-mea-model-europium-2d; current-modulated-hydrogen-flow-rate-spectroscopy-ch2s; fitting-of-the-europium-model; neutron-imaging,review_required,Candidate only. It does not create a cross-workflow link until an explicit mapping entry is reviewed and added.
Confocal Laser Scanning Microscope (CLSM) + fluorescent probes for local pH assessment in alkaline media in GDE configuration,,method,4,4,confocal-laser-scanning-microscope-clsm-and-fluorescent-probes-for-local-ph-assessment-in-alkaline-m2; development-of-ratiometric-fluorescent-probes-for-local-ph-assessement-in-alkaline-media; electrospray-deposition-of-catalyst-layers; gde-catalytic-layer-preparation,review_required,Candidate only. It does not create a cross-workflow link until an explicit mapping entry is reviewed and added.
Confocal Laser Scanning Microscope (CLSM) + fluorescent probes for local pH assessment in alkaline media on model/unsupported electrodes,,model,4,4,confocal-laser-scanning-microscope-clsm-and-fluorescent-probes-for-local-ph-assessment-in-alkaline-m; development-of-ratiometric-fluorescent-probes-for-local-ph-assessement-in-alkaline-media; fitting-version-of-the-hierachical-model; transparent-electrodes-for-clsm-applications,review_required,Candidate only. It does not create a cross-workflow link until an explicit mapping entry is reviewed and added.
Contact angle probe liquid(s),material,material,4,4,contact-angle-extraction-of-ct-data; ct-based-capillary-pressure-saturation-curves; external-contact-angle-of-a-gdl; wilhelmy-wettability-measurement,review_required,Candidate only. It does not create a cross-workflow link until an explicit mapping entry is reviewed and added.
Development of a zero gap cell for GDE based spectrocopy measurement,,method,4,4,blade-coating-and-decal-transfer-for-ref-pefc-ccm; development-of-a-zero-gap-cell-for-gde-based-spectrocopy-measurement; electrospray-deposition-of-catalyst-layers; ultrasonic-spray-deposition-for-catalytic-layers,review_required,Candidate only. It does not create a cross-workflow link until an explicit mapping entry is reviewed and added.
EIS on nanostructured electrodes,,method,8,4,dropcasted-ink-on-gc-tips; eis-on-nanostructured-electrodes; image-fib-tomography-dataparameter-extraction-3d; image-parameter-extraction-2d,review_required,Candidate only. It does not create a cross-workflow link until an explicit mapping entry is reviewed and added.
Electrospray deposition of Catalyst Layers,process,process,4,4,manual-cea-exp-tem-eds-analysis-cl; manual-hte-mod-pemfc-4-fold-cell-benchtop-test; manual-nel-exp-large-scale-durability-test; manual-nel-exp-pewe-single-cell-benchtop-test,review_required,Candidate only. It does not create a cross-workflow link until an explicit mapping entry is reviewed and added.
GDE cell for electrochemical studies,,method,9,4,electrospray-deposition-of-catalyst-layers; gde-catalytic-layer-preparation; gde-cell-for-electrochemical-studies; impregnation-by-immersion-and-blade-coating,review_required,Candidate only. It does not create a cross-workflow link until an explicit mapping entry is reviewed and added.
GDL substrate 3D voxel data wet classified,meso,data,4,4,ai-based-generation-of-structural-digital-twins-of-multi-scale-tomographies; image-classification-of-x-ray-tomography-data; image-x-ray-tomography-data-parameter-extraction-3d; mpl-saturation-determination-from-x-ray-ct-data,review_required,Candidate only. It does not create a cross-workflow link until an explicit mapping entry is reviewed and added.
GDL substrate saturation,component,component,4,4,cea-mea-model-europium-2d; iet-1d-performance-model-for-mea-prediction; image-x-ray-tomography-data-parameter-extraction-3d; mpl-saturation-determination-from-x-ray-ct-data,review_required,Candidate only. It does not create a cross-workflow link until an explicit mapping entry is reviewed and added.
GDL substrate saturation profiles,macrohomogeneous local,other,4,4,cea-mea-model-europium-2d; iet-1d-performance-model-for-mea-prediction; image-x-ray-tomography-data-parameter-extraction-3d; mpl-saturation-determination-from-x-ray-ct-data,review_required,Candidate only. It does not create a cross-workflow link until an explicit mapping entry is reviewed and added.
In Situ Fourier Transformed IR in ATR configuration,,method,4,4,dft-onto-idealized-surfaces; iet-ink-to-composition-model; in-situ-fourier-transformed-ir-in-atr-configuration; prism-preparation-for-atr-ftir,review_required,Candidate only. It does not create a cross-workflow link until an explicit mapping entry is reviewed and added.
Ionomer contact angles,material,material,4,4,iet-ink-to-composition-model; in-situ-fourier-transformed-ir-in-atr-configuration; manual-icpees-cnrs-unistra-psi-exp-in-situ-ftir-atr-configuration-nanostructured; molecular-dynamics-for-the-electrode-electrolyte-interface-in-presence-of-ionomer,review_required,Candidate only. It does not create a cross-workflow link until an explicit mapping entry is reviewed and added.
Ionomer density (dry),material,material,4,4,0d-particle-population-degradation-model-coupled-with-performance-model-prediction; 0d-particle-population-degradation-model-coupled-with-performance-model-prediction-without-fitting-methods; iet-ink-to-composition-model; molecular-dynamics-for-the-electrode-electrolyte-interface-in-presence-of-ionomer,review_required,Candidate only. It does not create a cross-workflow link until an explicit mapping entry is reviewed and added.
Model Electrochemistry in a RDE Cell,,model,8,4,cl-for-rde; image-fib-tomography-dataparameter-extraction-3d; image-parameter-extraction-2d; model-electrochemistry-in-a-rde-cell,review_required,Candidate only. It does not create a cross-workflow link until an explicit mapping entry is reviewed and added.
MPL saturation,component,component,4,4,cea-mea-model-europium-2d; determination-of-cl-saturation-by-saxs-or-sans; image-x-ray-tomography-data-parameter-extraction-3d; mpl-saturation-determination-from-x-ray-ct-data,review_required,Candidate only. It does not create a cross-workflow link until an explicit mapping entry is reviewed and added.
MPL X-ray 3D voxel data classified,meso,data,4,4,ai-based-generation-of-structural-digital-twins-of-multi-scale-tomographies; image-classification-of-x-ray-tomography-data; image-x-ray-tomography-data-parameter-extraction-3d; mpl-saturation-determination-from-x-ray-ct-data,review_required,Candidate only. It does not create a cross-workflow link until an explicit mapping entry is reviewed and added.
MPL X-ray 3D voxel data wet classified,meso,data,4,4,ai-based-generation-of-structural-digital-twins-of-multi-scale-tomographies; image-classification-of-x-ray-tomography-data; image-x-ray-tomography-data-parameter-extraction-3d; mpl-saturation-determination-from-x-ray-ct-data,review_required,Candidate only. It does not create a cross-workflow link until an explicit mapping entry is reviewed and added.
Prism Preparation for ATR-FTIR,,process,4,4,image-fib-tomography-dataparameter-extraction-3d; image-parameter-extraction-2d; in-situ-fourier-transformed-ir-in-atr-configuration; prism-preparation-for-atr-ftir,review_required,Candidate only. It does not create a cross-workflow link until an explicit mapping entry is reviewed and added.
RDE electrode (nanostructured),component,component,4,4,accelerated-stress-test-ast-on-nanostructured-electrodes; dropcasted-ink-on-gc-tips; eis-on-nanostructured-electrodes; rde-on-nanostructured-electrodes,review_required,Candidate only. It does not create a cross-workflow link until an explicit mapping entry is reviewed and added.
RDE polycrystalline electrode,material,material,4,4,manual-icpees-cnrs-unistra-exp-clsm-acidic-supported-electrodes; rde-on-mono-or-polycrystalline-electrodes; rrde-on-model-electrodes-in-acidic-solutions; rrde-on-model-electrodes-in-alkaline-solutions,review_required,Candidate only. It does not create a cross-workflow link until an explicit mapping entry is reviewed and added.
RRDE near-electrode (ca. 1mm) pH distribution,LRE,device,4,4,rrde-on-model-electrodes-in-acidic-solutions; rrde-on-model-electrodes-in-alkaline-solutions; rrde-simulation-in-comsol; rrde-theory,review_required,Candidate only. It does not create a cross-workflow link until an explicit mapping entry is reviewed and added.
"Three electrode cell assesement of CL by XAS, XANES, EXAFS, XRD",,method,4,4,blade-coating-and-decal-transfer-for-ref-pefc-ccm; electrospray-deposition-of-catalyst-layers; three-electrode-cell-assesement-of-cl-by-xas-xanes-exafs-xrd; ultrasonic-spray-deposition-for-catalytic-layers,review_required,Candidate only. It does not create a cross-workflow link until an explicit mapping entry is reviewed and added.
0D Particle population degradation model (fitting),,model,3,3,0d-particle-population-degradation-model-coupled-with-performance-model-prediction; 0d-particle-population-degradation-model-fitting; 0d-particle-population-degradation-model-prediction,review_required,Candidate only. It does not create a cross-workflow link until an explicit mapping entry is reviewed and added.
0D Particle population degradation model coupled with performance model fitting,model,model,3,3,manual-hte-mod-pemfc-4-fold-cell-benchtop-test; manual-nel-exp-large-scale-durability-test; manual-nel-exp-pewe-single-cell-benchtop-test,review_required,Candidate only. It does not create a cross-workflow link until an explicit mapping entry is reviewed and added.
0D Particle population degradation model coupled with performance model prediction,model,model,3,3,manual-cea-exp-tem-eds-analysis-cl; manual-fzj-mod-stardist-temseg; manual-fzj-mod-starplatin-temseg,review_required,Candidate only. It does not create a cross-workflow link until an explicit mapping entry is reviewed and added.
0D Particle population degradation model prediction,model,model,3,3,manual-cea-exp-tem-eds-analysis-cl; manual-fzj-mod-stardist-temseg; manual-fzj-mod-starplatin-temseg,review_required,Candidate only. It does not create a cross-workflow link until an explicit mapping entry is reviewed and added.
Activation barriers of elementary steps,LRE,device,3,3,dft-onto-idealized-surfaces; fitting-version-of-the-hierachical-model; hierarchical-model-for-electrocatalytic-reactions,review_required,Candidate only. It does not create a cross-workflow link until an explicit mapping entry is reviewed and added.
Adsorbate types on electrode (nanostructured),LRE,device,3,3,manual-icpees-cnrs-unistra-psi-exp-in-situ-ftir-atr-configuration-nanostructured; operando-or-in-situ-xas-photon-out; thin-windows-operando-or-in-situ-xps,review_required,Candidate only. It does not create a cross-workflow link until an explicit mapping entry is reviewed and added.
ATR-FTIR electrode,component,component,3,3,in-situ-fourier-transformed-ir-in-atr-configuration; manual-icpees-cnrs-unistra-psi-exp-in-situ-ftir-atr-configuration-nanostructured; prism-preparation-for-atr-ftir,review_required,Candidate only. It does not create a cross-workflow link until an explicit mapping entry is reviewed and added.
Binding energies of intermediates,LRE,device,3,3,dft-onto-idealized-surfaces; fitting-version-of-the-hierachical-model; hierarchical-model-for-electrocatalytic-reactions,review_required,Candidate only. It does not create a cross-workflow link until an explicit mapping entry is reviewed and added.
Catalyst elemental composition,material,material,3,3,image-fib-tomography-dataparameter-extraction-3d; image-parameter-extraction-2d; sem-and-fib-powder,review_required,Candidate only. It does not create a cross-workflow link until an explicit mapping entry is reviewed and added.
Catalyst loading (aged),component,component,3,3,0d-particle-population-degradation-model-coupled-with-performance-model-prediction; 0d-particle-population-degradation-model-coupled-with-performance-model-prediction-without-fitting-methods; 0d-particle-population-degradation-model-prediction,review_required,Candidate only. It does not create a cross-workflow link until an explicit mapping entry is reviewed and added.
CCL 3D TEM voxel data raw,meso,data,3,3,electron-tomography-for-pt-c-and-ionomer-distribution-in-cl; high-resolution-electron-tomography-for-accessing-pt-and-ionomer-distribution-on-carbon-aggregate; image-classification-on-tem-data,review_required,Candidate only. It does not create a cross-workflow link until an explicit mapping entry is reviewed and added.
CCL average pore radius,component,component,3,3,cea-mea-model-europium-2d; fitting-of-the-europium-model; microscopy-sem-and-optical-in-mea-cross-section,review_required,Candidate only. It does not create a cross-workflow link until an explicit mapping entry is reviewed and added.
CCL conductivity,component,component,3,3,cea-mea-model-europium-2d; fitting-of-the-europium-model; voxel-based-3d-electric-conductiviy-simulation,review_required,Candidate only. It does not create a cross-workflow link until an explicit mapping entry is reviewed and added.
CCL ionomer distribution statistics,component,component,3,3,determination-of-cl-saturation-by-saxs-or-sans; image-tem-data-parameter-extraction-3d; ionomer-reconstruction-in-ccl-3d-images,review_required,Candidate only. It does not create a cross-workflow link until an explicit mapping entry is reviewed and added.
CCL ionomer effective film thickness,component,component,3,3,cea-mea-model-europium-2d; fitting-of-the-europium-model; iet-ink-to-composition-model,review_required,Candidate only. It does not create a cross-workflow link until an explicit mapping entry is reviewed and added.
CCL permeability,component,component,3,3,cea-mea-model-europium-2d; fitting-of-the-europium-model; voxel-based-3d-permability-simulation,review_required,Candidate only. It does not create a cross-workflow link until an explicit mapping entry is reviewed and added.
CCL saturation,component,component,3,3,cea-mea-model-europium-2d; determination-of-cl-saturation-by-saxs-or-sans; iet-1d-performance-model-for-mea-prediction,review_required,Candidate only. It does not create a cross-workflow link until an explicit mapping entry is reviewed and added.
CCL saturation profiles,macrohomogeneous local,other,3,3,cea-mea-model-europium-2d; determination-of-cl-saturation-by-saxs-or-sans; iet-1d-performance-model-for-mea-prediction,review_required,Candidate only. It does not create a cross-workflow link until an explicit mapping entry is reviewed and added.
CCL thermal conductivity,component,component,3,3,cea-mea-model-europium-2d; fitting-of-the-europium-model; voxel-based-3d-thermal-conductivity-simulation,review_required,Candidate only. It does not create a cross-workflow link until an explicit mapping entry is reviewed and added.
CCL vaporization interfacial area factor,component,component,3,3,iet-1d-mea-with-water-transport-eis-model; iet-1d-mea-with-water-transport-in-ccl-eis-model; iet-composition-to-property-model,review_required,Candidate only. It does not create a cross-workflow link until an explicit mapping entry is reviewed and added.
CCM area,component,component,3,3,development-of-a-zero-gap-cell-for-gde-based-spectrocopy-measurement; manual-hte-exp-cell-testing; three-electrode-cell-assesement-of-cl-by-xas-xanes-exafs-xrd,review_required,Candidate only. It does not create a cross-workflow link until an explicit mapping entry is reviewed and added.
Cell electrolyte flow,device,device,3,3,operando-or-in-situ-xas-photon-out; operando-saxs-or-waxs-small-or-wide-angle-x-ray-spectroscopy; thin-windows-operando-or-in-situ-xps,review_required,Candidate only. It does not create a cross-workflow link until an explicit mapping entry is reviewed and added.
Cell inlet O2 mole fraction (dry),device,device,3,3,cea-mea-model-europium-2d; fitting-of-the-europium-model; iet-1d-performance-model-for-mea-prediction,review_required,Candidate only. It does not create a cross-workflow link until an explicit mapping entry is reviewed and added.
Cell operation conditions,device,device,3,3,0d-particle-population-degradation-model-coupled-with-performance-model-fitting; differential-cell-testing; manual-ciemat-exp-single-cell-polarization-eis,review_required,Candidate only. It does not create a cross-workflow link until an explicit mapping entry is reviewed and added.
Cell polarization curve (aged),device,device,3,3,0d-particle-population-degradation-model-coupled-with-performance-model-prediction; 0d-particle-population-degradation-model-coupled-with-performance-model-prediction-without-fitting-methods; manual-nel-exp-large-scale-durability-test,review_required,Candidate only. It does not create a cross-workflow link until an explicit mapping entry is reviewed and added.
Cell stoichiometries,device,device,3,3,determination-of-cl-saturation-by-saxs-or-sans; iet-1d-performance-model-for-mea-prediction; mpl-saturation-determination-from-x-ray-ct-data,review_required,Candidate only. It does not create a cross-workflow link until an explicit mapping entry is reviewed and added.
Cell voltammogram,device,device,3,3,differential-cell-testing; fitting-of-the-europium-model; manual-ciemat-exp-single-cell-polarization-eis,review_required,Candidate only. It does not create a cross-workflow link until an explicit mapping entry is reviewed and added.
CL on GDL,component,component,3,3,cl-for-rde; fib-measurements-on-gdl-or-mpl-and-catalyst-materials; sheet-resistance-measurement,review_required,Candidate only. It does not create a cross-workflow link until an explicit mapping entry is reviewed and added.
CLSM electrochemical response (idealized),LRE,device,3,3,confocal-laser-scanning-microscope-clsm-and-fluorescent-probes-for-local-ph-assessment-in-acidic-med; confocal-laser-scanning-microscope-clsm-and-fluorescent-probes-for-local-ph-assessment-in-alkaline-m; manual-icpees-cnrs-unistra-exp-clsm-acidic-supported-electrodes,review_required,Candidate only. It does not create a cross-workflow link until an explicit mapping entry is reviewed and added.
CLSM temperature,component,component,3,3,confocal-laser-scanning-microscope-clsm-and-fluorescent-probes-for-local-ph-assessment-in-acidic-med; confocal-laser-scanning-microscope-clsm-and-fluorescent-probes-for-local-ph-assessment-in-alkaline-m; manual-icpees-cnrs-unistra-exp-clsm-acidic-supported-electrodes,review_required,Candidate only. It does not create a cross-workflow link until an explicit mapping entry is reviewed and added.
Confocal Laser Scanning Microscope (CLSM) + fluorescent probes for local pH assessment in acidic media in GDE configuration,,method,3,3,confocal-laser-scanning-microscope-clsm-and-fluorescent-probes-for-local-ph-assessment-in-acidic-med2; electrospray-deposition-of-catalyst-layers; gde-catalytic-layer-preparation,review_required,Candidate only. It does not create a cross-workflow link until an explicit mapping entry is reviewed and added.
Confocal Laser Scanning Microscope (CLSM) + fluorescent probes for local pH assessment in acidic media on model /unsupported electrodes,,model,3,3,confocal-laser-scanning-microscope-clsm-and-fluorescent-probes-for-local-ph-assessment-in-acidic-med; fitting-version-of-the-hierachical-model; transparent-electrodes-for-clsm-applications,review_required,Candidate only. It does not create a cross-workflow link until an explicit mapping entry is reviewed and added.
Contact angle extraction of CT data,,method,5,3,contact-angle-extraction-of-ct-data; image-classification-of-x-ray-tomography-data; impregnation-by-immersion-and-blade-coating,review_required,Candidate only. It does not create a cross-workflow link until an explicit mapping entry is reviewed and added.
Data extraction from existing PEWE measurements (U-i-t),,method,3,3,data-extraction-from-existing-pewe-measurements-u-i-t; fitting-of-the-europium-model; iet-1d-performance-model-for-mea-fitting,review_required,Candidate only. It does not create a cross-workflow link until an explicit mapping entry is reviewed and added.
Data extraction from existing PEWE measurements (U-i-t),method,method,3,3,manual-hte-mod-pemfc-4-fold-cell-benchtop-test; manual-nel-exp-large-scale-durability-test; manual-nel-exp-pewe-single-cell-benchtop-test,review_required,Candidate only. It does not create a cross-workflow link until an explicit mapping entry is reviewed and added.
Development of ratiometric fluorescent probes for local pH assessement in alkaline media,,method,3,3,confocal-laser-scanning-microscope-clsm-and-fluorescent-probes-for-local-ph-assessment-in-alkaline-m; confocal-laser-scanning-microscope-clsm-and-fluorescent-probes-for-local-ph-assessment-in-alkaline-m2; development-of-ratiometric-fluorescent-probes-for-local-ph-assessement-in-alkaline-media,review_required,Candidate only. It does not create a cross-workflow link until an explicit mapping entry is reviewed and added.
Diffusion coefficients of species,LRE,device,3,3,adsorbate-surface-diffusion-on-electrocatalyst-support; diffusion-theory; hierarchical-model-for-electrocatalytic-reactions,review_required,Candidate only. It does not create a cross-workflow link until an explicit mapping entry is reviewed and added.
Effective size of solvated ions,LRE,device,3,3,density-potential-functional-theory-applied-to-supported-electrocatalysts; hierarchical-model-for-electrocatalytic-reactions; molecular-dynamics-for-the-electrode-electrolyte-interface-metalwalls,review_required,Candidate only. It does not create a cross-workflow link until an explicit mapping entry is reviewed and added.
EIS on PEWE cells,,method,3,3,eis-on-pewe-cells; fitting-of-the-europium-model; iet-1d-performance-model-for-mea-fitting,review_required,Candidate only. It does not create a cross-workflow link until an explicit mapping entry is reviewed and added.
GDE electrochemical protocol,component,component,3,3,development-of-a-zero-gap-cell-for-gde-based-spectrocopy-measurement; gde-cell-for-electrochemical-studies; three-electrode-cell-assesement-of-cl-by-xas-xanes-exafs-xrd,review_required,Candidate only. It does not create a cross-workflow link until an explicit mapping entry is reviewed and added.
GDE electrochemical response,component,component,3,3,development-of-a-zero-gap-cell-for-gde-based-spectrocopy-measurement; gde-cell-for-electrochemical-studies; three-electrode-cell-assesement-of-cl-by-xas-xanes-exafs-xrd,review_required,Candidate only. It does not create a cross-workflow link until an explicit mapping entry is reviewed and added.
GDE temperature,component,component,3,3,confocal-laser-scanning-microscope-clsm-and-fluorescent-probes-for-local-ph-assessment-in-acidic-med2; confocal-laser-scanning-microscope-clsm-and-fluorescent-probes-for-local-ph-assessment-in-alkaline-m2; gde-cell-for-electrochemical-studies,review_required,Candidate only. It does not create a cross-workflow link until an explicit mapping entry is reviewed and added.
GDL in-plane conductivity,component,component,3,3,electrical-conductivity; electrical-tlm-characterization-of-a-gdl-with-defined-compression; mpl-parameter-estimation-from-gdl-and-substrate-data,review_required,Candidate only. It does not create a cross-workflow link until an explicit mapping entry is reviewed and added.
GDL substrate 3D voxel data wet operando classified,meso,data,3,3,ai-based-generation-of-structural-digital-twins-of-multi-scale-tomographies; image-classification-of-x-ray-tomography-data; image-x-ray-tomography-data-parameter-extraction-3d,review_required,Candidate only. It does not create a cross-workflow link until an explicit mapping entry is reviewed and added.
GDL substrate breakthrough pressure,component,component,3,3,lab-ct-measurements-on-gdl-or-mpl-materials; synch-ct-measurements-on-gdl-or-mpl-materials; water-retention-curve-simulation,review_required,Candidate only. It does not create a cross-workflow link until an explicit mapping entry is reviewed and added.
GDL substrate effective water permeability,component,component,3,3,cea-mea-model-europium-2d; fitting-of-the-europium-model; simulation-of-two-phase-3d-apparent-properties,review_required,Candidate only. It does not create a cross-workflow link until an explicit mapping entry is reviewed and added.
GDL substrate pore size distribution,component,component,3,3,hg-porosimetry-gdl; image-x-ray-tomography-data-parameter-extraction-3d; mpl-parameter-estimation-from-gdl-and-substrate-data,review_required,Candidate only. It does not create a cross-workflow link until an explicit mapping entry is reviewed and added.
GDL through-plane conductivity,component,component,3,3,electrical-conductivity; electrical-contact-resistance; mpl-parameter-estimation-from-gdl-and-substrate-data,review_required,Candidate only. It does not create a cross-workflow link until an explicit mapping entry is reviewed and added.
Impregnation by immersion and blade coating,process,process,3,3,manual-hte-mod-pemfc-4-fold-cell-benchtop-test; manual-nel-exp-large-scale-durability-test; manual-nel-exp-pewe-single-cell-benchtop-test,review_required,Candidate only. It does not create a cross-workflow link until an explicit mapping entry is reviewed and added.
Inert substrate,component,component,3,3,blade-coating-and-decal-transfer-for-ref-pefc-ccm; electrospray-deposition-of-catalyst-layers; ultrasonic-spray-deposition-for-catalytic-layers,review_required,Candidate only. It does not create a cross-workflow link until an explicit mapping entry is reviewed and added.
Ionomer proton conductivity,material,material,3,3,iet-composition-to-property-model; iet-ink-to-composition-model; image-based-ccl-effective-transport-property-computation-from-numerical-simulations,review_required,Candidate only. It does not create a cross-workflow link until an explicit mapping entry is reviewed and added.
Ionomer water sorption properties,component,component,3,3,cea-mea-model-europium-2d; determination-of-cl-saturation-by-saxs-or-sans; fitting-of-the-europium-model,review_required,Candidate only. It does not create a cross-workflow link until an explicit mapping entry is reviewed and added.
LRE capacitance (idealized),LRE,device,3,3,ab-initio-molecular-dynamics-aimd-of-the-solid-liquid-interface-at-a-pt-electrode; fitting-version-of-the-hierachical-model; manual-dtu-mod-machine-learning-force-fields,review_required,Candidate only. It does not create a cross-workflow link until an explicit mapping entry is reviewed and added.
Mass of Pt in the membrane (aged),component,component,3,3,0d-particle-population-degradation-model-coupled-with-performance-model-fitting; image-fib-tomography-dataparameter-extraction-3d; image-parameter-extraction-2d,review_required,Candidate only. It does not create a cross-workflow link until an explicit mapping entry is reviewed and added.
Membrane H2 diffusivity,component,component,3,3,cea-mea-model-europium-2d; differential-cell-testing; fitting-of-the-europium-model,review_required,Candidate only. It does not create a cross-workflow link until an explicit mapping entry is reviewed and added.
Molecular fluorescent probe (acidic),material,material,3,3,confocal-laser-scanning-microscope-clsm-and-fluorescent-probes-for-local-ph-assessment-in-acidic-med; confocal-laser-scanning-microscope-clsm-and-fluorescent-probes-for-local-ph-assessment-in-acidic-med2; manual-icpees-cnrs-unistra-exp-clsm-acidic-supported-electrodes,review_required,Candidate only. It does not create a cross-workflow link until an explicit mapping entry is reviewed and added.
Molecular fluorescent probe (alkaline),material,material,3,3,confocal-laser-scanning-microscope-clsm-and-fluorescent-probes-for-local-ph-assessment-in-alkaline-m; confocal-laser-scanning-microscope-clsm-and-fluorescent-probes-for-local-ph-assessment-in-alkaline-m2; development-of-ratiometric-fluorescent-probes-for-local-ph-assessement-in-alkaline-media,review_required,Candidate only. It does not create a cross-workflow link until an explicit mapping entry is reviewed and added.
Monomer concentration in the electrolyte,material,material,3,3,accelerated-stress-test-ast-on-nanostructured-electrodes; eis-on-nanostructured-electrodes; model-electrochemistry-in-a-rde-cell,review_required,Candidate only. It does not create a cross-workflow link until an explicit mapping entry is reviewed and added.
MPL effective water permeability,component,component,3,3,cea-mea-model-europium-2d; fitting-of-the-europium-model; simulation-of-two-phase-3d-apparent-properties,review_required,Candidate only. It does not create a cross-workflow link until an explicit mapping entry is reviewed and added.
MPL X-ray 3D voxel data raw,meso,data,3,3,ct-based-capillary-pressure-saturation-curves; image-classification-of-x-ray-tomography-data; mpl-saturation-determination-from-x-ray-ct-data,review_required,Candidate only. It does not create a cross-workflow link until an explicit mapping entry is reviewed and added.
MPL X-ray 3D voxel data wet operando classified,meso,data,3,3,ai-based-generation-of-structural-digital-twins-of-multi-scale-tomographies; image-classification-of-x-ray-tomography-data; image-x-ray-tomography-data-parameter-extraction-3d,review_required,Candidate only. It does not create a cross-workflow link until an explicit mapping entry is reviewed and added.
MPL X-ray 3D voxel data wet raw,meso,data,3,3,ct-based-capillary-pressure-saturation-curves; image-classification-of-x-ray-tomography-data; mpl-saturation-determination-from-x-ray-ct-data,review_required,Candidate only. It does not create a cross-workflow link until an explicit mapping entry is reviewed and added.
RDE monocrystalline electrode,material,material,3,3,rde-on-mono-or-polycrystalline-electrodes; rrde-on-model-electrodes-in-acidic-solutions; rrde-on-model-electrodes-in-alkaline-solutions,review_required,Candidate only. It does not create a cross-workflow link until an explicit mapping entry is reviewed and added.
Rheology,,method,3,3,ink-preparation-for-deposition-of-catalytic-layers; rheology; roller-mixer-and-zirconia-beads-for-ref-pefc-inks,review_required,Candidate only. It does not create a cross-workflow link until an explicit mapping entry is reviewed and added.
RRDE collection efficiency,device,device,3,3,rrde-on-model-electrodes-in-acidic-solutions; rrde-on-model-electrodes-in-alkaline-solutions; rrde-simulation-in-comsol,review_required,Candidate only. It does not create a cross-workflow link until an explicit mapping entry is reviewed and added.
RRDE ring redox couple,material,material,3,3,rrde-on-model-electrodes-in-acidic-solutions; rrde-on-model-electrodes-in-alkaline-solutions; rrde-theory,review_required,Candidate only. It does not create a cross-workflow link until an explicit mapping entry is reviewed and added.
Transparent electrode for CLSM,component,component,3,3,confocal-laser-scanning-microscope-clsm-and-fluorescent-probes-for-local-ph-assessment-in-acidic-med; confocal-laser-scanning-microscope-clsm-and-fluorescent-probes-for-local-ph-assessment-in-alkaline-m; transparent-electrodes-for-clsm-applications,review_required,Candidate only. It does not create a cross-workflow link until an explicit mapping entry is reviewed and added.
Transparent Electrodes for CLSM applications,,method,3,3,confocal-laser-scanning-microscope-clsm-and-fluorescent-probes-for-local-ph-assessment-in-acidic-med; confocal-laser-scanning-microscope-clsm-and-fluorescent-probes-for-local-ph-assessment-in-alkaline-m; transparent-electrodes-for-clsm-applications,review_required,Candidate only. It does not create a cross-workflow link until an explicit mapping entry is reviewed and added.
Turbiscan Transmission and Backscattering stability testing,,method,3,3,ink-preparation-for-deposition-of-catalytic-layers; roller-mixer-and-zirconia-beads-for-ref-pefc-inks; turbiscan-transmission-and-backscattering-stability-testing,review_required,Candidate only. It does not create a cross-workflow link until an explicit mapping entry is reviewed and added.
Active phase,LRE,device,2,2,development-of-a-zero-gap-cell-for-gde-based-spectrocopy-measurement; three-electrode-cell-assesement-of-cl-by-xas-xanes-exafs-xrd,review_required,Candidate only. It does not create a cross-workflow link until an explicit mapping entry is reviewed and added.
Adsorbate adsorption energies (idealized),LRE,device,2,2,adsorbate-surface-diffusion-on-electrocatalyst-support; dft-onto-idealized-surfaces,review_required,Candidate only. It does not create a cross-workflow link until an explicit mapping entry is reviewed and added.
Adsorbate coverage on electrode (nanostructured),LRE,device,2,2,manual-icpees-cnrs-unistra-psi-exp-in-situ-ftir-atr-configuration-nanostructured; thin-windows-operando-or-in-situ-xps,review_required,Candidate only. It does not create a cross-workflow link until an explicit mapping entry is reviewed and added.
Adsorbate dipole moments,LRE,device,2,2,dft-onto-idealized-surfaces; hierarchical-model-for-electrocatalytic-reactions,review_required,Candidate only. It does not create a cross-workflow link until an explicit mapping entry is reviewed and added.
ATR-FTIR cell temperature,device,device,2,2,in-situ-fourier-transformed-ir-in-atr-configuration; manual-icpees-cnrs-unistra-psi-exp-in-situ-ftir-atr-configuration-nanostructured,review_required,Candidate only. It does not create a cross-workflow link until an explicit mapping entry is reviewed and added.
ATR-FTIR electrochemical protocol,component,component,2,2,in-situ-fourier-transformed-ir-in-atr-configuration; manual-icpees-cnrs-unistra-psi-exp-in-situ-ftir-atr-configuration-nanostructured,review_required,Candidate only. It does not create a cross-workflow link until an explicit mapping entry is reviewed and added.
ATR-FTIR electrochemical response,component,component,2,2,in-situ-fourier-transformed-ir-in-atr-configuration; manual-icpees-cnrs-unistra-psi-exp-in-situ-ftir-atr-configuration-nanostructured,review_required,Candidate only. It does not create a cross-workflow link until an explicit mapping entry is reviewed and added.
Binder distribution,component,component,2,2,image-parameter-extraction-2d; modeling-of-hydrophobic-treatment-of-gdl,review_required,Candidate only. It does not create a cross-workflow link until an explicit mapping entry is reviewed and added.
Blade coating and Decal transfer for ref PEFC CCM,process,process,2,2,manual-cea-exp-tem-eds-analysis-cl; manual-nel-exp-large-scale-durability-test,review_required,Candidate only. It does not create a cross-workflow link until an explicit mapping entry is reviewed and added.
Catalyst pore size distribution,material,material,2,2,iet-ink-to-composition-model; manual-icpees-cnrs-unistra-exp-n2-adsorption-ex-situ,review_required,Candidate only. It does not create a cross-workflow link until an explicit mapping entry is reviewed and added.
Catalyst support particle diameter,material,material,2,2,image-tem-data-parameter-extraction-3d; sem-and-fib-powder,review_required,Candidate only. It does not create a cross-workflow link until an explicit mapping entry is reviewed and added.
Cathode EIS,device,device,2,2,iet-1d-mea-with-water-transport-eis-model; iet-1d-mea-with-water-transport-in-ccl-eis-model,review_required,Candidate only. It does not create a cross-workflow link until an explicit mapping entry is reviewed and added.
CCL 2D TEM images raw,data,other,2,2,manual-fzj-mod-stardist-temseg; manual-fzj-mod-starplatin-temseg,review_required,Candidate only. It does not create a cross-workflow link until an explicit mapping entry is reviewed and added.
CCL cross section,component,component,2,2,microscopy-sem-and-optical-in-mea-cross-section; sem-and-edx,review_required,Candidate only. It does not create a cross-workflow link until an explicit mapping entry is reviewed and added.
CCL cross section 2D pixel data containing surface information of element distributions,meso,data,2,2,image-parameter-extraction-2d; sem-and-edx,review_required,Candidate only. It does not create a cross-workflow link until an explicit mapping entry is reviewed and added.
CCL effective O2 diffusivity (aged),component,component,2,2,0d-particle-population-degradation-model-coupled-with-performance-model-prediction; 0d-particle-population-degradation-model-coupled-with-performance-model-prediction-without-fitting-methods,review_required,Candidate only. It does not create a cross-workflow link until an explicit mapping entry is reviewed and added.
CCL effective proton conductivity (aged),component,component,2,2,0d-particle-population-degradation-model-coupled-with-performance-model-prediction; 0d-particle-population-degradation-model-coupled-with-performance-model-prediction-without-fitting-methods,review_required,Candidate only. It does not create a cross-workflow link until an explicit mapping entry is reviewed and added.
CCL ionomer saturation,component,component,2,2,cea-mea-model-europium-2d; determination-of-cl-saturation-by-saxs-or-sans,review_required,Candidate only. It does not create a cross-workflow link until an explicit mapping entry is reviewed and added.
CCL ionomer volume fraction (dry),component,component,2,2,cea-mea-model-europium-2d; fitting-of-the-europium-model,review_required,Candidate only. It does not create a cross-workflow link until an explicit mapping entry is reviewed and added.
CCL ORR effective exchange current density (aged),component,component,2,2,0d-particle-population-degradation-model-coupled-with-performance-model-prediction; 0d-particle-population-degradation-model-coupled-with-performance-model-prediction-without-fitting-methods,review_required,Candidate only. It does not create a cross-workflow link until an explicit mapping entry is reviewed and added.
CCL ORR effective reaction order(s),component,component,2,2,cea-mea-model-europium-2d; fitting-of-the-europium-model,review_required,Candidate only. It does not create a cross-workflow link until an explicit mapping entry is reviewed and added.
CCL refined pore size distribution (with contact angle distribution),component,component,2,2,iet-composition-to-property-model; iet-ink-to-composition-model,review_required,Candidate only. It does not create a cross-workflow link until an explicit mapping entry is reviewed and added.
CCL vaporization rate constant,component,component,2,2,iet-1d-mea-with-water-transport-eis-model; iet-1d-mea-with-water-transport-in-ccl-eis-model,review_required,Candidate only. It does not create a cross-workflow link until an explicit mapping entry is reviewed and added.
CCM composition,component,component,2,2,development-of-a-zero-gap-cell-for-gde-based-spectrocopy-measurement; three-electrode-cell-assesement-of-cl-by-xas-xanes-exafs-xrd,review_required,Candidate only. It does not create a cross-workflow link until an explicit mapping entry is reviewed and added.
CEA MEA model (Europium 2D),model,model,3,2,manual-ciemat-exp-effective-proton-conductivity; manual-ciemat-exp-single-cell-polarization-eis,review_required,Candidate only. It does not create a cross-workflow link until an explicit mapping entry is reviewed and added.
Cell inlet species concentrations,device,device,2,2,0d-particle-population-degradation-model-coupled-with-performance-model-prediction; 0d-particle-population-degradation-model-coupled-with-performance-model-prediction-without-fitting-methods,review_required,Candidate only. It does not create a cross-workflow link until an explicit mapping entry is reviewed and added.
Cell Tafel slope,device,device,2,2,data-extraction-from-existing-pewe-measurements-u-i-t; manual-nel-exp-oer-her-catalyst-activity-alkaline,review_required,Candidate only. It does not create a cross-workflow link until an explicit mapping entry is reviewed and added.
CLSM electrochemical response (nanostructured),component,component,2,2,confocal-laser-scanning-microscope-clsm-and-fluorescent-probes-for-local-ph-assessment-in-acidic-med2; confocal-laser-scanning-microscope-clsm-and-fluorescent-probes-for-local-ph-assessment-in-alkaline-m2,review_required,Candidate only. It does not create a cross-workflow link until an explicit mapping entry is reviewed and added.
CLSM pH distribution (nanostructured),LRE,device,2,2,confocal-laser-scanning-microscope-clsm-and-fluorescent-probes-for-local-ph-assessment-in-acidic-med2; confocal-laser-scanning-microscope-clsm-and-fluorescent-probes-for-local-ph-assessment-in-alkaline-m2,review_required,Candidate only. It does not create a cross-workflow link until an explicit mapping entry is reviewed and added.
Coordination number and bond distance,LRE,device,2,2,development-of-a-zero-gap-cell-for-gde-based-spectrocopy-measurement; three-electrode-cell-assesement-of-cl-by-xas-xanes-exafs-xrd,review_required,Candidate only. It does not create a cross-workflow link until an explicit mapping entry is reviewed and added.
Diffusion layer thickness,LRE,device,2,2,diffusion-theory; hierarchical-model-for-electrocatalytic-reactions,review_required,Candidate only. It does not create a cross-workflow link until an explicit mapping entry is reviewed and added.
Electrocatalyst structure,material,material,2,2,image-tem-data-parameter-extraction-3d; sem-and-fib-powder,review_required,Candidate only. It does not create a cross-workflow link until an explicit mapping entry is reviewed and added.
Electrolyte flow rate,device,device,2,2,in-situ-fourier-transformed-ir-in-atr-configuration; manual-icpees-cnrs-unistra-psi-exp-in-situ-ftir-atr-configuration-nanostructured,review_required,Candidate only. It does not create a cross-workflow link until an explicit mapping entry is reviewed and added.
EXAFS spectra,component,component,2,2,development-of-a-zero-gap-cell-for-gde-based-spectrocopy-measurement; three-electrode-cell-assesement-of-cl-by-xas-xanes-exafs-xrd,review_required,Candidate only. It does not create a cross-workflow link until an explicit mapping entry is reviewed and added.
External contact angle of a GDL,,method,2,2,external-contact-angle-of-a-gdl; impregnation-by-immersion-and-blade-coating,review_required,Candidate only. It does not create a cross-workflow link until an explicit mapping entry is reviewed and added.
GDL cross section,component,component,2,2,microscopy-sem-and-optical-in-mea-cross-section; sem-and-edx,review_required,Candidate only. It does not create a cross-workflow link until an explicit mapping entry is reviewed and added.
GDL cross section 2D pixel data containing surface information of element distributions,meso,data,2,2,image-parameter-extraction-2d; sem-and-edx,review_required,Candidate only. It does not create a cross-workflow link until an explicit mapping entry is reviewed and added.
GDL effective vapor diffusivity,component,component,2,2,diffusivities-from-tortuosities; iet-1d-mea-with-water-transport-eis-model,review_required,Candidate only. It does not create a cross-workflow link until an explicit mapping entry is reviewed and added.
GDL in-plane permeability,component,component,2,2,gas-permeability-of-a-gdl-with-defined-compression; mpl-parameter-estimation-from-gdl-and-substrate-data,review_required,Candidate only. It does not create a cross-workflow link until an explicit mapping entry is reviewed and added.
GDL pore size distribution,component,component,2,2,hg-porosimetry-gdl; mpl-parameter-estimation-from-gdl-and-substrate-data,review_required,Candidate only. It does not create a cross-workflow link until an explicit mapping entry is reviewed and added.
GDL substrate cross section 2D pixel data containing surface information of element distributions,meso,data,2,2,image-parameter-extraction-2d; sem-and-edx,review_required,Candidate only. It does not create a cross-workflow link until an explicit mapping entry is reviewed and added.
GDL substrate structural parameters,component,component,2,2,image-x-ray-tomography-data-parameter-extraction-3d; neutron-imaging,review_required,Candidate only. It does not create a cross-workflow link until an explicit mapping entry is reviewed and added.
GDL through-plane permeability,component,component,2,2,gas-permeability-of-a-gdl-with-defined-compression; mpl-parameter-estimation-from-gdl-and-substrate-data,review_required,Candidate only. It does not create a cross-workflow link until an explicit mapping entry is reviewed and added.
IET 1D Performance model for MEA (prediction),model,model,2,2,manual-ciemat-exp-effective-proton-conductivity; manual-ciemat-exp-single-cell-polarization-eis,review_required,Candidate only. It does not create a cross-workflow link until an explicit mapping entry is reviewed and added.
Instruments for mixing and deposition,process,process,2,2,cl-for-rde; gde-catalytic-layer-preparation,review_required,Candidate only. It does not create a cross-workflow link until an explicit mapping entry is reviewed and added.
Interaction coefficients between adsorbates,LRE,device,2,2,dft-onto-idealized-surfaces; hierarchical-model-for-electrocatalytic-reactions,review_required,Candidate only. It does not create a cross-workflow link until an explicit mapping entry is reviewed and added.
Ionomer gas diffusivities,component,component,2,2,cea-mea-model-europium-2d; fitting-of-the-europium-model,review_required,Candidate only. It does not create a cross-workflow link until an explicit mapping entry is reviewed and added.
Ionomer gas sorption properties,component,component,2,2,cea-mea-model-europium-2d; fitting-of-the-europium-model,review_required,Candidate only. It does not create a cross-workflow link until an explicit mapping entry is reviewed and added.
Ionomer water diffusivity,component,component,2,2,cea-mea-model-europium-2d; fitting-of-the-europium-model,review_required,Candidate only. It does not create a cross-workflow link until an explicit mapping entry is reviewed and added.
Local electronic structure,LRE,device,2,2,development-of-a-zero-gap-cell-for-gde-based-spectrocopy-measurement; three-electrode-cell-assesement-of-cl-by-xas-xanes-exafs-xrd,review_required,Candidate only. It does not create a cross-workflow link until an explicit mapping entry is reviewed and added.
LRE pH distribution,LRE,device,2,2,0d-particle-population-degradation-model-coupled-with-performance-model-prediction; 0d-particle-population-degradation-model-coupled-with-performance-model-prediction-without-fitting-methods,review_required,Candidate only. It does not create a cross-workflow link until an explicit mapping entry is reviewed and added.
LRE potential distribution (idealized),LRE,device,2,2,fitting-version-of-the-hierachical-model; hierarchical-model-for-electrocatalytic-reactions,review_required,Candidate only. It does not create a cross-workflow link until an explicit mapping entry is reviewed and added.
LRE species mobility (idealized),LRE,device,2,2,hierarchical-model-for-electrocatalytic-reactions; molecular-dynamics-for-the-electrode-electrolyte-interface-metalwalls,review_required,Candidate only. It does not create a cross-workflow link until an explicit mapping entry is reviewed and added.
MEA assembly for PEFC ref MEA,process,process,2,2,manual-ciemat-exp-single-cell-polarization-eis; manual-hte-exp-cell-testing,review_required,Candidate only. It does not create a cross-workflow link until an explicit mapping entry is reviewed and added.
Membrane thermal conductivity,component,component,2,2,cea-mea-model-europium-2d; fitting-of-the-europium-model,review_required,Candidate only. It does not create a cross-workflow link until an explicit mapping entry is reviewed and added.
Mixing duration,process,process,2,2,ink-preparation-for-deposition-of-catalytic-layers; roller-mixer-and-zirconia-beads-for-ref-pefc-inks,review_required,Candidate only. It does not create a cross-workflow link until an explicit mapping entry is reviewed and added.
Mixing speed,process,process,2,2,ink-preparation-for-deposition-of-catalytic-layers; roller-mixer-and-zirconia-beads-for-ref-pefc-inks,review_required,Candidate only. It does not create a cross-workflow link until an explicit mapping entry is reviewed and added.
MPL cross section 2D pixel data containing surface information of element distributions,meso,data,2,2,image-parameter-extraction-2d; sem-and-edx,review_required,Candidate only. It does not create a cross-workflow link until an explicit mapping entry is reviewed and added.
MPL density,component,component,2,2,image-fib-tomography-dataparameter-extraction-3d; image-parameter-extraction-2d,review_required,Candidate only. It does not create a cross-workflow link until an explicit mapping entry is reviewed and added.
MPL saturation maps,meso,data,2,2,image-x-ray-tomography-data-parameter-extraction-3d; mpl-saturation-determination-from-x-ray-ct-data,review_required,Candidate only. It does not create a cross-workflow link until an explicit mapping entry is reviewed and added.
MPL saturation profiles,macrohomogeneous local,other,2,2,cea-mea-model-europium-2d; determination-of-cl-saturation-by-saxs-or-sans,review_required,Candidate only. It does not create a cross-workflow link until an explicit mapping entry is reviewed and added.
Operating PEWE cell,device,device,2,2,additional-measurements-on-pewe-during-operation; eis-on-pewe-cells,review_required,Candidate only. It does not create a cross-workflow link until an explicit mapping entry is reviewed and added.
Optimal catalyst loading for XAS signal,component,component,2,2,development-of-a-zero-gap-cell-for-gde-based-spectrocopy-measurement; three-electrode-cell-assesement-of-cl-by-xas-xanes-exafs-xrd,review_required,Candidate only. It does not create a cross-workflow link until an explicit mapping entry is reviewed and added.
Oxidation state changes,LRE,device,2,2,development-of-a-zero-gap-cell-for-gde-based-spectrocopy-measurement; three-electrode-cell-assesement-of-cl-by-xas-xanes-exafs-xrd,review_required,Candidate only. It does not create a cross-workflow link until an explicit mapping entry is reviewed and added.
PEMFC 4-fold Cell Benchtop Test,method,method,2,2,manual-ciemat-exp-effective-proton-conductivity; manual-hte-mod-pemfc-4-fold-cell-benchtop-test,review_required,Candidate only. It does not create a cross-workflow link until an explicit mapping entry is reviewed and added.
PEWE Large-Scale Durability Test,method,method,2,2,manual-ciemat-exp-effective-proton-conductivity; manual-nel-exp-large-scale-durability-test,review_required,Candidate only. It does not create a cross-workflow link until an explicit mapping entry is reviewed and added.
PEWE Single Cell Benchtop Test,method,method,2,2,manual-ciemat-exp-effective-proton-conductivity; manual-nel-exp-pewe-single-cell-benchtop-test,review_required,Candidate only. It does not create a cross-workflow link until an explicit mapping entry is reviewed and added.
Prism for ATR-FTIR,material,material,2,2,irras-operando-or-in-situ-ftir; prism-preparation-for-atr-ftir,review_required,Candidate only. It does not create a cross-workflow link until an explicit mapping entry is reviewed and added.
PTL porosity,component,component,2,2,manual-nel-exp-ptl-porosity-contact-angle; voxel-based-3d-effective-diffusivity-simulation,review_required,Candidate only. It does not create a cross-workflow link until an explicit mapping entry is reviewed and added.
Ratio of proton conductivity and saturation,component,component,2,2,iet-1d-mea-with-water-transport-eis-model; iet-1d-mea-with-water-transport-in-ccl-eis-model,review_required,Candidate only. It does not create a cross-workflow link until an explicit mapping entry is reviewed and added.
RDE electrode kinetic parameters,material,material,2,2,rde-simulation-in-comsol; rrde-simulation-in-comsol,review_required,Candidate only. It does not create a cross-workflow link until an explicit mapping entry is reviewed and added.
RDE on nanostructured electrodes,,method,2,2,dropcasted-ink-on-gc-tips; rde-on-nanostructured-electrodes,review_required,Candidate only. It does not create a cross-workflow link until an explicit mapping entry is reviewed and added.
RDE species distribution (idealized),LRE,device,2,2,rde-simulation-in-comsol; rrde-simulation-in-comsol,review_required,Candidate only. It does not create a cross-workflow link until an explicit mapping entry is reviewed and added.
Reaction mechanisms (ORR),LRE,device,2,2,fitting-version-of-the-hierachical-model; hierarchical-model-for-electrocatalytic-reactions,review_required,Candidate only. It does not create a cross-workflow link until an explicit mapping entry is reviewed and added.
RRDE ring vs pH calibration curve,material,material,2,2,rrde-on-model-electrodes-in-acidic-solutions; rrde-on-model-electrodes-in-alkaline-solutions,review_required,Candidate only. It does not create a cross-workflow link until an explicit mapping entry is reviewed and added.
SEM and FIB (powder),,method,2,2,iet-ink-to-composition-model; sem-and-fib-powder,review_required,Candidate only. It does not create a cross-workflow link until an explicit mapping entry is reviewed and added.
"Single cell test bench: polarization, EIS",method,method,2,2,manual-ciemat-exp-effective-proton-conductivity; manual-ciemat-exp-single-cell-polarization-eis,review_required,Candidate only. It does not create a cross-workflow link until an explicit mapping entry is reviewed and added.
Teflon distribution,component,component,2,2,image-parameter-extraction-2d; modeling-of-hydrophobic-treatment-of-gdl,review_required,Candidate only. It does not create a cross-workflow link until an explicit mapping entry is reviewed and added.
Time series of current density,device,device,2,2,0d-particle-population-degradation-model-coupled-with-performance-model-fitting; data-extraction-from-existing-pewe-measurements-u-i-t,review_required,Candidate only. It does not create a cross-workflow link until an explicit mapping entry is reviewed and added.
Transfer coefficients of elementary steps,LRE,device,2,2,fitting-version-of-the-hierachical-model; hierarchical-model-for-electrocatalytic-reactions,review_required,Candidate only. It does not create a cross-workflow link until an explicit mapping entry is reviewed and added.
Ultrasonic spray deposition for catalytic layers,method,process,2,2,manual-cea-exp-tem-eds-analysis-cl; manual-nel-exp-large-scale-durability-test,review_required,Candidate only. It does not create a cross-workflow link until an explicit mapping entry is reviewed and added.
Wilhelmy wettability measurement,,method,3,2,impregnation-by-immersion-and-blade-coating; wilhelmy-wettability-measurement,review_required,Candidate only. It does not create a cross-workflow link until an explicit mapping entry is reviewed and added.
XANES spectra,component,component,2,2,development-of-a-zero-gap-cell-for-gde-based-spectrocopy-measurement; three-electrode-cell-assesement-of-cl-by-xas-xanes-exafs-xrd,review_required,Candidate only. It does not create a cross-workflow link until an explicit mapping entry is reviewed and added.
XAS spectra,component,component,2,2,development-of-a-zero-gap-cell-for-gde-based-spectrocopy-measurement; three-electrode-cell-assesement-of-cl-by-xas-xanes-exafs-xrd,review_required,Candidate only. It does not create a cross-workflow link until an explicit mapping entry is reviewed and added.
