source_label,native_category,visual_category,occurrence_count,workflow_ids,semantic_role,canonical_role_iri,role_assignment,decision,mapping_state,anchor_iri,confidence,rationale
0D Particle population degradation model (fitting),,model,3,0d-particle-population-degradation-model-coupled-with-performance-model-prediction; 0d-particle-population-degradation-model-fitting; 0d-particle-population-degradation-model-prediction,Process,https://w3id.org/h2kg/hydrogen-ontology#Process,workflow_or_analysis,reviewed_decode_anchor,reviewed_decode,https://w3id.org/h2kg/decode/workflow/anchor/0d-particle-population-degradation-model-fitting-model,reviewed_structural,DECODE-specific concept retained as a stable reviewed anchor. Its source topology is preserved; no H2KG synonym or new public term was asserted.
0D Particle population degradation model (prediction),,model,5,0d-particle-population-degradation-model-coupled-with-performance-model-fitting; 0d-particle-population-degradation-model-fitting; 0d-particle-population-degradation-model-prediction; image-tem-data-parameter-extraction-3d; tem-and-eds-analysis-of-mea,Process,https://w3id.org/h2kg/hydrogen-ontology#Process,workflow_or_analysis,reviewed_decode_anchor,reviewed_decode,https://w3id.org/h2kg/decode/workflow/anchor/0d-particle-population-degradation-model-prediction-model,reviewed_structural,DECODE-specific concept retained as a stable reviewed anchor. Its source topology is preserved; no H2KG synonym or new public term was asserted.
0D Particle population degradation model coupled with performance model (fitting),,model,11,0d-particle-population-degradation-model-coupled-with-performance-model-fitting; 0d-particle-population-degradation-model-coupled-with-performance-model-prediction; 0d-particle-population-degradation-model-prediction; differential-cell-testing; fib-measurements-on-gdl-or-mpl-and-catalyst-materials; iet-ink-to-composition-model; image-fib-tomography-dataparameter-extraction-3d; image-parameter-extraction-2d; microscopy-sem-and-optical-in-mea-cross-section; sem-and-edx; sem-and-fib-layer,Process,https://w3id.org/h2kg/hydrogen-ontology#Process,workflow_or_analysis,reviewed_decode_anchor,reviewed_decode,https://w3id.org/h2kg/decode/workflow/anchor/0d-particle-population-degradation-model-coupled-with-performance-model-fitting-model,reviewed_structural,DECODE-specific concept retained as a stable reviewed anchor. Its source topology is preserved; no H2KG synonym or new public term was asserted.
0D Particle population degradation model coupled with performance model (prediction),,model,44,0d-particle-population-degradation-model-coupled-with-performance-model-fitting; 0d-particle-population-degradation-model-coupled-with-performance-model-prediction; 0d-particle-population-degradation-model-coupled-with-performance-model-prediction-without-fitting-methods; 0d-particle-population-degradation-model-fitting; cea-mea-model-europium-2d; differential-cell-testing; diffusivities-from-tortuosities; fib-measurements-on-gdl-or-mpl-and-catalyst-materials; fitting-of-the-europium-model; gdl-compressability; iet-1d-mea-with-water-transport-eis-model; iet-1d-mea-with-water-transport-in-ccl-eis-model; iet-1d-performance-model-for-mea-fitting; iet-1d-performance-model-for-mea-prediction; iet-composition-to-property-model; iet-ink-to-composition-model; image-based-ccl-effective-transport-property-computation-from-numerical-simulations; image-fib-tomography-dataparameter-extraction-3d; image-parameter-extraction-2d; image-tem-data-parameter-extraction-3d; microscopy-sem-and-optical-in-mea-cross-section; sem-and-edx; sem-and-fib-layer; tem-and-eds-analysis-of-mea; voxel-based-3d-effective-diffusivity-simulation,Process,https://w3id.org/h2kg/hydrogen-ontology#Process,workflow_or_analysis,reviewed_decode_anchor,reviewed_decode,https://w3id.org/h2kg/decode/workflow/anchor/0d-particle-population-degradation-model-coupled-with-performance-model-prediction-model,reviewed_structural,DECODE-specific concept retained as a stable reviewed anchor. Its source topology is preserved; no H2KG synonym or new public term was asserted.
Ab-initio molecular dynamics (AIMD) of the solid-liquid interface at a Pt electrode,,method,6,ab-initio-molecular-dynamics-aimd-of-the-solid-liquid-interface-at-a-pt-electrode; dip-and-pull-operando-or-in-situ-xps; irras-operando-or-in-situ-ftir; operando-or-in-situ-xas-photon-out; operando-saxs-or-waxs-small-or-wide-angle-x-ray-spectroscopy; thin-windows-operando-or-in-situ-xps,Process,https://w3id.org/h2kg/hydrogen-ontology#Process,aimd_is_process,reviewed_decode_anchor,reviewed_decode,https://w3id.org/h2kg/decode/workflow/anchor/ab-initio-molecular-dynamics-aimd-of-the-solid-liquid-interface-at-a-pt-electrode-method,reviewed_structural,DECODE-specific concept retained as a stable reviewed anchor. Its source topology is preserved; no H2KG synonym or new public term was asserted.
Accelerated Stress Test (AST) on Nanostructured Electrodes,,method,8,accelerated-stress-test-ast-on-nanostructured-electrodes; dropcasted-ink-on-gc-tips; image-fib-tomography-dataparameter-extraction-3d; image-parameter-extraction-2d,Property,https://w3id.org/h2kg/hydrogen-ontology#Property,physical_or_derived_property,reviewed_decode_anchor,reviewed_decode,https://w3id.org/h2kg/decode/workflow/anchor/accelerated-stress-test-ast-on-nanostructured-electrodes-method,reviewed_structural,DECODE-specific concept retained as a stable reviewed anchor. Its source topology is preserved; no H2KG synonym or new public term was asserted.
Activation barriers of elementary steps,LRE,device,3,dft-onto-idealized-surfaces; fitting-version-of-the-hierachical-model; hierarchical-model-for-electrocatalytic-reactions,Property,https://w3id.org/h2kg/hydrogen-ontology#Property,lre_category_default,reviewed_decode_anchor,reviewed_decode,https://w3id.org/h2kg/decode/workflow/anchor/activation-barriers-of-elementary-steps-lre,reviewed_structural,DECODE-specific concept retained as a stable reviewed anchor. Its source topology is preserved; no H2KG synonym or new public term was asserted.
Active material density in the electrode,material,material,1,adsorbate-surface-diffusion-on-electrocatalyst-support,Property,https://w3id.org/h2kg/hydrogen-ontology#Property,physical_or_derived_property,reviewed_decode_anchor,reviewed_decode,https://w3id.org/h2kg/decode/workflow/anchor/active-material-density-in-the-electrode-material,reviewed_structural,DECODE-specific concept retained as a stable reviewed anchor. Its source topology is preserved; no H2KG synonym or new public term was asserted.
Active material macroscopic distribution,material,material,1,adsorbate-surface-diffusion-on-electrocatalyst-support,Matter,https://w3id.org/h2kg/hydrogen-ontology#Matter,material_category_default,reviewed_decode_anchor,reviewed_decode,https://w3id.org/h2kg/decode/workflow/anchor/active-material-macroscopic-distribution-material,reviewed_structural,DECODE-specific concept retained as a stable reviewed anchor. Its source topology is preserved; no H2KG synonym or new public term was asserted.
Active phase,LRE,device,2,development-of-a-zero-gap-cell-for-gde-based-spectrocopy-measurement; three-electrode-cell-assesement-of-cl-by-xas-xanes-exafs-xrd,Matter,https://w3id.org/h2kg/hydrogen-ontology#Matter,lre_active_phase_is_matter,reviewed_decode_anchor,reviewed_decode,https://w3id.org/h2kg/decode/workflow/anchor/active-phase-lre,reviewed_structural,DECODE-specific concept retained as a stable reviewed anchor. Its source topology is preserved; no H2KG synonym or new public term was asserted.
Additional measurements on PEWE during operation,,method,1,additional-measurements-on-pewe-during-operation,Parameter,https://w3id.org/h2kg/hydrogen-ontology#Parameter,operating_or_geometric_parameter,reviewed_decode_anchor,reviewed_decode,https://w3id.org/h2kg/decode/workflow/anchor/additional-measurements-on-pewe-during-operation-method,reviewed_structural,DECODE-specific concept retained as a stable reviewed anchor. Its source topology is preserved; no H2KG synonym or new public term was asserted.
Adsorbate adsorption energies (idealized),LRE,device,2,adsorbate-surface-diffusion-on-electrocatalyst-support; dft-onto-idealized-surfaces,Property,https://w3id.org/h2kg/hydrogen-ontology#Property,physical_or_derived_property,reviewed_decode_anchor,reviewed_decode,https://w3id.org/h2kg/decode/workflow/anchor/adsorbate-adsorption-energies-idealized-lre,reviewed_structural,DECODE-specific concept retained as a stable reviewed anchor. Its source topology is preserved; no H2KG synonym or new public term was asserted.
Adsorbate conformation on electrode (idealized),LRE,device,4,dft-onto-idealized-surfaces; hierarchical-model-for-electrocatalytic-reactions; in-situ-fourier-transformed-ir-in-atr-configuration; molecular-dynamics-for-the-electrode-electrolyte-interface-in-presence-of-ionomer,Data,https://w3id.org/h2kg/hydrogen-ontology#Data,lre_adsorbate_conformation_is_data,reviewed_decode_anchor,reviewed_decode,https://w3id.org/h2kg/decode/workflow/anchor/adsorbate-conformation-on-electrode-idealized-lre,reviewed_structural,DECODE-specific concept retained as a stable reviewed anchor. Its source topology is preserved; no H2KG synonym or new public term was asserted.
Adsorbate coverage on electrode (idealized),LRE,device,4,dip-and-pull-operando-or-in-situ-xps; hierarchical-model-for-electrocatalytic-reactions; in-situ-fourier-transformed-ir-in-atr-configuration; molecular-dynamics-for-the-electrode-electrolyte-interface-in-presence-of-ionomer,Property,https://w3id.org/h2kg/hydrogen-ontology#Property,physical_or_derived_property,reviewed_decode_anchor,reviewed_decode,https://w3id.org/h2kg/decode/workflow/anchor/adsorbate-coverage-on-electrode-idealized-lre,reviewed_structural,DECODE-specific concept retained as a stable reviewed anchor. Its source topology is preserved; no H2KG synonym or new public term was asserted.
Adsorbate coverage on electrode (nanostructured),LRE,device,1,thin-windows-operando-or-in-situ-xps,Property,https://w3id.org/h2kg/hydrogen-ontology#Property,physical_or_derived_property,reviewed_decode_anchor,reviewed_decode,https://w3id.org/h2kg/decode/workflow/anchor/adsorbate-coverage-on-electrode-nanostructured-lre,reviewed_structural,DECODE-specific concept retained as a stable reviewed anchor. Its source topology is preserved; no H2KG synonym or new public term was asserted.
Adsorbate dipole moments,LRE,device,2,dft-onto-idealized-surfaces; hierarchical-model-for-electrocatalytic-reactions,Property,https://w3id.org/h2kg/hydrogen-ontology#Property,lre_category_default,reviewed_decode_anchor,reviewed_decode,https://w3id.org/h2kg/decode/workflow/anchor/adsorbate-dipole-moments-lre,reviewed_structural,DECODE-specific concept retained as a stable reviewed anchor. Its source topology is preserved; no H2KG synonym or new public term was asserted.
Adsorbate Surface Diffusion on Electrocatalyst Support,,method,7,adsorbate-surface-diffusion-on-electrocatalyst-support; dft-onto-idealized-surfaces; rde-on-mono-or-polycrystalline-electrodes; rde-simulation-in-comsol; rrde-on-model-electrodes-in-acidic-solutions; rrde-on-model-electrodes-in-alkaline-solutions; rrde-simulation-in-comsol,Property,https://w3id.org/h2kg/hydrogen-ontology#Property,physical_or_derived_property,reviewed_decode_anchor,reviewed_decode,https://w3id.org/h2kg/decode/workflow/anchor/adsorbate-surface-diffusion-on-electrocatalyst-support-method,reviewed_structural,DECODE-specific concept retained as a stable reviewed anchor. Its source topology is preserved; no H2KG synonym or new public term was asserted.
Adsorbate types on electrode (idealized),LRE,device,5,dft-onto-idealized-surfaces; dip-and-pull-operando-or-in-situ-xps; hierarchical-model-for-electrocatalytic-reactions; in-situ-fourier-transformed-ir-in-atr-configuration; molecular-dynamics-for-the-electrode-electrolyte-interface-in-presence-of-ionomer,Matter,https://w3id.org/h2kg/hydrogen-ontology#Matter,lre_adsorbate_types_are_matter,reviewed_decode_anchor,reviewed_decode,https://w3id.org/h2kg/decode/workflow/anchor/adsorbate-types-on-electrode-idealized-lre,reviewed_structural,DECODE-specific concept retained as a stable reviewed anchor. Its source topology is preserved; no H2KG synonym or new public term was asserted.
Adsorbate types on electrode (nanostructured),LRE,device,2,operando-or-in-situ-xas-photon-out; thin-windows-operando-or-in-situ-xps,Matter,https://w3id.org/h2kg/hydrogen-ontology#Matter,lre_adsorbate_types_nanostructured_are_matter,reviewed_decode_anchor,reviewed_decode,https://w3id.org/h2kg/decode/workflow/anchor/adsorbate-types-on-electrode-nanostructured-lre,reviewed_structural,DECODE-specific concept retained as a stable reviewed anchor. Its source topology is preserved; no H2KG synonym or new public term was asserted.
AI-based generation of structural digital twins of multi-scale tomographies,,model,55,ai-based-generation-of-structural-digital-twins-of-multi-scale-tomographies; fib-sem-on-cl-material; image-classification-of-fib-tomography-data; image-classification-of-x-ray-tomography-data; image-classification-on-nm-scale; image-fib-tomography-dataparameter-extraction-3d; image-x-ray-tomography-data-parameter-extraction-3d; inpt-cl-process-model; ionomer-reconstruction-in-ccl-3d-images; modeling-of-hydrophobic-treatment-of-gdl; modeling-of-mpl-coating-of-gdl; mpl-saturation-determination-from-x-ray-ct-data; simulation-of-single-phase-3d-apparent-properties; simulation-of-two-phase-3d-apparent-properties; voxel-based-3d-effective-diffusivity-simulation; voxel-based-3d-electric-conductiviy-simulation; voxel-based-3d-permability-simulation; voxel-based-3d-thermal-conductivity-simulation; water-retention-curve-simulation,Parameter,https://w3id.org/h2kg/hydrogen-ontology#Parameter,operating_or_geometric_parameter,reviewed_decode_anchor,reviewed_decode,https://w3id.org/h2kg/decode/workflow/anchor/ai-based-generation-of-structural-digital-twins-of-multi-scale-tomographies-model,reviewed_structural,DECODE-specific concept retained as a stable reviewed anchor. Its source topology is preserved; no H2KG synonym or new public term was asserted.
ATR-FTIR cell temperature,device,device,1,in-situ-fourier-transformed-ir-in-atr-configuration,Parameter,https://w3id.org/h2kg/hydrogen-ontology#Parameter,operating_or_geometric_parameter,reviewed_decode_anchor,reviewed_decode,https://w3id.org/h2kg/decode/workflow/anchor/atr-ftir-cell-temperature-device,reviewed_structural,DECODE-specific concept retained as a stable reviewed anchor. Its source topology is preserved; no H2KG synonym or new public term was asserted.
ATR-FTIR electrochemical protocol,component,component,1,in-situ-fourier-transformed-ir-in-atr-configuration,Process,https://w3id.org/h2kg/hydrogen-ontology#Process,workflow_or_analysis,reviewed_decode_anchor,reviewed_decode,https://w3id.org/h2kg/decode/workflow/anchor/atr-ftir-electrochemical-protocol-component,reviewed_structural,DECODE-specific concept retained as a stable reviewed anchor. Its source topology is preserved; no H2KG synonym or new public term was asserted.
ATR-FTIR electrochemical response,component,component,1,in-situ-fourier-transformed-ir-in-atr-configuration,Data,https://w3id.org/h2kg/hydrogen-ontology#Data,data_product,reviewed_decode_anchor,reviewed_decode,https://w3id.org/h2kg/decode/workflow/anchor/atr-ftir-electrochemical-response-component,reviewed_structural,DECODE-specific concept retained as a stable reviewed anchor. Its source topology is preserved; no H2KG synonym or new public term was asserted.
ATR-FTIR electrode,component,component,2,in-situ-fourier-transformed-ir-in-atr-configuration; prism-preparation-for-atr-ftir,Instrument,https://w3id.org/h2kg/hydrogen-ontology#Instrument,apparatus_or_electrode,reviewed_decode_anchor,reviewed_decode,https://w3id.org/h2kg/decode/workflow/anchor/atr-ftir-electrode-component,reviewed_structural,DECODE-specific concept retained as a stable reviewed anchor. Its source topology is preserved; no H2KG synonym or new public term was asserted.
Binder distribution,component,component,2,image-parameter-extraction-2d; modeling-of-hydrophobic-treatment-of-gdl,Data,https://w3id.org/h2kg/hydrogen-ontology#Data,data_product,reviewed_decode_anchor,reviewed_decode,https://w3id.org/h2kg/decode/workflow/anchor/binder-distribution-component,reviewed_structural,DECODE-specific concept retained as a stable reviewed anchor. Its source topology is preserved; no H2KG synonym or new public term was asserted.
Binding energies of intermediates,LRE,device,3,dft-onto-idealized-surfaces; fitting-version-of-the-hierachical-model; hierarchical-model-for-electrocatalytic-reactions,Property,https://w3id.org/h2kg/hydrogen-ontology#Property,lre_category_default,reviewed_decode_anchor,reviewed_decode,https://w3id.org/h2kg/decode/workflow/anchor/binding-energies-of-intermediates-lre,reviewed_structural,DECODE-specific concept retained as a stable reviewed anchor. Its source topology is preserved; no H2KG synonym or new public term was asserted.
Blade coating and Decal transfer for ref PEFC CCM,,process,19,blade-coating-and-decal-transfer-for-ref-pefc-ccm; determination-of-cl-saturation-by-saxs-or-sans; development-of-a-zero-gap-cell-for-gde-based-spectrocopy-measurement; electron-tomography-for-pt-c-and-ionomer-distribution-in-cl; fib-measurements-on-gdl-or-mpl-and-catalyst-materials; fib-sem-on-cl-material; high-resolution-electron-tomography-for-accessing-pt-and-ionomer-distribution-on-carbon-aggregate; ink-preparation-for-deposition-of-catalytic-layers; mea-assembly-for-pefc-ref-mea; mechanical-properties-of-catalyst-layers-gdls-and-meas-by-small-punch-and-nanoindentation; mpl-saturation-determination-from-x-ray-ct-data; neutron-imaging; pulsed-gas-analysis; roller-mixer-and-zirconia-beads-for-ref-pefc-inks; rotating-ring-disk-electrode-rrde; sem-and-fib-layer; sheet-resistance-measurement; tem-and-eds-analysis-of-mea; three-electrode-cell-assesement-of-cl-by-xas-xanes-exafs-xrd,Manufacturing,https://w3id.org/h2kg/hydrogen-ontology#Manufacturing,physical_manufacturing_workflow,reviewed_decode_anchor,reviewed_decode,https://w3id.org/h2kg/decode/workflow/anchor/blade-coating-and-decal-transfer-for-ref-pefc-ccm-process,reviewed_structural,DECODE-specific concept retained as a stable reviewed anchor. Its source topology is preserved; no H2KG synonym or new public term was asserted.
BPP material,material,material,1,electrical-contact-resistance,Matter,https://w3id.org/h2kg/hydrogen-ontology#Matter,material_category_default,reviewed_decode_anchor,reviewed_decode,https://w3id.org/h2kg/decode/workflow/anchor/bpp-material-material,reviewed_structural,DECODE-specific concept retained as a stable reviewed anchor. Its source topology is preserved; no H2KG synonym or new public term was asserted.
Catalyst active particle contact angle,material,material,1,iet-ink-to-composition-model,Property,https://w3id.org/h2kg/hydrogen-ontology#Property,physical_or_derived_property,reviewed_decode_anchor,reviewed_decode,https://w3id.org/h2kg/decode/workflow/anchor/catalyst-active-particle-contact-angle-material,reviewed_structural,DECODE-specific concept retained as a stable reviewed anchor. Its source topology is preserved; no H2KG synonym or new public term was asserted.
Catalyst active particle density,material,material,6,0d-particle-population-degradation-model-coupled-with-performance-model-prediction; 0d-particle-population-degradation-model-coupled-with-performance-model-prediction-without-fitting-methods; iet-ink-to-composition-model; image-fib-tomography-dataparameter-extraction-3d; image-parameter-extraction-2d; image-tem-data-parameter-extraction-3d,Property,https://w3id.org/h2kg/hydrogen-ontology#Property,physical_or_derived_property,reviewed_decode_anchor,reviewed_decode,https://w3id.org/h2kg/decode/workflow/anchor/catalyst-active-particle-density-material,reviewed_structural,DECODE-specific concept retained as a stable reviewed anchor. Its source topology is preserved; no H2KG synonym or new public term was asserted.
Catalyst active particle diameter,material,material,4,iet-ink-to-composition-model; image-tem-data-parameter-extraction-3d; sem-and-fib-powder; tem-and-eds-analysis-of-mea,Matter,https://w3id.org/h2kg/hydrogen-ontology#Matter,material_category_default,reviewed_decode_anchor,reviewed_decode,https://w3id.org/h2kg/decode/workflow/anchor/catalyst-active-particle-diameter-material,reviewed_structural,DECODE-specific concept retained as a stable reviewed anchor. Its source topology is preserved; no H2KG synonym or new public term was asserted.
Catalyst active particle radius distribution,material,material,5,0d-particle-population-degradation-model-coupled-with-performance-model-prediction; 0d-particle-population-degradation-model-coupled-with-performance-model-prediction-without-fitting-methods; 0d-particle-population-degradation-model-prediction; image-tem-data-parameter-extraction-3d; tem-and-eds-analysis-of-mea,Property,https://w3id.org/h2kg/hydrogen-ontology#Property,physical_or_derived_property,reviewed_decode_anchor,reviewed_decode,https://w3id.org/h2kg/decode/workflow/anchor/catalyst-active-particle-radius-distribution-material,reviewed_structural,DECODE-specific concept retained as a stable reviewed anchor. Its source topology is preserved; no H2KG synonym or new public term was asserted.
Catalyst active particle radius distribution (aged),component,component,5,0d-particle-population-degradation-model-coupled-with-performance-model-fitting; 0d-particle-population-degradation-model-coupled-with-performance-model-prediction; 0d-particle-population-degradation-model-coupled-with-performance-model-prediction-without-fitting-methods; 0d-particle-population-degradation-model-fitting; 0d-particle-population-degradation-model-prediction,Data,https://w3id.org/h2kg/hydrogen-ontology#Data,data_product,reviewed_decode_anchor,reviewed_decode,https://w3id.org/h2kg/decode/workflow/anchor/catalyst-active-particle-radius-distribution-aged-component,reviewed_structural,DECODE-specific concept retained as a stable reviewed anchor. Its source topology is preserved; no H2KG synonym or new public term was asserted.
Catalyst coagulation rate constant,component,component,5,0d-particle-population-degradation-model-coupled-with-performance-model-fitting; 0d-particle-population-degradation-model-coupled-with-performance-model-prediction; 0d-particle-population-degradation-model-coupled-with-performance-model-prediction-without-fitting-methods; 0d-particle-population-degradation-model-fitting; 0d-particle-population-degradation-model-prediction,Property,https://w3id.org/h2kg/hydrogen-ontology#Property,physical_or_derived_property,reviewed_decode_anchor,reviewed_decode,https://w3id.org/h2kg/decode/workflow/anchor/catalyst-coagulation-rate-constant-component,reviewed_structural,DECODE-specific concept retained as a stable reviewed anchor. Its source topology is preserved; no H2KG synonym or new public term was asserted.
Catalyst deactivation rate constant,component,component,5,0d-particle-population-degradation-model-coupled-with-performance-model-fitting; 0d-particle-population-degradation-model-coupled-with-performance-model-prediction; 0d-particle-population-degradation-model-coupled-with-performance-model-prediction-without-fitting-methods; 0d-particle-population-degradation-model-fitting; 0d-particle-population-degradation-model-prediction,Property,https://w3id.org/h2kg/hydrogen-ontology#Property,physical_or_derived_property,reviewed_decode_anchor,reviewed_decode,https://w3id.org/h2kg/decode/workflow/anchor/catalyst-deactivation-rate-constant-component,reviewed_structural,DECODE-specific concept retained as a stable reviewed anchor. Its source topology is preserved; no H2KG synonym or new public term was asserted.
Catalyst dissolution rate constant,component,component,5,0d-particle-population-degradation-model-coupled-with-performance-model-fitting; 0d-particle-population-degradation-model-coupled-with-performance-model-prediction; 0d-particle-population-degradation-model-coupled-with-performance-model-prediction-without-fitting-methods; 0d-particle-population-degradation-model-fitting; 0d-particle-population-degradation-model-prediction,Property,https://w3id.org/h2kg/hydrogen-ontology#Property,physical_or_derived_property,reviewed_decode_anchor,reviewed_decode,https://w3id.org/h2kg/decode/workflow/anchor/catalyst-dissolution-rate-constant-component,reviewed_structural,DECODE-specific concept retained as a stable reviewed anchor. Its source topology is preserved; no H2KG synonym or new public term was asserted.
Catalyst elemental composition,material,material,3,image-fib-tomography-dataparameter-extraction-3d; image-parameter-extraction-2d; sem-and-fib-powder,Matter,https://w3id.org/h2kg/hydrogen-ontology#Matter,material_category_default,reviewed_decode_anchor,reviewed_decode,https://w3id.org/h2kg/decode/workflow/anchor/catalyst-elemental-composition-material,reviewed_structural,DECODE-specific concept retained as a stable reviewed anchor. Its source topology is preserved; no H2KG synonym or new public term was asserted.
Catalyst ink,material,material,6,blade-coating-and-decal-transfer-for-ref-pefc-ccm; electrospray-deposition-of-catalyst-layers; ink-preparation-for-deposition-of-catalytic-layers; rheology; roller-mixer-and-zirconia-beads-for-ref-pefc-inks; turbiscan-transmission-and-backscattering-stability-testing,Matter,https://w3id.org/h2kg/hydrogen-ontology#Matter,material_category_default,existing_h2kg_mapping,approved_h2kg,https://w3id.org/h2kg/hydrogen-ontology#CatalystInk,unreviewed,Reviewed exact domain concept mapping to the public H2KG catalyst-ink anchor.
Catalyst ink composition,material,material,8,cl-for-rde; dropcasted-ink-on-gc-tips; gde-catalytic-layer-preparation; ink-preparation-for-deposition-of-catalytic-layers; inpt-cl-process-model; irras-operando-or-in-situ-ftir; prism-preparation-for-atr-ftir; roller-mixer-and-zirconia-beads-for-ref-pefc-inks,Matter,https://w3id.org/h2kg/hydrogen-ontology#Matter,material_category_default,reviewed_decode_anchor,reviewed_decode,https://w3id.org/h2kg/decode/workflow/anchor/catalyst-ink-composition-material,reviewed_structural,DECODE-specific concept retained as a stable reviewed anchor. Its source topology is preserved; no H2KG synonym or new public term was asserted.
Catalyst ink rheologic properties,material,material,1,rheology,Matter,https://w3id.org/h2kg/hydrogen-ontology#Matter,material_category_default,reviewed_decode_anchor,reviewed_decode,https://w3id.org/h2kg/decode/workflow/anchor/catalyst-ink-rheologic-properties-material,reviewed_structural,DECODE-specific concept retained as a stable reviewed anchor. Its source topology is preserved; no H2KG synonym or new public term was asserted.
Catalyst ink stability,material,material,1,rheology,Matter,https://w3id.org/h2kg/hydrogen-ontology#Matter,material_category_default,reviewed_decode_anchor,reviewed_decode,https://w3id.org/h2kg/decode/workflow/anchor/catalyst-ink-stability-material,reviewed_structural,DECODE-specific concept retained as a stable reviewed anchor. Its source topology is preserved; no H2KG synonym or new public term was asserted.
Catalyst ink stability (turbiscan factor),material,material,1,turbiscan-transmission-and-backscattering-stability-testing,Matter,https://w3id.org/h2kg/hydrogen-ontology#Matter,material_category_default,reviewed_decode_anchor,reviewed_decode,https://w3id.org/h2kg/decode/workflow/anchor/catalyst-ink-stability-turbiscan-factor-material,reviewed_structural,DECODE-specific concept retained as a stable reviewed anchor. Its source topology is preserved; no H2KG synonym or new public term was asserted.
Catalyst loading,component,component,15,0d-particle-population-degradation-model-coupled-with-performance-model-prediction; 0d-particle-population-degradation-model-coupled-with-performance-model-prediction-without-fitting-methods; accelerated-stress-test-ast-on-nanostructured-electrodes; cea-mea-model-europium-2d; differential-cell-testing; eis-on-nanostructured-electrodes; fitting-of-the-europium-model; iet-ink-to-composition-model; image-fib-tomography-dataparameter-extraction-3d; image-parameter-extraction-2d; ionomer-reconstruction-in-ccl-3d-images; irras-operando-or-in-situ-ftir; model-electrochemistry-in-a-rde-cell; prism-preparation-for-atr-ftir; rotating-ring-disk-electrode-rrde,Parameter,https://w3id.org/h2kg/hydrogen-ontology#Parameter,explicit_mapping,existing_h2kg_mapping,approved_h2kg,https://w3id.org/h2kg/hydrogen-ontology#CatalystLoading,high,Reviewed exact mapping to the established catalyst-loading term.
Catalyst loading (aged),component,component,3,0d-particle-population-degradation-model-coupled-with-performance-model-prediction; 0d-particle-population-degradation-model-coupled-with-performance-model-prediction-without-fitting-methods; 0d-particle-population-degradation-model-prediction,Parameter,https://w3id.org/h2kg/hydrogen-ontology#Parameter,operating_or_geometric_parameter,reviewed_decode_anchor,reviewed_decode,https://w3id.org/h2kg/decode/workflow/anchor/catalyst-loading-aged-component,reviewed_structural,DECODE-specific concept retained as a stable reviewed anchor. Its source topology is preserved; no H2KG synonym or new public term was asserted.
Catalyst morphology,material,material,2,image-tem-data-parameter-extraction-3d; sem-and-fib-powder,Property,https://w3id.org/h2kg/hydrogen-ontology#Property,physical_or_derived_property,reviewed_decode_anchor,reviewed_decode,https://w3id.org/h2kg/decode/workflow/anchor/catalyst-morphology-material,reviewed_structural,DECODE-specific concept retained as a stable reviewed anchor. Its source topology is preserved; no H2KG synonym or new public term was asserted.
Catalyst pore size distribution,material,material,1,iet-ink-to-composition-model,Property,https://w3id.org/h2kg/hydrogen-ontology#Property,physical_or_derived_property,reviewed_decode_anchor,reviewed_decode,https://w3id.org/h2kg/decode/workflow/anchor/catalyst-pore-size-distribution-material,reviewed_structural,DECODE-specific concept retained as a stable reviewed anchor. Its source topology is preserved; no H2KG synonym or new public term was asserted.
Catalyst powder,material,material,14,cl-for-rde; dip-and-pull-operando-or-in-situ-xps; dropcasted-ink-on-gc-tips; gde-catalytic-layer-preparation; ink-preparation-for-deposition-of-catalytic-layers; irras-operando-or-in-situ-ftir; operando-or-in-situ-xas-photon-out; operando-saxs-or-waxs-small-or-wide-angle-x-ray-spectroscopy; prism-preparation-for-atr-ftir; roller-mixer-and-zirconia-beads-for-ref-pefc-inks; rotating-ring-disk-electrode-rrde; sem-and-fib-powder; thin-windows-operando-or-in-situ-xps; ultrasonic-spray-deposition-for-catalytic-layers,Matter,https://w3id.org/h2kg/hydrogen-ontology#Matter,material_category_default,existing_h2kg_mapping,approved_h2kg,https://w3id.org/h2kg/hydrogen-ontology#CatalystPowder,unreviewed,Reviewed exact domain concept mapping to the public H2KG catalyst-powder anchor.
Catalyst re-deposition rate constant,component,component,5,0d-particle-population-degradation-model-coupled-with-performance-model-fitting; 0d-particle-population-degradation-model-coupled-with-performance-model-prediction; 0d-particle-population-degradation-model-coupled-with-performance-model-prediction-without-fitting-methods; 0d-particle-population-degradation-model-fitting; 0d-particle-population-degradation-model-prediction,Property,https://w3id.org/h2kg/hydrogen-ontology#Property,catalyst_redeposition_rate_is_property,reviewed_decode_anchor,reviewed_decode,https://w3id.org/h2kg/decode/workflow/anchor/catalyst-re-deposition-rate-constant-component,reviewed_structural,DECODE-specific concept retained as a stable reviewed anchor. Its source topology is preserved; no H2KG synonym or new public term was asserted.
Catalyst support contact angle,material,material,1,iet-ink-to-composition-model,Property,https://w3id.org/h2kg/hydrogen-ontology#Property,physical_or_derived_property,reviewed_decode_anchor,reviewed_decode,https://w3id.org/h2kg/decode/workflow/anchor/catalyst-support-contact-angle-material,reviewed_structural,DECODE-specific concept retained as a stable reviewed anchor. Its source topology is preserved; no H2KG synonym or new public term was asserted.
Catalyst support density,material,material,4,0d-particle-population-degradation-model-coupled-with-performance-model-prediction; 0d-particle-population-degradation-model-coupled-with-performance-model-prediction-without-fitting-methods; image-fib-tomography-dataparameter-extraction-3d; image-parameter-extraction-2d,Property,https://w3id.org/h2kg/hydrogen-ontology#Property,physical_or_derived_property,reviewed_decode_anchor,reviewed_decode,https://w3id.org/h2kg/decode/workflow/anchor/catalyst-support-density-material,reviewed_structural,DECODE-specific concept retained as a stable reviewed anchor. Its source topology is preserved; no H2KG synonym or new public term was asserted.
Catalyst support particle diameter,material,material,2,image-tem-data-parameter-extraction-3d; sem-and-fib-powder,Matter,https://w3id.org/h2kg/hydrogen-ontology#Matter,material_category_default,reviewed_decode_anchor,reviewed_decode,https://w3id.org/h2kg/decode/workflow/anchor/catalyst-support-particle-diameter-material,reviewed_structural,DECODE-specific concept retained as a stable reviewed anchor. Its source topology is preserved; no H2KG synonym or new public term was asserted.
Catalyst surface tension,component,component,5,0d-particle-population-degradation-model-coupled-with-performance-model-fitting; 0d-particle-population-degradation-model-coupled-with-performance-model-prediction; 0d-particle-population-degradation-model-coupled-with-performance-model-prediction-without-fitting-methods; 0d-particle-population-degradation-model-fitting; 0d-particle-population-degradation-model-prediction,Property,https://w3id.org/h2kg/hydrogen-ontology#Property,physical_or_derived_property,reviewed_decode_anchor,reviewed_decode,https://w3id.org/h2kg/decode/workflow/anchor/catalyst-surface-tension-component,reviewed_structural,DECODE-specific concept retained as a stable reviewed anchor. Its source topology is preserved; no H2KG synonym or new public term was asserted.
Catalyst-support ratio,component,component,7,0d-particle-population-degradation-model-coupled-with-performance-model-prediction; 0d-particle-population-degradation-model-coupled-with-performance-model-prediction-without-fitting-methods; iet-composition-to-property-model; iet-ink-to-composition-model; image-fib-tomography-dataparameter-extraction-3d; image-parameter-extraction-2d; image-tem-data-parameter-extraction-3d,Parameter,https://w3id.org/h2kg/hydrogen-ontology#Parameter,operating_or_geometric_parameter,reviewed_decode_anchor,reviewed_decode,https://w3id.org/h2kg/decode/workflow/anchor/catalyst-support-ratio-component,reviewed_structural,DECODE-specific concept retained as a stable reviewed anchor. Its source topology is preserved; no H2KG synonym or new public term was asserted.
Catalysts for molecular probe synthesis,material,material,1,development-of-ratiometric-fluorescent-probes-for-local-ph-assessement-in-alkaline-media,Matter,https://w3id.org/h2kg/hydrogen-ontology#Matter,material_category_default,reviewed_decode_anchor,reviewed_decode,https://w3id.org/h2kg/decode/workflow/anchor/catalysts-for-molecular-probe-synthesis-material,reviewed_structural,DECODE-specific concept retained as a stable reviewed anchor. Its source topology is preserved; no H2KG synonym or new public term was asserted.
Cathode EIS,device,device,2,iet-1d-mea-with-water-transport-eis-model; iet-1d-mea-with-water-transport-in-ccl-eis-model,Data,https://w3id.org/h2kg/hydrogen-ontology#Data,cathode_eis_is_data,reviewed_decode_anchor,reviewed_decode,https://w3id.org/h2kg/decode/workflow/anchor/cathode-eis-device,reviewed_structural,DECODE-specific concept retained as a stable reviewed anchor. Its source topology is preserved; no H2KG synonym or new public term was asserted.
CCL 3D TEM voxel data raw,meso,data,3,electron-tomography-for-pt-c-and-ionomer-distribution-in-cl; high-resolution-electron-tomography-for-accessing-pt-and-ionomer-distribution-on-carbon-aggregate; image-classification-on-tem-data,Data,https://w3id.org/h2kg/hydrogen-ontology#Data,data_product,reviewed_decode_anchor,reviewed_decode,https://w3id.org/h2kg/decode/workflow/anchor/ccl-3d-tem-voxel-data-raw-meso,reviewed_structural,DECODE-specific concept retained as a stable reviewed anchor. Its source topology is preserved; no H2KG synonym or new public term was asserted.
CCL 3D voxel data classified,meso,data,12,ai-based-generation-of-structural-digital-twins-of-multi-scale-tomographies; fib-sem-on-cl-material; image-classification-of-fib-tomography-data; image-classification-on-nm-scale; image-fib-tomography-dataparameter-extraction-3d; inpt-cl-process-model; ionomer-reconstruction-in-ccl-3d-images; voxel-based-3d-effective-diffusivity-simulation; voxel-based-3d-electric-conductiviy-simulation; voxel-based-3d-permability-simulation; voxel-based-3d-thermal-conductivity-simulation; water-retention-curve-simulation,Data,https://w3id.org/h2kg/hydrogen-ontology#Data,data_product,reviewed_decode_anchor,reviewed_decode,https://w3id.org/h2kg/decode/workflow/anchor/ccl-3d-voxel-data-classified,unreviewed,Reviewed recurring DECODE dataset anchor pending an H2KG vocabulary decision.
CCL 3D voxel data classified with ionomer and Pt,meso,data,9,determination-of-cl-saturation-by-saxs-or-sans; distribution-of-contact-angles-in-ccl-fib-sem-image-from-ionomer-reconstruction; electron-tomography-for-pt-c-and-ionomer-distribution-in-cl; high-resolution-electron-tomography-for-accessing-pt-and-ionomer-distribution-on-carbon-aggregate; image-based-ccl-effective-transport-property-computation-from-numerical-simulations; image-classification-on-tem-data; image-tem-data-parameter-extraction-3d; inpt-cl-process-model; ionomer-reconstruction-in-ccl-3d-images,Data,https://w3id.org/h2kg/hydrogen-ontology#Data,data_product,reviewed_decode_anchor,reviewed_decode,https://w3id.org/h2kg/decode/workflow/anchor/ccl-3d-voxel-data-classified-with-ionomer-and-pt-meso,reviewed_structural,DECODE-specific concept retained as a stable reviewed anchor. Its source topology is preserved; no H2KG synonym or new public term was asserted.
CCL 3D voxel data raw,meso,data,4,fib-measurements-on-gdl-or-mpl-and-catalyst-materials; fib-sem-on-cl-material; image-classification-of-fib-tomography-data; image-classification-on-nm-scale,Data,https://w3id.org/h2kg/hydrogen-ontology#Data,data_product,reviewed_decode_anchor,reviewed_decode,https://w3id.org/h2kg/decode/workflow/anchor/ccl-3d-voxel-data-raw-meso,reviewed_structural,DECODE-specific concept retained as a stable reviewed anchor. Its source topology is preserved; no H2KG synonym or new public term was asserted.
CCL 3D voxel data wet classified,meso,data,1,determination-of-cl-saturation-by-saxs-or-sans,Data,https://w3id.org/h2kg/hydrogen-ontology#Data,data_product,reviewed_decode_anchor,reviewed_decode,https://w3id.org/h2kg/decode/workflow/anchor/ccl-3d-voxel-data-wet-classified-meso,reviewed_structural,DECODE-specific concept retained as a stable reviewed anchor. Its source topology is preserved; no H2KG synonym or new public term was asserted.
CCL average pore radius,component,component,3,cea-mea-model-europium-2d; fitting-of-the-europium-model; microscopy-sem-and-optical-in-mea-cross-section,Property,https://w3id.org/h2kg/hydrogen-ontology#Property,physical_or_derived_property,reviewed_decode_anchor,reviewed_decode,https://w3id.org/h2kg/decode/workflow/anchor/ccl-average-pore-radius-component,reviewed_structural,DECODE-specific concept retained as a stable reviewed anchor. Its source topology is preserved; no H2KG synonym or new public term was asserted.
CCL breakthrough pressure,component,component,1,water-retention-curve-simulation,Parameter,https://w3id.org/h2kg/hydrogen-ontology#Parameter,operating_or_geometric_parameter,reviewed_decode_anchor,reviewed_decode,https://w3id.org/h2kg/decode/workflow/anchor/ccl-breakthrough-pressure-component,reviewed_structural,DECODE-specific concept retained as a stable reviewed anchor. Its source topology is preserved; no H2KG synonym or new public term was asserted.
CCL coating process parameters,process,process,1,inpt-cl-process-model,Parameter,https://w3id.org/h2kg/hydrogen-ontology#Parameter,ccl_coating_parameters_are_parameters,reviewed_decode_anchor,reviewed_decode,https://w3id.org/h2kg/decode/workflow/anchor/ccl-coating-process-parameters-process,reviewed_structural,DECODE-specific concept retained as a stable reviewed anchor. Its source topology is preserved; no H2KG synonym or new public term was asserted.
CCL conductivity,component,component,3,cea-mea-model-europium-2d; fitting-of-the-europium-model; voxel-based-3d-electric-conductiviy-simulation,Property,https://w3id.org/h2kg/hydrogen-ontology#Property,physical_or_derived_property,reviewed_decode_anchor,reviewed_decode,https://w3id.org/h2kg/decode/workflow/anchor/ccl-conductivity-component,reviewed_structural,DECODE-specific concept retained as a stable reviewed anchor. Its source topology is preserved; no H2KG synonym or new public term was asserted.
CCL contact angle distribution image,meso,data,1,distribution-of-contact-angles-in-ccl-fib-sem-image-from-ionomer-reconstruction,Data,https://w3id.org/h2kg/hydrogen-ontology#Data,data_product,reviewed_decode_anchor,reviewed_decode,https://w3id.org/h2kg/decode/workflow/anchor/ccl-contact-angle-distribution-image-meso,reviewed_structural,DECODE-specific concept retained as a stable reviewed anchor. Its source topology is preserved; no H2KG synonym or new public term was asserted.
CCL contact angle distribution statistics,component,component,1,distribution-of-contact-angles-in-ccl-fib-sem-image-from-ionomer-reconstruction,Data,https://w3id.org/h2kg/hydrogen-ontology#Data,data_product,reviewed_decode_anchor,reviewed_decode,https://w3id.org/h2kg/decode/workflow/anchor/ccl-contact-angle-distribution-statistics-component,reviewed_structural,DECODE-specific concept retained as a stable reviewed anchor. Its source topology is preserved; no H2KG synonym or new public term was asserted.
CCL cross section,component,component,2,microscopy-sem-and-optical-in-mea-cross-section; sem-and-edx,Matter,https://w3id.org/h2kg/hydrogen-ontology#Matter,component_category_default,reviewed_decode_anchor,reviewed_decode,https://w3id.org/h2kg/decode/workflow/anchor/ccl-cross-section-component,reviewed_structural,DECODE-specific concept retained as a stable reviewed anchor. Its source topology is preserved; no H2KG synonym or new public term was asserted.
CCL cross section 2D pixel data containing surface information of element distributions,meso,data,2,image-parameter-extraction-2d; sem-and-edx,Data,https://w3id.org/h2kg/hydrogen-ontology#Data,data_product,reviewed_decode_anchor,reviewed_decode,https://w3id.org/h2kg/decode/workflow/anchor/ccl-cross-section-2d-pixel-data-containing-surface-information-of-element-distributions-meso,reviewed_structural,DECODE-specific concept retained as a stable reviewed anchor. Its source topology is preserved; no H2KG synonym or new public term was asserted.
CCL current density distribution,macrohomogeneous local,other,1,cea-mea-model-europium-2d,Property,https://w3id.org/h2kg/hydrogen-ontology#Property,physical_or_derived_property,reviewed_decode_anchor,reviewed_decode,https://w3id.org/h2kg/decode/workflow/anchor/ccl-current-density-distribution-macrohomogeneous-local,reviewed_structural,DECODE-specific concept retained as a stable reviewed anchor. Its source topology is preserved; no H2KG synonym or new public term was asserted.
CCL effective catalyst utilization,component,component,1,iet-1d-performance-model-for-mea-prediction,Property,https://w3id.org/h2kg/hydrogen-ontology#Property,physical_or_derived_property,reviewed_decode_anchor,reviewed_decode,https://w3id.org/h2kg/decode/workflow/anchor/ccl-effective-catalyst-utilization-component,reviewed_structural,DECODE-specific concept retained as a stable reviewed anchor. Its source topology is preserved; no H2KG synonym or new public term was asserted.
CCL effective double-layer capacitance,component,component,5,cea-mea-model-europium-2d; differential-cell-testing; fitting-of-the-europium-model; iet-1d-mea-with-water-transport-eis-model; iet-1d-mea-with-water-transport-in-ccl-eis-model,Property,https://w3id.org/h2kg/hydrogen-ontology#Property,physical_or_derived_property,reviewed_decode_anchor,reviewed_decode,https://w3id.org/h2kg/decode/workflow/anchor/ccl-effective-double-layer-capacitance-component,reviewed_structural,DECODE-specific concept retained as a stable reviewed anchor. Its source topology is preserved; no H2KG synonym or new public term was asserted.
CCL effective gas transport equation and coefficients in presence of electrochemistry,component,component,1,cea-mea-model-europium-2d,Property,https://w3id.org/h2kg/hydrogen-ontology#Property,physical_or_derived_property,reviewed_decode_anchor,reviewed_decode,https://w3id.org/h2kg/decode/workflow/anchor/ccl-effective-gas-transport-equation-and-coefficients-in-presence-of-electrochemistry-component,reviewed_structural,DECODE-specific concept retained as a stable reviewed anchor. Its source topology is preserved; no H2KG synonym or new public term was asserted.
CCL effective ionomer coverage,component,component,1,iet-ink-to-composition-model,Property,https://w3id.org/h2kg/hydrogen-ontology#Property,physical_or_derived_property,reviewed_decode_anchor,reviewed_decode,https://w3id.org/h2kg/decode/workflow/anchor/ccl-effective-ionomer-coverage-component,reviewed_structural,DECODE-specific concept retained as a stable reviewed anchor. Its source topology is preserved; no H2KG synonym or new public term was asserted.
CCL effective mass activity,component,component,1,iet-1d-performance-model-for-mea-prediction,Parameter,https://w3id.org/h2kg/hydrogen-ontology#Parameter,operating_or_geometric_parameter,reviewed_decode_anchor,reviewed_decode,https://w3id.org/h2kg/decode/workflow/anchor/ccl-effective-mass-activity-component,reviewed_structural,DECODE-specific concept retained as a stable reviewed anchor. Its source topology is preserved; no H2KG synonym or new public term was asserted.
CCL effective O2 diffusivity,component,component,6,diffusivities-from-tortuosities; iet-1d-mea-with-water-transport-eis-model; iet-1d-mea-with-water-transport-in-ccl-eis-model; iet-1d-performance-model-for-mea-fitting; iet-1d-performance-model-for-mea-prediction; iet-composition-to-property-model,Property,https://w3id.org/h2kg/hydrogen-ontology#Property,physical_or_derived_property,reviewed_decode_anchor,reviewed_decode,https://w3id.org/h2kg/decode/workflow/anchor/ccl-effective-o2-diffusivity-component,reviewed_structural,DECODE-specific concept retained as a stable reviewed anchor. Its source topology is preserved; no H2KG synonym or new public term was asserted.
CCL effective O2 diffusivity (aged),component,component,2,0d-particle-population-degradation-model-coupled-with-performance-model-prediction; 0d-particle-population-degradation-model-coupled-with-performance-model-prediction-without-fitting-methods,Property,https://w3id.org/h2kg/hydrogen-ontology#Property,physical_or_derived_property,reviewed_decode_anchor,reviewed_decode,https://w3id.org/h2kg/decode/workflow/anchor/ccl-effective-o2-diffusivity-aged-component,reviewed_structural,DECODE-specific concept retained as a stable reviewed anchor. Its source topology is preserved; no H2KG synonym or new public term was asserted.
CCL effective proton conductivity,component,component,10,cea-mea-model-europium-2d; differential-cell-testing; fitting-of-the-europium-model; iet-1d-mea-with-water-transport-eis-model; iet-1d-mea-with-water-transport-in-ccl-eis-model; iet-1d-performance-model-for-mea-fitting; iet-1d-performance-model-for-mea-prediction; iet-composition-to-property-model; iet-ink-to-composition-model; image-based-ccl-effective-transport-property-computation-from-numerical-simulations,Property,https://w3id.org/h2kg/hydrogen-ontology#Property,physical_or_derived_property,reviewed_decode_anchor,reviewed_decode,https://w3id.org/h2kg/decode/workflow/anchor/ccl-effective-proton-conductivity-component,reviewed_structural,DECODE-specific concept retained as a stable reviewed anchor. Its source topology is preserved; no H2KG synonym or new public term was asserted.
CCL effective proton conductivity (aged),component,component,2,0d-particle-population-degradation-model-coupled-with-performance-model-prediction; 0d-particle-population-degradation-model-coupled-with-performance-model-prediction-without-fitting-methods,Property,https://w3id.org/h2kg/hydrogen-ontology#Property,physical_or_derived_property,reviewed_decode_anchor,reviewed_decode,https://w3id.org/h2kg/decode/workflow/anchor/ccl-effective-proton-conductivity-aged-component,reviewed_structural,DECODE-specific concept retained as a stable reviewed anchor. Its source topology is preserved; no H2KG synonym or new public term was asserted.
CCL effective vapor diffusivity,component,component,4,diffusivities-from-tortuosities; iet-1d-mea-with-water-transport-eis-model; iet-1d-mea-with-water-transport-in-ccl-eis-model; iet-composition-to-property-model,Property,https://w3id.org/h2kg/hydrogen-ontology#Property,physical_or_derived_property,reviewed_decode_anchor,reviewed_decode,https://w3id.org/h2kg/decode/workflow/anchor/ccl-effective-vapor-diffusivity-component,reviewed_structural,DECODE-specific concept retained as a stable reviewed anchor. Its source topology is preserved; no H2KG synonym or new public term was asserted.
CCL effective water permeability,component,component,5,cea-mea-model-europium-2d; fitting-of-the-europium-model; iet-1d-mea-with-water-transport-eis-model; iet-1d-mea-with-water-transport-in-ccl-eis-model; iet-composition-to-property-model,Property,https://w3id.org/h2kg/hydrogen-ontology#Property,physical_or_derived_property,reviewed_decode_anchor,reviewed_decode,https://w3id.org/h2kg/decode/workflow/anchor/ccl-effective-water-permeability-component,reviewed_structural,DECODE-specific concept retained as a stable reviewed anchor. Its source topology is preserved; no H2KG synonym or new public term was asserted.
CCL fraction of hydrophobic pores,component,component,1,iet-ink-to-composition-model,Parameter,https://w3id.org/h2kg/hydrogen-ontology#Parameter,operating_or_geometric_parameter,reviewed_decode_anchor,reviewed_decode,https://w3id.org/h2kg/decode/workflow/anchor/ccl-fraction-of-hydrophobic-pores-component,reviewed_structural,DECODE-specific concept retained as a stable reviewed anchor. Its source topology is preserved; no H2KG synonym or new public term was asserted.
CCL generalized Darcy law and gas transport coefficients,component,component,1,cea-mea-model-europium-2d,Property,https://w3id.org/h2kg/hydrogen-ontology#Property,physical_or_derived_property,reviewed_decode_anchor,reviewed_decode,https://w3id.org/h2kg/decode/workflow/anchor/ccl-generalized-darcy-law-and-gas-transport-coefficients-component,reviewed_structural,DECODE-specific concept retained as a stable reviewed anchor. Its source topology is preserved; no H2KG synonym or new public term was asserted.
CCL internal contact angle,component,component,1,water-retention-curve-simulation,Property,https://w3id.org/h2kg/hydrogen-ontology#Property,physical_or_derived_property,reviewed_decode_anchor,reviewed_decode,https://w3id.org/h2kg/decode/workflow/anchor/ccl-internal-contact-angle-component,reviewed_structural,DECODE-specific concept retained as a stable reviewed anchor. Its source topology is preserved; no H2KG synonym or new public term was asserted.
CCL ionomer distribution statistics,component,component,3,determination-of-cl-saturation-by-saxs-or-sans; image-tem-data-parameter-extraction-3d; ionomer-reconstruction-in-ccl-3d-images,Data,https://w3id.org/h2kg/hydrogen-ontology#Data,data_product,reviewed_decode_anchor,reviewed_decode,https://w3id.org/h2kg/decode/workflow/anchor/ccl-ionomer-distribution-statistics-component,reviewed_structural,DECODE-specific concept retained as a stable reviewed anchor. Its source topology is preserved; no H2KG synonym or new public term was asserted.
CCL ionomer effective film thickness,component,component,3,cea-mea-model-europium-2d; fitting-of-the-europium-model; iet-ink-to-composition-model,Property,https://w3id.org/h2kg/hydrogen-ontology#Property,physical_or_derived_property,reviewed_decode_anchor,reviewed_decode,https://w3id.org/h2kg/decode/workflow/anchor/ccl-ionomer-effective-film-thickness-component,reviewed_structural,DECODE-specific concept retained as a stable reviewed anchor. Its source topology is preserved; no H2KG synonym or new public term was asserted.
CCL ionomer saturation,component,component,2,cea-mea-model-europium-2d; determination-of-cl-saturation-by-saxs-or-sans,Parameter,https://w3id.org/h2kg/hydrogen-ontology#Parameter,operating_or_geometric_parameter,reviewed_decode_anchor,reviewed_decode,https://w3id.org/h2kg/decode/workflow/anchor/ccl-ionomer-saturation-component,reviewed_structural,DECODE-specific concept retained as a stable reviewed anchor. Its source topology is preserved; no H2KG synonym or new public term was asserted.
CCL ionomer volume fraction (dry),component,component,2,cea-mea-model-europium-2d; fitting-of-the-europium-model,Parameter,https://w3id.org/h2kg/hydrogen-ontology#Parameter,operating_or_geometric_parameter,reviewed_decode_anchor,reviewed_decode,https://w3id.org/h2kg/decode/workflow/anchor/ccl-ionomer-volume-fraction-dry-component,reviewed_structural,DECODE-specific concept retained as a stable reviewed anchor. Its source topology is preserved; no H2KG synonym or new public term was asserted.
CCL ORR apparent Tafel slope(s),component,component,7,0d-particle-population-degradation-model-coupled-with-performance-model-prediction; 0d-particle-population-degradation-model-coupled-with-performance-model-prediction-without-fitting-methods; cea-mea-model-europium-2d; fitting-of-the-europium-model; iet-1d-mea-with-water-transport-eis-model; iet-1d-mea-with-water-transport-in-ccl-eis-model; iet-1d-performance-model-for-mea-prediction,Property,https://w3id.org/h2kg/hydrogen-ontology#Property,physical_or_derived_property,reviewed_decode_anchor,reviewed_decode,https://w3id.org/h2kg/decode/workflow/anchor/ccl-orr-apparent-tafel-slope-s-component,reviewed_structural,DECODE-specific concept retained as a stable reviewed anchor. Its source topology is preserved; no H2KG synonym or new public term was asserted.
CCL ORR effective exchange current density,component,component,9,0d-particle-population-degradation-model-coupled-with-performance-model-prediction; 0d-particle-population-degradation-model-coupled-with-performance-model-prediction-without-fitting-methods; cea-mea-model-europium-2d; fitting-of-the-europium-model; iet-1d-mea-with-water-transport-eis-model; iet-1d-mea-with-water-transport-in-ccl-eis-model; iet-1d-performance-model-for-mea-fitting; iet-1d-performance-model-for-mea-prediction; iet-composition-to-property-model,Property,https://w3id.org/h2kg/hydrogen-ontology#Property,physical_or_derived_property,reviewed_decode_anchor,reviewed_decode,https://w3id.org/h2kg/decode/workflow/anchor/ccl-orr-effective-exchange-current-density-component,reviewed_structural,DECODE-specific concept retained as a stable reviewed anchor. Its source topology is preserved; no H2KG synonym or new public term was asserted.
CCL ORR effective exchange current density (aged),component,component,2,0d-particle-population-degradation-model-coupled-with-performance-model-prediction; 0d-particle-population-degradation-model-coupled-with-performance-model-prediction-without-fitting-methods,Property,https://w3id.org/h2kg/hydrogen-ontology#Property,physical_or_derived_property,reviewed_decode_anchor,reviewed_decode,https://w3id.org/h2kg/decode/workflow/anchor/ccl-orr-effective-exchange-current-density-aged-component,reviewed_structural,DECODE-specific concept retained as a stable reviewed anchor. Its source topology is preserved; no H2KG synonym or new public term was asserted.
CCL ORR effective reaction order(s),component,component,2,cea-mea-model-europium-2d; fitting-of-the-europium-model,Matter,https://w3id.org/h2kg/hydrogen-ontology#Matter,component_category_default,reviewed_decode_anchor,reviewed_decode,https://w3id.org/h2kg/decode/workflow/anchor/ccl-orr-effective-reaction-order-s-component,reviewed_structural,DECODE-specific concept retained as a stable reviewed anchor. Its source topology is preserved; no H2KG synonym or new public term was asserted.
CCL ORR rate prefactor,component,component,4,cea-mea-model-europium-2d; fitting-of-the-europium-model; iet-1d-performance-model-for-mea-fitting; iet-1d-performance-model-for-mea-prediction,Property,https://w3id.org/h2kg/hydrogen-ontology#Property,physical_or_derived_property,reviewed_decode_anchor,reviewed_decode,https://w3id.org/h2kg/decode/workflow/anchor/ccl-orr-rate-prefactor-component,reviewed_structural,DECODE-specific concept retained as a stable reviewed anchor. Its source topology is preserved; no H2KG synonym or new public term was asserted.
CCL permeability,component,component,3,cea-mea-model-europium-2d; fitting-of-the-europium-model; voxel-based-3d-permability-simulation,Property,https://w3id.org/h2kg/hydrogen-ontology#Property,physical_or_derived_property,reviewed_decode_anchor,reviewed_decode,https://w3id.org/h2kg/decode/workflow/anchor/ccl-permeability-component,reviewed_structural,DECODE-specific concept retained as a stable reviewed anchor. Its source topology is preserved; no H2KG synonym or new public term was asserted.
CCL porosity,component,component,8,0d-particle-population-degradation-model-coupled-with-performance-model-prediction; 0d-particle-population-degradation-model-coupled-with-performance-model-prediction-without-fitting-methods; cea-mea-model-europium-2d; diffusivities-from-tortuosities; fitting-of-the-europium-model; iet-1d-performance-model-for-mea-prediction; image-based-ccl-effective-transport-property-computation-from-numerical-simulations; voxel-based-3d-effective-diffusivity-simulation,Property,https://w3id.org/h2kg/hydrogen-ontology#Property,physical_or_derived_property,reviewed_decode_anchor,reviewed_decode,https://w3id.org/h2kg/decode/workflow/anchor/ccl-porosity-component,reviewed_structural,DECODE-specific concept retained as a stable reviewed anchor. Its source topology is preserved; no H2KG synonym or new public term was asserted.
CCL refined pore size distribution (with contact angle distribution),component,component,2,iet-composition-to-property-model; iet-ink-to-composition-model,Data,https://w3id.org/h2kg/hydrogen-ontology#Data,data_product,reviewed_decode_anchor,reviewed_decode,https://w3id.org/h2kg/decode/workflow/anchor/ccl-refined-pore-size-distribution-with-contact-angle-distribution-component,reviewed_structural,DECODE-specific concept retained as a stable reviewed anchor. Its source topology is preserved; no H2KG synonym or new public term was asserted.
CCL saturation,component,component,3,cea-mea-model-europium-2d; determination-of-cl-saturation-by-saxs-or-sans; iet-1d-performance-model-for-mea-prediction,Parameter,https://w3id.org/h2kg/hydrogen-ontology#Parameter,operating_or_geometric_parameter,reviewed_decode_anchor,reviewed_decode,https://w3id.org/h2kg/decode/workflow/anchor/ccl-saturation-component,reviewed_structural,DECODE-specific concept retained as a stable reviewed anchor. Its source topology is preserved; no H2KG synonym or new public term was asserted.
CCL saturation profiles,macrohomogeneous local,other,3,cea-mea-model-europium-2d; determination-of-cl-saturation-by-saxs-or-sans; iet-1d-performance-model-for-mea-prediction,Parameter,https://w3id.org/h2kg/hydrogen-ontology#Parameter,operating_or_geometric_parameter,reviewed_decode_anchor,reviewed_decode,https://w3id.org/h2kg/decode/workflow/anchor/ccl-saturation-profiles-macrohomogeneous-local,reviewed_structural,DECODE-specific concept retained as a stable reviewed anchor. Its source topology is preserved; no H2KG synonym or new public term was asserted.
CCL sheet resistance,component,component,1,sheet-resistance-measurement,Property,https://w3id.org/h2kg/hydrogen-ontology#Property,physical_or_derived_property,reviewed_decode_anchor,reviewed_decode,https://w3id.org/h2kg/decode/workflow/anchor/ccl-sheet-resistance-component,reviewed_structural,DECODE-specific concept retained as a stable reviewed anchor. Its source topology is preserved; no H2KG synonym or new public term was asserted.
CCL sheet resistance homogeneity,component,component,1,sheet-resistance-measurement,Property,https://w3id.org/h2kg/hydrogen-ontology#Property,physical_or_derived_property,reviewed_decode_anchor,reviewed_decode,https://w3id.org/h2kg/decode/workflow/anchor/ccl-sheet-resistance-homogeneity-component,reviewed_structural,DECODE-specific concept retained as a stable reviewed anchor. Its source topology is preserved; no H2KG synonym or new public term was asserted.
CCL structural parameters,component,component,5,iet-composition-to-property-model; iet-ink-to-composition-model; image-based-ccl-effective-transport-property-computation-from-numerical-simulations; image-tem-data-parameter-extraction-3d; microscopy-sem-and-optical-in-mea-cross-section,Matter,https://w3id.org/h2kg/hydrogen-ontology#Matter,component_category_default,reviewed_decode_anchor,reviewed_decode,https://w3id.org/h2kg/decode/workflow/anchor/ccl-structural-parameters-component,reviewed_structural,DECODE-specific concept retained as a stable reviewed anchor. Its source topology is preserved; no H2KG synonym or new public term was asserted.
CCL thermal conductivity,component,component,3,cea-mea-model-europium-2d; fitting-of-the-europium-model; voxel-based-3d-thermal-conductivity-simulation,Property,https://w3id.org/h2kg/hydrogen-ontology#Property,physical_or_derived_property,reviewed_decode_anchor,reviewed_decode,https://w3id.org/h2kg/decode/workflow/anchor/ccl-thermal-conductivity-component,reviewed_structural,DECODE-specific concept retained as a stable reviewed anchor. Its source topology is preserved; no H2KG synonym or new public term was asserted.
CCL thickness,component,component,17,0d-particle-population-degradation-model-coupled-with-performance-model-fitting; 0d-particle-population-degradation-model-coupled-with-performance-model-prediction; 0d-particle-population-degradation-model-coupled-with-performance-model-prediction-without-fitting-methods; cea-mea-model-europium-2d; differential-cell-testing; fib-measurements-on-gdl-or-mpl-and-catalyst-materials; fitting-of-the-europium-model; iet-1d-mea-with-water-transport-eis-model; iet-1d-mea-with-water-transport-in-ccl-eis-model; iet-1d-performance-model-for-mea-fitting; iet-1d-performance-model-for-mea-prediction; iet-ink-to-composition-model; image-fib-tomography-dataparameter-extraction-3d; image-parameter-extraction-2d; microscopy-sem-and-optical-in-mea-cross-section; sem-and-edx; sem-and-fib-layer,Property,https://w3id.org/h2kg/hydrogen-ontology#Property,explicit_mapping,strict_alt_label,approved_h2kg,https://w3id.org/h2kg/hydrogen-ontology#CathodeCatalystLayerThickness,high,Reviewed abbreviation for cathode catalyst-layer thickness.
CCL thickness (aged),component,component,1,0d-particle-population-degradation-model-coupled-with-performance-model-fitting,Property,https://w3id.org/h2kg/hydrogen-ontology#Property,physical_or_derived_property,reviewed_decode_anchor,reviewed_decode,https://w3id.org/h2kg/decode/workflow/anchor/ccl-thickness-aged-component,reviewed_structural,DECODE-specific concept retained as a stable reviewed anchor. Its source topology is preserved; no H2KG synonym or new public term was asserted.
CCL tortuosity,component,component,5,cea-mea-model-europium-2d; diffusivities-from-tortuosities; fitting-of-the-europium-model; image-based-ccl-effective-transport-property-computation-from-numerical-simulations; voxel-based-3d-effective-diffusivity-simulation,Property,https://w3id.org/h2kg/hydrogen-ontology#Property,physical_or_derived_property,reviewed_decode_anchor,reviewed_decode,https://w3id.org/h2kg/decode/workflow/anchor/ccl-tortuosity-component,reviewed_structural,DECODE-specific concept retained as a stable reviewed anchor. Its source topology is preserved; no H2KG synonym or new public term was asserted.
CCL vaporization interfacial area factor,component,component,3,iet-1d-mea-with-water-transport-eis-model; iet-1d-mea-with-water-transport-in-ccl-eis-model; iet-composition-to-property-model,Parameter,https://w3id.org/h2kg/hydrogen-ontology#Parameter,operating_or_geometric_parameter,reviewed_decode_anchor,reviewed_decode,https://w3id.org/h2kg/decode/workflow/anchor/ccl-vaporization-interfacial-area-factor-component,reviewed_structural,DECODE-specific concept retained as a stable reviewed anchor. Its source topology is preserved; no H2KG synonym or new public term was asserted.
CCL vaporization rate constant,component,component,2,iet-1d-mea-with-water-transport-eis-model; iet-1d-mea-with-water-transport-in-ccl-eis-model,Property,https://w3id.org/h2kg/hydrogen-ontology#Property,physical_or_derived_property,reviewed_decode_anchor,reviewed_decode,https://w3id.org/h2kg/decode/workflow/anchor/ccl-vaporization-rate-constant-component,reviewed_structural,DECODE-specific concept retained as a stable reviewed anchor. Its source topology is preserved; no H2KG synonym or new public term was asserted.
CCL water retention curve,component,component,8,cea-mea-model-europium-2d; distribution-of-contact-angles-in-ccl-fib-sem-image-from-ionomer-reconstruction; fitting-of-the-europium-model; iet-1d-mea-with-water-transport-eis-model; iet-1d-mea-with-water-transport-in-ccl-eis-model; iet-1d-performance-model-for-mea-prediction; iet-ink-to-composition-model; water-retention-curve-simulation,Data,https://w3id.org/h2kg/hydrogen-ontology#Data,data_product,reviewed_decode_anchor,reviewed_decode,https://w3id.org/h2kg/decode/workflow/anchor/ccl-water-retention-curve-component,reviewed_structural,DECODE-specific concept retained as a stable reviewed anchor. Its source topology is preserved; no H2KG synonym or new public term was asserted.
CCM,component,component,19,blade-coating-and-decal-transfer-for-ref-pefc-ccm; determination-of-cl-saturation-by-saxs-or-sans; development-of-a-zero-gap-cell-for-gde-based-spectrocopy-measurement; electron-tomography-for-pt-c-and-ionomer-distribution-in-cl; electrospray-deposition-of-catalyst-layers; fib-measurements-on-gdl-or-mpl-and-catalyst-materials; fib-sem-on-cl-material; high-resolution-electron-tomography-for-accessing-pt-and-ionomer-distribution-on-carbon-aggregate; mea-assembly-for-pefc-ref-mea; mechanical-properties-of-catalyst-layers-gdls-and-meas-by-small-punch-and-nanoindentation; mpl-saturation-determination-from-x-ray-ct-data; neutron-imaging; pulsed-gas-analysis; rotating-ring-disk-electrode-rrde; sem-and-fib-layer; sheet-resistance-measurement; tem-and-eds-analysis-of-mea; three-electrode-cell-assesement-of-cl-by-xas-xanes-exafs-xrd; ultrasonic-spray-deposition-for-catalytic-layers,Matter,https://w3id.org/h2kg/hydrogen-ontology#Matter,component_category_default,existing_h2kg_mapping,approved_h2kg,https://w3id.org/h2kg/hydrogen-ontology#CatalystCoatedMembrane,unreviewed,Reviewed abbreviation mapping to the established H2KG CCM anchor.
CCM area,component,component,2,development-of-a-zero-gap-cell-for-gde-based-spectrocopy-measurement; three-electrode-cell-assesement-of-cl-by-xas-xanes-exafs-xrd,Parameter,https://w3id.org/h2kg/hydrogen-ontology#Parameter,operating_or_geometric_parameter,reviewed_decode_anchor,reviewed_decode,https://w3id.org/h2kg/decode/workflow/anchor/ccm-area-component,reviewed_structural,DECODE-specific concept retained as a stable reviewed anchor. Its source topology is preserved; no H2KG synonym or new public term was asserted.
CCM composition,component,component,2,development-of-a-zero-gap-cell-for-gde-based-spectrocopy-measurement; three-electrode-cell-assesement-of-cl-by-xas-xanes-exafs-xrd,Matter,https://w3id.org/h2kg/hydrogen-ontology#Matter,component_category_default,reviewed_decode_anchor,reviewed_decode,https://w3id.org/h2kg/decode/workflow/anchor/ccm-composition-component,reviewed_structural,DECODE-specific concept retained as a stable reviewed anchor. Its source topology is preserved; no H2KG synonym or new public term was asserted.
CCM local mechanical strength,macrohomogeneous local,other,1,mechanical-properties-of-catalyst-layers-gdls-and-meas-by-small-punch-and-nanoindentation,Property,https://w3id.org/h2kg/hydrogen-ontology#Property,local_mechanical_strength_is_property,reviewed_decode_anchor,reviewed_decode,https://w3id.org/h2kg/decode/workflow/anchor/ccm-local-mechanical-strength-macrohomogeneous-local,reviewed_structural,DECODE-specific concept retained as a stable reviewed anchor. Its source topology is preserved; no H2KG synonym or new public term was asserted.
CCM local Youngs modulus,macrohomogeneous local,other,1,mechanical-properties-of-catalyst-layers-gdls-and-meas-by-small-punch-and-nanoindentation,Property,https://w3id.org/h2kg/hydrogen-ontology#Property,local_youngs_modulus_is_property,reviewed_decode_anchor,reviewed_decode,https://w3id.org/h2kg/decode/workflow/anchor/ccm-local-youngs-modulus-macrohomogeneous-local,reviewed_structural,DECODE-specific concept retained as a stable reviewed anchor. Its source topology is preserved; no H2KG synonym or new public term was asserted.
CEA MEA model (Europium 2D),,model,34,0d-particle-population-degradation-model-coupled-with-performance-model-prediction; 0d-particle-population-degradation-model-coupled-with-performance-model-prediction-without-fitting-methods; cea-mea-model-europium-2d; ct-based-capillary-pressure-saturation-curves; current-modulated-hydrogen-flow-rate-spectroscopy-ch2s; determination-of-cl-saturation-by-saxs-or-sans; differential-cell-testing; distribution-of-contact-angles-in-ccl-fib-sem-image-from-ionomer-reconstruction; electrical-conductivity; electrical-contact-resistance; electrical-tlm-characterization-of-a-gdl-with-defined-compression; fib-measurements-on-gdl-or-mpl-and-catalyst-materials; fitting-of-the-europium-model; gas-permeability-of-a-gdl-with-defined-compression; gdl-compressability; hg-porosimetry-gdl; iet-1d-performance-model-for-mea-fitting; iet-composition-to-property-model; iet-ink-to-composition-model; image-based-ccl-effective-transport-property-computation-from-numerical-simulations; image-fib-tomography-dataparameter-extraction-3d; image-parameter-extraction-2d; image-x-ray-tomography-data-parameter-extraction-3d; microscopy-sem-and-optical-in-mea-cross-section; mpl-parameter-estimation-from-gdl-and-substrate-data; sem-and-edx; sem-and-fib-layer; simulation-of-single-phase-3d-apparent-properties; simulation-of-two-phase-3d-apparent-properties; voxel-based-3d-effective-diffusivity-simulation; voxel-based-3d-electric-conductiviy-simulation; voxel-based-3d-permability-simulation; voxel-based-3d-thermal-conductivity-simulation; water-retention-curve-simulation,Process,https://w3id.org/h2kg/hydrogen-ontology#Process,workflow_or_analysis,reviewed_decode_anchor,reviewed_decode,https://w3id.org/h2kg/decode/workflow/anchor/cea-mea-model-europium-2d-model,reviewed_structural,DECODE-specific concept retained as a stable reviewed anchor. Its source topology is preserved; no H2KG synonym or new public term was asserted.
Cell charge transfer resistance,device,device,1,eis-on-pewe-cells,Property,https://w3id.org/h2kg/hydrogen-ontology#Property,physical_or_derived_property,reviewed_decode_anchor,reviewed_decode,https://w3id.org/h2kg/decode/workflow/anchor/cell-charge-transfer-resistance-device,reviewed_structural,DECODE-specific concept retained as a stable reviewed anchor. Its source topology is preserved; no H2KG synonym or new public term was asserted.
Cell clamping pressure,device,device,4,cea-mea-model-europium-2d; current-modulated-hydrogen-flow-rate-spectroscopy-ch2s; fitting-of-the-europium-model; neutron-imaging,Parameter,https://w3id.org/h2kg/hydrogen-ontology#Parameter,operating_or_geometric_parameter,reviewed_decode_anchor,reviewed_decode,https://w3id.org/h2kg/decode/workflow/anchor/cell-clamping-pressure-device,reviewed_structural,DECODE-specific concept retained as a stable reviewed anchor. Its source topology is preserved; no H2KG synonym or new public term was asserted.
Cell crossover current density,device,device,7,0d-particle-population-degradation-model-coupled-with-performance-model-fitting; 0d-particle-population-degradation-model-coupled-with-performance-model-prediction; 0d-particle-population-degradation-model-coupled-with-performance-model-prediction-without-fitting-methods; differential-cell-testing; fitting-of-the-europium-model; iet-1d-performance-model-for-mea-fitting; iet-1d-performance-model-for-mea-prediction,Property,https://w3id.org/h2kg/hydrogen-ontology#Property,physical_or_derived_property,reviewed_decode_anchor,reviewed_decode,https://w3id.org/h2kg/decode/workflow/anchor/cell-crossover-current-density-device,reviewed_structural,DECODE-specific concept retained as a stable reviewed anchor. Its source topology is preserved; no H2KG synonym or new public term was asserted.
Cell current density,device,device,9,current-modulated-hydrogen-flow-rate-spectroscopy-ch2s; determination-of-cl-saturation-by-saxs-or-sans; eis-on-pewe-cells; iet-1d-mea-with-water-transport-eis-model; iet-1d-mea-with-water-transport-in-ccl-eis-model; irras-operando-or-in-situ-ftir; mpl-saturation-determination-from-x-ray-ct-data; neutron-imaging; operando-saxs-or-waxs-small-or-wide-angle-x-ray-spectroscopy,Property,https://w3id.org/h2kg/hydrogen-ontology#Property,explicit_mapping,strict_alt_label,approved_h2kg,https://w3id.org/h2kg/hydrogen-ontology#CurrentDensity,high,Reviewed cell-level naming variant for current density.
Cell EIS,device,device,2,cea-mea-model-europium-2d; differential-cell-testing,Data,https://w3id.org/h2kg/hydrogen-ontology#Data,cell_eis_is_data,reviewed_decode_anchor,reviewed_decode,https://w3id.org/h2kg/decode/workflow/anchor/cell-eis-device,reviewed_structural,DECODE-specific concept retained as a stable reviewed anchor. Its source topology is preserved; no H2KG synonym or new public term was asserted.
Cell electrolyte flow,device,device,3,operando-or-in-situ-xas-photon-out; operando-saxs-or-waxs-small-or-wide-angle-x-ray-spectroscopy; thin-windows-operando-or-in-situ-xps,Parameter,https://w3id.org/h2kg/hydrogen-ontology#Parameter,operating_or_geometric_parameter,reviewed_decode_anchor,reviewed_decode,https://w3id.org/h2kg/decode/workflow/anchor/cell-electrolyte-flow-device,reviewed_structural,DECODE-specific concept retained as a stable reviewed anchor. Its source topology is preserved; no H2KG synonym or new public term was asserted.
Cell high-frequency resistance,device,device,5,data-extraction-from-existing-pewe-measurements-u-i-t; differential-cell-testing; eis-on-pewe-cells; fitting-of-the-europium-model; iet-1d-performance-model-for-mea-fitting,Parameter,https://w3id.org/h2kg/hydrogen-ontology#Parameter,operating_or_geometric_parameter,reviewed_decode_anchor,reviewed_decode,https://w3id.org/h2kg/decode/workflow/anchor/cell-high-frequency-resistance-device,reviewed_structural,DECODE-specific concept retained as a stable reviewed anchor. Its source topology is preserved; no H2KG synonym or new public term was asserted.
Cell high-frequency resistance (aged),device,device,1,0d-particle-population-degradation-model-coupled-with-performance-model-fitting,Parameter,https://w3id.org/h2kg/hydrogen-ontology#Parameter,operating_or_geometric_parameter,reviewed_decode_anchor,reviewed_decode,https://w3id.org/h2kg/decode/workflow/anchor/cell-high-frequency-resistance-aged-device,reviewed_structural,DECODE-specific concept retained as a stable reviewed anchor. Its source topology is preserved; no H2KG synonym or new public term was asserted.
Cell inlet humidification,device,device,10,cea-mea-model-europium-2d; current-modulated-hydrogen-flow-rate-spectroscopy-ch2s; determination-of-cl-saturation-by-saxs-or-sans; fitting-of-the-europium-model; iet-1d-mea-with-water-transport-eis-model; iet-1d-mea-with-water-transport-in-ccl-eis-model; iet-1d-performance-model-for-mea-fitting; iet-1d-performance-model-for-mea-prediction; mpl-saturation-determination-from-x-ray-ct-data; neutron-imaging,Parameter,https://w3id.org/h2kg/hydrogen-ontology#Parameter,operating_or_geometric_parameter,reviewed_decode_anchor,reviewed_decode,https://w3id.org/h2kg/decode/workflow/anchor/cell-inlet-humidification-device,reviewed_structural,DECODE-specific concept retained as a stable reviewed anchor. Its source topology is preserved; no H2KG synonym or new public term was asserted.
Cell inlet O2 mole fraction (dry),device,device,3,cea-mea-model-europium-2d; fitting-of-the-europium-model; iet-1d-performance-model-for-mea-prediction,Parameter,https://w3id.org/h2kg/hydrogen-ontology#Parameter,operating_or_geometric_parameter,reviewed_decode_anchor,reviewed_decode,https://w3id.org/h2kg/decode/workflow/anchor/cell-inlet-o2-mole-fraction-dry-device,reviewed_structural,DECODE-specific concept retained as a stable reviewed anchor. Its source topology is preserved; no H2KG synonym or new public term was asserted.
Cell inlet pressure,device,device,10,0d-particle-population-degradation-model-coupled-with-performance-model-prediction; 0d-particle-population-degradation-model-coupled-with-performance-model-prediction-without-fitting-methods; cea-mea-model-europium-2d; current-modulated-hydrogen-flow-rate-spectroscopy-ch2s; fitting-of-the-europium-model; iet-1d-mea-with-water-transport-eis-model; iet-1d-mea-with-water-transport-in-ccl-eis-model; iet-1d-performance-model-for-mea-fitting; iet-1d-performance-model-for-mea-prediction; neutron-imaging,Parameter,https://w3id.org/h2kg/hydrogen-ontology#Parameter,operating_or_geometric_parameter,reviewed_decode_anchor,reviewed_decode,https://w3id.org/h2kg/decode/workflow/anchor/cell-inlet-pressure-device,reviewed_structural,DECODE-specific concept retained as a stable reviewed anchor. Its source topology is preserved; no H2KG synonym or new public term was asserted.
Cell inlet species concentrations,device,device,2,0d-particle-population-degradation-model-coupled-with-performance-model-prediction; 0d-particle-population-degradation-model-coupled-with-performance-model-prediction-without-fitting-methods,Parameter,https://w3id.org/h2kg/hydrogen-ontology#Parameter,operating_or_geometric_parameter,reviewed_decode_anchor,reviewed_decode,https://w3id.org/h2kg/decode/workflow/anchor/cell-inlet-species-concentrations-device,reviewed_structural,DECODE-specific concept retained as a stable reviewed anchor. Its source topology is preserved; no H2KG synonym or new public term was asserted.
Cell limiting current,device,device,4,cea-mea-model-europium-2d; differential-cell-testing; fitting-of-the-europium-model; iet-1d-performance-model-for-mea-prediction,Property,https://w3id.org/h2kg/hydrogen-ontology#Property,physical_or_derived_property,reviewed_decode_anchor,reviewed_decode,https://w3id.org/h2kg/decode/workflow/anchor/cell-limiting-current-device,reviewed_structural,DECODE-specific concept retained as a stable reviewed anchor. Its source topology is preserved; no H2KG synonym or new public term was asserted.
Cell mass transport resistance,device,device,1,eis-on-pewe-cells,Parameter,https://w3id.org/h2kg/hydrogen-ontology#Parameter,operating_or_geometric_parameter,reviewed_decode_anchor,reviewed_decode,https://w3id.org/h2kg/decode/workflow/anchor/cell-mass-transport-resistance-device,reviewed_structural,DECODE-specific concept retained as a stable reviewed anchor. Its source topology is preserved; no H2KG synonym or new public term was asserted.
Cell operation conditions,device,device,2,0d-particle-population-degradation-model-coupled-with-performance-model-fitting; differential-cell-testing,Parameter,https://w3id.org/h2kg/hydrogen-ontology#Parameter,operating_or_geometric_parameter,reviewed_decode_anchor,reviewed_decode,https://w3id.org/h2kg/decode/workflow/anchor/cell-operation-conditions-device,reviewed_structural,DECODE-specific concept retained as a stable reviewed anchor. Its source topology is preserved; no H2KG synonym or new public term was asserted.
Cell polarization curve,device,device,6,cea-mea-model-europium-2d; differential-cell-testing; fitting-of-the-europium-model; iet-1d-performance-model-for-mea-fitting; iet-1d-performance-model-for-mea-prediction; pulsed-gas-analysis,Data,https://w3id.org/h2kg/hydrogen-ontology#Data,data_product,reviewed_decode_anchor,reviewed_decode,https://w3id.org/h2kg/decode/workflow/anchor/cell-polarization-curve-device,reviewed_structural,DECODE-specific concept retained as a stable reviewed anchor. Its source topology is preserved; no H2KG synonym or new public term was asserted.
Cell polarization curve (aged),device,device,2,0d-particle-population-degradation-model-coupled-with-performance-model-prediction; 0d-particle-population-degradation-model-coupled-with-performance-model-prediction-without-fitting-methods,Data,https://w3id.org/h2kg/hydrogen-ontology#Data,data_product,reviewed_decode_anchor,reviewed_decode,https://w3id.org/h2kg/decode/workflow/anchor/cell-polarization-curve-aged-device,reviewed_structural,DECODE-specific concept retained as a stable reviewed anchor. Its source topology is preserved; no H2KG synonym or new public term was asserted.
Cell stoichiometries,device,device,3,determination-of-cl-saturation-by-saxs-or-sans; iet-1d-performance-model-for-mea-prediction; mpl-saturation-determination-from-x-ray-ct-data,Parameter,https://w3id.org/h2kg/hydrogen-ontology#Parameter,operating_or_geometric_parameter,reviewed_decode_anchor,reviewed_decode,https://w3id.org/h2kg/decode/workflow/anchor/cell-stoichiometries-device,reviewed_structural,DECODE-specific concept retained as a stable reviewed anchor. Its source topology is preserved; no H2KG synonym or new public term was asserted.
Cell Tafel slope,device,device,1,data-extraction-from-existing-pewe-measurements-u-i-t,Property,https://w3id.org/h2kg/hydrogen-ontology#Property,cell_tafel_slope_is_property,reviewed_decode_anchor,reviewed_decode,https://w3id.org/h2kg/decode/workflow/anchor/cell-tafel-slope-device,reviewed_structural,DECODE-specific concept retained as a stable reviewed anchor. Its source topology is preserved; no H2KG synonym or new public term was asserted.
Cell temperature,device,device,13,0d-particle-population-degradation-model-coupled-with-performance-model-prediction; 0d-particle-population-degradation-model-coupled-with-performance-model-prediction-without-fitting-methods; cea-mea-model-europium-2d; current-modulated-hydrogen-flow-rate-spectroscopy-ch2s; determination-of-cl-saturation-by-saxs-or-sans; fitting-of-the-europium-model; iet-1d-mea-with-water-transport-eis-model; iet-1d-mea-with-water-transport-in-ccl-eis-model; iet-1d-performance-model-for-mea-fitting; iet-1d-performance-model-for-mea-prediction; mpl-saturation-determination-from-x-ray-ct-data; neutron-imaging; operando-saxs-or-waxs-small-or-wide-angle-x-ray-spectroscopy,Parameter,https://w3id.org/h2kg/hydrogen-ontology#Parameter,operating_or_geometric_parameter,reviewed_decode_anchor,reviewed_decode,https://w3id.org/h2kg/decode/workflow/anchor/cell-temperature-device,reviewed_structural,DECODE-specific concept retained as a stable reviewed anchor. Its source topology is preserved; no H2KG synonym or new public term was asserted.
Cell voltammogram,device,device,2,differential-cell-testing; fitting-of-the-europium-model,Data,https://w3id.org/h2kg/hydrogen-ontology#Data,data_product,reviewed_decode_anchor,reviewed_decode,https://w3id.org/h2kg/decode/workflow/anchor/cell-voltammogram-device,reviewed_structural,DECODE-specific concept retained as a stable reviewed anchor. Its source topology is preserved; no H2KG synonym or new public term was asserted.
Chemicals for prism preparation,material,material,1,prism-preparation-for-atr-ftir,Matter,https://w3id.org/h2kg/hydrogen-ontology#Matter,prism_chemicals_are_matter,reviewed_decode_anchor,reviewed_decode,https://w3id.org/h2kg/decode/workflow/anchor/chemicals-for-prism-preparation-material,reviewed_structural,DECODE-specific concept retained as a stable reviewed anchor. Its source topology is preserved; no H2KG synonym or new public term was asserted.
CL (aged),component,component,1,additional-measurements-on-pewe-during-operation,Matter,https://w3id.org/h2kg/hydrogen-ontology#Matter,component_category_default,reviewed_decode_anchor,reviewed_decode,https://w3id.org/h2kg/decode/workflow/anchor/cl-aged-component,reviewed_structural,DECODE-specific concept retained as a stable reviewed anchor. Its source topology is preserved; no H2KG synonym or new public term was asserted.
CL for RDE,,method,8,cl-for-rde; fib-measurements-on-gdl-or-mpl-and-catalyst-materials; impregnation-by-immersion-and-blade-coating; model-electrochemistry-in-a-rde-cell; sheet-resistance-measurement,Manufacturing,https://w3id.org/h2kg/hydrogen-ontology#Manufacturing,cl_for_rde_is_manufacturing,reviewed_decode_anchor,reviewed_decode,https://w3id.org/h2kg/decode/workflow/anchor/cl-for-rde-method,reviewed_structural,DECODE-specific concept retained as a stable reviewed anchor. Its source topology is preserved; no H2KG synonym or new public term was asserted.
CL local mechanical strength,macrohomogeneous local,other,1,mechanical-properties-of-catalyst-layers-gdls-and-meas-by-small-punch-and-nanoindentation,Property,https://w3id.org/h2kg/hydrogen-ontology#Property,cl_local_mechanical_strength_is_property,reviewed_decode_anchor,reviewed_decode,https://w3id.org/h2kg/decode/workflow/anchor/cl-local-mechanical-strength-macrohomogeneous-local,reviewed_structural,DECODE-specific concept retained as a stable reviewed anchor. Its source topology is preserved; no H2KG synonym or new public term was asserted.
CL local Youngs modulus,macrohomogeneous local,other,1,mechanical-properties-of-catalyst-layers-gdls-and-meas-by-small-punch-and-nanoindentation,Property,https://w3id.org/h2kg/hydrogen-ontology#Property,cl_local_youngs_modulus_is_property,reviewed_decode_anchor,reviewed_decode,https://w3id.org/h2kg/decode/workflow/anchor/cl-local-youngs-modulus-macrohomogeneous-local,reviewed_structural,DECODE-specific concept retained as a stable reviewed anchor. Its source topology is preserved; no H2KG synonym or new public term was asserted.
CL nanostructure porous network model,meso,data,1,transmission-line-model-fitting-of-cl-eis-patterns-for-components-distribution,Process,https://w3id.org/h2kg/hydrogen-ontology#Process,workflow_or_analysis,reviewed_decode_anchor,reviewed_decode,https://w3id.org/h2kg/decode/workflow/anchor/cl-nanostructure-porous-network-model-meso,reviewed_structural,DECODE-specific concept retained as a stable reviewed anchor. Its source topology is preserved; no H2KG synonym or new public term was asserted.
CL on GDL,component,component,3,cl-for-rde; fib-measurements-on-gdl-or-mpl-and-catalyst-materials; sheet-resistance-measurement,Matter,https://w3id.org/h2kg/hydrogen-ontology#Matter,component_category_default,reviewed_decode_anchor,reviewed_decode,https://w3id.org/h2kg/decode/workflow/anchor/cl-on-gdl-component,reviewed_structural,DECODE-specific concept retained as a stable reviewed anchor. Its source topology is preserved; no H2KG synonym or new public term was asserted.
CL on glassy carbon,component,component,4,cl-for-rde; fib-measurements-on-gdl-or-mpl-and-catalyst-materials; model-electrochemistry-in-a-rde-cell; sheet-resistance-measurement,Matter,https://w3id.org/h2kg/hydrogen-ontology#Matter,component_category_default,reviewed_decode_anchor,reviewed_decode,https://w3id.org/h2kg/decode/workflow/anchor/cl-on-glassy-carbon-component,reviewed_structural,DECODE-specific concept retained as a stable reviewed anchor. Its source topology is preserved; no H2KG synonym or new public term was asserted.
CL on membrane,component,component,4,electrospray-deposition-of-catalyst-layers; fib-measurements-on-gdl-or-mpl-and-catalyst-materials; gde-cell-for-electrochemical-studies; sheet-resistance-measurement,Matter,https://w3id.org/h2kg/hydrogen-ontology#Matter,component_category_default,reviewed_decode_anchor,reviewed_decode,https://w3id.org/h2kg/decode/workflow/anchor/cl-on-membrane-component,reviewed_structural,DECODE-specific concept retained as a stable reviewed anchor. Its source topology is preserved; no H2KG synonym or new public term was asserted.
CL on substrate,component,component,6,electrospray-deposition-of-catalyst-layers; fib-measurements-on-gdl-or-mpl-and-catalyst-materials; high-resolution-electron-tomography-for-accessing-pt-and-ionomer-distribution-on-carbon-aggregate; mechanical-properties-of-catalyst-layers-gdls-and-meas-by-small-punch-and-nanoindentation; sheet-resistance-measurement; ultrasonic-spray-deposition-for-catalytic-layers,Property,https://w3id.org/h2kg/hydrogen-ontology#Property,physical_or_derived_property,reviewed_decode_anchor,reviewed_decode,https://w3id.org/h2kg/decode/workflow/anchor/cl-on-substrate-component,reviewed_structural,DECODE-specific concept retained as a stable reviewed anchor. Its source topology is preserved; no H2KG synonym or new public term was asserted.
CL structure (aged),component,component,1,additional-measurements-on-pewe-during-operation,Property,https://w3id.org/h2kg/hydrogen-ontology#Property,physical_or_derived_property,reviewed_decode_anchor,reviewed_decode,https://w3id.org/h2kg/decode/workflow/anchor/cl-structure-aged-component,reviewed_structural,DECODE-specific concept retained as a stable reviewed anchor. Its source topology is preserved; no H2KG synonym or new public term was asserted.
CL thickness (aged),component,component,1,additional-measurements-on-pewe-during-operation,Property,https://w3id.org/h2kg/hydrogen-ontology#Property,physical_or_derived_property,reviewed_decode_anchor,reviewed_decode,https://w3id.org/h2kg/decode/workflow/anchor/cl-thickness-aged-component,reviewed_structural,DECODE-specific concept retained as a stable reviewed anchor. Its source topology is preserved; no H2KG synonym or new public term was asserted.
CLSM electrochemical protocol,component,component,4,confocal-laser-scanning-microscope-clsm-and-fluorescent-probes-for-local-ph-assessment-in-acidic-med; confocal-laser-scanning-microscope-clsm-and-fluorescent-probes-for-local-ph-assessment-in-acidic-med2; confocal-laser-scanning-microscope-clsm-and-fluorescent-probes-for-local-ph-assessment-in-alkaline-m; confocal-laser-scanning-microscope-clsm-and-fluorescent-probes-for-local-ph-assessment-in-alkaline-m2,Process,https://w3id.org/h2kg/hydrogen-ontology#Process,workflow_or_analysis,reviewed_decode_anchor,reviewed_decode,https://w3id.org/h2kg/decode/workflow/anchor/clsm-electrochemical-protocol-component,reviewed_structural,DECODE-specific concept retained as a stable reviewed anchor. Its source topology is preserved; no H2KG synonym or new public term was asserted.
CLSM electrochemical response (idealized),LRE,device,2,confocal-laser-scanning-microscope-clsm-and-fluorescent-probes-for-local-ph-assessment-in-acidic-med; confocal-laser-scanning-microscope-clsm-and-fluorescent-probes-for-local-ph-assessment-in-alkaline-m,Data,https://w3id.org/h2kg/hydrogen-ontology#Data,data_product,reviewed_decode_anchor,reviewed_decode,https://w3id.org/h2kg/decode/workflow/anchor/clsm-electrochemical-response-idealized-lre,reviewed_structural,DECODE-specific concept retained as a stable reviewed anchor. Its source topology is preserved; no H2KG synonym or new public term was asserted.
CLSM electrochemical response (nanostructured),component,component,2,confocal-laser-scanning-microscope-clsm-and-fluorescent-probes-for-local-ph-assessment-in-acidic-med2; confocal-laser-scanning-microscope-clsm-and-fluorescent-probes-for-local-ph-assessment-in-alkaline-m2,Data,https://w3id.org/h2kg/hydrogen-ontology#Data,data_product,reviewed_decode_anchor,reviewed_decode,https://w3id.org/h2kg/decode/workflow/anchor/clsm-electrochemical-response-nanostructured-component,reviewed_structural,DECODE-specific concept retained as a stable reviewed anchor. Its source topology is preserved; no H2KG synonym or new public term was asserted.
CLSM electrode template,component,component,1,transparent-electrodes-for-clsm-applications,Instrument,https://w3id.org/h2kg/hydrogen-ontology#Instrument,apparatus_or_electrode,reviewed_decode_anchor,reviewed_decode,https://w3id.org/h2kg/decode/workflow/anchor/clsm-electrode-template-component,reviewed_structural,DECODE-specific concept retained as a stable reviewed anchor. Its source topology is preserved; no H2KG synonym or new public term was asserted.
CLSM pH distribution (nanostructured),LRE,device,2,confocal-laser-scanning-microscope-clsm-and-fluorescent-probes-for-local-ph-assessment-in-acidic-med2; confocal-laser-scanning-microscope-clsm-and-fluorescent-probes-for-local-ph-assessment-in-alkaline-m2,Data,https://w3id.org/h2kg/hydrogen-ontology#Data,data_product,reviewed_decode_anchor,reviewed_decode,https://w3id.org/h2kg/decode/workflow/anchor/clsm-ph-distribution-nanostructured-lre,reviewed_structural,DECODE-specific concept retained as a stable reviewed anchor. Its source topology is preserved; no H2KG synonym or new public term was asserted.
CLSM temperature,component,component,2,confocal-laser-scanning-microscope-clsm-and-fluorescent-probes-for-local-ph-assessment-in-acidic-med; confocal-laser-scanning-microscope-clsm-and-fluorescent-probes-for-local-ph-assessment-in-alkaline-m,Parameter,https://w3id.org/h2kg/hydrogen-ontology#Parameter,clsm_temperature_is_parameter,reviewed_decode_anchor,reviewed_decode,https://w3id.org/h2kg/decode/workflow/anchor/clsm-temperature-component,reviewed_structural,DECODE-specific concept retained as a stable reviewed anchor. Its source topology is preserved; no H2KG synonym or new public term was asserted.
Confocal Laser Scanning Microscope (CLSM) + fluorescent probes for local pH assessment in acidic media in GDE configuration,,method,3,confocal-laser-scanning-microscope-clsm-and-fluorescent-probes-for-local-ph-assessment-in-acidic-med2; electrospray-deposition-of-catalyst-layers; gde-catalytic-layer-preparation,Parameter,https://w3id.org/h2kg/hydrogen-ontology#Parameter,operating_or_geometric_parameter,reviewed_decode_anchor,reviewed_decode,https://w3id.org/h2kg/decode/workflow/anchor/confocal-laser-scanning-microscope-clsm-fluorescent-probes-for-local-ph-assessment-in-acidic-media-in-gde-configuration-method,reviewed_structural,DECODE-specific concept retained as a stable reviewed anchor. Its source topology is preserved; no H2KG synonym or new public term was asserted.
Confocal Laser Scanning Microscope (CLSM) + fluorescent probes for local pH assessment in acidic media on model /unsupported electrodes,,model,3,confocal-laser-scanning-microscope-clsm-and-fluorescent-probes-for-local-ph-assessment-in-acidic-med; fitting-version-of-the-hierachical-model; transparent-electrodes-for-clsm-applications,Process,https://w3id.org/h2kg/hydrogen-ontology#Process,workflow_or_analysis,reviewed_decode_anchor,reviewed_decode,https://w3id.org/h2kg/decode/workflow/anchor/confocal-laser-scanning-microscope-clsm-fluorescent-probes-for-local-ph-assessment-in-acidic-media-on-model-unsupported-electrodes-model,reviewed_structural,DECODE-specific concept retained as a stable reviewed anchor. Its source topology is preserved; no H2KG synonym or new public term was asserted.
Confocal Laser Scanning Microscope (CLSM) + fluorescent probes for local pH assessment in alkaline media in GDE configuration,,method,4,confocal-laser-scanning-microscope-clsm-and-fluorescent-probes-for-local-ph-assessment-in-alkaline-m2; development-of-ratiometric-fluorescent-probes-for-local-ph-assessement-in-alkaline-media; electrospray-deposition-of-catalyst-layers; gde-catalytic-layer-preparation,Parameter,https://w3id.org/h2kg/hydrogen-ontology#Parameter,operating_or_geometric_parameter,reviewed_decode_anchor,reviewed_decode,https://w3id.org/h2kg/decode/workflow/anchor/confocal-laser-scanning-microscope-clsm-fluorescent-probes-for-local-ph-assessment-in-alkaline-media-in-gde-configuration-method,reviewed_structural,DECODE-specific concept retained as a stable reviewed anchor. Its source topology is preserved; no H2KG synonym or new public term was asserted.
Confocal Laser Scanning Microscope (CLSM) + fluorescent probes for local pH assessment in alkaline media on model/unsupported electrodes,,model,4,confocal-laser-scanning-microscope-clsm-and-fluorescent-probes-for-local-ph-assessment-in-alkaline-m; development-of-ratiometric-fluorescent-probes-for-local-ph-assessement-in-alkaline-media; fitting-version-of-the-hierachical-model; transparent-electrodes-for-clsm-applications,Process,https://w3id.org/h2kg/hydrogen-ontology#Process,workflow_or_analysis,reviewed_decode_anchor,reviewed_decode,https://w3id.org/h2kg/decode/workflow/anchor/confocal-laser-scanning-microscope-clsm-fluorescent-probes-for-local-ph-assessment-in-alkaline-media-on-model-unsupported-electrodes-model,reviewed_structural,DECODE-specific concept retained as a stable reviewed anchor. Its source topology is preserved; no H2KG synonym or new public term was asserted.
Contact angle extraction of CT data,,method,5,contact-angle-extraction-of-ct-data; image-classification-of-x-ray-tomography-data; impregnation-by-immersion-and-blade-coating,Process,https://w3id.org/h2kg/hydrogen-ontology#Process,workflow_or_analysis,reviewed_decode_anchor,reviewed_decode,https://w3id.org/h2kg/decode/workflow/anchor/contact-angle-extraction-of-ct-data-method,reviewed_structural,DECODE-specific concept retained as a stable reviewed anchor. Its source topology is preserved; no H2KG synonym or new public term was asserted.
Contact angle probe liquid(s),material,material,4,contact-angle-extraction-of-ct-data; ct-based-capillary-pressure-saturation-curves; external-contact-angle-of-a-gdl; wilhelmy-wettability-measurement,Property,https://w3id.org/h2kg/hydrogen-ontology#Property,physical_or_derived_property,reviewed_decode_anchor,reviewed_decode,https://w3id.org/h2kg/decode/workflow/anchor/contact-angle-probe-liquid-s-material,reviewed_structural,DECODE-specific concept retained as a stable reviewed anchor. Its source topology is preserved; no H2KG synonym or new public term was asserted.
Contact resistance measurement,,method,1,contact-resistance-measurement,Property,https://w3id.org/h2kg/hydrogen-ontology#Property,physical_or_derived_property,reviewed_decode_anchor,reviewed_decode,https://w3id.org/h2kg/decode/workflow/anchor/contact-resistance-measurement-method,reviewed_structural,DECODE-specific concept retained as a stable reviewed anchor. Its source topology is preserved; no H2KG synonym or new public term was asserted.
Coordination number and bond distance,LRE,device,2,development-of-a-zero-gap-cell-for-gde-based-spectrocopy-measurement; three-electrode-cell-assesement-of-cl-by-xas-xanes-exafs-xrd,Property,https://w3id.org/h2kg/hydrogen-ontology#Property,physical_or_derived_property,reviewed_decode_anchor,reviewed_decode,https://w3id.org/h2kg/decode/workflow/anchor/coordination-number-and-bond-distance-lre,reviewed_structural,DECODE-specific concept retained as a stable reviewed anchor. Its source topology is preserved; no H2KG synonym or new public term was asserted.
Corrosion current,component,component,1,ptl-corrosion-measurement,Property,https://w3id.org/h2kg/hydrogen-ontology#Property,physical_or_derived_property,reviewed_decode_anchor,reviewed_decode,https://w3id.org/h2kg/decode/workflow/anchor/corrosion-current-component,reviewed_structural,DECODE-specific concept retained as a stable reviewed anchor. Its source topology is preserved; no H2KG synonym or new public term was asserted.
Corrosion potential,component,component,1,ptl-corrosion-measurement,Property,https://w3id.org/h2kg/hydrogen-ontology#Property,physical_or_derived_property,reviewed_decode_anchor,reviewed_decode,https://w3id.org/h2kg/decode/workflow/anchor/corrosion-potential-component,reviewed_structural,DECODE-specific concept retained as a stable reviewed anchor. Its source topology is preserved; no H2KG synonym or new public term was asserted.
Corrosion potential of zero current,component,component,1,ptl-corrosion-measurement,Property,https://w3id.org/h2kg/hydrogen-ontology#Property,physical_or_derived_property,reviewed_decode_anchor,reviewed_decode,https://w3id.org/h2kg/decode/workflow/anchor/corrosion-potential-of-zero-current-component,reviewed_structural,DECODE-specific concept retained as a stable reviewed anchor. Its source topology is preserved; no H2KG synonym or new public term was asserted.
CT-based capillary pressure saturation curves,,method,13,cea-mea-model-europium-2d; ct-based-capillary-pressure-saturation-curves; fitting-of-the-europium-model; iet-1d-mea-with-water-transport-eis-model; iet-1d-performance-model-for-mea-prediction; image-classification-of-x-ray-tomography-data; impregnation-by-immersion-and-blade-coating,Parameter,https://w3id.org/h2kg/hydrogen-ontology#Parameter,operating_or_geometric_parameter,reviewed_decode_anchor,reviewed_decode,https://w3id.org/h2kg/decode/workflow/anchor/ct-based-capillary-pressure-saturation-curves-method,reviewed_structural,DECODE-specific concept retained as a stable reviewed anchor. Its source topology is preserved; no H2KG synonym or new public term was asserted.
Current modulated hydrogen flow-rate spectroscopy (CH2S),,method,16,cea-mea-model-europium-2d; current-modulated-hydrogen-flow-rate-spectroscopy-ch2s; diffusivities-from-tortuosities; fib-measurements-on-gdl-or-mpl-and-catalyst-materials; fitting-of-the-europium-model; gdl-compressability; hg-porosimetry-gdl; image-fib-tomography-dataparameter-extraction-3d; image-parameter-extraction-2d; image-x-ray-tomography-data-parameter-extraction-3d; mea-assembly-for-pefc-ref-mea; mpl-parameter-estimation-from-gdl-and-substrate-data; sem-and-edx; sem-and-fib-layer; simulation-of-single-phase-3d-apparent-properties; voxel-based-3d-effective-diffusivity-simulation,Parameter,https://w3id.org/h2kg/hydrogen-ontology#Parameter,operating_or_geometric_parameter,reviewed_decode_anchor,reviewed_decode,https://w3id.org/h2kg/decode/workflow/anchor/current-modulated-hydrogen-flow-rate-spectroscopy-ch2s-method,reviewed_structural,DECODE-specific concept retained as a stable reviewed anchor. Its source topology is preserved; no H2KG synonym or new public term was asserted.
Data extraction from existing PEWE measurements (U-i-t),,method,3,data-extraction-from-existing-pewe-measurements-u-i-t; fitting-of-the-europium-model; iet-1d-performance-model-for-mea-fitting,Process,https://w3id.org/h2kg/hydrogen-ontology#Process,workflow_or_analysis,reviewed_decode_anchor,reviewed_decode,https://w3id.org/h2kg/decode/workflow/anchor/data-extraction-from-existing-pewe-measurements-u-i-t-method,reviewed_structural,DECODE-specific concept retained as a stable reviewed anchor. Its source topology is preserved; no H2KG synonym or new public term was asserted.
Degradation rates of cell high-frequency resistance,device,device,1,data-extraction-from-existing-pewe-measurements-u-i-t,Parameter,https://w3id.org/h2kg/hydrogen-ontology#Parameter,operating_or_geometric_parameter,reviewed_decode_anchor,reviewed_decode,https://w3id.org/h2kg/decode/workflow/anchor/degradation-rates-of-cell-high-frequency-resistance-device,reviewed_structural,DECODE-specific concept retained as a stable reviewed anchor. Its source topology is preserved; no H2KG synonym or new public term was asserted.
Degradation rates of cell Tafel slope,device,device,1,data-extraction-from-existing-pewe-measurements-u-i-t,Property,https://w3id.org/h2kg/hydrogen-ontology#Property,physical_or_derived_property,reviewed_decode_anchor,reviewed_decode,https://w3id.org/h2kg/decode/workflow/anchor/degradation-rates-of-cell-tafel-slope-device,reviewed_structural,DECODE-specific concept retained as a stable reviewed anchor. Its source topology is preserved; no H2KG synonym or new public term was asserted.
Density-potential functional theory applied to supported electrocatalysts,,model,7,density-potential-functional-theory-applied-to-supported-electrocatalysts; dip-and-pull-operando-or-in-situ-xps; irras-operando-or-in-situ-ftir; molecular-dynamics-for-the-electrode-electrolyte-interface-metalwalls; operando-or-in-situ-xas-photon-out; operando-saxs-or-waxs-small-or-wide-angle-x-ray-spectroscopy; thin-windows-operando-or-in-situ-xps,Property,https://w3id.org/h2kg/hydrogen-ontology#Property,physical_or_derived_property,reviewed_decode_anchor,reviewed_decode,https://w3id.org/h2kg/decode/workflow/anchor/density-potential-functional-theory-applied-to-supported-electrocatalysts-model,reviewed_structural,DECODE-specific concept retained as a stable reviewed anchor. Its source topology is preserved; no H2KG synonym or new public term was asserted.
Determination of CL saturation by SAXS/SANS,,method,10,blade-coating-and-decal-transfer-for-ref-pefc-ccm; cea-mea-model-europium-2d; determination-of-cl-saturation-by-saxs-or-sans; distribution-of-contact-angles-in-ccl-fib-sem-image-from-ionomer-reconstruction; electrospray-deposition-of-catalyst-layers; fitting-of-the-europium-model; image-based-ccl-effective-transport-property-computation-from-numerical-simulations; image-tem-data-parameter-extraction-3d; impregnation-by-immersion-and-blade-coating; ultrasonic-spray-deposition-for-catalytic-layers,Parameter,https://w3id.org/h2kg/hydrogen-ontology#Parameter,operating_or_geometric_parameter,reviewed_decode_anchor,reviewed_decode,https://w3id.org/h2kg/decode/workflow/anchor/determination-of-cl-saturation-by-saxs-sans-method,reviewed_structural,DECODE-specific concept retained as a stable reviewed anchor. Its source topology is preserved; no H2KG synonym or new public term was asserted.
Development of a zero gap cell for GDE based spectrocopy measurement,,method,4,blade-coating-and-decal-transfer-for-ref-pefc-ccm; development-of-a-zero-gap-cell-for-gde-based-spectrocopy-measurement; electrospray-deposition-of-catalyst-layers; ultrasonic-spray-deposition-for-catalytic-layers,Manufacturing,https://w3id.org/h2kg/hydrogen-ontology#Manufacturing,zero_gap_cell_development_is_manufacturing,reviewed_decode_anchor,reviewed_decode,https://w3id.org/h2kg/decode/workflow/anchor/development-of-a-zero-gap-cell-for-gde-based-spectrocopy-measurement-method,reviewed_structural,DECODE-specific concept retained as a stable reviewed anchor. Its source topology is preserved; no H2KG synonym or new public term was asserted.
Development of ratiometric fluorescent probes for local pH assessement in alkaline media,,method,3,confocal-laser-scanning-microscope-clsm-and-fluorescent-probes-for-local-ph-assessment-in-alkaline-m; confocal-laser-scanning-microscope-clsm-and-fluorescent-probes-for-local-ph-assessment-in-alkaline-m2; development-of-ratiometric-fluorescent-probes-for-local-ph-assessement-in-alkaline-media,Parameter,https://w3id.org/h2kg/hydrogen-ontology#Parameter,operating_or_geometric_parameter,reviewed_decode_anchor,reviewed_decode,https://w3id.org/h2kg/decode/workflow/anchor/development-of-ratiometric-fluorescent-probes-for-local-ph-assessement-in-alkaline-media-method,reviewed_structural,DECODE-specific concept retained as a stable reviewed anchor. Its source topology is preserved; no H2KG synonym or new public term was asserted.
DFT onto idealized surfaces,,method,11,adsorbate-surface-diffusion-on-electrocatalyst-support; dft-onto-idealized-surfaces; dip-and-pull-operando-or-in-situ-xps; fitting-version-of-the-hierachical-model; hierarchical-model-for-electrocatalytic-reactions; in-situ-fourier-transformed-ir-in-atr-configuration; irras-operando-or-in-situ-ftir; molecular-dynamics-for-the-electrode-electrolyte-interface-in-presence-of-ionomer; operando-or-in-situ-xas-photon-out; operando-saxs-or-waxs-small-or-wide-angle-x-ray-spectroscopy; thin-windows-operando-or-in-situ-xps,Process,https://w3id.org/h2kg/hydrogen-ontology#Process,dft_is_process,reviewed_decode_anchor,reviewed_decode,https://w3id.org/h2kg/decode/workflow/anchor/dft-onto-idealized-surfaces-method,reviewed_structural,DECODE-specific concept retained as a stable reviewed anchor. Its source topology is preserved; no H2KG synonym or new public term was asserted.
Differential Cell Testing,,method,18,0d-particle-population-degradation-model-coupled-with-performance-model-fitting; 0d-particle-population-degradation-model-coupled-with-performance-model-prediction; 0d-particle-population-degradation-model-coupled-with-performance-model-prediction-without-fitting-methods; cea-mea-model-europium-2d; differential-cell-testing; fib-measurements-on-gdl-or-mpl-and-catalyst-materials; fitting-of-the-europium-model; iet-1d-mea-with-water-transport-eis-model; iet-1d-mea-with-water-transport-in-ccl-eis-model; iet-1d-performance-model-for-mea-fitting; iet-1d-performance-model-for-mea-prediction; iet-ink-to-composition-model; image-fib-tomography-dataparameter-extraction-3d; image-parameter-extraction-2d; mea-assembly-for-pefc-ref-mea; microscopy-sem-and-optical-in-mea-cross-section; sem-and-edx; sem-and-fib-layer,Measurement,https://w3id.org/h2kg/hydrogen-ontology#Measurement,differential_cell_testing_is_measurement,reviewed_decode_anchor,reviewed_decode,https://w3id.org/h2kg/decode/workflow/anchor/differential-cell-testing-method,reviewed_structural,DECODE-specific concept retained as a stable reviewed anchor. Its source topology is preserved; no H2KG synonym or new public term was asserted.
Diffusion coefficients of species,LRE,device,3,adsorbate-surface-diffusion-on-electrocatalyst-support; diffusion-theory; hierarchical-model-for-electrocatalytic-reactions,Property,https://w3id.org/h2kg/hydrogen-ontology#Property,physical_or_derived_property,reviewed_decode_anchor,reviewed_decode,https://w3id.org/h2kg/decode/workflow/anchor/diffusion-coefficients-of-species-lre,reviewed_structural,DECODE-specific concept retained as a stable reviewed anchor. Its source topology is preserved; no H2KG synonym or new public term was asserted.
Diffusion layer thickness,LRE,device,2,diffusion-theory; hierarchical-model-for-electrocatalytic-reactions,Property,https://w3id.org/h2kg/hydrogen-ontology#Property,physical_or_derived_property,reviewed_decode_anchor,reviewed_decode,https://w3id.org/h2kg/decode/workflow/anchor/diffusion-layer-thickness-lre,reviewed_structural,DECODE-specific concept retained as a stable reviewed anchor. Its source topology is preserved; no H2KG synonym or new public term was asserted.
Diffusion Theory,,model,7,diffusion-theory; hierarchical-model-for-electrocatalytic-reactions; rde-on-mono-or-polycrystalline-electrodes; rde-simulation-in-comsol; rrde-on-model-electrodes-in-acidic-solutions; rrde-on-model-electrodes-in-alkaline-solutions; rrde-simulation-in-comsol,Property,https://w3id.org/h2kg/hydrogen-ontology#Property,physical_or_derived_property,reviewed_decode_anchor,reviewed_decode,https://w3id.org/h2kg/decode/workflow/anchor/diffusion-theory-model,reviewed_structural,DECODE-specific concept retained as a stable reviewed anchor. Its source topology is preserved; no H2KG synonym or new public term was asserted.
Diffusivities from tortuosities,,method,22,0d-particle-population-degradation-model-coupled-with-performance-model-prediction; 0d-particle-population-degradation-model-coupled-with-performance-model-prediction-without-fitting-methods; current-modulated-hydrogen-flow-rate-spectroscopy-ch2s; diffusivities-from-tortuosities; fib-measurements-on-gdl-or-mpl-and-catalyst-materials; fitting-of-the-europium-model; gdl-compressability; hg-porosimetry-gdl; iet-1d-mea-with-water-transport-eis-model; iet-1d-mea-with-water-transport-in-ccl-eis-model; iet-1d-performance-model-for-mea-prediction; image-based-ccl-effective-transport-property-computation-from-numerical-simulations; image-fib-tomography-dataparameter-extraction-3d; image-parameter-extraction-2d; image-x-ray-tomography-data-parameter-extraction-3d; microscopy-sem-and-optical-in-mea-cross-section; mpl-parameter-estimation-from-gdl-and-substrate-data; sem-and-edx; sem-and-fib-layer; simulation-of-single-phase-3d-apparent-properties; simulation-of-two-phase-3d-apparent-properties; voxel-based-3d-effective-diffusivity-simulation,Process,https://w3id.org/h2kg/hydrogen-ontology#Process,diffusivity_derivation_is_process,reviewed_decode_anchor,reviewed_decode,https://w3id.org/h2kg/decode/workflow/anchor/diffusivities-from-tortuosities-method,reviewed_structural,DECODE-specific concept retained as a stable reviewed anchor. Its source topology is preserved; no H2KG synonym or new public term was asserted.
dip-and-pull operando/in-situ XPS,,method,6,ab-initio-molecular-dynamics-aimd-of-the-solid-liquid-interface-at-a-pt-electrode; density-potential-functional-theory-applied-to-supported-electrocatalysts; dft-onto-idealized-surfaces; dip-and-pull-operando-or-in-situ-xps; molecular-dynamics-for-the-electrode-electrolyte-interface-in-presence-of-ionomer; molecular-dynamics-for-the-electrode-electrolyte-interface-metalwalls,Measurement,https://w3id.org/h2kg/hydrogen-ontology#Measurement,method_visual_default,reviewed_decode_anchor,reviewed_decode,https://w3id.org/h2kg/decode/workflow/anchor/dip-and-pull-operando-in-situ-xps-method,reviewed_structural,DECODE-specific concept retained as a stable reviewed anchor. Its source topology is preserved; no H2KG synonym or new public term was asserted.
Distribution of contact angles in CCL FIB-SEM image from ionomer reconstruction,,method,12,cea-mea-model-europium-2d; determination-of-cl-saturation-by-saxs-or-sans; distribution-of-contact-angles-in-ccl-fib-sem-image-from-ionomer-reconstruction; electron-tomography-for-pt-c-and-ionomer-distribution-in-cl; fitting-of-the-europium-model; high-resolution-electron-tomography-for-accessing-pt-and-ionomer-distribution-on-carbon-aggregate; iet-1d-mea-with-water-transport-eis-model; iet-1d-mea-with-water-transport-in-ccl-eis-model; iet-1d-performance-model-for-mea-prediction; image-classification-on-tem-data; inpt-cl-process-model; ionomer-reconstruction-in-ccl-3d-images,Process,https://w3id.org/h2kg/hydrogen-ontology#Process,workflow_or_analysis,reviewed_decode_anchor,reviewed_decode,https://w3id.org/h2kg/decode/workflow/anchor/distribution-of-contact-angles-in-ccl-fib-sem-image-from-ionomer-reconstruction-method,reviewed_structural,DECODE-specific concept retained as a stable reviewed anchor. Its source topology is preserved; no H2KG synonym or new public term was asserted.
Dropcasted Ink on GC Tips,,method,5,accelerated-stress-test-ast-on-nanostructured-electrodes; dropcasted-ink-on-gc-tips; eis-on-nanostructured-electrodes; impregnation-by-immersion-and-blade-coating; rde-on-nanostructured-electrodes,Manufacturing,https://w3id.org/h2kg/hydrogen-ontology#Manufacturing,dropcasted_ink_is_manufacturing,reviewed_decode_anchor,reviewed_decode,https://w3id.org/h2kg/decode/workflow/anchor/dropcasted-ink-on-gc-tips-method,reviewed_structural,DECODE-specific concept retained as a stable reviewed anchor. Its source topology is preserved; no H2KG synonym or new public term was asserted.
ECSA,component,component,3,cea-mea-model-europium-2d; differential-cell-testing; fitting-of-the-europium-model,Property,https://w3id.org/h2kg/hydrogen-ontology#Property,explicit_mapping,strict_alt_label,approved_h2kg,https://w3id.org/h2kg/hydrogen-ontology#ElectrochemicallyActiveSurfaceArea,high,Reviewed standard abbreviation for electrochemically active surface area.
ECSA (aged),component,component,5,0d-particle-population-degradation-model-coupled-with-performance-model-fitting; 0d-particle-population-degradation-model-coupled-with-performance-model-prediction; 0d-particle-population-degradation-model-coupled-with-performance-model-prediction-without-fitting-methods; 0d-particle-population-degradation-model-fitting; 0d-particle-population-degradation-model-prediction,Matter,https://w3id.org/h2kg/hydrogen-ontology#Matter,component_category_default,reviewed_decode_anchor,reviewed_decode,https://w3id.org/h2kg/decode/workflow/anchor/ecsa-aged-component,reviewed_structural,DECODE-specific concept retained as a stable reviewed anchor. Its source topology is preserved; no H2KG synonym or new public term was asserted.
Effective size of solvated ions,LRE,device,3,density-potential-functional-theory-applied-to-supported-electrocatalysts; hierarchical-model-for-electrocatalytic-reactions; molecular-dynamics-for-the-electrode-electrolyte-interface-metalwalls,Property,https://w3id.org/h2kg/hydrogen-ontology#Property,lre_category_default,reviewed_decode_anchor,reviewed_decode,https://w3id.org/h2kg/decode/workflow/anchor/effective-size-of-solvated-ions-lre,reviewed_structural,DECODE-specific concept retained as a stable reviewed anchor. Its source topology is preserved; no H2KG synonym or new public term was asserted.
EIS on nanostructured electrodes,,method,8,dropcasted-ink-on-gc-tips; eis-on-nanostructured-electrodes; image-fib-tomography-dataparameter-extraction-3d; image-parameter-extraction-2d,Property,https://w3id.org/h2kg/hydrogen-ontology#Property,physical_or_derived_property,reviewed_decode_anchor,reviewed_decode,https://w3id.org/h2kg/decode/workflow/anchor/eis-on-nanostructured-electrodes-method,reviewed_structural,DECODE-specific concept retained as a stable reviewed anchor. Its source topology is preserved; no H2KG synonym or new public term was asserted.
EIS on PEWE cells,,method,3,eis-on-pewe-cells; fitting-of-the-europium-model; iet-1d-performance-model-for-mea-fitting,Measurement,https://w3id.org/h2kg/hydrogen-ontology#Measurement,eis_on_pewe_is_measurement,reviewed_decode_anchor,reviewed_decode,https://w3id.org/h2kg/decode/workflow/anchor/eis-on-pewe-cells-method,reviewed_structural,DECODE-specific concept retained as a stable reviewed anchor. Its source topology is preserved; no H2KG synonym or new public term was asserted.
Electrical conductivity,,method,16,cea-mea-model-europium-2d; electrical-conductivity; fitting-of-the-europium-model; gdl-compressability; image-parameter-extraction-2d; image-x-ray-tomography-data-parameter-extraction-3d; impregnation-by-immersion-and-blade-coating; microscopy-sem-and-optical-in-mea-cross-section; mpl-parameter-estimation-from-gdl-and-substrate-data; sem-and-edx; sem-and-fib-layer,Property,https://w3id.org/h2kg/hydrogen-ontology#Property,physical_or_derived_property,reviewed_decode_anchor,reviewed_decode,https://w3id.org/h2kg/decode/workflow/anchor/electrical-conductivity-method,reviewed_structural,DECODE-specific concept retained as a stable reviewed anchor. Its source topology is preserved; no H2KG synonym or new public term was asserted.
Electrical contact resistance,,method,16,cea-mea-model-europium-2d; electrical-contact-resistance; fitting-of-the-europium-model; gdl-compressability; image-parameter-extraction-2d; image-x-ray-tomography-data-parameter-extraction-3d; impregnation-by-immersion-and-blade-coating; microscopy-sem-and-optical-in-mea-cross-section; mpl-parameter-estimation-from-gdl-and-substrate-data; sem-and-edx; sem-and-fib-layer,Property,https://w3id.org/h2kg/hydrogen-ontology#Property,physical_or_derived_property,reviewed_decode_anchor,reviewed_decode,https://w3id.org/h2kg/decode/workflow/anchor/electrical-contact-resistance-method,reviewed_structural,DECODE-specific concept retained as a stable reviewed anchor. Its source topology is preserved; no H2KG synonym or new public term was asserted.
Electrical TLM characterization of a GDL with defined compression,,method,16,cea-mea-model-europium-2d; electrical-tlm-characterization-of-a-gdl-with-defined-compression; fitting-of-the-europium-model; gdl-compressability; image-parameter-extraction-2d; image-x-ray-tomography-data-parameter-extraction-3d; impregnation-by-immersion-and-blade-coating; microscopy-sem-and-optical-in-mea-cross-section; mpl-parameter-estimation-from-gdl-and-substrate-data; sem-and-edx; sem-and-fib-layer,Measurement,https://w3id.org/h2kg/hydrogen-ontology#Measurement,method_visual_default,reviewed_decode_anchor,reviewed_decode,https://w3id.org/h2kg/decode/workflow/anchor/electrical-tlm-characterization-of-a-gdl-with-defined-compression-method,reviewed_structural,DECODE-specific concept retained as a stable reviewed anchor. Its source topology is preserved; no H2KG synonym or new public term was asserted.
Electrocatalyst structure,material,material,2,image-tem-data-parameter-extraction-3d; sem-and-fib-powder,Property,https://w3id.org/h2kg/hydrogen-ontology#Property,physical_or_derived_property,reviewed_decode_anchor,reviewed_decode,https://w3id.org/h2kg/decode/workflow/anchor/electrocatalyst-structure-material,reviewed_structural,DECODE-specific concept retained as a stable reviewed anchor. Its source topology is preserved; no H2KG synonym or new public term was asserted.
Electrochemical protocol,device,device,1,rotating-ring-disk-electrode-rrde,Process,https://w3id.org/h2kg/hydrogen-ontology#Process,workflow_or_analysis,reviewed_decode_anchor,reviewed_decode,https://w3id.org/h2kg/decode/workflow/anchor/electrochemical-protocol-device,reviewed_structural,DECODE-specific concept retained as a stable reviewed anchor. Its source topology is preserved; no H2KG synonym or new public term was asserted.
Electrode chemistry,material,material,10,ab-initio-molecular-dynamics-aimd-of-the-solid-liquid-interface-at-a-pt-electrode; density-potential-functional-theory-applied-to-supported-electrocatalysts; dft-onto-idealized-surfaces; dip-and-pull-operando-or-in-situ-xps; irras-operando-or-in-situ-ftir; molecular-dynamics-for-the-electrode-electrolyte-interface-in-presence-of-ionomer; molecular-dynamics-for-the-electrode-electrolyte-interface-metalwalls; operando-or-in-situ-xas-photon-out; operando-saxs-or-waxs-small-or-wide-angle-x-ray-spectroscopy; thin-windows-operando-or-in-situ-xps,Property,https://w3id.org/h2kg/hydrogen-ontology#Property,electrode_chemistry_is_property,reviewed_decode_anchor,reviewed_decode,https://w3id.org/h2kg/decode/workflow/anchor/electrode-chemistry-material,reviewed_structural,DECODE-specific concept retained as a stable reviewed anchor. Its source topology is preserved; no H2KG synonym or new public term was asserted.
Electrode morphology,material,material,9,ab-initio-molecular-dynamics-aimd-of-the-solid-liquid-interface-at-a-pt-electrode; density-potential-functional-theory-applied-to-supported-electrocatalysts; dft-onto-idealized-surfaces; dip-and-pull-operando-or-in-situ-xps; molecular-dynamics-for-the-electrode-electrolyte-interface-in-presence-of-ionomer; molecular-dynamics-for-the-electrode-electrolyte-interface-metalwalls; operando-or-in-situ-xas-photon-out; operando-saxs-or-waxs-small-or-wide-angle-x-ray-spectroscopy; thin-windows-operando-or-in-situ-xps,Property,https://w3id.org/h2kg/hydrogen-ontology#Property,physical_or_derived_property,reviewed_decode_anchor,reviewed_decode,https://w3id.org/h2kg/decode/workflow/anchor/electrode-morphology-material,reviewed_structural,DECODE-specific concept retained as a stable reviewed anchor. Its source topology is preserved; no H2KG synonym or new public term was asserted.
Electrode physics,material,material,1,density-potential-functional-theory-applied-to-supported-electrocatalysts,Property,https://w3id.org/h2kg/hydrogen-ontology#Property,electrode_physics_is_property,reviewed_decode_anchor,reviewed_decode,https://w3id.org/h2kg/decode/workflow/anchor/electrode-physics-material,reviewed_structural,DECODE-specific concept retained as a stable reviewed anchor. Its source topology is preserved; no H2KG synonym or new public term was asserted.
Electrodeposition precursors,material,material,1,transparent-electrodes-for-clsm-applications,Matter,https://w3id.org/h2kg/hydrogen-ontology#Matter,electrodeposition_precursors_are_matter,reviewed_decode_anchor,reviewed_decode,https://w3id.org/h2kg/decode/workflow/anchor/electrodeposition-precursors-material,reviewed_structural,DECODE-specific concept retained as a stable reviewed anchor. Its source topology is preserved; no H2KG synonym or new public term was asserted.
Electrolyte,material,material,22,accelerated-stress-test-ast-on-nanostructured-electrodes; confocal-laser-scanning-microscope-clsm-and-fluorescent-probes-for-local-ph-assessment-in-acidic-med; confocal-laser-scanning-microscope-clsm-and-fluorescent-probes-for-local-ph-assessment-in-acidic-med2; confocal-laser-scanning-microscope-clsm-and-fluorescent-probes-for-local-ph-assessment-in-alkaline-m; confocal-laser-scanning-microscope-clsm-and-fluorescent-probes-for-local-ph-assessment-in-alkaline-m2; development-of-a-zero-gap-cell-for-gde-based-spectrocopy-measurement; dip-and-pull-operando-or-in-situ-xps; eis-on-nanostructured-electrodes; gde-cell-for-electrochemical-studies; in-situ-fourier-transformed-ir-in-atr-configuration; irras-operando-or-in-situ-ftir; model-electrochemistry-in-a-rde-cell; operando-or-in-situ-xas-photon-out; operando-saxs-or-waxs-small-or-wide-angle-x-ray-spectroscopy; ptl-corrosion-measurement; rde-on-mono-or-polycrystalline-electrodes; rde-on-nanostructured-electrodes; rotating-ring-disk-electrode-rrde; rrde-on-model-electrodes-in-acidic-solutions; rrde-on-model-electrodes-in-alkaline-solutions; thin-windows-operando-or-in-situ-xps; three-electrode-cell-assesement-of-cl-by-xas-xanes-exafs-xrd,Matter,https://w3id.org/h2kg/hydrogen-ontology#Matter,explicit_mapping,new_h2kg_term,approved_h2kg,https://w3id.org/h2kg/hydrogen-ontology#Electrolyte,high,Reusable electrochemical material category promoted after DECODE recurrence review.
Electrolyte composition,material,material,12,ab-initio-molecular-dynamics-aimd-of-the-solid-liquid-interface-at-a-pt-electrode; accelerated-stress-test-ast-on-nanostructured-electrodes; density-potential-functional-theory-applied-to-supported-electrocatalysts; diffusion-theory; eis-on-nanostructured-electrodes; hierarchical-model-for-electrocatalytic-reactions; model-electrochemistry-in-a-rde-cell; molecular-dynamics-for-the-electrode-electrolyte-interface-metalwalls; rde-simulation-in-comsol; rotating-ring-disk-electrode-rrde; rrde-simulation-in-comsol; rrde-theory,Matter,https://w3id.org/h2kg/hydrogen-ontology#Matter,material_category_default,reviewed_decode_anchor,reviewed_decode,https://w3id.org/h2kg/decode/workflow/anchor/electrolyte-composition,unreviewed,Reviewed recurring DECODE material descriptor anchor pending a domain-specific H2KG alignment decision.
Electrolyte flow rate,device,device,1,in-situ-fourier-transformed-ir-in-atr-configuration,Parameter,https://w3id.org/h2kg/hydrogen-ontology#Parameter,operating_or_geometric_parameter,reviewed_decode_anchor,reviewed_decode,https://w3id.org/h2kg/decode/workflow/anchor/electrolyte-flow-rate-device,reviewed_structural,DECODE-specific concept retained as a stable reviewed anchor. Its source topology is preserved; no H2KG synonym or new public term was asserted.
Electrolyte pH,material,material,1,ptl-corrosion-measurement,Property,https://w3id.org/h2kg/hydrogen-ontology#Property,physical_or_derived_property,reviewed_decode_anchor,reviewed_decode,https://w3id.org/h2kg/decode/workflow/anchor/electrolyte-ph-material,reviewed_structural,DECODE-specific concept retained as a stable reviewed anchor. Its source topology is preserved; no H2KG synonym or new public term was asserted.
Electrolyte viscosity,material,material,1,adsorbate-surface-diffusion-on-electrocatalyst-support,Matter,https://w3id.org/h2kg/hydrogen-ontology#Matter,material_category_default,reviewed_decode_anchor,reviewed_decode,https://w3id.org/h2kg/decode/workflow/anchor/electrolyte-viscosity-material,reviewed_structural,DECODE-specific concept retained as a stable reviewed anchor. Its source topology is preserved; no H2KG synonym or new public term was asserted.
"Electron tomography for Pt, C and ionomer distribution in CL",,method,8,blade-coating-and-decal-transfer-for-ref-pefc-ccm; distribution-of-contact-angles-in-ccl-fib-sem-image-from-ionomer-reconstruction; electron-tomography-for-pt-c-and-ionomer-distribution-in-cl; electrospray-deposition-of-catalyst-layers; image-based-ccl-effective-transport-property-computation-from-numerical-simulations; image-classification-on-tem-data; image-tem-data-parameter-extraction-3d; ultrasonic-spray-deposition-for-catalytic-layers,Measurement,https://w3id.org/h2kg/hydrogen-ontology#Measurement,method_visual_default,reviewed_decode_anchor,reviewed_decode,https://w3id.org/h2kg/decode/workflow/anchor/electron-tomography-for-pt-c-and-ionomer-distribution-in-cl-method,reviewed_structural,DECODE-specific concept retained as a stable reviewed anchor. Its source topology is preserved; no H2KG synonym or new public term was asserted.
Electrospray DC voltage,process,other,1,electrospray-deposition-of-catalyst-layers,Parameter,https://w3id.org/h2kg/hydrogen-ontology#Parameter,electrospray_dc_voltage_is_parameter,reviewed_decode_anchor,reviewed_decode,https://w3id.org/h2kg/decode/workflow/anchor/electrospray-dc-voltage-process,reviewed_structural,DECODE-specific concept retained as a stable reviewed anchor. Its source topology is preserved; no H2KG synonym or new public term was asserted.
Electrospray deposition of Catalyst Layers,,process,39,confocal-laser-scanning-microscope-clsm-and-fluorescent-probes-for-local-ph-assessment-in-acidic-med2; confocal-laser-scanning-microscope-clsm-and-fluorescent-probes-for-local-ph-assessment-in-alkaline-m2; determination-of-cl-saturation-by-saxs-or-sans; development-of-a-zero-gap-cell-for-gde-based-spectrocopy-measurement; electron-tomography-for-pt-c-and-ionomer-distribution-in-cl; electrospray-deposition-of-catalyst-layers; fib-measurements-on-gdl-or-mpl-and-catalyst-materials; fib-sem-on-cl-material; gde-cell-for-electrochemical-studies; high-resolution-electron-tomography-for-accessing-pt-and-ionomer-distribution-on-carbon-aggregate; impregnation-by-immersion-and-blade-coating; ink-preparation-for-deposition-of-catalytic-layers; mea-assembly-for-pefc-ref-mea; mechanical-properties-of-catalyst-layers-gdls-and-meas-by-small-punch-and-nanoindentation; mpl-saturation-determination-from-x-ray-ct-data; neutron-imaging; pulsed-gas-analysis; roller-mixer-and-zirconia-beads-for-ref-pefc-inks; rotating-ring-disk-electrode-rrde; sem-and-fib-layer; sheet-resistance-measurement; tem-and-eds-analysis-of-mea; three-electrode-cell-assesement-of-cl-by-xas-xanes-exafs-xrd,Manufacturing,https://w3id.org/h2kg/hydrogen-ontology#Manufacturing,physical_manufacturing_workflow,reviewed_decode_anchor,reviewed_decode,https://w3id.org/h2kg/decode/workflow/anchor/electrospray-deposition-of-catalyst-layers-process,reviewed_structural,DECODE-specific concept retained as a stable reviewed anchor. Its source topology is preserved; no H2KG synonym or new public term was asserted.
Electrospray needle to substrate distance,process,other,1,electrospray-deposition-of-catalyst-layers,Property,https://w3id.org/h2kg/hydrogen-ontology#Property,physical_or_derived_property,reviewed_decode_anchor,reviewed_decode,https://w3id.org/h2kg/decode/workflow/anchor/electrospray-needle-to-substrate-distance-process,reviewed_structural,DECODE-specific concept retained as a stable reviewed anchor. Its source topology is preserved; no H2KG synonym or new public term was asserted.
Electrospray scan rate,process,other,1,electrospray-deposition-of-catalyst-layers,Parameter,https://w3id.org/h2kg/hydrogen-ontology#Parameter,operating_or_geometric_parameter,reviewed_decode_anchor,reviewed_decode,https://w3id.org/h2kg/decode/workflow/anchor/electrospray-scan-rate-process,reviewed_structural,DECODE-specific concept retained as a stable reviewed anchor. Its source topology is preserved; no H2KG synonym or new public term was asserted.
EoT RDE electrochemical response (nanostructured),component,component,1,accelerated-stress-test-ast-on-nanostructured-electrodes,Data,https://w3id.org/h2kg/hydrogen-ontology#Data,data_product,reviewed_decode_anchor,reviewed_decode,https://w3id.org/h2kg/decode/workflow/anchor/eot-rde-electrochemical-response-nanostructured-component,reviewed_structural,DECODE-specific concept retained as a stable reviewed anchor. Its source topology is preserved; no H2KG synonym or new public term was asserted.
EXAFS spectra,component,component,2,development-of-a-zero-gap-cell-for-gde-based-spectrocopy-measurement; three-electrode-cell-assesement-of-cl-by-xas-xanes-exafs-xrd,Data,https://w3id.org/h2kg/hydrogen-ontology#Data,data_product,reviewed_decode_anchor,reviewed_decode,https://w3id.org/h2kg/decode/workflow/anchor/exafs-spectra-component,reviewed_structural,DECODE-specific concept retained as a stable reviewed anchor. Its source topology is preserved; no H2KG synonym or new public term was asserted.
External contact angle of a GDL,,method,2,external-contact-angle-of-a-gdl; impregnation-by-immersion-and-blade-coating,Property,https://w3id.org/h2kg/hydrogen-ontology#Property,physical_or_derived_property,reviewed_decode_anchor,reviewed_decode,https://w3id.org/h2kg/decode/workflow/anchor/external-contact-angle-of-a-gdl-method,reviewed_structural,DECODE-specific concept retained as a stable reviewed anchor. Its source topology is preserved; no H2KG synonym or new public term was asserted.
FIB measurements on GDL/MPL and catalyst materials.,,method,73,0d-particle-population-degradation-model-coupled-with-performance-model-fitting; blade-coating-and-decal-transfer-for-ref-pefc-ccm; cea-mea-model-europium-2d; cl-for-rde; current-modulated-hydrogen-flow-rate-spectroscopy-ch2s; differential-cell-testing; diffusivities-from-tortuosities; electrospray-deposition-of-catalyst-layers; fib-measurements-on-gdl-or-mpl-and-catalyst-materials; fitting-of-the-europium-model; iet-1d-mea-with-water-transport-eis-model; iet-1d-mea-with-water-transport-in-ccl-eis-model; iet-1d-performance-model-for-mea-fitting; iet-1d-performance-model-for-mea-prediction; image-classification-of-fib-tomography-data; image-classification-on-nm-scale; impregnation-by-immersion-and-blade-coating; ultrasonic-spray-deposition-for-catalytic-layers,Measurement,https://w3id.org/h2kg/hydrogen-ontology#Measurement,method_visual_default,reviewed_decode_anchor,reviewed_decode,https://w3id.org/h2kg/decode/workflow/anchor/fib-measurements-on-gdl-mpl-and-catalyst-materials-method,reviewed_structural,DECODE-specific concept retained as a stable reviewed anchor. Its source topology is preserved; no H2KG synonym or new public term was asserted.
FIB-SEM on CL material,,method,14,ai-based-generation-of-structural-digital-twins-of-multi-scale-tomographies; blade-coating-and-decal-transfer-for-ref-pefc-ccm; electrospray-deposition-of-catalyst-layers; fib-sem-on-cl-material; image-classification-of-fib-tomography-data; image-classification-on-nm-scale; image-fib-tomography-dataparameter-extraction-3d; ionomer-reconstruction-in-ccl-3d-images; ultrasonic-spray-deposition-for-catalytic-layers; voxel-based-3d-effective-diffusivity-simulation; voxel-based-3d-electric-conductiviy-simulation; voxel-based-3d-permability-simulation; voxel-based-3d-thermal-conductivity-simulation; water-retention-curve-simulation,Measurement,https://w3id.org/h2kg/hydrogen-ontology#Measurement,method_visual_default,existing_h2kg_mapping,approved_h2kg,https://w3id.org/h2kg/hydrogen-ontology#FIBSEMTomographyMeasurement,unreviewed,Reviewed method mapping to the public H2KG FIB-SEM tomography measurement anchor.
Fitting of the Europium model,,model,41,0d-particle-population-degradation-model-coupled-with-performance-model-prediction; 0d-particle-population-degradation-model-coupled-with-performance-model-prediction-without-fitting-methods; cea-mea-model-europium-2d; ct-based-capillary-pressure-saturation-curves; current-modulated-hydrogen-flow-rate-spectroscopy-ch2s; data-extraction-from-existing-pewe-measurements-u-i-t; determination-of-cl-saturation-by-saxs-or-sans; differential-cell-testing; diffusivities-from-tortuosities; distribution-of-contact-angles-in-ccl-fib-sem-image-from-ionomer-reconstruction; eis-on-pewe-cells; electrical-conductivity; electrical-contact-resistance; electrical-tlm-characterization-of-a-gdl-with-defined-compression; fib-measurements-on-gdl-or-mpl-and-catalyst-materials; fitting-of-the-europium-model; gas-permeability-of-a-gdl-with-defined-compression; gdl-compressability; hg-porosimetry-gdl; iet-1d-mea-with-water-transport-eis-model; iet-1d-mea-with-water-transport-in-ccl-eis-model; iet-1d-performance-model-for-mea-fitting; iet-1d-performance-model-for-mea-prediction; iet-composition-to-property-model; iet-ink-to-composition-model; image-based-ccl-effective-transport-property-computation-from-numerical-simulations; image-fib-tomography-dataparameter-extraction-3d; image-parameter-extraction-2d; image-x-ray-tomography-data-parameter-extraction-3d; microscopy-sem-and-optical-in-mea-cross-section; mpl-parameter-estimation-from-gdl-and-substrate-data; pulsed-gas-analysis; sem-and-edx; sem-and-fib-layer; simulation-of-single-phase-3d-apparent-properties; simulation-of-two-phase-3d-apparent-properties; voxel-based-3d-effective-diffusivity-simulation; voxel-based-3d-electric-conductiviy-simulation; voxel-based-3d-permability-simulation; voxel-based-3d-thermal-conductivity-simulation; water-retention-curve-simulation,Process,https://w3id.org/h2kg/hydrogen-ontology#Process,workflow_or_analysis,reviewed_decode_anchor,reviewed_decode,https://w3id.org/h2kg/decode/workflow/anchor/fitting-of-the-europium-model-model,reviewed_structural,DECODE-specific concept retained as a stable reviewed anchor. Its source topology is preserved; no H2KG synonym or new public term was asserted.
Fitting Version of the Hierachical Model,,model,22,confocal-laser-scanning-microscope-clsm-and-fluorescent-probes-for-local-ph-assessment-in-acidic-med; confocal-laser-scanning-microscope-clsm-and-fluorescent-probes-for-local-ph-assessment-in-alkaline-m; dft-onto-idealized-surfaces; fitting-version-of-the-hierachical-model; hierarchical-model-for-electrocatalytic-reactions; rde-on-mono-or-polycrystalline-electrodes; rde-simulation-in-comsol; rrde-on-model-electrodes-in-acidic-solutions; rrde-on-model-electrodes-in-alkaline-solutions; rrde-simulation-in-comsol; rrde-theory,Process,https://w3id.org/h2kg/hydrogen-ontology#Process,workflow_or_analysis,reviewed_decode_anchor,reviewed_decode,https://w3id.org/h2kg/decode/workflow/anchor/fitting-version-of-the-hierachical-model-model,reviewed_structural,DECODE-specific concept retained as a stable reviewed anchor. Its source topology is preserved; no H2KG synonym or new public term was asserted.
Flow-field geometry,device,device,5,cea-mea-model-europium-2d; current-modulated-hydrogen-flow-rate-spectroscopy-ch2s; determination-of-cl-saturation-by-saxs-or-sans; fitting-of-the-europium-model; mpl-saturation-determination-from-x-ray-ct-data,Parameter,https://w3id.org/h2kg/hydrogen-ontology#Parameter,operating_or_geometric_parameter,reviewed_decode_anchor,reviewed_decode,https://w3id.org/h2kg/decode/workflow/anchor/flow-field-geometry-device,reviewed_structural,DECODE-specific concept retained as a stable reviewed anchor. Its source topology is preserved; no H2KG synonym or new public term was asserted.
Gas permeability of a GDL with defined compression,,method,16,cea-mea-model-europium-2d; fitting-of-the-europium-model; gas-permeability-of-a-gdl-with-defined-compression; gdl-compressability; image-parameter-extraction-2d; image-x-ray-tomography-data-parameter-extraction-3d; impregnation-by-immersion-and-blade-coating; microscopy-sem-and-optical-in-mea-cross-section; mpl-parameter-estimation-from-gdl-and-substrate-data; sem-and-edx; sem-and-fib-layer,Property,https://w3id.org/h2kg/hydrogen-ontology#Property,physical_or_derived_property,reviewed_decode_anchor,reviewed_decode,https://w3id.org/h2kg/decode/workflow/anchor/gas-permeability-of-a-gdl-with-defined-compression-method,reviewed_structural,DECODE-specific concept retained as a stable reviewed anchor. Its source topology is preserved; no H2KG synonym or new public term was asserted.
GDE,component,component,5,confocal-laser-scanning-microscope-clsm-and-fluorescent-probes-for-local-ph-assessment-in-acidic-med2; confocal-laser-scanning-microscope-clsm-and-fluorescent-probes-for-local-ph-assessment-in-alkaline-m2; electrospray-deposition-of-catalyst-layers; gde-catalytic-layer-preparation; gde-cell-for-electrochemical-studies,Matter,https://w3id.org/h2kg/hydrogen-ontology#Matter,component_category_default,reviewed_decode_anchor,reviewed_decode,https://w3id.org/h2kg/decode/workflow/anchor/gde-component,reviewed_structural,DECODE-specific concept retained as a stable reviewed anchor. Its source topology is preserved; no H2KG synonym or new public term was asserted.
GDE Catalytic Layer Preparation,,process,5,confocal-laser-scanning-microscope-clsm-and-fluorescent-probes-for-local-ph-assessment-in-acidic-med2; confocal-laser-scanning-microscope-clsm-and-fluorescent-probes-for-local-ph-assessment-in-alkaline-m2; gde-catalytic-layer-preparation; gde-cell-for-electrochemical-studies; impregnation-by-immersion-and-blade-coating,Manufacturing,https://w3id.org/h2kg/hydrogen-ontology#Manufacturing,physical_manufacturing_workflow,reviewed_decode_anchor,reviewed_decode,https://w3id.org/h2kg/decode/workflow/anchor/gde-catalytic-layer-preparation-process,reviewed_structural,DECODE-specific concept retained as a stable reviewed anchor. Its source topology is preserved; no H2KG synonym or new public term was asserted.
GDE cell for electrochemical studies,,method,9,electrospray-deposition-of-catalyst-layers; gde-catalytic-layer-preparation; gde-cell-for-electrochemical-studies; impregnation-by-immersion-and-blade-coating,Instrument,https://w3id.org/h2kg/hydrogen-ontology#Instrument,apparatus_or_electrode,reviewed_decode_anchor,reviewed_decode,https://w3id.org/h2kg/decode/workflow/anchor/gde-cell-for-electrochemical-studies-method,reviewed_structural,DECODE-specific concept retained as a stable reviewed anchor. Its source topology is preserved; no H2KG synonym or new public term was asserted.
GDE EIS,component,component,1,transmission-line-model-fitting-of-cl-eis-patterns-for-components-distribution,Data,https://w3id.org/h2kg/hydrogen-ontology#Data,data_product,reviewed_decode_anchor,reviewed_decode,https://w3id.org/h2kg/decode/workflow/anchor/gde-eis-component,reviewed_structural,DECODE-specific concept retained as a stable reviewed anchor. Its source topology is preserved; no H2KG synonym or new public term was asserted.
GDE EIS (catalyst-free),component,component,1,transmission-line-model-fitting-of-cl-eis-patterns-for-components-distribution,Data,https://w3id.org/h2kg/hydrogen-ontology#Data,data_product,reviewed_decode_anchor,reviewed_decode,https://w3id.org/h2kg/decode/workflow/anchor/gde-eis-catalyst-free-component,reviewed_structural,DECODE-specific concept retained as a stable reviewed anchor. Its source topology is preserved; no H2KG synonym or new public term was asserted.
GDE EIS (ionomer-free),component,component,1,transmission-line-model-fitting-of-cl-eis-patterns-for-components-distribution,Data,https://w3id.org/h2kg/hydrogen-ontology#Data,data_product,reviewed_decode_anchor,reviewed_decode,https://w3id.org/h2kg/decode/workflow/anchor/gde-eis-ionomer-free-component,reviewed_structural,DECODE-specific concept retained as a stable reviewed anchor. Its source topology is preserved; no H2KG synonym or new public term was asserted.
GDE electrochemical protocol,component,component,3,development-of-a-zero-gap-cell-for-gde-based-spectrocopy-measurement; gde-cell-for-electrochemical-studies; three-electrode-cell-assesement-of-cl-by-xas-xanes-exafs-xrd,Process,https://w3id.org/h2kg/hydrogen-ontology#Process,workflow_or_analysis,reviewed_decode_anchor,reviewed_decode,https://w3id.org/h2kg/decode/workflow/anchor/gde-electrochemical-protocol-component,reviewed_structural,DECODE-specific concept retained as a stable reviewed anchor. Its source topology is preserved; no H2KG synonym or new public term was asserted.
GDE electrochemical response,component,component,3,development-of-a-zero-gap-cell-for-gde-based-spectrocopy-measurement; gde-cell-for-electrochemical-studies; three-electrode-cell-assesement-of-cl-by-xas-xanes-exafs-xrd,Data,https://w3id.org/h2kg/hydrogen-ontology#Data,data_product,reviewed_decode_anchor,reviewed_decode,https://w3id.org/h2kg/decode/workflow/anchor/gde-electrochemical-response-component,reviewed_structural,DECODE-specific concept retained as a stable reviewed anchor. Its source topology is preserved; no H2KG synonym or new public term was asserted.
GDE gas flow rate,component,component,1,gde-cell-for-electrochemical-studies,Parameter,https://w3id.org/h2kg/hydrogen-ontology#Parameter,operating_or_geometric_parameter,reviewed_decode_anchor,reviewed_decode,https://w3id.org/h2kg/decode/workflow/anchor/gde-gas-flow-rate-component,reviewed_structural,DECODE-specific concept retained as a stable reviewed anchor. Its source topology is preserved; no H2KG synonym or new public term was asserted.
GDE RH,component,component,1,gde-cell-for-electrochemical-studies,Matter,https://w3id.org/h2kg/hydrogen-ontology#Matter,component_category_default,reviewed_decode_anchor,reviewed_decode,https://w3id.org/h2kg/decode/workflow/anchor/gde-rh-component,reviewed_structural,DECODE-specific concept retained as a stable reviewed anchor. Its source topology is preserved; no H2KG synonym or new public term was asserted.
GDE temperature,component,component,3,confocal-laser-scanning-microscope-clsm-and-fluorescent-probes-for-local-ph-assessment-in-acidic-med2; confocal-laser-scanning-microscope-clsm-and-fluorescent-probes-for-local-ph-assessment-in-alkaline-m2; gde-cell-for-electrochemical-studies,Parameter,https://w3id.org/h2kg/hydrogen-ontology#Parameter,operating_or_geometric_parameter,reviewed_decode_anchor,reviewed_decode,https://w3id.org/h2kg/decode/workflow/anchor/gde-temperature-component,reviewed_structural,DECODE-specific concept retained as a stable reviewed anchor. Its source topology is preserved; no H2KG synonym or new public term was asserted.
GDL,component,component,27,cl-for-rde; contact-angle-extraction-of-ct-data; ct-based-capillary-pressure-saturation-curves; determination-of-cl-saturation-by-saxs-or-sans; dropcasted-ink-on-gc-tips; electrical-conductivity; electrical-contact-resistance; electrical-tlm-characterization-of-a-gdl-with-defined-compression; electrospray-deposition-of-catalyst-layers; external-contact-angle-of-a-gdl; fib-measurements-on-gdl-or-mpl-and-catalyst-materials; gas-permeability-of-a-gdl-with-defined-compression; gde-catalytic-layer-preparation; gde-cell-for-electrochemical-studies; gdl-compressability; hg-porosimetry-gdl; impregnation-by-immersion-and-blade-coating; lab-ct-measurements-on-gdl-or-mpl-materials; mea-assembly-for-pefc-ref-mea; mechanical-properties-of-catalyst-layers-gdls-and-meas-by-small-punch-and-nanoindentation; mpl-saturation-determination-from-x-ray-ct-data; neutron-imaging; pulsed-gas-analysis; sem-and-edx; sem-and-fib-layer; synch-ct-measurements-on-gdl-or-mpl-materials; wilhelmy-wettability-measurement,Matter,https://w3id.org/h2kg/hydrogen-ontology#Matter,component_category_default,existing_h2kg_mapping,approved_h2kg,https://w3id.org/h2kg/hydrogen-ontology#GasDiffusionLayer,unreviewed,Reviewed abbreviation mapping to the established H2KG GDL anchor.
GDL 4D voxel data classified,macrohomogeneous local,data,1,neutron-imaging,Data,https://w3id.org/h2kg/hydrogen-ontology#Data,data_visual_default,reviewed_decode_anchor,reviewed_decode,https://w3id.org/h2kg/decode/workflow/anchor/gdl-4d-voxel-data-classified-macrohomogeneous-local,reviewed_structural,DECODE-specific concept retained as a stable reviewed anchor. Its source topology is preserved; no H2KG synonym or new public term was asserted.
GDL compressability,,method,27,0d-particle-population-degradation-model-coupled-with-performance-model-prediction; 0d-particle-population-degradation-model-coupled-with-performance-model-prediction-without-fitting-methods; cea-mea-model-europium-2d; current-modulated-hydrogen-flow-rate-spectroscopy-ch2s; diffusivities-from-tortuosities; electrical-conductivity; electrical-contact-resistance; electrical-tlm-characterization-of-a-gdl-with-defined-compression; fitting-of-the-europium-model; gas-permeability-of-a-gdl-with-defined-compression; gdl-compressability; iet-1d-mea-with-water-transport-eis-model; iet-1d-mea-with-water-transport-in-ccl-eis-model; iet-1d-performance-model-for-mea-fitting; iet-1d-performance-model-for-mea-prediction; impregnation-by-immersion-and-blade-coating; mpl-parameter-estimation-from-gdl-and-substrate-data,Measurement,https://w3id.org/h2kg/hydrogen-ontology#Measurement,method_visual_default,reviewed_decode_anchor,reviewed_decode,https://w3id.org/h2kg/decode/workflow/anchor/gdl-compressability-method,reviewed_structural,DECODE-specific concept retained as a stable reviewed anchor. Its source topology is preserved; no H2KG synonym or new public term was asserted.
GDL contact resistance vs Au,component,component,1,electrical-tlm-characterization-of-a-gdl-with-defined-compression,Property,https://w3id.org/h2kg/hydrogen-ontology#Property,physical_or_derived_property,reviewed_decode_anchor,reviewed_decode,https://w3id.org/h2kg/decode/workflow/anchor/gdl-contact-resistance-vs-au-component,reviewed_structural,DECODE-specific concept retained as a stable reviewed anchor. Its source topology is preserved; no H2KG synonym or new public term was asserted.
GDL contact resistance vs BPP,component,component,1,electrical-contact-resistance,Property,https://w3id.org/h2kg/hydrogen-ontology#Property,physical_or_derived_property,reviewed_decode_anchor,reviewed_decode,https://w3id.org/h2kg/decode/workflow/anchor/gdl-contact-resistance-vs-bpp-component,reviewed_structural,DECODE-specific concept retained as a stable reviewed anchor. Its source topology is preserved; no H2KG synonym or new public term was asserted.
GDL cross section,component,component,2,microscopy-sem-and-optical-in-mea-cross-section; sem-and-edx,Matter,https://w3id.org/h2kg/hydrogen-ontology#Matter,component_category_default,reviewed_decode_anchor,reviewed_decode,https://w3id.org/h2kg/decode/workflow/anchor/gdl-cross-section-component,reviewed_structural,DECODE-specific concept retained as a stable reviewed anchor. Its source topology is preserved; no H2KG synonym or new public term was asserted.
GDL cross section 2D pixel data containing surface information of element distributions,meso,data,2,image-parameter-extraction-2d; sem-and-edx,Data,https://w3id.org/h2kg/hydrogen-ontology#Data,data_product,reviewed_decode_anchor,reviewed_decode,https://w3id.org/h2kg/decode/workflow/anchor/gdl-cross-section-2d-pixel-data-containing-surface-information-of-element-distributions-meso,reviewed_structural,DECODE-specific concept retained as a stable reviewed anchor. Its source topology is preserved; no H2KG synonym or new public term was asserted.
GDL effective O2 diffusivity,component,component,7,0d-particle-population-degradation-model-coupled-with-performance-model-prediction; 0d-particle-population-degradation-model-coupled-with-performance-model-prediction-without-fitting-methods; diffusivities-from-tortuosities; iet-1d-mea-with-water-transport-eis-model; iet-1d-mea-with-water-transport-in-ccl-eis-model; iet-1d-performance-model-for-mea-fitting; iet-1d-performance-model-for-mea-prediction,Property,https://w3id.org/h2kg/hydrogen-ontology#Property,physical_or_derived_property,reviewed_decode_anchor,reviewed_decode,https://w3id.org/h2kg/decode/workflow/anchor/gdl-effective-o2-diffusivity-component,reviewed_structural,DECODE-specific concept retained as a stable reviewed anchor. Its source topology is preserved; no H2KG synonym or new public term was asserted.
GDL effective vapor diffusivity,component,component,2,diffusivities-from-tortuosities; iet-1d-mea-with-water-transport-eis-model,Property,https://w3id.org/h2kg/hydrogen-ontology#Property,physical_or_derived_property,reviewed_decode_anchor,reviewed_decode,https://w3id.org/h2kg/decode/workflow/anchor/gdl-effective-vapor-diffusivity-component,reviewed_structural,DECODE-specific concept retained as a stable reviewed anchor. Its source topology is preserved; no H2KG synonym or new public term was asserted.
GDL effective water permeability,component,component,1,iet-1d-mea-with-water-transport-eis-model,Property,https://w3id.org/h2kg/hydrogen-ontology#Property,physical_or_derived_property,reviewed_decode_anchor,reviewed_decode,https://w3id.org/h2kg/decode/workflow/anchor/gdl-effective-water-permeability-component,reviewed_structural,DECODE-specific concept retained as a stable reviewed anchor. Its source topology is preserved; no H2KG synonym or new public term was asserted.
GDL external contact angle,component,component,1,external-contact-angle-of-a-gdl,Property,https://w3id.org/h2kg/hydrogen-ontology#Property,physical_or_derived_property,reviewed_decode_anchor,reviewed_decode,https://w3id.org/h2kg/decode/workflow/anchor/gdl-external-contact-angle-component,reviewed_structural,DECODE-specific concept retained as a stable reviewed anchor. Its source topology is preserved; no H2KG synonym or new public term was asserted.
GDL in plane 2D pixel data containing surface information of element distributions,meso,data,1,sem-and-edx,Data,https://w3id.org/h2kg/hydrogen-ontology#Data,data_product,reviewed_decode_anchor,reviewed_decode,https://w3id.org/h2kg/decode/workflow/anchor/gdl-in-plane-2d-pixel-data-containing-surface-information-of-element-distributions-meso,reviewed_structural,DECODE-specific concept retained as a stable reviewed anchor. Its source topology is preserved; no H2KG synonym or new public term was asserted.
GDL in-plane conductivity,component,component,3,electrical-conductivity; electrical-tlm-characterization-of-a-gdl-with-defined-compression; mpl-parameter-estimation-from-gdl-and-substrate-data,Property,https://w3id.org/h2kg/hydrogen-ontology#Property,physical_or_derived_property,reviewed_decode_anchor,reviewed_decode,https://w3id.org/h2kg/decode/workflow/anchor/gdl-in-plane-conductivity-component,reviewed_structural,DECODE-specific concept retained as a stable reviewed anchor. Its source topology is preserved; no H2KG synonym or new public term was asserted.
GDL in-plane permeability,component,component,2,gas-permeability-of-a-gdl-with-defined-compression; mpl-parameter-estimation-from-gdl-and-substrate-data,Property,https://w3id.org/h2kg/hydrogen-ontology#Property,physical_or_derived_property,reviewed_decode_anchor,reviewed_decode,https://w3id.org/h2kg/decode/workflow/anchor/gdl-in-plane-permeability-component,reviewed_structural,DECODE-specific concept retained as a stable reviewed anchor. Its source topology is preserved; no H2KG synonym or new public term was asserted.
GDL local mechanical strength,macrohomogeneous local,other,1,mechanical-properties-of-catalyst-layers-gdls-and-meas-by-small-punch-and-nanoindentation,Property,https://w3id.org/h2kg/hydrogen-ontology#Property,gdl_local_mechanical_strength_is_property,reviewed_decode_anchor,reviewed_decode,https://w3id.org/h2kg/decode/workflow/anchor/gdl-local-mechanical-strength-macrohomogeneous-local,reviewed_structural,DECODE-specific concept retained as a stable reviewed anchor. Its source topology is preserved; no H2KG synonym or new public term was asserted.
GDL local Youngs modulus,macrohomogeneous local,other,1,mechanical-properties-of-catalyst-layers-gdls-and-meas-by-small-punch-and-nanoindentation,Property,https://w3id.org/h2kg/hydrogen-ontology#Property,gdl_local_youngs_modulus_is_property,reviewed_decode_anchor,reviewed_decode,https://w3id.org/h2kg/decode/workflow/anchor/gdl-local-youngs-modulus-macrohomogeneous-local,reviewed_structural,DECODE-specific concept retained as a stable reviewed anchor. Its source topology is preserved; no H2KG synonym or new public term was asserted.
GDL pore size distribution,component,component,2,hg-porosimetry-gdl; mpl-parameter-estimation-from-gdl-and-substrate-data,Data,https://w3id.org/h2kg/hydrogen-ontology#Data,data_product,reviewed_decode_anchor,reviewed_decode,https://w3id.org/h2kg/decode/workflow/anchor/gdl-pore-size-distribution-component,reviewed_structural,DECODE-specific concept retained as a stable reviewed anchor. Its source topology is preserved; no H2KG synonym or new public term was asserted.
GDL porosity,component,component,3,hg-porosimetry-gdl; iet-1d-performance-model-for-mea-prediction; mpl-parameter-estimation-from-gdl-and-substrate-data,Parameter,https://w3id.org/h2kg/hydrogen-ontology#Parameter,explicit_mapping,strict_alt_label,approved_h2kg,https://w3id.org/h2kg/hydrogen-ontology#GasDiffusionLayerPorosity,high,Reviewed abbreviation for gas-diffusion-layer porosity.
GDL stress-strain curve,component,component,8,cea-mea-model-europium-2d; current-modulated-hydrogen-flow-rate-spectroscopy-ch2s; electrical-conductivity; electrical-contact-resistance; electrical-tlm-characterization-of-a-gdl-with-defined-compression; fitting-of-the-europium-model; gas-permeability-of-a-gdl-with-defined-compression; gdl-compressability,Data,https://w3id.org/h2kg/hydrogen-ontology#Data,data_product,reviewed_decode_anchor,reviewed_decode,https://w3id.org/h2kg/decode/workflow/anchor/gdl-stress-strain-curve-component,reviewed_structural,DECODE-specific concept retained as a stable reviewed anchor. Its source topology is preserved; no H2KG synonym or new public term was asserted.
GDL structural parameters,component,component,1,microscopy-sem-and-optical-in-mea-cross-section,Matter,https://w3id.org/h2kg/hydrogen-ontology#Matter,component_category_default,reviewed_decode_anchor,reviewed_decode,https://w3id.org/h2kg/decode/workflow/anchor/gdl-structural-parameters-component,reviewed_structural,DECODE-specific concept retained as a stable reviewed anchor. Its source topology is preserved; no H2KG synonym or new public term was asserted.
GDL substrate,component,component,12,contact-angle-extraction-of-ct-data; ct-based-capillary-pressure-saturation-curves; electrical-conductivity; electrical-contact-resistance; electrical-tlm-characterization-of-a-gdl-with-defined-compression; gas-permeability-of-a-gdl-with-defined-compression; gdl-compressability; hg-porosimetry-gdl; lab-ct-measurements-on-gdl-or-mpl-materials; sem-and-edx; synch-ct-measurements-on-gdl-or-mpl-materials; wilhelmy-wettability-measurement,Property,https://w3id.org/h2kg/hydrogen-ontology#Property,physical_or_derived_property,reviewed_decode_anchor,reviewed_decode,https://w3id.org/h2kg/decode/workflow/anchor/gdl-substrate-component,reviewed_structural,DECODE-specific concept retained as a stable reviewed anchor. Its source topology is preserved; no H2KG synonym or new public term was asserted.
GDL substrate (without PTFE),component,component,1,impregnation-by-immersion-and-blade-coating,Property,https://w3id.org/h2kg/hydrogen-ontology#Property,physical_or_derived_property,reviewed_decode_anchor,reviewed_decode,https://w3id.org/h2kg/decode/workflow/anchor/gdl-substrate-without-ptfe-component,reviewed_structural,DECODE-specific concept retained as a stable reviewed anchor. Its source topology is preserved; no H2KG synonym or new public term was asserted.
GDL substrate 3D voxel data classified,meso,data,13,ai-based-generation-of-structural-digital-twins-of-multi-scale-tomographies; image-classification-of-x-ray-tomography-data; image-x-ray-tomography-data-parameter-extraction-3d; modeling-of-hydrophobic-treatment-of-gdl; modeling-of-mpl-coating-of-gdl; mpl-saturation-determination-from-x-ray-ct-data; simulation-of-single-phase-3d-apparent-properties; simulation-of-two-phase-3d-apparent-properties; voxel-based-3d-effective-diffusivity-simulation; voxel-based-3d-electric-conductiviy-simulation; voxel-based-3d-permability-simulation; voxel-based-3d-thermal-conductivity-simulation; water-retention-curve-simulation,Data,https://w3id.org/h2kg/hydrogen-ontology#Data,data_product,reviewed_decode_anchor,reviewed_decode,https://w3id.org/h2kg/decode/workflow/anchor/gdl-substrate-3d-voxel-data-classified,unreviewed,Reviewed recurring DECODE dataset anchor pending an H2KG vocabulary decision.
GDL substrate 3D voxel data classified (without PTFE),meso,data,1,modeling-of-hydrophobic-treatment-of-gdl,Data,https://w3id.org/h2kg/hydrogen-ontology#Data,data_product,reviewed_decode_anchor,reviewed_decode,https://w3id.org/h2kg/decode/workflow/anchor/gdl-substrate-3d-voxel-data-classified-without-ptfe-meso,reviewed_structural,DECODE-specific concept retained as a stable reviewed anchor. Its source topology is preserved; no H2KG synonym or new public term was asserted.
GDL substrate 3D voxel data local contact angle,meso,data,1,contact-angle-extraction-of-ct-data,Data,https://w3id.org/h2kg/hydrogen-ontology#Data,data_product,reviewed_decode_anchor,reviewed_decode,https://w3id.org/h2kg/decode/workflow/anchor/gdl-substrate-3d-voxel-data-local-contact-angle-meso,reviewed_structural,DECODE-specific concept retained as a stable reviewed anchor. Its source topology is preserved; no H2KG synonym or new public term was asserted.
GDL substrate 3D voxel data raw,meso,data,5,ct-based-capillary-pressure-saturation-curves; image-classification-of-x-ray-tomography-data; lab-ct-measurements-on-gdl-or-mpl-materials; mpl-saturation-determination-from-x-ray-ct-data; synch-ct-measurements-on-gdl-or-mpl-materials,Data,https://w3id.org/h2kg/hydrogen-ontology#Data,data_product,reviewed_decode_anchor,reviewed_decode,https://w3id.org/h2kg/decode/workflow/anchor/gdl-substrate-3d-voxel-data-raw-meso,reviewed_structural,DECODE-specific concept retained as a stable reviewed anchor. Its source topology is preserved; no H2KG synonym or new public term was asserted.
GDL substrate 3D voxel data wet classified,meso,data,4,ai-based-generation-of-structural-digital-twins-of-multi-scale-tomographies; image-classification-of-x-ray-tomography-data; image-x-ray-tomography-data-parameter-extraction-3d; mpl-saturation-determination-from-x-ray-ct-data,Data,https://w3id.org/h2kg/hydrogen-ontology#Data,data_product,reviewed_decode_anchor,reviewed_decode,https://w3id.org/h2kg/decode/workflow/anchor/gdl-substrate-3d-voxel-data-wet-classified-meso,reviewed_structural,DECODE-specific concept retained as a stable reviewed anchor. Its source topology is preserved; no H2KG synonym or new public term was asserted.
GDL substrate 3D voxel data wet operando classified,meso,data,3,ai-based-generation-of-structural-digital-twins-of-multi-scale-tomographies; image-classification-of-x-ray-tomography-data; image-x-ray-tomography-data-parameter-extraction-3d,Data,https://w3id.org/h2kg/hydrogen-ontology#Data,data_product,reviewed_decode_anchor,reviewed_decode,https://w3id.org/h2kg/decode/workflow/anchor/gdl-substrate-3d-voxel-data-wet-operando-classified-meso,reviewed_structural,DECODE-specific concept retained as a stable reviewed anchor. Its source topology is preserved; no H2KG synonym or new public term was asserted.
GDL substrate 3D voxel data wet operando raw,meso,data,1,image-classification-of-x-ray-tomography-data,Data,https://w3id.org/h2kg/hydrogen-ontology#Data,data_product,reviewed_decode_anchor,reviewed_decode,https://w3id.org/h2kg/decode/workflow/anchor/gdl-substrate-3d-voxel-data-wet-operando-raw-meso,reviewed_structural,DECODE-specific concept retained as a stable reviewed anchor. Its source topology is preserved; no H2KG synonym or new public term was asserted.
GDL substrate 3D voxel data wet raw,meso,data,6,contact-angle-extraction-of-ct-data; ct-based-capillary-pressure-saturation-curves; image-classification-of-x-ray-tomography-data; lab-ct-measurements-on-gdl-or-mpl-materials; mpl-saturation-determination-from-x-ray-ct-data; synch-ct-measurements-on-gdl-or-mpl-materials,Data,https://w3id.org/h2kg/hydrogen-ontology#Data,data_product,reviewed_decode_anchor,reviewed_decode,https://w3id.org/h2kg/decode/workflow/anchor/gdl-substrate-3d-voxel-data-wet-raw-meso,reviewed_structural,DECODE-specific concept retained as a stable reviewed anchor. Its source topology is preserved; no H2KG synonym or new public term was asserted.
GDL substrate average pore radius,component,component,7,cea-mea-model-europium-2d; fitting-of-the-europium-model; hg-porosimetry-gdl; image-x-ray-tomography-data-parameter-extraction-3d; mpl-parameter-estimation-from-gdl-and-substrate-data; simulation-of-single-phase-3d-apparent-properties; simulation-of-two-phase-3d-apparent-properties,Property,https://w3id.org/h2kg/hydrogen-ontology#Property,physical_or_derived_property,reviewed_decode_anchor,reviewed_decode,https://w3id.org/h2kg/decode/workflow/anchor/gdl-substrate-average-pore-radius-component,reviewed_structural,DECODE-specific concept retained as a stable reviewed anchor. Its source topology is preserved; no H2KG synonym or new public term was asserted.
GDL substrate breakthrough pressure,component,component,3,lab-ct-measurements-on-gdl-or-mpl-materials; synch-ct-measurements-on-gdl-or-mpl-materials; water-retention-curve-simulation,Parameter,https://w3id.org/h2kg/hydrogen-ontology#Parameter,operating_or_geometric_parameter,reviewed_decode_anchor,reviewed_decode,https://w3id.org/h2kg/decode/workflow/anchor/gdl-substrate-breakthrough-pressure-component,reviewed_structural,DECODE-specific concept retained as a stable reviewed anchor. Its source topology is preserved; no H2KG synonym or new public term was asserted.
GDL substrate contact angle distribution,component,component,1,contact-angle-extraction-of-ct-data,Data,https://w3id.org/h2kg/hydrogen-ontology#Data,data_product,reviewed_decode_anchor,reviewed_decode,https://w3id.org/h2kg/decode/workflow/anchor/gdl-substrate-contact-angle-distribution-component,reviewed_structural,DECODE-specific concept retained as a stable reviewed anchor. Its source topology is preserved; no H2KG synonym or new public term was asserted.
GDL substrate contact resistance vs Au,component,component,1,electrical-tlm-characterization-of-a-gdl-with-defined-compression,Property,https://w3id.org/h2kg/hydrogen-ontology#Property,physical_or_derived_property,reviewed_decode_anchor,reviewed_decode,https://w3id.org/h2kg/decode/workflow/anchor/gdl-substrate-contact-resistance-vs-au-component,reviewed_structural,DECODE-specific concept retained as a stable reviewed anchor. Its source topology is preserved; no H2KG synonym or new public term was asserted.
GDL substrate contact resistance vs BPP,component,component,1,electrical-contact-resistance,Property,https://w3id.org/h2kg/hydrogen-ontology#Property,physical_or_derived_property,reviewed_decode_anchor,reviewed_decode,https://w3id.org/h2kg/decode/workflow/anchor/gdl-substrate-contact-resistance-vs-bpp-component,reviewed_structural,DECODE-specific concept retained as a stable reviewed anchor. Its source topology is preserved; no H2KG synonym or new public term was asserted.
GDL substrate cross section,component,component,1,sem-and-edx,Property,https://w3id.org/h2kg/hydrogen-ontology#Property,physical_or_derived_property,reviewed_decode_anchor,reviewed_decode,https://w3id.org/h2kg/decode/workflow/anchor/gdl-substrate-cross-section-component,reviewed_structural,DECODE-specific concept retained as a stable reviewed anchor. Its source topology is preserved; no H2KG synonym or new public term was asserted.
GDL substrate cross section 2D pixel data containing surface information of element distributions,meso,data,2,image-parameter-extraction-2d; sem-and-edx,Data,https://w3id.org/h2kg/hydrogen-ontology#Data,data_product,reviewed_decode_anchor,reviewed_decode,https://w3id.org/h2kg/decode/workflow/anchor/gdl-substrate-cross-section-2d-pixel-data-containing-surface-information-of-element-distributions-meso,reviewed_structural,DECODE-specific concept retained as a stable reviewed anchor. Its source topology is preserved; no H2KG synonym or new public term was asserted.
GDL substrate density,component,component,1,image-parameter-extraction-2d,Property,https://w3id.org/h2kg/hydrogen-ontology#Property,physical_or_derived_property,reviewed_decode_anchor,reviewed_decode,https://w3id.org/h2kg/decode/workflow/anchor/gdl-substrate-density-component,reviewed_structural,DECODE-specific concept retained as a stable reviewed anchor. Its source topology is preserved; no H2KG synonym or new public term was asserted.
GDL substrate effective water permeability,component,component,3,cea-mea-model-europium-2d; fitting-of-the-europium-model; simulation-of-two-phase-3d-apparent-properties,Property,https://w3id.org/h2kg/hydrogen-ontology#Property,physical_or_derived_property,reviewed_decode_anchor,reviewed_decode,https://w3id.org/h2kg/decode/workflow/anchor/gdl-substrate-effective-water-permeability-component,reviewed_structural,DECODE-specific concept retained as a stable reviewed anchor. Its source topology is preserved; no H2KG synonym or new public term was asserted.
GDL substrate external contact angle,component,component,1,wilhelmy-wettability-measurement,Property,https://w3id.org/h2kg/hydrogen-ontology#Property,physical_or_derived_property,reviewed_decode_anchor,reviewed_decode,https://w3id.org/h2kg/decode/workflow/anchor/gdl-substrate-external-contact-angle-component,reviewed_structural,DECODE-specific concept retained as a stable reviewed anchor. Its source topology is preserved; no H2KG synonym or new public term was asserted.
GDL substrate in plane 2D pixel data containing surface information of element distributions,meso,data,1,sem-and-edx,Data,https://w3id.org/h2kg/hydrogen-ontology#Data,data_product,reviewed_decode_anchor,reviewed_decode,https://w3id.org/h2kg/decode/workflow/anchor/gdl-substrate-in-plane-2d-pixel-data-containing-surface-information-of-element-distributions-meso,reviewed_structural,DECODE-specific concept retained as a stable reviewed anchor. Its source topology is preserved; no H2KG synonym or new public term was asserted.
GDL substrate in-plane conductivity,component,component,7,cea-mea-model-europium-2d; electrical-conductivity; electrical-tlm-characterization-of-a-gdl-with-defined-compression; fitting-of-the-europium-model; mpl-parameter-estimation-from-gdl-and-substrate-data; simulation-of-single-phase-3d-apparent-properties; voxel-based-3d-electric-conductiviy-simulation,Property,https://w3id.org/h2kg/hydrogen-ontology#Property,physical_or_derived_property,reviewed_decode_anchor,reviewed_decode,https://w3id.org/h2kg/decode/workflow/anchor/gdl-substrate-in-plane-conductivity-component,reviewed_structural,DECODE-specific concept retained as a stable reviewed anchor. Its source topology is preserved; no H2KG synonym or new public term was asserted.
GDL substrate in-plane permeability,component,component,7,cea-mea-model-europium-2d; fitting-of-the-europium-model; gas-permeability-of-a-gdl-with-defined-compression; mpl-parameter-estimation-from-gdl-and-substrate-data; simulation-of-single-phase-3d-apparent-properties; simulation-of-two-phase-3d-apparent-properties; voxel-based-3d-permability-simulation,Property,https://w3id.org/h2kg/hydrogen-ontology#Property,physical_or_derived_property,reviewed_decode_anchor,reviewed_decode,https://w3id.org/h2kg/decode/workflow/anchor/gdl-substrate-in-plane-permeability-component,reviewed_structural,DECODE-specific concept retained as a stable reviewed anchor. Its source topology is preserved; no H2KG synonym or new public term was asserted.
GDL substrate in-plane thermal conductivity,component,component,5,cea-mea-model-europium-2d; fitting-of-the-europium-model; simulation-of-single-phase-3d-apparent-properties; simulation-of-two-phase-3d-apparent-properties; voxel-based-3d-thermal-conductivity-simulation,Property,https://w3id.org/h2kg/hydrogen-ontology#Property,physical_or_derived_property,reviewed_decode_anchor,reviewed_decode,https://w3id.org/h2kg/decode/workflow/anchor/gdl-substrate-in-plane-thermal-conductivity-component,reviewed_structural,DECODE-specific concept retained as a stable reviewed anchor. Its source topology is preserved; no H2KG synonym or new public term was asserted.
GDL substrate in-plane tortuosity,component,component,5,cea-mea-model-europium-2d; fitting-of-the-europium-model; simulation-of-single-phase-3d-apparent-properties; simulation-of-two-phase-3d-apparent-properties; voxel-based-3d-effective-diffusivity-simulation,Property,https://w3id.org/h2kg/hydrogen-ontology#Property,physical_or_derived_property,reviewed_decode_anchor,reviewed_decode,https://w3id.org/h2kg/decode/workflow/anchor/gdl-substrate-in-plane-tortuosity-component,reviewed_structural,DECODE-specific concept retained as a stable reviewed anchor. Its source topology is preserved; no H2KG synonym or new public term was asserted.
GDL substrate internal contact angle,component,component,1,water-retention-curve-simulation,Property,https://w3id.org/h2kg/hydrogen-ontology#Property,physical_or_derived_property,reviewed_decode_anchor,reviewed_decode,https://w3id.org/h2kg/decode/workflow/anchor/gdl-substrate-internal-contact-angle-component,reviewed_structural,DECODE-specific concept retained as a stable reviewed anchor. Its source topology is preserved; no H2KG synonym or new public term was asserted.
GDL substrate pore size distribution,component,component,3,hg-porosimetry-gdl; image-x-ray-tomography-data-parameter-extraction-3d; mpl-parameter-estimation-from-gdl-and-substrate-data,Data,https://w3id.org/h2kg/hydrogen-ontology#Data,data_product,reviewed_decode_anchor,reviewed_decode,https://w3id.org/h2kg/decode/workflow/anchor/gdl-substrate-pore-size-distribution-component,reviewed_structural,DECODE-specific concept retained as a stable reviewed anchor. Its source topology is preserved; no H2KG synonym or new public term was asserted.
GDL substrate porosity,component,component,9,cea-mea-model-europium-2d; current-modulated-hydrogen-flow-rate-spectroscopy-ch2s; diffusivities-from-tortuosities; fitting-of-the-europium-model; hg-porosimetry-gdl; image-x-ray-tomography-data-parameter-extraction-3d; mpl-parameter-estimation-from-gdl-and-substrate-data; simulation-of-single-phase-3d-apparent-properties; voxel-based-3d-effective-diffusivity-simulation,Property,https://w3id.org/h2kg/hydrogen-ontology#Property,physical_or_derived_property,reviewed_decode_anchor,reviewed_decode,https://w3id.org/h2kg/decode/workflow/anchor/gdl-substrate-porosity-component,reviewed_structural,DECODE-specific concept retained as a stable reviewed anchor. Its source topology is preserved; no H2KG synonym or new public term was asserted.
GDL substrate saturation,component,component,4,cea-mea-model-europium-2d; iet-1d-performance-model-for-mea-prediction; image-x-ray-tomography-data-parameter-extraction-3d; mpl-saturation-determination-from-x-ray-ct-data,Parameter,https://w3id.org/h2kg/hydrogen-ontology#Parameter,operating_or_geometric_parameter,reviewed_decode_anchor,reviewed_decode,https://w3id.org/h2kg/decode/workflow/anchor/gdl-substrate-saturation-component,reviewed_structural,DECODE-specific concept retained as a stable reviewed anchor. Its source topology is preserved; no H2KG synonym or new public term was asserted.
GDL substrate saturation profiles,macrohomogeneous local,other,4,cea-mea-model-europium-2d; iet-1d-performance-model-for-mea-prediction; image-x-ray-tomography-data-parameter-extraction-3d; mpl-saturation-determination-from-x-ray-ct-data,Parameter,https://w3id.org/h2kg/hydrogen-ontology#Parameter,operating_or_geometric_parameter,reviewed_decode_anchor,reviewed_decode,https://w3id.org/h2kg/decode/workflow/anchor/gdl-substrate-saturation-profiles-macrohomogeneous-local,reviewed_structural,DECODE-specific concept retained as a stable reviewed anchor. Its source topology is preserved; no H2KG synonym or new public term was asserted.
GDL substrate stress-strain curve,component,component,5,electrical-conductivity; electrical-contact-resistance; electrical-tlm-characterization-of-a-gdl-with-defined-compression; gas-permeability-of-a-gdl-with-defined-compression; gdl-compressability,Data,https://w3id.org/h2kg/hydrogen-ontology#Data,data_product,reviewed_decode_anchor,reviewed_decode,https://w3id.org/h2kg/decode/workflow/anchor/gdl-substrate-stress-strain-curve-component,reviewed_structural,DECODE-specific concept retained as a stable reviewed anchor. Its source topology is preserved; no H2KG synonym or new public term was asserted.
GDL substrate structural parameters,component,component,2,image-x-ray-tomography-data-parameter-extraction-3d; neutron-imaging,Property,https://w3id.org/h2kg/hydrogen-ontology#Property,physical_or_derived_property,reviewed_decode_anchor,reviewed_decode,https://w3id.org/h2kg/decode/workflow/anchor/gdl-substrate-structural-parameters-component,reviewed_structural,DECODE-specific concept retained as a stable reviewed anchor. Its source topology is preserved; no H2KG synonym or new public term was asserted.
GDL substrate thickness,component,component,13,cea-mea-model-europium-2d; current-modulated-hydrogen-flow-rate-spectroscopy-ch2s; diffusivities-from-tortuosities; electrical-conductivity; electrical-contact-resistance; electrical-tlm-characterization-of-a-gdl-with-defined-compression; fitting-of-the-europium-model; gas-permeability-of-a-gdl-with-defined-compression; gdl-compressability; image-parameter-extraction-2d; image-x-ray-tomography-data-parameter-extraction-3d; mpl-parameter-estimation-from-gdl-and-substrate-data; sem-and-edx,Property,https://w3id.org/h2kg/hydrogen-ontology#Property,physical_or_derived_property,reviewed_decode_anchor,reviewed_decode,https://w3id.org/h2kg/decode/workflow/anchor/gdl-substrate-thickness-component,reviewed_structural,DECODE-specific concept retained as a stable reviewed anchor. Its source topology is preserved; no H2KG synonym or new public term was asserted.
GDL substrate through-plane conductivity,component,component,7,cea-mea-model-europium-2d; electrical-conductivity; electrical-contact-resistance; fitting-of-the-europium-model; mpl-parameter-estimation-from-gdl-and-substrate-data; simulation-of-single-phase-3d-apparent-properties; voxel-based-3d-electric-conductiviy-simulation,Property,https://w3id.org/h2kg/hydrogen-ontology#Property,physical_or_derived_property,reviewed_decode_anchor,reviewed_decode,https://w3id.org/h2kg/decode/workflow/anchor/gdl-substrate-through-plane-conductivity-component,reviewed_structural,DECODE-specific concept retained as a stable reviewed anchor. Its source topology is preserved; no H2KG synonym or new public term was asserted.
GDL substrate through-plane permeability,component,component,7,cea-mea-model-europium-2d; fitting-of-the-europium-model; gas-permeability-of-a-gdl-with-defined-compression; mpl-parameter-estimation-from-gdl-and-substrate-data; simulation-of-single-phase-3d-apparent-properties; simulation-of-two-phase-3d-apparent-properties; voxel-based-3d-permability-simulation,Property,https://w3id.org/h2kg/hydrogen-ontology#Property,physical_or_derived_property,reviewed_decode_anchor,reviewed_decode,https://w3id.org/h2kg/decode/workflow/anchor/gdl-substrate-through-plane-permeability-component,reviewed_structural,DECODE-specific concept retained as a stable reviewed anchor. Its source topology is preserved; no H2KG synonym or new public term was asserted.
GDL substrate through-plane thermal conductivity,component,component,5,cea-mea-model-europium-2d; fitting-of-the-europium-model; simulation-of-single-phase-3d-apparent-properties; simulation-of-two-phase-3d-apparent-properties; voxel-based-3d-thermal-conductivity-simulation,Property,https://w3id.org/h2kg/hydrogen-ontology#Property,physical_or_derived_property,reviewed_decode_anchor,reviewed_decode,https://w3id.org/h2kg/decode/workflow/anchor/gdl-substrate-through-plane-thermal-conductivity-component,reviewed_structural,DECODE-specific concept retained as a stable reviewed anchor. Its source topology is preserved; no H2KG synonym or new public term was asserted.
GDL substrate through-plane tortuosity,component,component,7,cea-mea-model-europium-2d; current-modulated-hydrogen-flow-rate-spectroscopy-ch2s; diffusivities-from-tortuosities; fitting-of-the-europium-model; simulation-of-single-phase-3d-apparent-properties; simulation-of-two-phase-3d-apparent-properties; voxel-based-3d-effective-diffusivity-simulation,Property,https://w3id.org/h2kg/hydrogen-ontology#Property,physical_or_derived_property,reviewed_decode_anchor,reviewed_decode,https://w3id.org/h2kg/decode/workflow/anchor/gdl-substrate-through-plane-tortuosity-component,reviewed_structural,DECODE-specific concept retained as a stable reviewed anchor. Its source topology is preserved; no H2KG synonym or new public term was asserted.
GDL substrate water distribution,meso,data,1,ct-based-capillary-pressure-saturation-curves,Data,https://w3id.org/h2kg/hydrogen-ontology#Data,data_product,reviewed_decode_anchor,reviewed_decode,https://w3id.org/h2kg/decode/workflow/anchor/gdl-substrate-water-distribution-meso,reviewed_structural,DECODE-specific concept retained as a stable reviewed anchor. Its source topology is preserved; no H2KG synonym or new public term was asserted.
GDL substrate water retention curve,component,component,8,cea-mea-model-europium-2d; ct-based-capillary-pressure-saturation-curves; fitting-of-the-europium-model; iet-1d-mea-with-water-transport-eis-model; iet-1d-performance-model-for-mea-prediction; image-x-ray-tomography-data-parameter-extraction-3d; simulation-of-two-phase-3d-apparent-properties; water-retention-curve-simulation,Data,https://w3id.org/h2kg/hydrogen-ontology#Data,data_product,reviewed_decode_anchor,reviewed_decode,https://w3id.org/h2kg/decode/workflow/anchor/gdl-substrate-water-retention-curve-component,reviewed_structural,DECODE-specific concept retained as a stable reviewed anchor. Its source topology is preserved; no H2KG synonym or new public term was asserted.
GDL thickness,component,component,17,0d-particle-population-degradation-model-coupled-with-performance-model-prediction; 0d-particle-population-degradation-model-coupled-with-performance-model-prediction-without-fitting-methods; diffusivities-from-tortuosities; electrical-conductivity; electrical-contact-resistance; electrical-tlm-characterization-of-a-gdl-with-defined-compression; gas-permeability-of-a-gdl-with-defined-compression; gdl-compressability; iet-1d-mea-with-water-transport-eis-model; iet-1d-mea-with-water-transport-in-ccl-eis-model; iet-1d-performance-model-for-mea-fitting; iet-1d-performance-model-for-mea-prediction; image-parameter-extraction-2d; microscopy-sem-and-optical-in-mea-cross-section; mpl-parameter-estimation-from-gdl-and-substrate-data; sem-and-edx; sem-and-fib-layer,Parameter,https://w3id.org/h2kg/hydrogen-ontology#Parameter,explicit_mapping,strict_alt_label,approved_h2kg,https://w3id.org/h2kg/hydrogen-ontology#GasDiffusionLayerThickness,high,Reviewed abbreviation for gas-diffusion-layer thickness.
GDL through-plane conductivity,component,component,3,electrical-conductivity; electrical-contact-resistance; mpl-parameter-estimation-from-gdl-and-substrate-data,Property,https://w3id.org/h2kg/hydrogen-ontology#Property,physical_or_derived_property,reviewed_decode_anchor,reviewed_decode,https://w3id.org/h2kg/decode/workflow/anchor/gdl-through-plane-conductivity-component,reviewed_structural,DECODE-specific concept retained as a stable reviewed anchor. Its source topology is preserved; no H2KG synonym or new public term was asserted.
GDL through-plane permeability,component,component,2,gas-permeability-of-a-gdl-with-defined-compression; mpl-parameter-estimation-from-gdl-and-substrate-data,Property,https://w3id.org/h2kg/hydrogen-ontology#Property,physical_or_derived_property,reviewed_decode_anchor,reviewed_decode,https://w3id.org/h2kg/decode/workflow/anchor/gdl-through-plane-permeability-component,reviewed_structural,DECODE-specific concept retained as a stable reviewed anchor. Its source topology is preserved; no H2KG synonym or new public term was asserted.
GDL vaporization interfacial area factor,component,component,1,iet-1d-mea-with-water-transport-eis-model,Parameter,https://w3id.org/h2kg/hydrogen-ontology#Parameter,operating_or_geometric_parameter,reviewed_decode_anchor,reviewed_decode,https://w3id.org/h2kg/decode/workflow/anchor/gdl-vaporization-interfacial-area-factor-component,reviewed_structural,DECODE-specific concept retained as a stable reviewed anchor. Its source topology is preserved; no H2KG synonym or new public term was asserted.
GDL vaporization rate constant,component,component,1,iet-1d-mea-with-water-transport-eis-model,Property,https://w3id.org/h2kg/hydrogen-ontology#Property,physical_or_derived_property,reviewed_decode_anchor,reviewed_decode,https://w3id.org/h2kg/decode/workflow/anchor/gdl-vaporization-rate-constant-component,reviewed_structural,DECODE-specific concept retained as a stable reviewed anchor. Its source topology is preserved; no H2KG synonym or new public term was asserted.
Glassy carbon,component,component,1,cl-for-rde,Matter,https://w3id.org/h2kg/hydrogen-ontology#Matter,component_category_default,reviewed_decode_anchor,reviewed_decode,https://w3id.org/h2kg/decode/workflow/anchor/glassy-carbon-component,reviewed_structural,DECODE-specific concept retained as a stable reviewed anchor. Its source topology is preserved; no H2KG synonym or new public term was asserted.
Glassy carbon area,component,component,1,rotating-ring-disk-electrode-rrde,Parameter,https://w3id.org/h2kg/hydrogen-ontology#Parameter,operating_or_geometric_parameter,reviewed_decode_anchor,reviewed_decode,https://w3id.org/h2kg/decode/workflow/anchor/glassy-carbon-area-component,reviewed_structural,DECODE-specific concept retained as a stable reviewed anchor. Its source topology is preserved; no H2KG synonym or new public term was asserted.
Global electric potential distribution (nanostructured),LRE,device,1,density-potential-functional-theory-applied-to-supported-electrocatalysts,Data,https://w3id.org/h2kg/hydrogen-ontology#Data,data_product,reviewed_decode_anchor,reviewed_decode,https://w3id.org/h2kg/decode/workflow/anchor/global-electric-potential-distribution-nanostructured-lre,reviewed_structural,DECODE-specific concept retained as a stable reviewed anchor. Its source topology is preserved; no H2KG synonym or new public term was asserted.
Global electron distribution (nanostructured),LRE,device,1,density-potential-functional-theory-applied-to-supported-electrocatalysts,Data,https://w3id.org/h2kg/hydrogen-ontology#Data,data_product,reviewed_decode_anchor,reviewed_decode,https://w3id.org/h2kg/decode/workflow/anchor/global-electron-distribution-nanostructured-lre,reviewed_structural,DECODE-specific concept retained as a stable reviewed anchor. Its source topology is preserved; no H2KG synonym or new public term was asserted.
Global potential of zero charge (nanostructured),LRE,device,1,density-potential-functional-theory-applied-to-supported-electrocatalysts,Property,https://w3id.org/h2kg/hydrogen-ontology#Property,physical_or_derived_property,reviewed_decode_anchor,reviewed_decode,https://w3id.org/h2kg/decode/workflow/anchor/global-potential-of-zero-charge-nanostructured-lre,reviewed_structural,DECODE-specific concept retained as a stable reviewed anchor. Its source topology is preserved; no H2KG synonym or new public term was asserted.
Hg porosimetry GDL,,method,10,cea-mea-model-europium-2d; current-modulated-hydrogen-flow-rate-spectroscopy-ch2s; diffusivities-from-tortuosities; fitting-of-the-europium-model; hg-porosimetry-gdl; iet-1d-performance-model-for-mea-prediction; impregnation-by-immersion-and-blade-coating; mpl-parameter-estimation-from-gdl-and-substrate-data,Measurement,https://w3id.org/h2kg/hydrogen-ontology#Measurement,method_visual_default,reviewed_decode_anchor,reviewed_decode,https://w3id.org/h2kg/decode/workflow/anchor/hg-porosimetry-gdl-method,reviewed_structural,DECODE-specific concept retained as a stable reviewed anchor. Its source topology is preserved; no H2KG synonym or new public term was asserted.
Hierarchical model for electrocatalytic reactions,,model,5,dft-onto-idealized-surfaces; diffusion-theory; fitting-version-of-the-hierachical-model; hierarchical-model-for-electrocatalytic-reactions; molecular-dynamics-for-the-electrode-electrolyte-interface-metalwalls,Process,https://w3id.org/h2kg/hydrogen-ontology#Process,workflow_or_analysis,reviewed_decode_anchor,reviewed_decode,https://w3id.org/h2kg/decode/workflow/anchor/hierarchical-model-for-electrocatalytic-reactions-model,reviewed_structural,DECODE-specific concept retained as a stable reviewed anchor. Its source topology is preserved; no H2KG synonym or new public term was asserted.
High resolution electron tomography for accessing Pt and ionomer distribution on carbon aggregate,,method,15,blade-coating-and-decal-transfer-for-ref-pefc-ccm; distribution-of-contact-angles-in-ccl-fib-sem-image-from-ionomer-reconstruction; electrospray-deposition-of-catalyst-layers; high-resolution-electron-tomography-for-accessing-pt-and-ionomer-distribution-on-carbon-aggregate; image-based-ccl-effective-transport-property-computation-from-numerical-simulations; image-classification-on-tem-data; image-tem-data-parameter-extraction-3d; ultrasonic-spray-deposition-for-catalytic-layers,Measurement,https://w3id.org/h2kg/hydrogen-ontology#Measurement,method_visual_default,reviewed_decode_anchor,reviewed_decode,https://w3id.org/h2kg/decode/workflow/anchor/high-resolution-electron-tomography-for-accessing-pt-and-ionomer-distribution-on-carbon-aggregate-method,reviewed_structural,DECODE-specific concept retained as a stable reviewed anchor. Its source topology is preserved; no H2KG synonym or new public term was asserted.
Hydrophobic treatment ink,material,material,1,impregnation-by-immersion-and-blade-coating,Manufacturing,https://w3id.org/h2kg/hydrogen-ontology#Manufacturing,physical_manufacturing_workflow,reviewed_decode_anchor,reviewed_decode,https://w3id.org/h2kg/decode/workflow/anchor/hydrophobic-treatment-ink-material,reviewed_structural,DECODE-specific concept retained as a stable reviewed anchor. Its source topology is preserved; no H2KG synonym or new public term was asserted.
Hydrophobization process parameters,process,other,1,modeling-of-hydrophobic-treatment-of-gdl,Parameter,https://w3id.org/h2kg/hydrogen-ontology#Parameter,hydrophobization_parameters_are_parameters,reviewed_decode_anchor,reviewed_decode,https://w3id.org/h2kg/decode/workflow/anchor/hydrophobization-process-parameters-process,reviewed_structural,DECODE-specific concept retained as a stable reviewed anchor. Its source topology is preserved; no H2KG synonym or new public term was asserted.
I/C-ratio,component,component,9,0d-particle-population-degradation-model-coupled-with-performance-model-prediction; 0d-particle-population-degradation-model-coupled-with-performance-model-prediction-without-fitting-methods; accelerated-stress-test-ast-on-nanostructured-electrodes; eis-on-nanostructured-electrodes; iet-composition-to-property-model; iet-ink-to-composition-model; ionomer-reconstruction-in-ccl-3d-images; model-electrochemistry-in-a-rde-cell; rotating-ring-disk-electrode-rrde,Parameter,https://w3id.org/h2kg/hydrogen-ontology#Parameter,explicit_mapping,strict_alt_label,approved_h2kg,https://w3id.org/h2kg/hydrogen-ontology#IonomerToCarbonRatio,high,Reviewed abbreviation for the ionomer-to-carbon ratio.
IET 1D MEA with water transport EIS model,,model,22,0d-particle-population-degradation-model-coupled-with-performance-model-prediction; 0d-particle-population-degradation-model-coupled-with-performance-model-prediction-without-fitting-methods; ct-based-capillary-pressure-saturation-curves; differential-cell-testing; diffusivities-from-tortuosities; distribution-of-contact-angles-in-ccl-fib-sem-image-from-ionomer-reconstruction; fib-measurements-on-gdl-or-mpl-and-catalyst-materials; fitting-of-the-europium-model; gdl-compressability; iet-1d-mea-with-water-transport-eis-model; iet-1d-performance-model-for-mea-fitting; iet-composition-to-property-model; iet-ink-to-composition-model; image-based-ccl-effective-transport-property-computation-from-numerical-simulations; image-fib-tomography-dataparameter-extraction-3d; image-parameter-extraction-2d; image-x-ray-tomography-data-parameter-extraction-3d; microscopy-sem-and-optical-in-mea-cross-section; sem-and-edx; sem-and-fib-layer; simulation-of-two-phase-3d-apparent-properties; water-retention-curve-simulation,Process,https://w3id.org/h2kg/hydrogen-ontology#Process,workflow_or_analysis,reviewed_decode_anchor,reviewed_decode,https://w3id.org/h2kg/decode/workflow/anchor/iet-1d-mea-with-water-transport-eis-model-model,reviewed_structural,DECODE-specific concept retained as a stable reviewed anchor. Its source topology is preserved; no H2KG synonym or new public term was asserted.
IET 1D MEA with water transport in CCL EIS model,,model,19,0d-particle-population-degradation-model-coupled-with-performance-model-prediction; 0d-particle-population-degradation-model-coupled-with-performance-model-prediction-without-fitting-methods; differential-cell-testing; diffusivities-from-tortuosities; distribution-of-contact-angles-in-ccl-fib-sem-image-from-ionomer-reconstruction; fib-measurements-on-gdl-or-mpl-and-catalyst-materials; fitting-of-the-europium-model; gdl-compressability; iet-1d-mea-with-water-transport-in-ccl-eis-model; iet-1d-performance-model-for-mea-fitting; iet-composition-to-property-model; iet-ink-to-composition-model; image-based-ccl-effective-transport-property-computation-from-numerical-simulations; image-fib-tomography-dataparameter-extraction-3d; image-parameter-extraction-2d; microscopy-sem-and-optical-in-mea-cross-section; sem-and-edx; sem-and-fib-layer; water-retention-curve-simulation,Process,https://w3id.org/h2kg/hydrogen-ontology#Process,workflow_or_analysis,reviewed_decode_anchor,reviewed_decode,https://w3id.org/h2kg/decode/workflow/anchor/iet-1d-mea-with-water-transport-in-ccl-eis-model-model,reviewed_structural,DECODE-specific concept retained as a stable reviewed anchor. Its source topology is preserved; no H2KG synonym or new public term was asserted.
IET 1D Performance model for MEA (fitting),,model,21,0d-particle-population-degradation-model-coupled-with-performance-model-prediction; 0d-particle-population-degradation-model-coupled-with-performance-model-prediction-without-fitting-methods; cea-mea-model-europium-2d; data-extraction-from-existing-pewe-measurements-u-i-t; differential-cell-testing; eis-on-pewe-cells; fib-measurements-on-gdl-or-mpl-and-catalyst-materials; fitting-of-the-europium-model; gdl-compressability; iet-1d-mea-with-water-transport-eis-model; iet-1d-mea-with-water-transport-in-ccl-eis-model; iet-1d-performance-model-for-mea-fitting; iet-1d-performance-model-for-mea-prediction; iet-composition-to-property-model; iet-ink-to-composition-model; image-fib-tomography-dataparameter-extraction-3d; image-parameter-extraction-2d; microscopy-sem-and-optical-in-mea-cross-section; pulsed-gas-analysis; sem-and-edx; sem-and-fib-layer,Process,https://w3id.org/h2kg/hydrogen-ontology#Process,workflow_or_analysis,reviewed_decode_anchor,reviewed_decode,https://w3id.org/h2kg/decode/workflow/anchor/iet-1d-performance-model-for-mea-fitting-model,reviewed_structural,DECODE-specific concept retained as a stable reviewed anchor. Its source topology is preserved; no H2KG synonym or new public term was asserted.
IET 1D Performance model for MEA (prediction),,model,24,0d-particle-population-degradation-model-coupled-with-performance-model-prediction; 0d-particle-population-degradation-model-coupled-with-performance-model-prediction-without-fitting-methods; ct-based-capillary-pressure-saturation-curves; differential-cell-testing; diffusivities-from-tortuosities; distribution-of-contact-angles-in-ccl-fib-sem-image-from-ionomer-reconstruction; fib-measurements-on-gdl-or-mpl-and-catalyst-materials; fitting-of-the-europium-model; gdl-compressability; hg-porosimetry-gdl; iet-1d-performance-model-for-mea-fitting; iet-1d-performance-model-for-mea-prediction; iet-composition-to-property-model; iet-ink-to-composition-model; image-based-ccl-effective-transport-property-computation-from-numerical-simulations; image-fib-tomography-dataparameter-extraction-3d; image-parameter-extraction-2d; image-x-ray-tomography-data-parameter-extraction-3d; microscopy-sem-and-optical-in-mea-cross-section; sem-and-edx; sem-and-fib-layer; simulation-of-two-phase-3d-apparent-properties; voxel-based-3d-effective-diffusivity-simulation; water-retention-curve-simulation,Process,https://w3id.org/h2kg/hydrogen-ontology#Process,workflow_or_analysis,reviewed_decode_anchor,reviewed_decode,https://w3id.org/h2kg/decode/workflow/anchor/iet-1d-performance-model-for-mea-prediction-model,reviewed_structural,DECODE-specific concept retained as a stable reviewed anchor. Its source topology is preserved; no H2KG synonym or new public term was asserted.
IET composition to property model,,model,15,0d-particle-population-degradation-model-coupled-with-performance-model-prediction; 0d-particle-population-degradation-model-coupled-with-performance-model-prediction-without-fitting-methods; cea-mea-model-europium-2d; fitting-of-the-europium-model; iet-1d-mea-with-water-transport-eis-model; iet-1d-mea-with-water-transport-in-ccl-eis-model; iet-1d-performance-model-for-mea-fitting; iet-1d-performance-model-for-mea-prediction; iet-composition-to-property-model; iet-ink-to-composition-model; image-based-ccl-effective-transport-property-computation-from-numerical-simulations; image-fib-tomography-dataparameter-extraction-3d; image-parameter-extraction-2d; image-tem-data-parameter-extraction-3d; microscopy-sem-and-optical-in-mea-cross-section,Process,https://w3id.org/h2kg/hydrogen-ontology#Process,workflow_or_analysis,reviewed_decode_anchor,reviewed_decode,https://w3id.org/h2kg/decode/workflow/anchor/iet-composition-to-property-model-model,reviewed_structural,DECODE-specific concept retained as a stable reviewed anchor. Its source topology is preserved; no H2KG synonym or new public term was asserted.
IET ink to composition model,,model,17,0d-particle-population-degradation-model-coupled-with-performance-model-fitting; cea-mea-model-europium-2d; differential-cell-testing; fitting-of-the-europium-model; iet-1d-mea-with-water-transport-eis-model; iet-1d-mea-with-water-transport-in-ccl-eis-model; iet-1d-performance-model-for-mea-fitting; iet-1d-performance-model-for-mea-prediction; iet-composition-to-property-model; iet-ink-to-composition-model; image-fib-tomography-dataparameter-extraction-3d; image-parameter-extraction-2d; image-tem-data-parameter-extraction-3d; in-situ-fourier-transformed-ir-in-atr-configuration; molecular-dynamics-for-the-electrode-electrolyte-interface-in-presence-of-ionomer; sem-and-fib-powder; tem-and-eds-analysis-of-mea,Process,https://w3id.org/h2kg/hydrogen-ontology#Process,workflow_or_analysis,reviewed_decode_anchor,reviewed_decode,https://w3id.org/h2kg/decode/workflow/anchor/iet-ink-to-composition-model-model,reviewed_structural,DECODE-specific concept retained as a stable reviewed anchor. Its source topology is preserved; no H2KG synonym or new public term was asserted.
Image based CCL effective transport property computation from numerical simulations,,model,16,0d-particle-population-degradation-model-coupled-with-performance-model-prediction; 0d-particle-population-degradation-model-coupled-with-performance-model-prediction-without-fitting-methods; cea-mea-model-europium-2d; determination-of-cl-saturation-by-saxs-or-sans; diffusivities-from-tortuosities; electron-tomography-for-pt-c-and-ionomer-distribution-in-cl; fitting-of-the-europium-model; high-resolution-electron-tomography-for-accessing-pt-and-ionomer-distribution-on-carbon-aggregate; iet-1d-mea-with-water-transport-eis-model; iet-1d-mea-with-water-transport-in-ccl-eis-model; iet-1d-performance-model-for-mea-prediction; iet-composition-to-property-model; image-based-ccl-effective-transport-property-computation-from-numerical-simulations; image-classification-on-tem-data; inpt-cl-process-model; ionomer-reconstruction-in-ccl-3d-images,Process,https://w3id.org/h2kg/hydrogen-ontology#Process,workflow_or_analysis,reviewed_decode_anchor,reviewed_decode,https://w3id.org/h2kg/decode/workflow/anchor/image-based-ccl-effective-transport-property-computation-from-numerical-simulations-model,reviewed_structural,DECODE-specific concept retained as a stable reviewed anchor. Its source topology is preserved; no H2KG synonym or new public term was asserted.
Image classification of FIB tomography data,,data,24,ai-based-generation-of-structural-digital-twins-of-multi-scale-tomographies; fib-measurements-on-gdl-or-mpl-and-catalyst-materials; fib-sem-on-cl-material; image-classification-of-fib-tomography-data; image-fib-tomography-dataparameter-extraction-3d; ionomer-reconstruction-in-ccl-3d-images; lab-ct-measurements-on-gdl-or-mpl-materials; simulation-of-single-phase-3d-apparent-properties; simulation-of-two-phase-3d-apparent-properties; synch-ct-measurements-on-gdl-or-mpl-materials; voxel-based-3d-effective-diffusivity-simulation; voxel-based-3d-electric-conductiviy-simulation; voxel-based-3d-permability-simulation; voxel-based-3d-thermal-conductivity-simulation; water-retention-curve-simulation,Process,https://w3id.org/h2kg/hydrogen-ontology#Process,workflow_or_analysis,reviewed_decode_anchor,reviewed_decode,https://w3id.org/h2kg/decode/workflow/anchor/image-classification-of-fib-tomography-data-data,reviewed_structural,DECODE-specific concept retained as a stable reviewed anchor. Its source topology is preserved; no H2KG synonym or new public term was asserted.
Image classification of X-ray tomography data,,data,39,ai-based-generation-of-structural-digital-twins-of-multi-scale-tomographies; contact-angle-extraction-of-ct-data; ct-based-capillary-pressure-saturation-curves; image-classification-of-x-ray-tomography-data; image-x-ray-tomography-data-parameter-extraction-3d; lab-ct-measurements-on-gdl-or-mpl-materials; modeling-of-mpl-coating-of-gdl; mpl-saturation-determination-from-x-ray-ct-data; simulation-of-single-phase-3d-apparent-properties; simulation-of-two-phase-3d-apparent-properties; synch-ct-measurements-on-gdl-or-mpl-materials; voxel-based-3d-effective-diffusivity-simulation; voxel-based-3d-electric-conductiviy-simulation; voxel-based-3d-permability-simulation; voxel-based-3d-thermal-conductivity-simulation; water-retention-curve-simulation,Process,https://w3id.org/h2kg/hydrogen-ontology#Process,workflow_or_analysis,reviewed_decode_anchor,reviewed_decode,https://w3id.org/h2kg/decode/workflow/anchor/image-classification-of-x-ray-tomography-data-data,reviewed_structural,DECODE-specific concept retained as a stable reviewed anchor. Its source topology is preserved; no H2KG synonym or new public term was asserted.
Image classification on nm scale,,method,24,ai-based-generation-of-structural-digital-twins-of-multi-scale-tomographies; fib-measurements-on-gdl-or-mpl-and-catalyst-materials; fib-sem-on-cl-material; image-classification-on-nm-scale; image-fib-tomography-dataparameter-extraction-3d; ionomer-reconstruction-in-ccl-3d-images; lab-ct-measurements-on-gdl-or-mpl-materials; simulation-of-single-phase-3d-apparent-properties; simulation-of-two-phase-3d-apparent-properties; synch-ct-measurements-on-gdl-or-mpl-materials; voxel-based-3d-effective-diffusivity-simulation; voxel-based-3d-electric-conductiviy-simulation; voxel-based-3d-permability-simulation; voxel-based-3d-thermal-conductivity-simulation; water-retention-curve-simulation,Process,https://w3id.org/h2kg/hydrogen-ontology#Process,workflow_or_analysis,reviewed_decode_anchor,reviewed_decode,https://w3id.org/h2kg/decode/workflow/anchor/image-classification-on-nm-scale-method,reviewed_structural,DECODE-specific concept retained as a stable reviewed anchor. Its source topology is preserved; no H2KG synonym or new public term was asserted.
Image classification on TEM data,,method,6,distribution-of-contact-angles-in-ccl-fib-sem-image-from-ionomer-reconstruction; electron-tomography-for-pt-c-and-ionomer-distribution-in-cl; high-resolution-electron-tomography-for-accessing-pt-and-ionomer-distribution-on-carbon-aggregate; image-based-ccl-effective-transport-property-computation-from-numerical-simulations; image-classification-on-tem-data; image-tem-data-parameter-extraction-3d,Process,https://w3id.org/h2kg/hydrogen-ontology#Process,workflow_or_analysis,reviewed_decode_anchor,reviewed_decode,https://w3id.org/h2kg/decode/workflow/anchor/image-classification-on-tem-data-method,reviewed_structural,DECODE-specific concept retained as a stable reviewed anchor. Its source topology is preserved; no H2KG synonym or new public term was asserted.
Image FIB tomography dataparameter extraction 3D,,data,34,0d-particle-population-degradation-model-coupled-with-performance-model-fitting; 0d-particle-population-degradation-model-coupled-with-performance-model-prediction; 0d-particle-population-degradation-model-coupled-with-performance-model-prediction-without-fitting-methods; accelerated-stress-test-ast-on-nanostructured-electrodes; ai-based-generation-of-structural-digital-twins-of-multi-scale-tomographies; cea-mea-model-europium-2d; current-modulated-hydrogen-flow-rate-spectroscopy-ch2s; differential-cell-testing; diffusivities-from-tortuosities; eis-on-nanostructured-electrodes; fib-sem-on-cl-material; fitting-of-the-europium-model; iet-1d-mea-with-water-transport-eis-model; iet-1d-mea-with-water-transport-in-ccl-eis-model; iet-1d-performance-model-for-mea-fitting; iet-1d-performance-model-for-mea-prediction; iet-composition-to-property-model; iet-ink-to-composition-model; image-classification-of-fib-tomography-data; image-classification-on-nm-scale; image-fib-tomography-dataparameter-extraction-3d; inpt-cl-process-model; ionomer-reconstruction-in-ccl-3d-images; irras-operando-or-in-situ-ftir; model-electrochemistry-in-a-rde-cell; modeling-of-mpl-coating-of-gdl; prism-preparation-for-atr-ftir; rotating-ring-disk-electrode-rrde,Process,https://w3id.org/h2kg/hydrogen-ontology#Process,workflow_or_analysis,reviewed_decode_anchor,reviewed_decode,https://w3id.org/h2kg/decode/workflow/anchor/image-fib-tomography-dataparameter-extraction-3d-data,reviewed_structural,DECODE-specific concept retained as a stable reviewed anchor. Its source topology is preserved; no H2KG synonym or new public term was asserted.
Image parameter extraction 2D,,method,55,0d-particle-population-degradation-model-coupled-with-performance-model-fitting; 0d-particle-population-degradation-model-coupled-with-performance-model-prediction; 0d-particle-population-degradation-model-coupled-with-performance-model-prediction-without-fitting-methods; accelerated-stress-test-ast-on-nanostructured-electrodes; cea-mea-model-europium-2d; current-modulated-hydrogen-flow-rate-spectroscopy-ch2s; differential-cell-testing; diffusivities-from-tortuosities; eis-on-nanostructured-electrodes; electrical-conductivity; electrical-contact-resistance; electrical-tlm-characterization-of-a-gdl-with-defined-compression; fitting-of-the-europium-model; gas-permeability-of-a-gdl-with-defined-compression; iet-1d-mea-with-water-transport-eis-model; iet-1d-mea-with-water-transport-in-ccl-eis-model; iet-1d-performance-model-for-mea-fitting; iet-1d-performance-model-for-mea-prediction; iet-composition-to-property-model; iet-ink-to-composition-model; image-parameter-extraction-2d; ionomer-reconstruction-in-ccl-3d-images; irras-operando-or-in-situ-ftir; model-electrochemistry-in-a-rde-cell; mpl-parameter-estimation-from-gdl-and-substrate-data; prism-preparation-for-atr-ftir; rotating-ring-disk-electrode-rrde; sem-and-edx,Process,https://w3id.org/h2kg/hydrogen-ontology#Process,workflow_or_analysis,reviewed_decode_anchor,reviewed_decode,https://w3id.org/h2kg/decode/workflow/anchor/image-parameter-extraction-2d-method,reviewed_structural,DECODE-specific concept retained as a stable reviewed anchor. Its source topology is preserved; no H2KG synonym or new public term was asserted.
Image TEM data parameter extraction 3D,,method,12,0d-particle-population-degradation-model-coupled-with-performance-model-prediction; 0d-particle-population-degradation-model-coupled-with-performance-model-prediction-without-fitting-methods; 0d-particle-population-degradation-model-prediction; determination-of-cl-saturation-by-saxs-or-sans; electron-tomography-for-pt-c-and-ionomer-distribution-in-cl; high-resolution-electron-tomography-for-accessing-pt-and-ionomer-distribution-on-carbon-aggregate; iet-composition-to-property-model; iet-ink-to-composition-model; image-classification-on-tem-data; image-tem-data-parameter-extraction-3d; inpt-cl-process-model; ionomer-reconstruction-in-ccl-3d-images,Process,https://w3id.org/h2kg/hydrogen-ontology#Process,workflow_or_analysis,reviewed_decode_anchor,reviewed_decode,https://w3id.org/h2kg/decode/workflow/anchor/image-tem-data-parameter-extraction-3d-method,reviewed_structural,DECODE-specific concept retained as a stable reviewed anchor. Its source topology is preserved; no H2KG synonym or new public term was asserted.
Image X-ray tomography data parameter extraction 3D,,data,42,ai-based-generation-of-structural-digital-twins-of-multi-scale-tomographies; cea-mea-model-europium-2d; current-modulated-hydrogen-flow-rate-spectroscopy-ch2s; diffusivities-from-tortuosities; electrical-conductivity; electrical-contact-resistance; electrical-tlm-characterization-of-a-gdl-with-defined-compression; fitting-of-the-europium-model; gas-permeability-of-a-gdl-with-defined-compression; iet-1d-mea-with-water-transport-eis-model; iet-1d-performance-model-for-mea-prediction; image-classification-of-x-ray-tomography-data; image-x-ray-tomography-data-parameter-extraction-3d; modeling-of-hydrophobic-treatment-of-gdl; modeling-of-mpl-coating-of-gdl; mpl-parameter-estimation-from-gdl-and-substrate-data; mpl-saturation-determination-from-x-ray-ct-data,Process,https://w3id.org/h2kg/hydrogen-ontology#Process,workflow_or_analysis,reviewed_decode_anchor,reviewed_decode,https://w3id.org/h2kg/decode/workflow/anchor/image-x-ray-tomography-data-parameter-extraction-3d-data,reviewed_structural,DECODE-specific concept retained as a stable reviewed anchor. Its source topology is preserved; no H2KG synonym or new public term was asserted.
Impregnation by immersion and blade coating,,process,27,cl-for-rde; contact-angle-extraction-of-ct-data; ct-based-capillary-pressure-saturation-curves; determination-of-cl-saturation-by-saxs-or-sans; dropcasted-ink-on-gc-tips; electrical-conductivity; electrical-contact-resistance; electrical-tlm-characterization-of-a-gdl-with-defined-compression; electrospray-deposition-of-catalyst-layers; external-contact-angle-of-a-gdl; fib-measurements-on-gdl-or-mpl-and-catalyst-materials; gas-permeability-of-a-gdl-with-defined-compression; gde-catalytic-layer-preparation; gde-cell-for-electrochemical-studies; gdl-compressability; hg-porosimetry-gdl; impregnation-by-immersion-and-blade-coating; lab-ct-measurements-on-gdl-or-mpl-materials; mea-assembly-for-pefc-ref-mea; mechanical-properties-of-catalyst-layers-gdls-and-meas-by-small-punch-and-nanoindentation; mpl-saturation-determination-from-x-ray-ct-data; neutron-imaging; pulsed-gas-analysis; sem-and-edx; sem-and-fib-layer; synch-ct-measurements-on-gdl-or-mpl-materials; wilhelmy-wettability-measurement,Manufacturing,https://w3id.org/h2kg/hydrogen-ontology#Manufacturing,physical_manufacturing_workflow,reviewed_decode_anchor,reviewed_decode,https://w3id.org/h2kg/decode/workflow/anchor/impregnation-by-immersion-and-blade-coating-process,reviewed_structural,DECODE-specific concept retained as a stable reviewed anchor. Its source topology is preserved; no H2KG synonym or new public term was asserted.
In Situ Fourier Transformed IR in ATR configuration,,method,4,dft-onto-idealized-surfaces; iet-ink-to-composition-model; in-situ-fourier-transformed-ir-in-atr-configuration; prism-preparation-for-atr-ftir,Parameter,https://w3id.org/h2kg/hydrogen-ontology#Parameter,operating_or_geometric_parameter,reviewed_decode_anchor,reviewed_decode,https://w3id.org/h2kg/decode/workflow/anchor/in-situ-fourier-transformed-ir-in-atr-configuration-method,reviewed_structural,DECODE-specific concept retained as a stable reviewed anchor. Its source topology is preserved; no H2KG synonym or new public term was asserted.
Inert substrate,component,component,3,blade-coating-and-decal-transfer-for-ref-pefc-ccm; electrospray-deposition-of-catalyst-layers; ultrasonic-spray-deposition-for-catalytic-layers,Matter,https://w3id.org/h2kg/hydrogen-ontology#Matter,inert_substrate_is_matter,reviewed_decode_anchor,reviewed_decode,https://w3id.org/h2kg/decode/workflow/anchor/inert-substrate-component,reviewed_structural,DECODE-specific concept retained as a stable reviewed anchor. Its source topology is preserved; no H2KG synonym or new public term was asserted.
Information on corrosion,device,device,1,additional-measurements-on-pewe-during-operation,Metadata,https://w3id.org/h2kg/hydrogen-ontology#Metadata,corrosion_information_is_metadata,reviewed_decode_anchor,reviewed_decode,https://w3id.org/h2kg/decode/workflow/anchor/information-on-corrosion-device,reviewed_structural,DECODE-specific concept retained as a stable reviewed anchor. Its source topology is preserved; no H2KG synonym or new public term was asserted.
Ink preparation for deposition of catalytic layers,,process,5,blade-coating-and-decal-transfer-for-ref-pefc-ccm; electrospray-deposition-of-catalyst-layers; ink-preparation-for-deposition-of-catalytic-layers; rheology; turbiscan-transmission-and-backscattering-stability-testing,Manufacturing,https://w3id.org/h2kg/hydrogen-ontology#Manufacturing,physical_manufacturing_workflow,reviewed_decode_anchor,reviewed_decode,https://w3id.org/h2kg/decode/workflow/anchor/ink-preparation-for-deposition-of-catalytic-layers-process,reviewed_structural,DECODE-specific concept retained as a stable reviewed anchor. Its source topology is preserved; no H2KG synonym or new public term was asserted.
INPT CL process model,,model,12,ai-based-generation-of-structural-digital-twins-of-multi-scale-tomographies; distribution-of-contact-angles-in-ccl-fib-sem-image-from-ionomer-reconstruction; image-based-ccl-effective-transport-property-computation-from-numerical-simulations; image-fib-tomography-dataparameter-extraction-3d; image-tem-data-parameter-extraction-3d; inpt-cl-process-model; ionomer-reconstruction-in-ccl-3d-images; voxel-based-3d-effective-diffusivity-simulation; voxel-based-3d-electric-conductiviy-simulation; voxel-based-3d-permability-simulation; voxel-based-3d-thermal-conductivity-simulation; water-retention-curve-simulation,Process,https://w3id.org/h2kg/hydrogen-ontology#Process,workflow_or_analysis,reviewed_decode_anchor,reviewed_decode,https://w3id.org/h2kg/decode/workflow/anchor/inpt-cl-process-model-model,reviewed_structural,DECODE-specific concept retained as a stable reviewed anchor. Its source topology is preserved; no H2KG synonym or new public term was asserted.
Instruments for mixing and deposition,process,process,2,cl-for-rde; gde-catalytic-layer-preparation,Instrument,https://w3id.org/h2kg/hydrogen-ontology#Instrument,mixing_and_deposition_instruments_are_instruments,reviewed_decode_anchor,reviewed_decode,https://w3id.org/h2kg/decode/workflow/anchor/instruments-for-mixing-and-deposition-process,reviewed_structural,DECODE-specific concept retained as a stable reviewed anchor. Its source topology is preserved; no H2KG synonym or new public term was asserted.
Interaction coefficients between adsorbates,LRE,device,2,dft-onto-idealized-surfaces; hierarchical-model-for-electrocatalytic-reactions,Property,https://w3id.org/h2kg/hydrogen-ontology#Property,physical_or_derived_property,reviewed_decode_anchor,reviewed_decode,https://w3id.org/h2kg/decode/workflow/anchor/interaction-coefficients-between-adsorbates-lre,reviewed_structural,DECODE-specific concept retained as a stable reviewed anchor. Its source topology is preserved; no H2KG synonym or new public term was asserted.
Ionomer,material,material,8,cl-for-rde; dropcasted-ink-on-gc-tips; gde-catalytic-layer-preparation; ink-preparation-for-deposition-of-catalytic-layers; irras-operando-or-in-situ-ftir; prism-preparation-for-atr-ftir; roller-mixer-and-zirconia-beads-for-ref-pefc-inks; ultrasonic-spray-deposition-for-catalytic-layers,Matter,https://w3id.org/h2kg/hydrogen-ontology#Matter,material_category_default,reviewed_decode_anchor,reviewed_decode,https://w3id.org/h2kg/decode/workflow/anchor/ionomer-material,reviewed_structural,DECODE-specific concept retained as a stable reviewed anchor. Its source topology is preserved; no H2KG synonym or new public term was asserted.
Ionomer chemical structure,material,material,1,molecular-dynamics-for-the-electrode-electrolyte-interface-in-presence-of-ionomer,Property,https://w3id.org/h2kg/hydrogen-ontology#Property,physical_or_derived_property,reviewed_decode_anchor,reviewed_decode,https://w3id.org/h2kg/decode/workflow/anchor/ionomer-chemical-structure-material,reviewed_structural,DECODE-specific concept retained as a stable reviewed anchor. Its source topology is preserved; no H2KG synonym or new public term was asserted.
Ionomer contact angles,material,material,3,iet-ink-to-composition-model; in-situ-fourier-transformed-ir-in-atr-configuration; molecular-dynamics-for-the-electrode-electrolyte-interface-in-presence-of-ionomer,Property,https://w3id.org/h2kg/hydrogen-ontology#Property,physical_or_derived_property,reviewed_decode_anchor,reviewed_decode,https://w3id.org/h2kg/decode/workflow/anchor/ionomer-contact-angles-material,reviewed_structural,DECODE-specific concept retained as a stable reviewed anchor. Its source topology is preserved; no H2KG synonym or new public term was asserted.
Ionomer density (dry),material,material,4,0d-particle-population-degradation-model-coupled-with-performance-model-prediction; 0d-particle-population-degradation-model-coupled-with-performance-model-prediction-without-fitting-methods; iet-ink-to-composition-model; molecular-dynamics-for-the-electrode-electrolyte-interface-in-presence-of-ionomer,Property,https://w3id.org/h2kg/hydrogen-ontology#Property,physical_or_derived_property,reviewed_decode_anchor,reviewed_decode,https://w3id.org/h2kg/decode/workflow/anchor/ionomer-density-dry-material,reviewed_structural,DECODE-specific concept retained as a stable reviewed anchor. Its source topology is preserved; no H2KG synonym or new public term was asserted.
Ionomer film thickness,LRE,device,2,molecular-dynamics-for-the-electrode-electrolyte-interface-in-presence-of-ionomer; tem-and-eds-analysis-of-mea,Property,https://w3id.org/h2kg/hydrogen-ontology#Property,explicit_mapping,strict_alt_label,approved_h2kg,https://w3id.org/h2kg/hydrogen-ontology#IonomerFilmThickness,high,Reviewed equivalent label for ionomer-film thickness.
Ionomer gas diffusivities,component,component,2,cea-mea-model-europium-2d; fitting-of-the-europium-model,Matter,https://w3id.org/h2kg/hydrogen-ontology#Matter,component_category_default,reviewed_decode_anchor,reviewed_decode,https://w3id.org/h2kg/decode/workflow/anchor/ionomer-gas-diffusivities-component,reviewed_structural,DECODE-specific concept retained as a stable reviewed anchor. Its source topology is preserved; no H2KG synonym or new public term was asserted.
Ionomer gas sorption properties,component,component,2,cea-mea-model-europium-2d; fitting-of-the-europium-model,Property,https://w3id.org/h2kg/hydrogen-ontology#Property,physical_or_derived_property,reviewed_decode_anchor,reviewed_decode,https://w3id.org/h2kg/decode/workflow/anchor/ionomer-gas-sorption-properties-component,reviewed_structural,DECODE-specific concept retained as a stable reviewed anchor. Its source topology is preserved; no H2KG synonym or new public term was asserted.
Ionomer initial film thickness,material,material,1,iet-ink-to-composition-model,Property,https://w3id.org/h2kg/hydrogen-ontology#Property,physical_or_derived_property,reviewed_decode_anchor,reviewed_decode,https://w3id.org/h2kg/decode/workflow/anchor/ionomer-initial-film-thickness-material,reviewed_structural,DECODE-specific concept retained as a stable reviewed anchor. Its source topology is preserved; no H2KG synonym or new public term was asserted.
Ionomer pKa,material,material,1,molecular-dynamics-for-the-electrode-electrolyte-interface-in-presence-of-ionomer,Matter,https://w3id.org/h2kg/hydrogen-ontology#Matter,material_category_default,reviewed_decode_anchor,reviewed_decode,https://w3id.org/h2kg/decode/workflow/anchor/ionomer-pka-material,reviewed_structural,DECODE-specific concept retained as a stable reviewed anchor. Its source topology is preserved; no H2KG synonym or new public term was asserted.
Ionomer proton conductivity,material,material,3,iet-composition-to-property-model; iet-ink-to-composition-model; image-based-ccl-effective-transport-property-computation-from-numerical-simulations,Property,https://w3id.org/h2kg/hydrogen-ontology#Property,physical_or_derived_property,reviewed_decode_anchor,reviewed_decode,https://w3id.org/h2kg/decode/workflow/anchor/ionomer-proton-conductivity-material,reviewed_structural,DECODE-specific concept retained as a stable reviewed anchor. Its source topology is preserved; no H2KG synonym or new public term was asserted.
Ionomer reconstruction in CCL 3D images,,method,11,ai-based-generation-of-structural-digital-twins-of-multi-scale-tomographies; distribution-of-contact-angles-in-ccl-fib-sem-image-from-ionomer-reconstruction; fib-sem-on-cl-material; image-based-ccl-effective-transport-property-computation-from-numerical-simulations; image-classification-of-fib-tomography-data; image-classification-on-nm-scale; image-fib-tomography-dataparameter-extraction-3d; image-parameter-extraction-2d; image-tem-data-parameter-extraction-3d; inpt-cl-process-model; ionomer-reconstruction-in-ccl-3d-images,Process,https://w3id.org/h2kg/hydrogen-ontology#Process,workflow_or_analysis,reviewed_decode_anchor,reviewed_decode,https://w3id.org/h2kg/decode/workflow/anchor/ionomer-reconstruction-in-ccl-3d-images-method,reviewed_structural,DECODE-specific concept retained as a stable reviewed anchor. Its source topology is preserved; no H2KG synonym or new public term was asserted.
Ionomer water diffusivity,component,component,2,cea-mea-model-europium-2d; fitting-of-the-europium-model,Property,https://w3id.org/h2kg/hydrogen-ontology#Property,physical_or_derived_property,reviewed_decode_anchor,reviewed_decode,https://w3id.org/h2kg/decode/workflow/anchor/ionomer-water-diffusivity-component,reviewed_structural,DECODE-specific concept retained as a stable reviewed anchor. Its source topology is preserved; no H2KG synonym or new public term was asserted.
Ionomer water sorption properties,component,component,3,cea-mea-model-europium-2d; determination-of-cl-saturation-by-saxs-or-sans; fitting-of-the-europium-model,Property,https://w3id.org/h2kg/hydrogen-ontology#Property,physical_or_derived_property,reviewed_decode_anchor,reviewed_decode,https://w3id.org/h2kg/decode/workflow/anchor/ionomer-water-sorption-properties-component,reviewed_structural,DECODE-specific concept retained as a stable reviewed anchor. Its source topology is preserved; no H2KG synonym or new public term was asserted.
Ionomer-catalyst adsorption energy,material,material,1,molecular-dynamics-for-the-electrode-electrolyte-interface-in-presence-of-ionomer,Property,https://w3id.org/h2kg/hydrogen-ontology#Property,physical_or_derived_property,reviewed_decode_anchor,reviewed_decode,https://w3id.org/h2kg/decode/workflow/anchor/ionomer-catalyst-adsorption-energy-material,reviewed_structural,DECODE-specific concept retained as a stable reviewed anchor. Its source topology is preserved; no H2KG synonym or new public term was asserted.
Ionomer-catalyst degree of alignment,component,component,1,iet-ink-to-composition-model,Property,https://w3id.org/h2kg/hydrogen-ontology#Property,physical_or_derived_property,reviewed_decode_anchor,reviewed_decode,https://w3id.org/h2kg/decode/workflow/anchor/ionomer-catalyst-degree-of-alignment-component,reviewed_structural,DECODE-specific concept retained as a stable reviewed anchor. Its source topology is preserved; no H2KG synonym or new public term was asserted.
Ionomer-catalyst dispersion parameter,component,component,1,iet-ink-to-composition-model,Property,https://w3id.org/h2kg/hydrogen-ontology#Property,physical_or_derived_property,reviewed_decode_anchor,reviewed_decode,https://w3id.org/h2kg/decode/workflow/anchor/ionomer-catalyst-dispersion-parameter-component,reviewed_structural,DECODE-specific concept retained as a stable reviewed anchor. Its source topology is preserved; no H2KG synonym or new public term was asserted.
IRRAS operando/in-situ FTIR,,method,16,ab-initio-molecular-dynamics-aimd-of-the-solid-liquid-interface-at-a-pt-electrode; density-potential-functional-theory-applied-to-supported-electrocatalysts; dft-onto-idealized-surfaces; image-fib-tomography-dataparameter-extraction-3d; image-parameter-extraction-2d; irras-operando-or-in-situ-ftir; molecular-dynamics-for-the-electrode-electrolyte-interface-in-presence-of-ionomer; molecular-dynamics-for-the-electrode-electrolyte-interface-metalwalls,Measurement,https://w3id.org/h2kg/hydrogen-ontology#Measurement,method_visual_default,reviewed_decode_anchor,reviewed_decode,https://w3id.org/h2kg/decode/workflow/anchor/irras-operando-in-situ-ftir-method,reviewed_structural,DECODE-specific concept retained as a stable reviewed anchor. Its source topology is preserved; no H2KG synonym or new public term was asserted.
ITO sputter target,material,material,1,transparent-electrodes-for-clsm-applications,Matter,https://w3id.org/h2kg/hydrogen-ontology#Matter,material_category_default,reviewed_decode_anchor,reviewed_decode,https://w3id.org/h2kg/decode/workflow/anchor/ito-sputter-target-material,reviewed_structural,DECODE-specific concept retained as a stable reviewed anchor. Its source topology is preserved; no H2KG synonym or new public term was asserted.
LAB-CT measurements on GDL/MPL materials,,method,7,image-classification-of-fib-tomography-data; image-classification-of-x-ray-tomography-data; image-classification-on-nm-scale; impregnation-by-immersion-and-blade-coating; lab-ct-measurements-on-gdl-or-mpl-materials,Measurement,https://w3id.org/h2kg/hydrogen-ontology#Measurement,method_visual_default,reviewed_decode_anchor,reviewed_decode,https://w3id.org/h2kg/decode/workflow/anchor/lab-ct-measurements-on-gdl-mpl-materials-method,reviewed_structural,DECODE-specific concept retained as a stable reviewed anchor. Its source topology is preserved; no H2KG synonym or new public term was asserted.
Lennard-Jones parameters,material,material,1,molecular-dynamics-for-the-electrode-electrolyte-interface-metalwalls,Matter,https://w3id.org/h2kg/hydrogen-ontology#Matter,material_category_default,reviewed_decode_anchor,reviewed_decode,https://w3id.org/h2kg/decode/workflow/anchor/lennard-jones-parameters-material,reviewed_structural,DECODE-specific concept retained as a stable reviewed anchor. Its source topology is preserved; no H2KG synonym or new public term was asserted.
Local electronic structure,LRE,device,2,development-of-a-zero-gap-cell-for-gde-based-spectrocopy-measurement; three-electrode-cell-assesement-of-cl-by-xas-xanes-exafs-xrd,Data,https://w3id.org/h2kg/hydrogen-ontology#Data,lre_local_electronic_structure_is_data,reviewed_decode_anchor,reviewed_decode,https://w3id.org/h2kg/decode/workflow/anchor/local-electronic-structure-lre,reviewed_structural,DECODE-specific concept retained as a stable reviewed anchor. Its source topology is preserved; no H2KG synonym or new public term was asserted.
Local potential of zero charge (nanostructured),LRE,device,1,density-potential-functional-theory-applied-to-supported-electrocatalysts,Property,https://w3id.org/h2kg/hydrogen-ontology#Property,physical_or_derived_property,reviewed_decode_anchor,reviewed_decode,https://w3id.org/h2kg/decode/workflow/anchor/local-potential-of-zero-charge-nanostructured-lre,reviewed_structural,DECODE-specific concept retained as a stable reviewed anchor. Its source topology is preserved; no H2KG synonym or new public term was asserted.
Local potential of zero ionic charge (nanostructured),LRE,device,1,density-potential-functional-theory-applied-to-supported-electrocatalysts,Property,https://w3id.org/h2kg/hydrogen-ontology#Property,physical_or_derived_property,reviewed_decode_anchor,reviewed_decode,https://w3id.org/h2kg/decode/workflow/anchor/local-potential-of-zero-ionic-charge-nanostructured-lre,reviewed_structural,DECODE-specific concept retained as a stable reviewed anchor. Its source topology is preserved; no H2KG synonym or new public term was asserted.
LRE capacitance (idealized),LRE,device,2,ab-initio-molecular-dynamics-aimd-of-the-solid-liquid-interface-at-a-pt-electrode; fitting-version-of-the-hierachical-model,Property,https://w3id.org/h2kg/hydrogen-ontology#Property,physical_or_derived_property,reviewed_decode_anchor,reviewed_decode,https://w3id.org/h2kg/decode/workflow/anchor/lre-capacitance-idealized-lre,reviewed_structural,DECODE-specific concept retained as a stable reviewed anchor. Its source topology is preserved; no H2KG synonym or new public term was asserted.
LRE effective ORR rate law (idealized),LRE,device,1,hierarchical-model-for-electrocatalytic-reactions,Process,https://w3id.org/h2kg/hydrogen-ontology#Process,lre_rate_law_is_process,reviewed_decode_anchor,reviewed_decode,https://w3id.org/h2kg/decode/workflow/anchor/lre-effective-orr-rate-law-idealized-lre,reviewed_structural,DECODE-specific concept retained as a stable reviewed anchor. Its source topology is preserved; no H2KG synonym or new public term was asserted.
LRE pH distribution,LRE,device,2,0d-particle-population-degradation-model-coupled-with-performance-model-prediction; 0d-particle-population-degradation-model-coupled-with-performance-model-prediction-without-fitting-methods,Data,https://w3id.org/h2kg/hydrogen-ontology#Data,lre_ph_distribution_is_data,reviewed_decode_anchor,reviewed_decode,https://w3id.org/h2kg/decode/workflow/anchor/lre-ph-distribution-lre,reviewed_structural,DECODE-specific concept retained as a stable reviewed anchor. Its source topology is preserved; no H2KG synonym or new public term was asserted.
LRE pH distribution (idealized),LRE,device,7,confocal-laser-scanning-microscope-clsm-and-fluorescent-probes-for-local-ph-assessment-in-acidic-med; confocal-laser-scanning-microscope-clsm-and-fluorescent-probes-for-local-ph-assessment-in-alkaline-m; fitting-version-of-the-hierachical-model; hierarchical-model-for-electrocatalytic-reactions; rde-simulation-in-comsol; rrde-simulation-in-comsol; rrde-theory,Data,https://w3id.org/h2kg/hydrogen-ontology#Data,lre_ph_distribution_idealized_is_data,reviewed_decode_anchor,reviewed_decode,https://w3id.org/h2kg/decode/workflow/anchor/lre-ph-distribution-idealized-lre,reviewed_structural,DECODE-specific concept retained as a stable reviewed anchor. Its source topology is preserved; no H2KG synonym or new public term was asserted.
LRE potential distribution (idealized),LRE,device,2,fitting-version-of-the-hierachical-model; hierarchical-model-for-electrocatalytic-reactions,Data,https://w3id.org/h2kg/hydrogen-ontology#Data,data_product,reviewed_decode_anchor,reviewed_decode,https://w3id.org/h2kg/decode/workflow/anchor/lre-potential-distribution-idealized-lre,reviewed_structural,DECODE-specific concept retained as a stable reviewed anchor. Its source topology is preserved; no H2KG synonym or new public term was asserted.
LRE relevance of surface diffusion on support,LRE,device,1,adsorbate-surface-diffusion-on-electrocatalyst-support,Property,https://w3id.org/h2kg/hydrogen-ontology#Property,physical_or_derived_property,reviewed_decode_anchor,reviewed_decode,https://w3id.org/h2kg/decode/workflow/anchor/lre-relevance-of-surface-diffusion-on-support-lre,reviewed_structural,DECODE-specific concept retained as a stable reviewed anchor. Its source topology is preserved; no H2KG synonym or new public term was asserted.
LRE species distribution (idealized),LRE,device,5,ab-initio-molecular-dynamics-aimd-of-the-solid-liquid-interface-at-a-pt-electrode; hierarchical-model-for-electrocatalytic-reactions; in-situ-fourier-transformed-ir-in-atr-configuration; molecular-dynamics-for-the-electrode-electrolyte-interface-in-presence-of-ionomer; molecular-dynamics-for-the-electrode-electrolyte-interface-metalwalls,Data,https://w3id.org/h2kg/hydrogen-ontology#Data,data_product,reviewed_decode_anchor,reviewed_decode,https://w3id.org/h2kg/decode/workflow/anchor/lre-species-distribution-idealized-lre,reviewed_structural,DECODE-specific concept retained as a stable reviewed anchor. Its source topology is preserved; no H2KG synonym or new public term was asserted.
LRE species mobility (idealized),LRE,device,2,hierarchical-model-for-electrocatalytic-reactions; molecular-dynamics-for-the-electrode-electrolyte-interface-metalwalls,Property,https://w3id.org/h2kg/hydrogen-ontology#Property,physical_or_derived_property,reviewed_decode_anchor,reviewed_decode,https://w3id.org/h2kg/decode/workflow/anchor/lre-species-mobility-idealized-lre,reviewed_structural,DECODE-specific concept retained as a stable reviewed anchor. Its source topology is preserved; no H2KG synonym or new public term was asserted.
LRE surface diffusivity of rate-determining species on support,LRE,device,1,adsorbate-surface-diffusion-on-electrocatalyst-support,Property,https://w3id.org/h2kg/hydrogen-ontology#Property,physical_or_derived_property,reviewed_decode_anchor,reviewed_decode,https://w3id.org/h2kg/decode/workflow/anchor/lre-surface-diffusivity-of-rate-determining-species-on-support-lre,reviewed_structural,DECODE-specific concept retained as a stable reviewed anchor. Its source topology is preserved; no H2KG synonym or new public term was asserted.
Mass of Pt in the membrane (aged),component,component,3,0d-particle-population-degradation-model-coupled-with-performance-model-fitting; image-fib-tomography-dataparameter-extraction-3d; image-parameter-extraction-2d,Parameter,https://w3id.org/h2kg/hydrogen-ontology#Parameter,operating_or_geometric_parameter,reviewed_decode_anchor,reviewed_decode,https://w3id.org/h2kg/decode/workflow/anchor/mass-of-pt-in-the-membrane-aged-component,reviewed_structural,DECODE-specific concept retained as a stable reviewed anchor. Its source topology is preserved; no H2KG synonym or new public term was asserted.
MEA,component,component,4,current-modulated-hydrogen-flow-rate-spectroscopy-ch2s; differential-cell-testing; mea-assembly-for-pefc-ref-mea; microscopy-sem-and-optical-in-mea-cross-section,Matter,https://w3id.org/h2kg/hydrogen-ontology#Matter,component_category_default,existing_h2kg_mapping,approved_h2kg,https://w3id.org/h2kg/hydrogen-ontology#MEAAssembly,unreviewed,Reviewed abbreviation mapping to the established H2KG MEA assembly anchor.
MEA assembly for PEFC ref MEA,,process,8,blade-coating-and-decal-transfer-for-ref-pefc-ccm; current-modulated-hydrogen-flow-rate-spectroscopy-ch2s; differential-cell-testing; electrospray-deposition-of-catalyst-layers; impregnation-by-immersion-and-blade-coating; mea-assembly-for-pefc-ref-mea; microscopy-sem-and-optical-in-mea-cross-section; ultrasonic-spray-deposition-for-catalytic-layers,Manufacturing,https://w3id.org/h2kg/hydrogen-ontology#Manufacturing,physical_manufacturing_workflow,reviewed_decode_anchor,reviewed_decode,https://w3id.org/h2kg/decode/workflow/anchor/mea-assembly-for-pefc-ref-mea-process,reviewed_structural,DECODE-specific concept retained as a stable reviewed anchor. Its source topology is preserved; no H2KG synonym or new public term was asserted.
MEA electron potential distribution,macrohomogeneous local,other,1,cea-mea-model-europium-2d,Property,https://w3id.org/h2kg/hydrogen-ontology#Property,physical_or_derived_property,reviewed_decode_anchor,reviewed_decode,https://w3id.org/h2kg/decode/workflow/anchor/mea-electron-potential-distribution-macrohomogeneous-local,reviewed_structural,DECODE-specific concept retained as a stable reviewed anchor. Its source topology is preserved; no H2KG synonym or new public term was asserted.
MEA elemental distribution,meso,data,1,sem-and-fib-layer,Data,https://w3id.org/h2kg/hydrogen-ontology#Data,data_product,reviewed_decode_anchor,reviewed_decode,https://w3id.org/h2kg/decode/workflow/anchor/mea-elemental-distribution-meso,reviewed_structural,DECODE-specific concept retained as a stable reviewed anchor. Its source topology is preserved; no H2KG synonym or new public term was asserted.
MEA layer morphologies,component,component,1,sem-and-fib-layer,Matter,https://w3id.org/h2kg/hydrogen-ontology#Matter,component_category_default,reviewed_decode_anchor,reviewed_decode,https://w3id.org/h2kg/decode/workflow/anchor/mea-layer-morphologies-component,reviewed_structural,DECODE-specific concept retained as a stable reviewed anchor. Its source topology is preserved; no H2KG synonym or new public term was asserted.
MEA O2 concentration distribution,macrohomogeneous local,other,1,cea-mea-model-europium-2d,Parameter,https://w3id.org/h2kg/hydrogen-ontology#Parameter,operating_or_geometric_parameter,reviewed_decode_anchor,reviewed_decode,https://w3id.org/h2kg/decode/workflow/anchor/mea-o2-concentration-distribution-macrohomogeneous-local,reviewed_structural,DECODE-specific concept retained as a stable reviewed anchor. Its source topology is preserved; no H2KG synonym or new public term was asserted.
MEA pressure dependent O2 transport resistance,component,component,1,pulsed-gas-analysis,Parameter,https://w3id.org/h2kg/hydrogen-ontology#Parameter,operating_or_geometric_parameter,reviewed_decode_anchor,reviewed_decode,https://w3id.org/h2kg/decode/workflow/anchor/mea-pressure-dependent-o2-transport-resistance-component,reviewed_structural,DECODE-specific concept retained as a stable reviewed anchor. Its source topology is preserved; no H2KG synonym or new public term was asserted.
MEA pressure independent O2 transport resistance,component,component,1,pulsed-gas-analysis,Parameter,https://w3id.org/h2kg/hydrogen-ontology#Parameter,operating_or_geometric_parameter,reviewed_decode_anchor,reviewed_decode,https://w3id.org/h2kg/decode/workflow/anchor/mea-pressure-independent-o2-transport-resistance-component,reviewed_structural,DECODE-specific concept retained as a stable reviewed anchor. Its source topology is preserved; no H2KG synonym or new public term was asserted.
MEA temperature distribution,macrohomogeneous local,other,1,cea-mea-model-europium-2d,Parameter,https://w3id.org/h2kg/hydrogen-ontology#Parameter,operating_or_geometric_parameter,reviewed_decode_anchor,reviewed_decode,https://w3id.org/h2kg/decode/workflow/anchor/mea-temperature-distribution-macrohomogeneous-local,reviewed_structural,DECODE-specific concept retained as a stable reviewed anchor. Its source topology is preserved; no H2KG synonym or new public term was asserted.
"Mechanical properties of catalyst layers, GDLs, and MEAs by small-punch and nanoindentation",,method,9,blade-coating-and-decal-transfer-for-ref-pefc-ccm; electrospray-deposition-of-catalyst-layers; impregnation-by-immersion-and-blade-coating; mechanical-properties-of-catalyst-layers-gdls-and-meas-by-small-punch-and-nanoindentation; ultrasonic-spray-deposition-for-catalytic-layers,Measurement,https://w3id.org/h2kg/hydrogen-ontology#Measurement,method_visual_default,reviewed_decode_anchor,reviewed_decode,https://w3id.org/h2kg/decode/workflow/anchor/mechanical-properties-of-catalyst-layers-gdls-and-meas-by-small-punch-and-nanoindentation-method,reviewed_structural,DECODE-specific concept retained as a stable reviewed anchor. Its source topology is preserved; no H2KG synonym or new public term was asserted.
Membrane,component,component,4,blade-coating-and-decal-transfer-for-ref-pefc-ccm; electrospray-deposition-of-catalyst-layers; gde-cell-for-electrochemical-studies; ultrasonic-spray-deposition-for-catalytic-layers,Matter,https://w3id.org/h2kg/hydrogen-ontology#Matter,component_category_default,existing_h2kg_mapping,approved_h2kg,https://w3id.org/h2kg/hydrogen-ontology#ProtonExchangeMembrane,unreviewed,Reviewed material-category mapping to the public H2KG membrane anchor.
Membrane (aged),component,component,1,additional-measurements-on-pewe-during-operation,Matter,https://w3id.org/h2kg/hydrogen-ontology#Matter,component_category_default,reviewed_decode_anchor,reviewed_decode,https://w3id.org/h2kg/decode/workflow/anchor/membrane-aged-component,reviewed_structural,DECODE-specific concept retained as a stable reviewed anchor. Its source topology is preserved; no H2KG synonym or new public term was asserted.
Membrane H2 diffusivity,component,component,3,cea-mea-model-europium-2d; differential-cell-testing; fitting-of-the-europium-model,Property,https://w3id.org/h2kg/hydrogen-ontology#Property,physical_or_derived_property,reviewed_decode_anchor,reviewed_decode,https://w3id.org/h2kg/decode/workflow/anchor/membrane-h2-diffusivity-component,reviewed_structural,DECODE-specific concept retained as a stable reviewed anchor. Its source topology is preserved; no H2KG synonym or new public term was asserted.
Membrane proton conductivity,component,component,5,0d-particle-population-degradation-model-coupled-with-performance-model-prediction; 0d-particle-population-degradation-model-coupled-with-performance-model-prediction-without-fitting-methods; cea-mea-model-europium-2d; fitting-of-the-europium-model; iet-1d-performance-model-for-mea-prediction,Property,https://w3id.org/h2kg/hydrogen-ontology#Property,physical_or_derived_property,reviewed_decode_anchor,reviewed_decode,https://w3id.org/h2kg/decode/workflow/anchor/membrane-proton-conductivity-component,reviewed_structural,DECODE-specific concept retained as a stable reviewed anchor. Its source topology is preserved; no H2KG synonym or new public term was asserted.
Membrane thermal conductivity,component,component,2,cea-mea-model-europium-2d; fitting-of-the-europium-model,Property,https://w3id.org/h2kg/hydrogen-ontology#Property,physical_or_derived_property,reviewed_decode_anchor,reviewed_decode,https://w3id.org/h2kg/decode/workflow/anchor/membrane-thermal-conductivity-component,reviewed_structural,DECODE-specific concept retained as a stable reviewed anchor. Its source topology is preserved; no H2KG synonym or new public term was asserted.
Membrane thickness,component,component,7,0d-particle-population-degradation-model-coupled-with-performance-model-prediction; 0d-particle-population-degradation-model-coupled-with-performance-model-prediction-without-fitting-methods; cea-mea-model-europium-2d; differential-cell-testing; fitting-of-the-europium-model; iet-1d-performance-model-for-mea-prediction; sem-and-fib-layer,Property,https://w3id.org/h2kg/hydrogen-ontology#Property,physical_or_derived_property,reviewed_decode_anchor,reviewed_decode,https://w3id.org/h2kg/decode/workflow/anchor/membrane-thickness-component,reviewed_structural,DECODE-specific concept retained as a stable reviewed anchor. Its source topology is preserved; no H2KG synonym or new public term was asserted.
Membrane thickness (aged),component,component,1,additional-measurements-on-pewe-during-operation,Property,https://w3id.org/h2kg/hydrogen-ontology#Property,physical_or_derived_property,reviewed_decode_anchor,reviewed_decode,https://w3id.org/h2kg/decode/workflow/anchor/membrane-thickness-aged-component,reviewed_structural,DECODE-specific concept retained as a stable reviewed anchor. Its source topology is preserved; no H2KG synonym or new public term was asserted.
Metal sheet with PTL-like surface,component,component,1,ptl-corrosion-measurement,Matter,https://w3id.org/h2kg/hydrogen-ontology#Matter,component_category_default,reviewed_decode_anchor,reviewed_decode,https://w3id.org/h2kg/decode/workflow/anchor/metal-sheet-with-ptl-like-surface-component,reviewed_structural,DECODE-specific concept retained as a stable reviewed anchor. Its source topology is preserved; no H2KG synonym or new public term was asserted.
Microscopy (SEM and optical) in MEA cross section,,method,20,0d-particle-population-degradation-model-coupled-with-performance-model-fitting; 0d-particle-population-degradation-model-coupled-with-performance-model-prediction; 0d-particle-population-degradation-model-coupled-with-performance-model-prediction-without-fitting-methods; cea-mea-model-europium-2d; differential-cell-testing; diffusivities-from-tortuosities; electrical-conductivity; electrical-contact-resistance; electrical-tlm-characterization-of-a-gdl-with-defined-compression; fitting-of-the-europium-model; gas-permeability-of-a-gdl-with-defined-compression; iet-1d-mea-with-water-transport-eis-model; iet-1d-mea-with-water-transport-in-ccl-eis-model; iet-1d-performance-model-for-mea-fitting; iet-1d-performance-model-for-mea-prediction; iet-composition-to-property-model; mea-assembly-for-pefc-ref-mea; microscopy-sem-and-optical-in-mea-cross-section; mpl-parameter-estimation-from-gdl-and-substrate-data; sem-and-edx,Measurement,https://w3id.org/h2kg/hydrogen-ontology#Measurement,method_visual_default,reviewed_decode_anchor,reviewed_decode,https://w3id.org/h2kg/decode/workflow/anchor/microscopy-sem-and-optical-in-mea-cross-section-method,reviewed_structural,DECODE-specific concept retained as a stable reviewed anchor. Its source topology is preserved; no H2KG synonym or new public term was asserted.
Mixing duration,process,process,2,ink-preparation-for-deposition-of-catalytic-layers; roller-mixer-and-zirconia-beads-for-ref-pefc-inks,Parameter,https://w3id.org/h2kg/hydrogen-ontology#Parameter,operating_or_geometric_parameter,reviewed_decode_anchor,reviewed_decode,https://w3id.org/h2kg/decode/workflow/anchor/mixing-duration-process,reviewed_structural,DECODE-specific concept retained as a stable reviewed anchor. Its source topology is preserved; no H2KG synonym or new public term was asserted.
Mixing speed,process,process,2,ink-preparation-for-deposition-of-catalytic-layers; roller-mixer-and-zirconia-beads-for-ref-pefc-inks,Parameter,https://w3id.org/h2kg/hydrogen-ontology#Parameter,mixing_speed_is_parameter,reviewed_decode_anchor,reviewed_decode,https://w3id.org/h2kg/decode/workflow/anchor/mixing-speed-process,reviewed_structural,DECODE-specific concept retained as a stable reviewed anchor. Its source topology is preserved; no H2KG synonym or new public term was asserted.
Model Electrochemistry in a RDE Cell,,model,8,cl-for-rde; image-fib-tomography-dataparameter-extraction-3d; image-parameter-extraction-2d; model-electrochemistry-in-a-rde-cell,Process,https://w3id.org/h2kg/hydrogen-ontology#Process,workflow_or_analysis,reviewed_decode_anchor,reviewed_decode,https://w3id.org/h2kg/decode/workflow/anchor/model-electrochemistry-in-a-rde-cell-model,reviewed_structural,DECODE-specific concept retained as a stable reviewed anchor. Its source topology is preserved; no H2KG synonym or new public term was asserted.
Modeling of Hydrophobic Treatment of GDL,,model,11,ai-based-generation-of-structural-digital-twins-of-multi-scale-tomographies; image-x-ray-tomography-data-parameter-extraction-3d; modeling-of-hydrophobic-treatment-of-gdl; modeling-of-mpl-coating-of-gdl; simulation-of-single-phase-3d-apparent-properties; simulation-of-two-phase-3d-apparent-properties; voxel-based-3d-effective-diffusivity-simulation; voxel-based-3d-electric-conductiviy-simulation; voxel-based-3d-permability-simulation; voxel-based-3d-thermal-conductivity-simulation; water-retention-curve-simulation,Manufacturing,https://w3id.org/h2kg/hydrogen-ontology#Manufacturing,physical_manufacturing_workflow,reviewed_decode_anchor,reviewed_decode,https://w3id.org/h2kg/decode/workflow/anchor/modeling-of-hydrophobic-treatment-of-gdl-model,reviewed_structural,DECODE-specific concept retained as a stable reviewed anchor. Its source topology is preserved; no H2KG synonym or new public term was asserted.
Modeling of MPL coating of GDL,,model,14,ai-based-generation-of-structural-digital-twins-of-multi-scale-tomographies; image-classification-of-x-ray-tomography-data; image-fib-tomography-dataparameter-extraction-3d; image-x-ray-tomography-data-parameter-extraction-3d; modeling-of-hydrophobic-treatment-of-gdl; modeling-of-mpl-coating-of-gdl; mpl-saturation-determination-from-x-ray-ct-data; simulation-of-single-phase-3d-apparent-properties; simulation-of-two-phase-3d-apparent-properties; voxel-based-3d-effective-diffusivity-simulation; voxel-based-3d-electric-conductiviy-simulation; voxel-based-3d-permability-simulation; voxel-based-3d-thermal-conductivity-simulation; water-retention-curve-simulation,Manufacturing,https://w3id.org/h2kg/hydrogen-ontology#Manufacturing,physical_manufacturing_workflow,reviewed_decode_anchor,reviewed_decode,https://w3id.org/h2kg/decode/workflow/anchor/modeling-of-mpl-coating-of-gdl-model,reviewed_structural,DECODE-specific concept retained as a stable reviewed anchor. Its source topology is preserved; no H2KG synonym or new public term was asserted.
Molecular Dynamics for the Electrode | Electrolyte Interface - MetalWalls,,method,8,density-potential-functional-theory-applied-to-supported-electrocatalysts; dip-and-pull-operando-or-in-situ-xps; hierarchical-model-for-electrocatalytic-reactions; irras-operando-or-in-situ-ftir; molecular-dynamics-for-the-electrode-electrolyte-interface-metalwalls; operando-or-in-situ-xas-photon-out; operando-saxs-or-waxs-small-or-wide-angle-x-ray-spectroscopy; thin-windows-operando-or-in-situ-xps,Process,https://w3id.org/h2kg/hydrogen-ontology#Process,molecular_dynamics_metal_walls_is_process,reviewed_decode_anchor,reviewed_decode,https://w3id.org/h2kg/decode/workflow/anchor/molecular-dynamics-for-the-electrode-electrolyte-interface-metalwalls-method,reviewed_structural,DECODE-specific concept retained as a stable reviewed anchor. Its source topology is preserved; no H2KG synonym or new public term was asserted.
Molecular Dynamics for the Electrode | Electrolyte Interface in presence of ionomer,,method,9,dft-onto-idealized-surfaces; dip-and-pull-operando-or-in-situ-xps; iet-ink-to-composition-model; irras-operando-or-in-situ-ftir; molecular-dynamics-for-the-electrode-electrolyte-interface-in-presence-of-ionomer; operando-or-in-situ-xas-photon-out; operando-saxs-or-waxs-small-or-wide-angle-x-ray-spectroscopy; tem-and-eds-analysis-of-mea; thin-windows-operando-or-in-situ-xps,Process,https://w3id.org/h2kg/hydrogen-ontology#Process,molecular_dynamics_ionomer_is_process,reviewed_decode_anchor,reviewed_decode,https://w3id.org/h2kg/decode/workflow/anchor/molecular-dynamics-for-the-electrode-electrolyte-interface-in-presence-of-ionomer-method,reviewed_structural,DECODE-specific concept retained as a stable reviewed anchor. Its source topology is preserved; no H2KG synonym or new public term was asserted.
Molecular fluorescent probe (acidic),material,material,2,confocal-laser-scanning-microscope-clsm-and-fluorescent-probes-for-local-ph-assessment-in-acidic-med; confocal-laser-scanning-microscope-clsm-and-fluorescent-probes-for-local-ph-assessment-in-acidic-med2,Matter,https://w3id.org/h2kg/hydrogen-ontology#Matter,material_category_default,reviewed_decode_anchor,reviewed_decode,https://w3id.org/h2kg/decode/workflow/anchor/molecular-fluorescent-probe-acidic-material,reviewed_structural,DECODE-specific concept retained as a stable reviewed anchor. Its source topology is preserved; no H2KG synonym or new public term was asserted.
Molecular fluorescent probe (alkaline),material,material,3,confocal-laser-scanning-microscope-clsm-and-fluorescent-probes-for-local-ph-assessment-in-alkaline-m; confocal-laser-scanning-microscope-clsm-and-fluorescent-probes-for-local-ph-assessment-in-alkaline-m2; development-of-ratiometric-fluorescent-probes-for-local-ph-assessement-in-alkaline-media,Matter,https://w3id.org/h2kg/hydrogen-ontology#Matter,material_category_default,reviewed_decode_anchor,reviewed_decode,https://w3id.org/h2kg/decode/workflow/anchor/molecular-fluorescent-probe-alkaline-material,reviewed_structural,DECODE-specific concept retained as a stable reviewed anchor. Its source topology is preserved; no H2KG synonym or new public term was asserted.
Monomer concentration in the electrolyte,material,material,3,accelerated-stress-test-ast-on-nanostructured-electrodes; eis-on-nanostructured-electrodes; model-electrochemistry-in-a-rde-cell,Parameter,https://w3id.org/h2kg/hydrogen-ontology#Parameter,operating_or_geometric_parameter,reviewed_decode_anchor,reviewed_decode,https://w3id.org/h2kg/decode/workflow/anchor/monomer-concentration-in-the-electrolyte-material,reviewed_structural,DECODE-specific concept retained as a stable reviewed anchor. Its source topology is preserved; no H2KG synonym or new public term was asserted.
MPL 3D voxel data classified,meso,data,12,ai-based-generation-of-structural-digital-twins-of-multi-scale-tomographies; image-classification-of-fib-tomography-data; image-classification-on-nm-scale; image-fib-tomography-dataparameter-extraction-3d; modeling-of-mpl-coating-of-gdl; simulation-of-single-phase-3d-apparent-properties; simulation-of-two-phase-3d-apparent-properties; voxel-based-3d-effective-diffusivity-simulation; voxel-based-3d-electric-conductiviy-simulation; voxel-based-3d-permability-simulation; voxel-based-3d-thermal-conductivity-simulation; water-retention-curve-simulation,Data,https://w3id.org/h2kg/hydrogen-ontology#Data,data_product,reviewed_decode_anchor,reviewed_decode,https://w3id.org/h2kg/decode/workflow/anchor/mpl-3d-voxel-data-classified,unreviewed,Reviewed recurring DECODE dataset anchor pending an H2KG vocabulary decision.
MPL 3D voxel data raw,meso,data,5,fib-measurements-on-gdl-or-mpl-and-catalyst-materials; image-classification-of-fib-tomography-data; image-classification-on-nm-scale; lab-ct-measurements-on-gdl-or-mpl-materials; synch-ct-measurements-on-gdl-or-mpl-materials,Data,https://w3id.org/h2kg/hydrogen-ontology#Data,data_product,reviewed_decode_anchor,reviewed_decode,https://w3id.org/h2kg/decode/workflow/anchor/mpl-3d-voxel-data-raw-meso,reviewed_structural,DECODE-specific concept retained as a stable reviewed anchor. Its source topology is preserved; no H2KG synonym or new public term was asserted.
MPL average pore radius,component,component,5,cea-mea-model-europium-2d; fitting-of-the-europium-model; mpl-parameter-estimation-from-gdl-and-substrate-data; simulation-of-single-phase-3d-apparent-properties; simulation-of-two-phase-3d-apparent-properties,Property,https://w3id.org/h2kg/hydrogen-ontology#Property,physical_or_derived_property,reviewed_decode_anchor,reviewed_decode,https://w3id.org/h2kg/decode/workflow/anchor/mpl-average-pore-radius-component,reviewed_structural,DECODE-specific concept retained as a stable reviewed anchor. Its source topology is preserved; no H2KG synonym or new public term was asserted.
MPL breakthrough pressure,component,component,1,water-retention-curve-simulation,Parameter,https://w3id.org/h2kg/hydrogen-ontology#Parameter,operating_or_geometric_parameter,reviewed_decode_anchor,reviewed_decode,https://w3id.org/h2kg/decode/workflow/anchor/mpl-breakthrough-pressure-component,reviewed_structural,DECODE-specific concept retained as a stable reviewed anchor. Its source topology is preserved; no H2KG synonym or new public term was asserted.
MPL coating process parameters,process,process,1,modeling-of-mpl-coating-of-gdl,Parameter,https://w3id.org/h2kg/hydrogen-ontology#Parameter,mpl_coating_parameters_are_parameters,reviewed_decode_anchor,reviewed_decode,https://w3id.org/h2kg/decode/workflow/anchor/mpl-coating-process-parameters-process,reviewed_structural,DECODE-specific concept retained as a stable reviewed anchor. Its source topology is preserved; no H2KG synonym or new public term was asserted.
MPL conductivity,component,component,5,cea-mea-model-europium-2d; fitting-of-the-europium-model; mpl-parameter-estimation-from-gdl-and-substrate-data; simulation-of-single-phase-3d-apparent-properties; voxel-based-3d-electric-conductiviy-simulation,Property,https://w3id.org/h2kg/hydrogen-ontology#Property,physical_or_derived_property,reviewed_decode_anchor,reviewed_decode,https://w3id.org/h2kg/decode/workflow/anchor/mpl-conductivity-component,reviewed_structural,DECODE-specific concept retained as a stable reviewed anchor. Its source topology is preserved; no H2KG synonym or new public term was asserted.
MPL cross section 2D pixel data containing surface information of element distributions,meso,data,2,image-parameter-extraction-2d; sem-and-edx,Data,https://w3id.org/h2kg/hydrogen-ontology#Data,data_product,reviewed_decode_anchor,reviewed_decode,https://w3id.org/h2kg/decode/workflow/anchor/mpl-cross-section-2d-pixel-data-containing-surface-information-of-element-distributions-meso,reviewed_structural,DECODE-specific concept retained as a stable reviewed anchor. Its source topology is preserved; no H2KG synonym or new public term was asserted.
MPL density,component,component,2,image-fib-tomography-dataparameter-extraction-3d; image-parameter-extraction-2d,Property,https://w3id.org/h2kg/hydrogen-ontology#Property,physical_or_derived_property,reviewed_decode_anchor,reviewed_decode,https://w3id.org/h2kg/decode/workflow/anchor/mpl-density-component,reviewed_structural,DECODE-specific concept retained as a stable reviewed anchor. Its source topology is preserved; no H2KG synonym or new public term was asserted.
MPL effective water permeability,component,component,3,cea-mea-model-europium-2d; fitting-of-the-europium-model; simulation-of-two-phase-3d-apparent-properties,Property,https://w3id.org/h2kg/hydrogen-ontology#Property,physical_or_derived_property,reviewed_decode_anchor,reviewed_decode,https://w3id.org/h2kg/decode/workflow/anchor/mpl-effective-water-permeability-component,reviewed_structural,DECODE-specific concept retained as a stable reviewed anchor. Its source topology is preserved; no H2KG synonym or new public term was asserted.
MPL external contact angle,component,component,1,wilhelmy-wettability-measurement,Property,https://w3id.org/h2kg/hydrogen-ontology#Property,physical_or_derived_property,reviewed_decode_anchor,reviewed_decode,https://w3id.org/h2kg/decode/workflow/anchor/mpl-external-contact-angle-component,reviewed_structural,DECODE-specific concept retained as a stable reviewed anchor. Its source topology is preserved; no H2KG synonym or new public term was asserted.
MPL in plane 2D pixel data containing surface information of element distributions,meso,data,1,sem-and-edx,Data,https://w3id.org/h2kg/hydrogen-ontology#Data,data_product,reviewed_decode_anchor,reviewed_decode,https://w3id.org/h2kg/decode/workflow/anchor/mpl-in-plane-2d-pixel-data-containing-surface-information-of-element-distributions-meso,reviewed_structural,DECODE-specific concept retained as a stable reviewed anchor. Its source topology is preserved; no H2KG synonym or new public term was asserted.
MPL ink,material,material,1,impregnation-by-immersion-and-blade-coating,Matter,https://w3id.org/h2kg/hydrogen-ontology#Matter,explicit_mapping,strict_alt_label,approved_h2kg,https://w3id.org/h2kg/hydrogen-ontology#MicroporousLayerInk,high,Reviewed abbreviation for microporous-layer ink.
MPL ink composition and properties,material,material,1,modeling-of-mpl-coating-of-gdl,Matter,https://w3id.org/h2kg/hydrogen-ontology#Matter,material_category_default,reviewed_decode_anchor,reviewed_decode,https://w3id.org/h2kg/decode/workflow/anchor/mpl-ink-composition-and-properties-material,reviewed_structural,DECODE-specific concept retained as a stable reviewed anchor. Its source topology is preserved; no H2KG synonym or new public term was asserted.
MPL internal contact angle,component,component,1,water-retention-curve-simulation,Property,https://w3id.org/h2kg/hydrogen-ontology#Property,physical_or_derived_property,reviewed_decode_anchor,reviewed_decode,https://w3id.org/h2kg/decode/workflow/anchor/mpl-internal-contact-angle-component,reviewed_structural,DECODE-specific concept retained as a stable reviewed anchor. Its source topology is preserved; no H2KG synonym or new public term was asserted.
MPL parameter estimation from GDL and substrate data,,method,21,cea-mea-model-europium-2d; current-modulated-hydrogen-flow-rate-spectroscopy-ch2s; diffusivities-from-tortuosities; electrical-conductivity; electrical-contact-resistance; electrical-tlm-characterization-of-a-gdl-with-defined-compression; fitting-of-the-europium-model; gas-permeability-of-a-gdl-with-defined-compression; gdl-compressability; hg-porosimetry-gdl; image-parameter-extraction-2d; image-x-ray-tomography-data-parameter-extraction-3d; microscopy-sem-and-optical-in-mea-cross-section; mpl-parameter-estimation-from-gdl-and-substrate-data; sem-and-edx; sem-and-fib-layer; simulation-of-single-phase-3d-apparent-properties; simulation-of-two-phase-3d-apparent-properties; voxel-based-3d-effective-diffusivity-simulation; voxel-based-3d-electric-conductiviy-simulation; voxel-based-3d-permability-simulation,Property,https://w3id.org/h2kg/hydrogen-ontology#Property,physical_or_derived_property,reviewed_decode_anchor,reviewed_decode,https://w3id.org/h2kg/decode/workflow/anchor/mpl-parameter-estimation-from-gdl-and-substrate-data-method,reviewed_structural,DECODE-specific concept retained as a stable reviewed anchor. Its source topology is preserved; no H2KG synonym or new public term was asserted.
MPL permeability,component,component,6,cea-mea-model-europium-2d; fitting-of-the-europium-model; mpl-parameter-estimation-from-gdl-and-substrate-data; simulation-of-single-phase-3d-apparent-properties; simulation-of-two-phase-3d-apparent-properties; voxel-based-3d-permability-simulation,Parameter,https://w3id.org/h2kg/hydrogen-ontology#Parameter,explicit_mapping,strict_alt_label,approved_h2kg,https://w3id.org/h2kg/hydrogen-ontology#MicroporousLayerPermeability,high,Reviewed abbreviation for microporous-layer permeability.
MPL porosity,component,component,7,cea-mea-model-europium-2d; current-modulated-hydrogen-flow-rate-spectroscopy-ch2s; diffusivities-from-tortuosities; fitting-of-the-europium-model; mpl-parameter-estimation-from-gdl-and-substrate-data; simulation-of-single-phase-3d-apparent-properties; voxel-based-3d-effective-diffusivity-simulation,Parameter,https://w3id.org/h2kg/hydrogen-ontology#Parameter,explicit_mapping,strict_alt_label,approved_h2kg,https://w3id.org/h2kg/hydrogen-ontology#MicroporousLayerPorosity,high,Reviewed abbreviation for microporous-layer porosity.
MPL saturation,component,component,4,cea-mea-model-europium-2d; determination-of-cl-saturation-by-saxs-or-sans; image-x-ray-tomography-data-parameter-extraction-3d; mpl-saturation-determination-from-x-ray-ct-data,Parameter,https://w3id.org/h2kg/hydrogen-ontology#Parameter,operating_or_geometric_parameter,reviewed_decode_anchor,reviewed_decode,https://w3id.org/h2kg/decode/workflow/anchor/mpl-saturation-component,reviewed_structural,DECODE-specific concept retained as a stable reviewed anchor. Its source topology is preserved; no H2KG synonym or new public term was asserted.
MPL saturation determination from X-ray CT-data,,method,16,ai-based-generation-of-structural-digital-twins-of-multi-scale-tomographies; blade-coating-and-decal-transfer-for-ref-pefc-ccm; electrospray-deposition-of-catalyst-layers; image-classification-of-x-ray-tomography-data; image-x-ray-tomography-data-parameter-extraction-3d; impregnation-by-immersion-and-blade-coating; modeling-of-mpl-coating-of-gdl; mpl-saturation-determination-from-x-ray-ct-data; simulation-of-single-phase-3d-apparent-properties; simulation-of-two-phase-3d-apparent-properties; ultrasonic-spray-deposition-for-catalytic-layers; voxel-based-3d-effective-diffusivity-simulation; voxel-based-3d-electric-conductiviy-simulation; voxel-based-3d-permability-simulation; voxel-based-3d-thermal-conductivity-simulation; water-retention-curve-simulation,Parameter,https://w3id.org/h2kg/hydrogen-ontology#Parameter,operating_or_geometric_parameter,reviewed_decode_anchor,reviewed_decode,https://w3id.org/h2kg/decode/workflow/anchor/mpl-saturation-determination-from-x-ray-ct-data-method,reviewed_structural,DECODE-specific concept retained as a stable reviewed anchor. Its source topology is preserved; no H2KG synonym or new public term was asserted.
MPL saturation maps,meso,data,2,image-x-ray-tomography-data-parameter-extraction-3d; mpl-saturation-determination-from-x-ray-ct-data,Parameter,https://w3id.org/h2kg/hydrogen-ontology#Parameter,operating_or_geometric_parameter,reviewed_decode_anchor,reviewed_decode,https://w3id.org/h2kg/decode/workflow/anchor/mpl-saturation-maps-meso,reviewed_structural,DECODE-specific concept retained as a stable reviewed anchor. Its source topology is preserved; no H2KG synonym or new public term was asserted.
MPL saturation profiles,macrohomogeneous local,other,2,cea-mea-model-europium-2d; determination-of-cl-saturation-by-saxs-or-sans,Parameter,https://w3id.org/h2kg/hydrogen-ontology#Parameter,operating_or_geometric_parameter,reviewed_decode_anchor,reviewed_decode,https://w3id.org/h2kg/decode/workflow/anchor/mpl-saturation-profiles-macrohomogeneous-local,reviewed_structural,DECODE-specific concept retained as a stable reviewed anchor. Its source topology is preserved; no H2KG synonym or new public term was asserted.
MPL structural parameters,component,component,1,neutron-imaging,Matter,https://w3id.org/h2kg/hydrogen-ontology#Matter,component_category_default,reviewed_decode_anchor,reviewed_decode,https://w3id.org/h2kg/decode/workflow/anchor/mpl-structural-parameters-component,reviewed_structural,DECODE-specific concept retained as a stable reviewed anchor. Its source topology is preserved; no H2KG synonym or new public term was asserted.
MPL thermal conductivity,component,component,5,cea-mea-model-europium-2d; fitting-of-the-europium-model; simulation-of-single-phase-3d-apparent-properties; simulation-of-two-phase-3d-apparent-properties; voxel-based-3d-thermal-conductivity-simulation,Property,https://w3id.org/h2kg/hydrogen-ontology#Property,physical_or_derived_property,reviewed_decode_anchor,reviewed_decode,https://w3id.org/h2kg/decode/workflow/anchor/mpl-thermal-conductivity-component,reviewed_structural,DECODE-specific concept retained as a stable reviewed anchor. Its source topology is preserved; no H2KG synonym or new public term was asserted.
MPL thickness,component,component,11,cea-mea-model-europium-2d; current-modulated-hydrogen-flow-rate-spectroscopy-ch2s; diffusivities-from-tortuosities; fib-measurements-on-gdl-or-mpl-and-catalyst-materials; fitting-of-the-europium-model; image-fib-tomography-dataparameter-extraction-3d; image-parameter-extraction-2d; image-x-ray-tomography-data-parameter-extraction-3d; mpl-parameter-estimation-from-gdl-and-substrate-data; sem-and-edx; sem-and-fib-layer,Property,https://w3id.org/h2kg/hydrogen-ontology#Property,explicit_mapping,strict_alt_label,approved_h2kg,https://w3id.org/h2kg/hydrogen-ontology#MicroporousLayerThickness,high,Reviewed abbreviation for microporous-layer thickness.
MPL tortuosity,component,component,7,cea-mea-model-europium-2d; current-modulated-hydrogen-flow-rate-spectroscopy-ch2s; diffusivities-from-tortuosities; fitting-of-the-europium-model; simulation-of-single-phase-3d-apparent-properties; simulation-of-two-phase-3d-apparent-properties; voxel-based-3d-effective-diffusivity-simulation,Property,https://w3id.org/h2kg/hydrogen-ontology#Property,physical_or_derived_property,reviewed_decode_anchor,reviewed_decode,https://w3id.org/h2kg/decode/workflow/anchor/mpl-tortuosity-component,reviewed_structural,DECODE-specific concept retained as a stable reviewed anchor. Its source topology is preserved; no H2KG synonym or new public term was asserted.
MPL water distribution,meso,data,1,ct-based-capillary-pressure-saturation-curves,Data,https://w3id.org/h2kg/hydrogen-ontology#Data,data_product,reviewed_decode_anchor,reviewed_decode,https://w3id.org/h2kg/decode/workflow/anchor/mpl-water-distribution-meso,reviewed_structural,DECODE-specific concept retained as a stable reviewed anchor. Its source topology is preserved; no H2KG synonym or new public term was asserted.
MPL water retention curve,component,component,5,cea-mea-model-europium-2d; ct-based-capillary-pressure-saturation-curves; fitting-of-the-europium-model; simulation-of-two-phase-3d-apparent-properties; water-retention-curve-simulation,Data,https://w3id.org/h2kg/hydrogen-ontology#Data,data_product,reviewed_decode_anchor,reviewed_decode,https://w3id.org/h2kg/decode/workflow/anchor/mpl-water-retention-curve-component,reviewed_structural,DECODE-specific concept retained as a stable reviewed anchor. Its source topology is preserved; no H2KG synonym or new public term was asserted.
MPL X-ray 3D voxel data classified,meso,data,4,ai-based-generation-of-structural-digital-twins-of-multi-scale-tomographies; image-classification-of-x-ray-tomography-data; image-x-ray-tomography-data-parameter-extraction-3d; mpl-saturation-determination-from-x-ray-ct-data,Data,https://w3id.org/h2kg/hydrogen-ontology#Data,data_product,reviewed_decode_anchor,reviewed_decode,https://w3id.org/h2kg/decode/workflow/anchor/mpl-x-ray-3d-voxel-data-classified-meso,reviewed_structural,DECODE-specific concept retained as a stable reviewed anchor. Its source topology is preserved; no H2KG synonym or new public term was asserted.
MPL X-ray 3D voxel data raw,meso,data,3,ct-based-capillary-pressure-saturation-curves; image-classification-of-x-ray-tomography-data; mpl-saturation-determination-from-x-ray-ct-data,Data,https://w3id.org/h2kg/hydrogen-ontology#Data,data_product,reviewed_decode_anchor,reviewed_decode,https://w3id.org/h2kg/decode/workflow/anchor/mpl-x-ray-3d-voxel-data-raw-meso,reviewed_structural,DECODE-specific concept retained as a stable reviewed anchor. Its source topology is preserved; no H2KG synonym or new public term was asserted.
MPL X-ray 3D voxel data wet classified,meso,data,4,ai-based-generation-of-structural-digital-twins-of-multi-scale-tomographies; image-classification-of-x-ray-tomography-data; image-x-ray-tomography-data-parameter-extraction-3d; mpl-saturation-determination-from-x-ray-ct-data,Data,https://w3id.org/h2kg/hydrogen-ontology#Data,data_product,reviewed_decode_anchor,reviewed_decode,https://w3id.org/h2kg/decode/workflow/anchor/mpl-x-ray-3d-voxel-data-wet-classified-meso,reviewed_structural,DECODE-specific concept retained as a stable reviewed anchor. Its source topology is preserved; no H2KG synonym or new public term was asserted.
MPL X-ray 3D voxel data wet operando classified,meso,data,3,ai-based-generation-of-structural-digital-twins-of-multi-scale-tomographies; image-classification-of-x-ray-tomography-data; image-x-ray-tomography-data-parameter-extraction-3d,Data,https://w3id.org/h2kg/hydrogen-ontology#Data,data_product,reviewed_decode_anchor,reviewed_decode,https://w3id.org/h2kg/decode/workflow/anchor/mpl-x-ray-3d-voxel-data-wet-operando-classified-meso,reviewed_structural,DECODE-specific concept retained as a stable reviewed anchor. Its source topology is preserved; no H2KG synonym or new public term was asserted.
MPL X-ray 3D voxel data wet operando raw,meso,data,1,image-classification-of-x-ray-tomography-data,Data,https://w3id.org/h2kg/hydrogen-ontology#Data,data_product,reviewed_decode_anchor,reviewed_decode,https://w3id.org/h2kg/decode/workflow/anchor/mpl-x-ray-3d-voxel-data-wet-operando-raw-meso,reviewed_structural,DECODE-specific concept retained as a stable reviewed anchor. Its source topology is preserved; no H2KG synonym or new public term was asserted.
MPL X-ray 3D voxel data wet raw,meso,data,3,ct-based-capillary-pressure-saturation-curves; image-classification-of-x-ray-tomography-data; mpl-saturation-determination-from-x-ray-ct-data,Data,https://w3id.org/h2kg/hydrogen-ontology#Data,data_product,reviewed_decode_anchor,reviewed_decode,https://w3id.org/h2kg/decode/workflow/anchor/mpl-x-ray-3d-voxel-data-wet-raw-meso,reviewed_structural,DECODE-specific concept retained as a stable reviewed anchor. Its source topology is preserved; no H2KG synonym or new public term was asserted.
Neutron Imaging,,method,5,blade-coating-and-decal-transfer-for-ref-pefc-ccm; electrospray-deposition-of-catalyst-layers; impregnation-by-immersion-and-blade-coating; neutron-imaging; ultrasonic-spray-deposition-for-catalytic-layers,Measurement,https://w3id.org/h2kg/hydrogen-ontology#Measurement,method_visual_default,reviewed_decode_anchor,reviewed_decode,https://w3id.org/h2kg/decode/workflow/anchor/neutron-imaging-method,reviewed_structural,DECODE-specific concept retained as a stable reviewed anchor. Its source topology is preserved; no H2KG synonym or new public term was asserted.
operando SAXS/WAXS (small/wide angle X-ray spectroscopy),,method,6,ab-initio-molecular-dynamics-aimd-of-the-solid-liquid-interface-at-a-pt-electrode; density-potential-functional-theory-applied-to-supported-electrocatalysts; dft-onto-idealized-surfaces; molecular-dynamics-for-the-electrode-electrolyte-interface-in-presence-of-ionomer; molecular-dynamics-for-the-electrode-electrolyte-interface-metalwalls; operando-saxs-or-waxs-small-or-wide-angle-x-ray-spectroscopy,Measurement,https://w3id.org/h2kg/hydrogen-ontology#Measurement,method_visual_default,reviewed_decode_anchor,reviewed_decode,https://w3id.org/h2kg/decode/workflow/anchor/operando-saxs-waxs-small-wide-angle-x-ray-spectroscopy-method,reviewed_structural,DECODE-specific concept retained as a stable reviewed anchor. Its source topology is preserved; no H2KG synonym or new public term was asserted.
operando/in-situ XAS (photon-out),,method,6,ab-initio-molecular-dynamics-aimd-of-the-solid-liquid-interface-at-a-pt-electrode; density-potential-functional-theory-applied-to-supported-electrocatalysts; dft-onto-idealized-surfaces; molecular-dynamics-for-the-electrode-electrolyte-interface-in-presence-of-ionomer; molecular-dynamics-for-the-electrode-electrolyte-interface-metalwalls; operando-or-in-situ-xas-photon-out,Measurement,https://w3id.org/h2kg/hydrogen-ontology#Measurement,method_visual_default,reviewed_decode_anchor,reviewed_decode,https://w3id.org/h2kg/decode/workflow/anchor/operando-in-situ-xas-photon-out-method,reviewed_structural,DECODE-specific concept retained as a stable reviewed anchor. Its source topology is preserved; no H2KG synonym or new public term was asserted.
Operating PEWE cell,device,device,2,additional-measurements-on-pewe-during-operation; eis-on-pewe-cells,Instrument,https://w3id.org/h2kg/hydrogen-ontology#Instrument,operating_pewe_cell_is_instrument,reviewed_decode_anchor,reviewed_decode,https://w3id.org/h2kg/decode/workflow/anchor/operating-pewe-cell-device,reviewed_structural,DECODE-specific concept retained as a stable reviewed anchor. Its source topology is preserved; no H2KG synonym or new public term was asserted.
Optimal catalyst loading for XAS signal,component,component,2,development-of-a-zero-gap-cell-for-gde-based-spectrocopy-measurement; three-electrode-cell-assesement-of-cl-by-xas-xanes-exafs-xrd,Parameter,https://w3id.org/h2kg/hydrogen-ontology#Parameter,operating_or_geometric_parameter,reviewed_decode_anchor,reviewed_decode,https://w3id.org/h2kg/decode/workflow/anchor/optimal-catalyst-loading-for-xas-signal-component,reviewed_structural,DECODE-specific concept retained as a stable reviewed anchor. Its source topology is preserved; no H2KG synonym or new public term was asserted.
ORR charge transfer coefficient,LRE,device,1,adsorbate-surface-diffusion-on-electrocatalyst-support,Property,https://w3id.org/h2kg/hydrogen-ontology#Property,physical_or_derived_property,reviewed_decode_anchor,reviewed_decode,https://w3id.org/h2kg/decode/workflow/anchor/orr-charge-transfer-coefficient-lre,reviewed_structural,DECODE-specific concept retained as a stable reviewed anchor. Its source topology is preserved; no H2KG synonym or new public term was asserted.
Oxidation state changes,LRE,device,2,development-of-a-zero-gap-cell-for-gde-based-spectrocopy-measurement; three-electrode-cell-assesement-of-cl-by-xas-xanes-exafs-xrd,Property,https://w3id.org/h2kg/hydrogen-ontology#Property,physical_or_derived_property,reviewed_decode_anchor,reviewed_decode,https://w3id.org/h2kg/decode/workflow/anchor/oxidation-state-changes-lre,reviewed_structural,DECODE-specific concept retained as a stable reviewed anchor. Its source topology is preserved; no H2KG synonym or new public term was asserted.
Percolation threshold,component,component,1,iet-composition-to-property-model,Matter,https://w3id.org/h2kg/hydrogen-ontology#Matter,component_category_default,reviewed_decode_anchor,reviewed_decode,https://w3id.org/h2kg/decode/workflow/anchor/percolation-threshold-component,reviewed_structural,DECODE-specific concept retained as a stable reviewed anchor. Its source topology is preserved; no H2KG synonym or new public term was asserted.
Polished GC tips,material,material,1,dropcasted-ink-on-gc-tips,Matter,https://w3id.org/h2kg/hydrogen-ontology#Matter,material_category_default,reviewed_decode_anchor,reviewed_decode,https://w3id.org/h2kg/decode/workflow/anchor/polished-gc-tips-material,reviewed_structural,DECODE-specific concept retained as a stable reviewed anchor. Its source topology is preserved; no H2KG synonym or new public term was asserted.
Precursors for molecular probe synthesis,material,material,1,development-of-ratiometric-fluorescent-probes-for-local-ph-assessement-in-alkaline-media,Matter,https://w3id.org/h2kg/hydrogen-ontology#Matter,material_category_default,reviewed_decode_anchor,reviewed_decode,https://w3id.org/h2kg/decode/workflow/anchor/precursors-for-molecular-probe-synthesis-material,reviewed_structural,DECODE-specific concept retained as a stable reviewed anchor. Its source topology is preserved; no H2KG synonym or new public term was asserted.
Prism for ATR-FTIR,material,material,2,irras-operando-or-in-situ-ftir; prism-preparation-for-atr-ftir,Matter,https://w3id.org/h2kg/hydrogen-ontology#Matter,material_category_default,reviewed_decode_anchor,reviewed_decode,https://w3id.org/h2kg/decode/workflow/anchor/prism-for-atr-ftir-material,reviewed_structural,DECODE-specific concept retained as a stable reviewed anchor. Its source topology is preserved; no H2KG synonym or new public term was asserted.
Prism Preparation for ATR-FTIR,,process,4,image-fib-tomography-dataparameter-extraction-3d; image-parameter-extraction-2d; in-situ-fourier-transformed-ir-in-atr-configuration; prism-preparation-for-atr-ftir,Manufacturing,https://w3id.org/h2kg/hydrogen-ontology#Manufacturing,physical_manufacturing_workflow,reviewed_decode_anchor,reviewed_decode,https://w3id.org/h2kg/decode/workflow/anchor/prism-preparation-for-atr-ftir-process,reviewed_structural,DECODE-specific concept retained as a stable reviewed anchor. Its source topology is preserved; no H2KG synonym or new public term was asserted.
Process water samples taken during operation,device,device,1,additional-measurements-on-pewe-during-operation,Matter,https://w3id.org/h2kg/hydrogen-ontology#Matter,process_water_sample_is_matter,reviewed_decode_anchor,reviewed_decode,https://w3id.org/h2kg/decode/workflow/anchor/process-water-samples-taken-during-operation-device,reviewed_structural,DECODE-specific concept retained as a stable reviewed anchor. Its source topology is preserved; no H2KG synonym or new public term was asserted.
PTFE ink composition and properties,material,material,1,modeling-of-hydrophobic-treatment-of-gdl,Matter,https://w3id.org/h2kg/hydrogen-ontology#Matter,material_category_default,reviewed_decode_anchor,reviewed_decode,https://w3id.org/h2kg/decode/workflow/anchor/ptfe-ink-composition-and-properties-material,reviewed_structural,DECODE-specific concept retained as a stable reviewed anchor. Its source topology is preserved; no H2KG synonym or new public term was asserted.
PTL,component,component,1,contact-resistance-measurement,Matter,https://w3id.org/h2kg/hydrogen-ontology#Matter,component_category_default,reviewed_decode_anchor,reviewed_decode,https://w3id.org/h2kg/decode/workflow/anchor/ptl-component,reviewed_structural,DECODE-specific concept retained as a stable reviewed anchor. Its source topology is preserved; no H2KG synonym or new public term was asserted.
PTL 3D voxel data classified,meso,data,5,voxel-based-3d-effective-diffusivity-simulation; voxel-based-3d-electric-conductiviy-simulation; voxel-based-3d-permability-simulation; voxel-based-3d-thermal-conductivity-simulation; water-retention-curve-simulation,Data,https://w3id.org/h2kg/hydrogen-ontology#Data,data_product,reviewed_decode_anchor,reviewed_decode,https://w3id.org/h2kg/decode/workflow/anchor/ptl-3d-voxel-data-classified-meso,reviewed_structural,DECODE-specific concept retained as a stable reviewed anchor. Its source topology is preserved; no H2KG synonym or new public term was asserted.
PTL breakthrough pressure,component,component,1,water-retention-curve-simulation,Parameter,https://w3id.org/h2kg/hydrogen-ontology#Parameter,operating_or_geometric_parameter,reviewed_decode_anchor,reviewed_decode,https://w3id.org/h2kg/decode/workflow/anchor/ptl-breakthrough-pressure-component,reviewed_structural,DECODE-specific concept retained as a stable reviewed anchor. Its source topology is preserved; no H2KG synonym or new public term was asserted.
PTL conductivity,component,component,1,voxel-based-3d-electric-conductiviy-simulation,Property,https://w3id.org/h2kg/hydrogen-ontology#Property,physical_or_derived_property,reviewed_decode_anchor,reviewed_decode,https://w3id.org/h2kg/decode/workflow/anchor/ptl-conductivity-component,reviewed_structural,DECODE-specific concept retained as a stable reviewed anchor. Its source topology is preserved; no H2KG synonym or new public term was asserted.
PTL contact resistance,component,component,1,contact-resistance-measurement,Property,https://w3id.org/h2kg/hydrogen-ontology#Property,physical_or_derived_property,reviewed_decode_anchor,reviewed_decode,https://w3id.org/h2kg/decode/workflow/anchor/ptl-contact-resistance-component,reviewed_structural,DECODE-specific concept retained as a stable reviewed anchor. Its source topology is preserved; no H2KG synonym or new public term was asserted.
PTL corrosion measurement,,method,1,ptl-corrosion-measurement,Property,https://w3id.org/h2kg/hydrogen-ontology#Property,physical_or_derived_property,reviewed_decode_anchor,reviewed_decode,https://w3id.org/h2kg/decode/workflow/anchor/ptl-corrosion-measurement-method,reviewed_structural,DECODE-specific concept retained as a stable reviewed anchor. Its source topology is preserved; no H2KG synonym or new public term was asserted.
PTL internal contact angle,component,component,1,water-retention-curve-simulation,Property,https://w3id.org/h2kg/hydrogen-ontology#Property,physical_or_derived_property,reviewed_decode_anchor,reviewed_decode,https://w3id.org/h2kg/decode/workflow/anchor/ptl-internal-contact-angle-component,reviewed_structural,DECODE-specific concept retained as a stable reviewed anchor. Its source topology is preserved; no H2KG synonym or new public term was asserted.
PTL permeability,component,component,1,voxel-based-3d-permability-simulation,Property,https://w3id.org/h2kg/hydrogen-ontology#Property,physical_or_derived_property,reviewed_decode_anchor,reviewed_decode,https://w3id.org/h2kg/decode/workflow/anchor/ptl-permeability-component,reviewed_structural,DECODE-specific concept retained as a stable reviewed anchor. Its source topology is preserved; no H2KG synonym or new public term was asserted.
PTL porosity,component,component,1,voxel-based-3d-effective-diffusivity-simulation,Property,https://w3id.org/h2kg/hydrogen-ontology#Property,physical_or_derived_property,reviewed_decode_anchor,reviewed_decode,https://w3id.org/h2kg/decode/workflow/anchor/ptl-porosity-component,reviewed_structural,DECODE-specific concept retained as a stable reviewed anchor. Its source topology is preserved; no H2KG synonym or new public term was asserted.
PTL thermal conductivity,component,component,1,voxel-based-3d-thermal-conductivity-simulation,Property,https://w3id.org/h2kg/hydrogen-ontology#Property,physical_or_derived_property,reviewed_decode_anchor,reviewed_decode,https://w3id.org/h2kg/decode/workflow/anchor/ptl-thermal-conductivity-component,reviewed_structural,DECODE-specific concept retained as a stable reviewed anchor. Its source topology is preserved; no H2KG synonym or new public term was asserted.
PTL tortuosity,component,component,1,voxel-based-3d-effective-diffusivity-simulation,Property,https://w3id.org/h2kg/hydrogen-ontology#Property,physical_or_derived_property,reviewed_decode_anchor,reviewed_decode,https://w3id.org/h2kg/decode/workflow/anchor/ptl-tortuosity-component,reviewed_structural,DECODE-specific concept retained as a stable reviewed anchor. Its source topology is preserved; no H2KG synonym or new public term was asserted.
PTL water retention curve,component,component,1,water-retention-curve-simulation,Data,https://w3id.org/h2kg/hydrogen-ontology#Data,data_product,reviewed_decode_anchor,reviewed_decode,https://w3id.org/h2kg/decode/workflow/anchor/ptl-water-retention-curve-component,reviewed_structural,DECODE-specific concept retained as a stable reviewed anchor. Its source topology is preserved; no H2KG synonym or new public term was asserted.
Pulsed gas analysis,,method,7,blade-coating-and-decal-transfer-for-ref-pefc-ccm; electrospray-deposition-of-catalyst-layers; fitting-of-the-europium-model; iet-1d-performance-model-for-mea-fitting; impregnation-by-immersion-and-blade-coating; pulsed-gas-analysis; ultrasonic-spray-deposition-for-catalytic-layers,Process,https://w3id.org/h2kg/hydrogen-ontology#Process,workflow_or_analysis,reviewed_decode_anchor,reviewed_decode,https://w3id.org/h2kg/decode/workflow/anchor/pulsed-gas-analysis-method,reviewed_structural,DECODE-specific concept retained as a stable reviewed anchor. Its source topology is preserved; no H2KG synonym or new public term was asserted.
Pulsed gas analysis test protocol,device,device,1,pulsed-gas-analysis,Process,https://w3id.org/h2kg/hydrogen-ontology#Process,workflow_or_analysis,reviewed_decode_anchor,reviewed_decode,https://w3id.org/h2kg/decode/workflow/anchor/pulsed-gas-analysis-test-protocol-device,reviewed_structural,DECODE-specific concept retained as a stable reviewed anchor. Its source topology is preserved; no H2KG synonym or new public term was asserted.
Ratio of proton conductivity and saturation,component,component,2,iet-1d-mea-with-water-transport-eis-model; iet-1d-mea-with-water-transport-in-ccl-eis-model,Parameter,https://w3id.org/h2kg/hydrogen-ontology#Parameter,operating_or_geometric_parameter,reviewed_decode_anchor,reviewed_decode,https://w3id.org/h2kg/decode/workflow/anchor/ratio-of-proton-conductivity-and-saturation-component,reviewed_structural,DECODE-specific concept retained as a stable reviewed anchor. Its source topology is preserved; no H2KG synonym or new public term was asserted.
RDE CV,component,component,1,model-electrochemistry-in-a-rde-cell,Data,https://w3id.org/h2kg/hydrogen-ontology#Data,data_product,reviewed_decode_anchor,reviewed_decode,https://w3id.org/h2kg/decode/workflow/anchor/rde-cv-component,reviewed_structural,DECODE-specific concept retained as a stable reviewed anchor. Its source topology is preserved; no H2KG synonym or new public term was asserted.
RDE diffusion current,component,component,1,model-electrochemistry-in-a-rde-cell,Property,https://w3id.org/h2kg/hydrogen-ontology#Property,physical_or_derived_property,reviewed_decode_anchor,reviewed_decode,https://w3id.org/h2kg/decode/workflow/anchor/rde-diffusion-current-component,reviewed_structural,DECODE-specific concept retained as a stable reviewed anchor. Its source topology is preserved; no H2KG synonym or new public term was asserted.
RDE ECSA,component,component,1,model-electrochemistry-in-a-rde-cell,Matter,https://w3id.org/h2kg/hydrogen-ontology#Matter,component_category_default,reviewed_decode_anchor,reviewed_decode,https://w3id.org/h2kg/decode/workflow/anchor/rde-ecsa-component,reviewed_structural,DECODE-specific concept retained as a stable reviewed anchor. Its source topology is preserved; no H2KG synonym or new public term was asserted.
RDE EIS,component,component,1,transmission-line-model-fitting-of-cl-eis-patterns-for-components-distribution,Data,https://w3id.org/h2kg/hydrogen-ontology#Data,data_product,reviewed_decode_anchor,reviewed_decode,https://w3id.org/h2kg/decode/workflow/anchor/rde-eis-component,reviewed_structural,DECODE-specific concept retained as a stable reviewed anchor. Its source topology is preserved; no H2KG synonym or new public term was asserted.
RDE EIS (catalyst-free),component,component,1,transmission-line-model-fitting-of-cl-eis-patterns-for-components-distribution,Data,https://w3id.org/h2kg/hydrogen-ontology#Data,data_product,reviewed_decode_anchor,reviewed_decode,https://w3id.org/h2kg/decode/workflow/anchor/rde-eis-catalyst-free-component,reviewed_structural,DECODE-specific concept retained as a stable reviewed anchor. Its source topology is preserved; no H2KG synonym or new public term was asserted.
RDE EIS (ionomer-free),component,component,1,transmission-line-model-fitting-of-cl-eis-patterns-for-components-distribution,Data,https://w3id.org/h2kg/hydrogen-ontology#Data,data_product,reviewed_decode_anchor,reviewed_decode,https://w3id.org/h2kg/decode/workflow/anchor/rde-eis-ionomer-free-component,reviewed_structural,DECODE-specific concept retained as a stable reviewed anchor. Its source topology is preserved; no H2KG synonym or new public term was asserted.
RDE EIS (nanostructured),component,component,1,eis-on-nanostructured-electrodes,Data,https://w3id.org/h2kg/hydrogen-ontology#Data,data_product,reviewed_decode_anchor,reviewed_decode,https://w3id.org/h2kg/decode/workflow/anchor/rde-eis-nanostructured-component,reviewed_structural,DECODE-specific concept retained as a stable reviewed anchor. Its source topology is preserved; no H2KG synonym or new public term was asserted.
RDE electrochemical protocol,component,component,7,fitting-version-of-the-hierachical-model; rde-on-mono-or-polycrystalline-electrodes; rde-on-nanostructured-electrodes; rde-simulation-in-comsol; rrde-on-model-electrodes-in-acidic-solutions; rrde-on-model-electrodes-in-alkaline-solutions; rrde-simulation-in-comsol,Process,https://w3id.org/h2kg/hydrogen-ontology#Process,workflow_or_analysis,reviewed_decode_anchor,reviewed_decode,https://w3id.org/h2kg/decode/workflow/anchor/rde-electrochemical-protocol-component,reviewed_structural,DECODE-specific concept retained as a stable reviewed anchor. Its source topology is preserved; no H2KG synonym or new public term was asserted.
RDE electrochemical response (idealized),LRE,device,9,adsorbate-surface-diffusion-on-electrocatalyst-support; diffusion-theory; fitting-version-of-the-hierachical-model; rde-on-mono-or-polycrystalline-electrodes; rde-simulation-in-comsol; rrde-on-model-electrodes-in-acidic-solutions; rrde-on-model-electrodes-in-alkaline-solutions; rrde-simulation-in-comsol; rrde-theory,Data,https://w3id.org/h2kg/hydrogen-ontology#Data,data_product,reviewed_decode_anchor,reviewed_decode,https://w3id.org/h2kg/decode/workflow/anchor/rde-electrochemical-response-idealized-lre,reviewed_structural,DECODE-specific concept retained as a stable reviewed anchor. Its source topology is preserved; no H2KG synonym or new public term was asserted.
RDE electrochemical response (nanostructured),component,component,1,rde-on-nanostructured-electrodes,Data,https://w3id.org/h2kg/hydrogen-ontology#Data,data_product,reviewed_decode_anchor,reviewed_decode,https://w3id.org/h2kg/decode/workflow/anchor/rde-electrochemical-response-nanostructured-component,reviewed_structural,DECODE-specific concept retained as a stable reviewed anchor. Its source topology is preserved; no H2KG synonym or new public term was asserted.
RDE electrode (nanostructured),component,component,4,accelerated-stress-test-ast-on-nanostructured-electrodes; dropcasted-ink-on-gc-tips; eis-on-nanostructured-electrodes; rde-on-nanostructured-electrodes,Property,https://w3id.org/h2kg/hydrogen-ontology#Property,physical_or_derived_property,reviewed_decode_anchor,reviewed_decode,https://w3id.org/h2kg/decode/workflow/anchor/rde-electrode-nanostructured-component,reviewed_structural,DECODE-specific concept retained as a stable reviewed anchor. Its source topology is preserved; no H2KG synonym or new public term was asserted.
RDE electrode geometry,device,device,1,rde-simulation-in-comsol,Parameter,https://w3id.org/h2kg/hydrogen-ontology#Parameter,operating_or_geometric_parameter,reviewed_decode_anchor,reviewed_decode,https://w3id.org/h2kg/decode/workflow/anchor/rde-electrode-geometry-device,reviewed_structural,DECODE-specific concept retained as a stable reviewed anchor. Its source topology is preserved; no H2KG synonym or new public term was asserted.
RDE electrode kinetic parameters,material,material,2,rde-simulation-in-comsol; rrde-simulation-in-comsol,Property,https://w3id.org/h2kg/hydrogen-ontology#Property,rde_kinetic_parameters_are_property,reviewed_decode_anchor,reviewed_decode,https://w3id.org/h2kg/decode/workflow/anchor/rde-electrode-kinetic-parameters-material,reviewed_structural,DECODE-specific concept retained as a stable reviewed anchor. Its source topology is preserved; no H2KG synonym or new public term was asserted.
RDE kinetic current,component,component,1,model-electrochemistry-in-a-rde-cell,Property,https://w3id.org/h2kg/hydrogen-ontology#Property,physical_or_derived_property,reviewed_decode_anchor,reviewed_decode,https://w3id.org/h2kg/decode/workflow/anchor/rde-kinetic-current-component,reviewed_structural,DECODE-specific concept retained as a stable reviewed anchor. Its source topology is preserved; no H2KG synonym or new public term was asserted.
RDE local pH,component,component,1,rotating-ring-disk-electrode-rrde,Property,https://w3id.org/h2kg/hydrogen-ontology#Property,physical_or_derived_property,reviewed_decode_anchor,reviewed_decode,https://w3id.org/h2kg/decode/workflow/anchor/rde-local-ph-component,reviewed_structural,DECODE-specific concept retained as a stable reviewed anchor. Its source topology is preserved; no H2KG synonym or new public term was asserted.
RDE monocrystalline electrode,material,material,3,rde-on-mono-or-polycrystalline-electrodes; rrde-on-model-electrodes-in-acidic-solutions; rrde-on-model-electrodes-in-alkaline-solutions,Instrument,https://w3id.org/h2kg/hydrogen-ontology#Instrument,apparatus_or_electrode,reviewed_decode_anchor,reviewed_decode,https://w3id.org/h2kg/decode/workflow/anchor/rde-monocrystalline-electrode-material,reviewed_structural,DECODE-specific concept retained as a stable reviewed anchor. Its source topology is preserved; no H2KG synonym or new public term was asserted.
RDE on mono- or polycrystalline electrodes,,method,10,adsorbate-surface-diffusion-on-electrocatalyst-support; diffusion-theory; fitting-version-of-the-hierachical-model; rde-on-mono-or-polycrystalline-electrodes; rrde-theory,Measurement,https://w3id.org/h2kg/hydrogen-ontology#Measurement,rde_monopoly_measurement_is_measurement,reviewed_decode_anchor,reviewed_decode,https://w3id.org/h2kg/decode/workflow/anchor/rde-on-mono-or-polycrystalline-electrodes-method,reviewed_structural,DECODE-specific concept retained as a stable reviewed anchor. Its source topology is preserved; no H2KG synonym or new public term was asserted.
RDE on nanostructured electrodes,,method,2,dropcasted-ink-on-gc-tips; rde-on-nanostructured-electrodes,Property,https://w3id.org/h2kg/hydrogen-ontology#Property,physical_or_derived_property,reviewed_decode_anchor,reviewed_decode,https://w3id.org/h2kg/decode/workflow/anchor/rde-on-nanostructured-electrodes-method,reviewed_structural,DECODE-specific concept retained as a stable reviewed anchor. Its source topology is preserved; no H2KG synonym or new public term was asserted.
RDE polarization curve,component,component,1,rotating-ring-disk-electrode-rrde,Data,https://w3id.org/h2kg/hydrogen-ontology#Data,data_product,reviewed_decode_anchor,reviewed_decode,https://w3id.org/h2kg/decode/workflow/anchor/rde-polarization-curve-component,reviewed_structural,DECODE-specific concept retained as a stable reviewed anchor. Its source topology is preserved; no H2KG synonym or new public term was asserted.
RDE polycrystalline electrode,material,material,3,rde-on-mono-or-polycrystalline-electrodes; rrde-on-model-electrodes-in-acidic-solutions; rrde-on-model-electrodes-in-alkaline-solutions,Instrument,https://w3id.org/h2kg/hydrogen-ontology#Instrument,apparatus_or_electrode,reviewed_decode_anchor,reviewed_decode,https://w3id.org/h2kg/decode/workflow/anchor/rde-polycrystalline-electrode-material,reviewed_structural,DECODE-specific concept retained as a stable reviewed anchor. Its source topology is preserved; no H2KG synonym or new public term was asserted.
RDE rotation rate,component,component,8,diffusion-theory; rde-on-mono-or-polycrystalline-electrodes; rde-on-nanostructured-electrodes; rde-simulation-in-comsol; rrde-on-model-electrodes-in-acidic-solutions; rrde-on-model-electrodes-in-alkaline-solutions; rrde-simulation-in-comsol; rrde-theory,Parameter,https://w3id.org/h2kg/hydrogen-ontology#Parameter,operating_or_geometric_parameter,reviewed_decode_anchor,reviewed_decode,https://w3id.org/h2kg/decode/workflow/anchor/rde-rotation-rate-component,reviewed_structural,DECODE-specific concept retained as a stable reviewed anchor. Its source topology is preserved; no H2KG synonym or new public term was asserted.
RDE simulation in COMSOL,,model,5,adsorbate-surface-diffusion-on-electrocatalyst-support; diffusion-theory; fitting-version-of-the-hierachical-model; rde-simulation-in-comsol; rrde-theory,Process,https://w3id.org/h2kg/hydrogen-ontology#Process,workflow_or_analysis,reviewed_decode_anchor,reviewed_decode,https://w3id.org/h2kg/decode/workflow/anchor/rde-simulation-in-comsol-model,reviewed_structural,DECODE-specific concept retained as a stable reviewed anchor. Its source topology is preserved; no H2KG synonym or new public term was asserted.
RDE species distribution (idealized),LRE,device,2,rde-simulation-in-comsol; rrde-simulation-in-comsol,Data,https://w3id.org/h2kg/hydrogen-ontology#Data,data_product,reviewed_decode_anchor,reviewed_decode,https://w3id.org/h2kg/decode/workflow/anchor/rde-species-distribution-idealized-lre,reviewed_structural,DECODE-specific concept retained as a stable reviewed anchor. Its source topology is preserved; no H2KG synonym or new public term was asserted.
RDE temperature,component,component,8,diffusion-theory; rde-on-mono-or-polycrystalline-electrodes; rde-on-nanostructured-electrodes; rde-simulation-in-comsol; rrde-on-model-electrodes-in-acidic-solutions; rrde-on-model-electrodes-in-alkaline-solutions; rrde-simulation-in-comsol; rrde-theory,Parameter,https://w3id.org/h2kg/hydrogen-ontology#Parameter,operating_or_geometric_parameter,reviewed_decode_anchor,reviewed_decode,https://w3id.org/h2kg/decode/workflow/anchor/rde-temperature-component,reviewed_structural,DECODE-specific concept retained as a stable reviewed anchor. Its source topology is preserved; no H2KG synonym or new public term was asserted.
Reaction mechanisms (ORR),LRE,device,2,fitting-version-of-the-hierachical-model; hierarchical-model-for-electrocatalytic-reactions,Process,https://w3id.org/h2kg/hydrogen-ontology#Process,lre_reaction_mechanism_is_process,reviewed_decode_anchor,reviewed_decode,https://w3id.org/h2kg/decode/workflow/anchor/reaction-mechanisms-orr-lre,reviewed_structural,DECODE-specific concept retained as a stable reviewed anchor. Its source topology is preserved; no H2KG synonym or new public term was asserted.
Rheology,,method,3,ink-preparation-for-deposition-of-catalytic-layers; rheology; roller-mixer-and-zirconia-beads-for-ref-pefc-inks,Measurement,https://w3id.org/h2kg/hydrogen-ontology#Measurement,method_visual_default,reviewed_decode_anchor,reviewed_decode,https://w3id.org/h2kg/decode/workflow/anchor/rheology-method,reviewed_structural,DECODE-specific concept retained as a stable reviewed anchor. Its source topology is preserved; no H2KG synonym or new public term was asserted.
Roller mixer and zirconia beads for ref PEFC inks,,method,5,blade-coating-and-decal-transfer-for-ref-pefc-ccm; electrospray-deposition-of-catalyst-layers; rheology; roller-mixer-and-zirconia-beads-for-ref-pefc-inks; turbiscan-transmission-and-backscattering-stability-testing,Manufacturing,https://w3id.org/h2kg/hydrogen-ontology#Manufacturing,roller_mixing_is_manufacturing,reviewed_decode_anchor,reviewed_decode,https://w3id.org/h2kg/decode/workflow/anchor/roller-mixer-and-zirconia-beads-for-ref-pefc-inks-method,reviewed_structural,DECODE-specific concept retained as a stable reviewed anchor. Its source topology is preserved; no H2KG synonym or new public term was asserted.
Rotating Ring Disk Electrode (RRDE),,method,6,blade-coating-and-decal-transfer-for-ref-pefc-ccm; electrospray-deposition-of-catalyst-layers; image-fib-tomography-dataparameter-extraction-3d; image-parameter-extraction-2d; rotating-ring-disk-electrode-rrde; ultrasonic-spray-deposition-for-catalytic-layers,Instrument,https://w3id.org/h2kg/hydrogen-ontology#Instrument,apparatus_or_electrode,reviewed_decode_anchor,reviewed_decode,https://w3id.org/h2kg/decode/workflow/anchor/rotating-ring-disk-electrode-rrde-method,reviewed_structural,DECODE-specific concept retained as a stable reviewed anchor. Its source topology is preserved; no H2KG synonym or new public term was asserted.
RRDE average disk pH,device,device,1,rrde-simulation-in-comsol,Property,https://w3id.org/h2kg/hydrogen-ontology#Property,rrde_disk_ph_is_property,reviewed_decode_anchor,reviewed_decode,https://w3id.org/h2kg/decode/workflow/anchor/rrde-average-disk-ph-device,reviewed_structural,DECODE-specific concept retained as a stable reviewed anchor. Its source topology is preserved; no H2KG synonym or new public term was asserted.
RRDE average ring pH,device,device,1,rrde-simulation-in-comsol,Property,https://w3id.org/h2kg/hydrogen-ontology#Property,rrde_ring_ph_is_property,reviewed_decode_anchor,reviewed_decode,https://w3id.org/h2kg/decode/workflow/anchor/rrde-average-ring-ph-device,reviewed_structural,DECODE-specific concept retained as a stable reviewed anchor. Its source topology is preserved; no H2KG synonym or new public term was asserted.
RRDE collection efficiency,device,device,3,rrde-on-model-electrodes-in-acidic-solutions; rrde-on-model-electrodes-in-alkaline-solutions; rrde-simulation-in-comsol,Property,https://w3id.org/h2kg/hydrogen-ontology#Property,rrde_collection_efficiency_is_property,reviewed_decode_anchor,reviewed_decode,https://w3id.org/h2kg/decode/workflow/anchor/rrde-collection-efficiency-device,reviewed_structural,DECODE-specific concept retained as a stable reviewed anchor. Its source topology is preserved; no H2KG synonym or new public term was asserted.
RRDE electrode geometries,device,device,1,rrde-simulation-in-comsol,Parameter,https://w3id.org/h2kg/hydrogen-ontology#Parameter,rde_electrode_geometry_is_parameter,reviewed_decode_anchor,reviewed_decode,https://w3id.org/h2kg/decode/workflow/anchor/rrde-electrode-geometries-device,reviewed_structural,DECODE-specific concept retained as a stable reviewed anchor. Its source topology is preserved; no H2KG synonym or new public term was asserted.
RRDE near-electrode (ca. 1mm) pH distribution,LRE,device,4,rrde-on-model-electrodes-in-acidic-solutions; rrde-on-model-electrodes-in-alkaline-solutions; rrde-simulation-in-comsol; rrde-theory,Data,https://w3id.org/h2kg/hydrogen-ontology#Data,rrde_ph_distribution_is_data,reviewed_decode_anchor,reviewed_decode,https://w3id.org/h2kg/decode/workflow/anchor/rrde-near-electrode-ca-1mm-ph-distribution-lre,reviewed_structural,DECODE-specific concept retained as a stable reviewed anchor. Its source topology is preserved; no H2KG synonym or new public term was asserted.
RRDE on model electrodes in acidic solutions,,model,12,adsorbate-surface-diffusion-on-electrocatalyst-support; diffusion-theory; fitting-version-of-the-hierachical-model; rrde-on-model-electrodes-in-acidic-solutions; rrde-simulation-in-comsol; rrde-theory,Process,https://w3id.org/h2kg/hydrogen-ontology#Process,workflow_or_analysis,reviewed_decode_anchor,reviewed_decode,https://w3id.org/h2kg/decode/workflow/anchor/rrde-on-model-electrodes-in-acidic-solutions-model,reviewed_structural,DECODE-specific concept retained as a stable reviewed anchor. Its source topology is preserved; no H2KG synonym or new public term was asserted.
RRDE on model electrodes in alkaline solutions,,model,12,adsorbate-surface-diffusion-on-electrocatalyst-support; diffusion-theory; fitting-version-of-the-hierachical-model; rrde-on-model-electrodes-in-alkaline-solutions; rrde-simulation-in-comsol; rrde-theory,Process,https://w3id.org/h2kg/hydrogen-ontology#Process,workflow_or_analysis,reviewed_decode_anchor,reviewed_decode,https://w3id.org/h2kg/decode/workflow/anchor/rrde-on-model-electrodes-in-alkaline-solutions-model,reviewed_structural,DECODE-specific concept retained as a stable reviewed anchor. Its source topology is preserved; no H2KG synonym or new public term was asserted.
RRDE polarization curve (ring),component,component,1,rotating-ring-disk-electrode-rrde,Data,https://w3id.org/h2kg/hydrogen-ontology#Data,data_product,reviewed_decode_anchor,reviewed_decode,https://w3id.org/h2kg/decode/workflow/anchor/rrde-polarization-curve-ring-component,reviewed_structural,DECODE-specific concept retained as a stable reviewed anchor. Its source topology is preserved; no H2KG synonym or new public term was asserted.
RRDE ring electrochemical response (idealized),LRE,device,1,adsorbate-surface-diffusion-on-electrocatalyst-support,Data,https://w3id.org/h2kg/hydrogen-ontology#Data,data_product,reviewed_decode_anchor,reviewed_decode,https://w3id.org/h2kg/decode/workflow/anchor/rrde-ring-electrochemical-response-idealized-lre,reviewed_structural,DECODE-specific concept retained as a stable reviewed anchor. Its source topology is preserved; no H2KG synonym or new public term was asserted.
RRDE ring redox couple,material,material,3,rrde-on-model-electrodes-in-acidic-solutions; rrde-on-model-electrodes-in-alkaline-solutions; rrde-theory,Matter,https://w3id.org/h2kg/hydrogen-ontology#Matter,material_category_default,reviewed_decode_anchor,reviewed_decode,https://w3id.org/h2kg/decode/workflow/anchor/rrde-ring-redox-couple-material,reviewed_structural,DECODE-specific concept retained as a stable reviewed anchor. Its source topology is preserved; no H2KG synonym or new public term was asserted.
RRDE ring vs pH calibration curve,material,material,2,rrde-on-model-electrodes-in-acidic-solutions; rrde-on-model-electrodes-in-alkaline-solutions,Parameter,https://w3id.org/h2kg/hydrogen-ontology#Parameter,operating_or_geometric_parameter,reviewed_decode_anchor,reviewed_decode,https://w3id.org/h2kg/decode/workflow/anchor/rrde-ring-vs-ph-calibration-curve-material,reviewed_structural,DECODE-specific concept retained as a stable reviewed anchor. Its source topology is preserved; no H2KG synonym or new public term was asserted.
RRDE simulation in COMSOL,,model,7,adsorbate-surface-diffusion-on-electrocatalyst-support; diffusion-theory; fitting-version-of-the-hierachical-model; rrde-on-model-electrodes-in-acidic-solutions; rrde-on-model-electrodes-in-alkaline-solutions; rrde-simulation-in-comsol; rrde-theory,Process,https://w3id.org/h2kg/hydrogen-ontology#Process,workflow_or_analysis,reviewed_decode_anchor,reviewed_decode,https://w3id.org/h2kg/decode/workflow/anchor/rrde-simulation-in-comsol-model,reviewed_structural,DECODE-specific concept retained as a stable reviewed anchor. Its source topology is preserved; no H2KG synonym or new public term was asserted.
RRDE Theory,,model,7,fitting-version-of-the-hierachical-model; rde-on-mono-or-polycrystalline-electrodes; rde-simulation-in-comsol; rrde-on-model-electrodes-in-acidic-solutions; rrde-on-model-electrodes-in-alkaline-solutions; rrde-simulation-in-comsol; rrde-theory,Process,https://w3id.org/h2kg/hydrogen-ontology#Process,model_visual_default,reviewed_decode_anchor,reviewed_decode,https://w3id.org/h2kg/decode/workflow/anchor/rrde-theory-model,reviewed_structural,DECODE-specific concept retained as a stable reviewed anchor. Its source topology is preserved; no H2KG synonym or new public term was asserted.
SEM and EDX,,method,43,0d-particle-population-degradation-model-coupled-with-performance-model-fitting; 0d-particle-population-degradation-model-coupled-with-performance-model-prediction; 0d-particle-population-degradation-model-coupled-with-performance-model-prediction-without-fitting-methods; cea-mea-model-europium-2d; current-modulated-hydrogen-flow-rate-spectroscopy-ch2s; differential-cell-testing; diffusivities-from-tortuosities; electrical-conductivity; electrical-contact-resistance; electrical-tlm-characterization-of-a-gdl-with-defined-compression; fitting-of-the-europium-model; gas-permeability-of-a-gdl-with-defined-compression; iet-1d-mea-with-water-transport-eis-model; iet-1d-mea-with-water-transport-in-ccl-eis-model; iet-1d-performance-model-for-mea-fitting; iet-1d-performance-model-for-mea-prediction; image-parameter-extraction-2d; impregnation-by-immersion-and-blade-coating; microscopy-sem-and-optical-in-mea-cross-section; mpl-parameter-estimation-from-gdl-and-substrate-data; sem-and-edx,Measurement,https://w3id.org/h2kg/hydrogen-ontology#Measurement,method_visual_default,reviewed_decode_anchor,reviewed_decode,https://w3id.org/h2kg/decode/workflow/anchor/sem-and-edx-method,reviewed_structural,DECODE-specific concept retained as a stable reviewed anchor. Its source topology is preserved; no H2KG synonym or new public term was asserted.
SEM and FIB (layer),,method,22,0d-particle-population-degradation-model-coupled-with-performance-model-fitting; 0d-particle-population-degradation-model-coupled-with-performance-model-prediction; 0d-particle-population-degradation-model-coupled-with-performance-model-prediction-without-fitting-methods; blade-coating-and-decal-transfer-for-ref-pefc-ccm; cea-mea-model-europium-2d; current-modulated-hydrogen-flow-rate-spectroscopy-ch2s; differential-cell-testing; diffusivities-from-tortuosities; electrical-conductivity; electrical-contact-resistance; electrical-tlm-characterization-of-a-gdl-with-defined-compression; electrospray-deposition-of-catalyst-layers; fitting-of-the-europium-model; gas-permeability-of-a-gdl-with-defined-compression; iet-1d-mea-with-water-transport-eis-model; iet-1d-mea-with-water-transport-in-ccl-eis-model; iet-1d-performance-model-for-mea-fitting; iet-1d-performance-model-for-mea-prediction; impregnation-by-immersion-and-blade-coating; mpl-parameter-estimation-from-gdl-and-substrate-data; sem-and-fib-layer; ultrasonic-spray-deposition-for-catalytic-layers,Measurement,https://w3id.org/h2kg/hydrogen-ontology#Measurement,method_visual_default,reviewed_decode_anchor,reviewed_decode,https://w3id.org/h2kg/decode/workflow/anchor/sem-and-fib-layer-method,reviewed_structural,DECODE-specific concept retained as a stable reviewed anchor. Its source topology is preserved; no H2KG synonym or new public term was asserted.
SEM and FIB (powder),,method,2,iet-ink-to-composition-model; sem-and-fib-powder,Measurement,https://w3id.org/h2kg/hydrogen-ontology#Measurement,method_visual_default,reviewed_decode_anchor,reviewed_decode,https://w3id.org/h2kg/decode/workflow/anchor/sem-and-fib-powder-method,reviewed_structural,DECODE-specific concept retained as a stable reviewed anchor. Its source topology is preserved; no H2KG synonym or new public term was asserted.
Sheet resistance measurement,,method,13,blade-coating-and-decal-transfer-for-ref-pefc-ccm; cl-for-rde; electrospray-deposition-of-catalyst-layers; sheet-resistance-measurement; ultrasonic-spray-deposition-for-catalytic-layers,Property,https://w3id.org/h2kg/hydrogen-ontology#Property,physical_or_derived_property,reviewed_decode_anchor,reviewed_decode,https://w3id.org/h2kg/decode/workflow/anchor/sheet-resistance-measurement-method,reviewed_structural,DECODE-specific concept retained as a stable reviewed anchor. Its source topology is preserved; no H2KG synonym or new public term was asserted.
Simulation of single phase 3D apparent properties,,model,13,ai-based-generation-of-structural-digital-twins-of-multi-scale-tomographies; cea-mea-model-europium-2d; current-modulated-hydrogen-flow-rate-spectroscopy-ch2s; diffusivities-from-tortuosities; fitting-of-the-europium-model; image-classification-of-fib-tomography-data; image-classification-of-x-ray-tomography-data; image-classification-on-nm-scale; modeling-of-hydrophobic-treatment-of-gdl; modeling-of-mpl-coating-of-gdl; mpl-parameter-estimation-from-gdl-and-substrate-data; mpl-saturation-determination-from-x-ray-ct-data; simulation-of-single-phase-3d-apparent-properties,Process,https://w3id.org/h2kg/hydrogen-ontology#Process,workflow_or_analysis,reviewed_decode_anchor,reviewed_decode,https://w3id.org/h2kg/decode/workflow/anchor/simulation-of-single-phase-3d-apparent-properties-model,reviewed_structural,DECODE-specific concept retained as a stable reviewed anchor. Its source topology is preserved; no H2KG synonym or new public term was asserted.
Simulation of two phase 3D apparent properties,,model,14,ai-based-generation-of-structural-digital-twins-of-multi-scale-tomographies; cea-mea-model-europium-2d; diffusivities-from-tortuosities; fitting-of-the-europium-model; iet-1d-mea-with-water-transport-eis-model; iet-1d-performance-model-for-mea-prediction; image-classification-of-fib-tomography-data; image-classification-of-x-ray-tomography-data; image-classification-on-nm-scale; modeling-of-hydrophobic-treatment-of-gdl; modeling-of-mpl-coating-of-gdl; mpl-parameter-estimation-from-gdl-and-substrate-data; mpl-saturation-determination-from-x-ray-ct-data; simulation-of-two-phase-3d-apparent-properties,Process,https://w3id.org/h2kg/hydrogen-ontology#Process,workflow_or_analysis,reviewed_decode_anchor,reviewed_decode,https://w3id.org/h2kg/decode/workflow/anchor/simulation-of-two-phase-3d-apparent-properties-model,reviewed_structural,DECODE-specific concept retained as a stable reviewed anchor. Its source topology is preserved; no H2KG synonym or new public term was asserted.
"Single cell test bench: polarization, EIS",,method,17,0d-particle-population-degradation-model-coupled-with-performance-model-fitting; 0d-particle-population-degradation-model-coupled-with-performance-model-prediction; 0d-particle-population-degradation-model-coupled-with-performance-model-prediction-without-fitting-methods; cea-mea-model-europium-2d; fib-measurements-on-gdl-or-mpl-and-catalyst-materials; fitting-of-the-europium-model; iet-1d-mea-with-water-transport-eis-model; iet-1d-mea-with-water-transport-in-ccl-eis-model; iet-1d-performance-model-for-mea-fitting; iet-1d-performance-model-for-mea-prediction; iet-ink-to-composition-model; image-fib-tomography-dataparameter-extraction-3d; image-parameter-extraction-2d; mea-assembly-for-pefc-ref-mea; microscopy-sem-and-optical-in-mea-cross-section; sem-and-edx; sem-and-fib-layer,Instrument,https://w3id.org/h2kg/hydrogen-ontology#Instrument,apparatus_or_electrode,reviewed_decode_anchor,reviewed_decode,https://w3id.org/h2kg/decode/workflow/anchor/single-cell-test-bench-polarization-eis-method,reviewed_structural,DECODE-specific concept retained as a stable reviewed anchor. Its source topology is preserved; no H2KG synonym or new public term was asserted.
Solvent,material,material,6,cl-for-rde; dropcasted-ink-on-gc-tips; gde-catalytic-layer-preparation; ink-preparation-for-deposition-of-catalytic-layers; prism-preparation-for-atr-ftir; roller-mixer-and-zirconia-beads-for-ref-pefc-inks,Matter,https://w3id.org/h2kg/hydrogen-ontology#Matter,material_category_default,reviewed_decode_anchor,reviewed_decode,https://w3id.org/h2kg/decode/workflow/anchor/solvent-material,reviewed_structural,DECODE-specific concept retained as a stable reviewed anchor. Its source topology is preserved; no H2KG synonym or new public term was asserted.
subgasket,material,material,1,mea-assembly-for-pefc-ref-mea,Matter,https://w3id.org/h2kg/hydrogen-ontology#Matter,material_category_default,reviewed_decode_anchor,reviewed_decode,https://w3id.org/h2kg/decode/workflow/anchor/subgasket-material,reviewed_structural,DECODE-specific concept retained as a stable reviewed anchor. Its source topology is preserved; no H2KG synonym or new public term was asserted.
Synch-CT measurements on GDL/MPL materials.,,method,7,image-classification-of-fib-tomography-data; image-classification-of-x-ray-tomography-data; image-classification-on-nm-scale; impregnation-by-immersion-and-blade-coating; synch-ct-measurements-on-gdl-or-mpl-materials,Measurement,https://w3id.org/h2kg/hydrogen-ontology#Measurement,method_visual_default,reviewed_decode_anchor,reviewed_decode,https://w3id.org/h2kg/decode/workflow/anchor/synch-ct-measurements-on-gdl-mpl-materials-method,reviewed_structural,DECODE-specific concept retained as a stable reviewed anchor. Its source topology is preserved; no H2KG synonym or new public term was asserted.
Teflon distribution,component,component,2,image-parameter-extraction-2d; modeling-of-hydrophobic-treatment-of-gdl,Data,https://w3id.org/h2kg/hydrogen-ontology#Data,data_product,reviewed_decode_anchor,reviewed_decode,https://w3id.org/h2kg/decode/workflow/anchor/teflon-distribution-component,reviewed_structural,DECODE-specific concept retained as a stable reviewed anchor. Its source topology is preserved; no H2KG synonym or new public term was asserted.
TEM and EDS analysis of MEA,,method,9,0d-particle-population-degradation-model-coupled-with-performance-model-prediction; 0d-particle-population-degradation-model-coupled-with-performance-model-prediction-without-fitting-methods; 0d-particle-population-degradation-model-prediction; blade-coating-and-decal-transfer-for-ref-pefc-ccm; electrospray-deposition-of-catalyst-layers; iet-ink-to-composition-model; molecular-dynamics-for-the-electrode-electrolyte-interface-in-presence-of-ionomer; tem-and-eds-analysis-of-mea; ultrasonic-spray-deposition-for-catalytic-layers,Process,https://w3id.org/h2kg/hydrogen-ontology#Process,workflow_or_analysis,reviewed_decode_anchor,reviewed_decode,https://w3id.org/h2kg/decode/workflow/anchor/tem-and-eds-analysis-of-mea-method,reviewed_structural,DECODE-specific concept retained as a stable reviewed anchor. Its source topology is preserved; no H2KG synonym or new public term was asserted.
thin windows operando/in-situ XPS,,method,6,ab-initio-molecular-dynamics-aimd-of-the-solid-liquid-interface-at-a-pt-electrode; density-potential-functional-theory-applied-to-supported-electrocatalysts; dft-onto-idealized-surfaces; molecular-dynamics-for-the-electrode-electrolyte-interface-in-presence-of-ionomer; molecular-dynamics-for-the-electrode-electrolyte-interface-metalwalls; thin-windows-operando-or-in-situ-xps,Measurement,https://w3id.org/h2kg/hydrogen-ontology#Measurement,method_visual_default,reviewed_decode_anchor,reviewed_decode,https://w3id.org/h2kg/decode/workflow/anchor/thin-windows-operando-in-situ-xps-method,reviewed_structural,DECODE-specific concept retained as a stable reviewed anchor. Its source topology is preserved; no H2KG synonym or new public term was asserted.
"Three electrode cell assesement of CL by XAS, XANES, EXAFS, XRD",,method,4,blade-coating-and-decal-transfer-for-ref-pefc-ccm; electrospray-deposition-of-catalyst-layers; three-electrode-cell-assesement-of-cl-by-xas-xanes-exafs-xrd; ultrasonic-spray-deposition-for-catalytic-layers,Measurement,https://w3id.org/h2kg/hydrogen-ontology#Measurement,three_electrode_assessment_is_measurement,reviewed_decode_anchor,reviewed_decode,https://w3id.org/h2kg/decode/workflow/anchor/three-electrode-cell-assesement-of-cl-by-xas-xanes-exafs-xrd-method,reviewed_structural,DECODE-specific concept retained as a stable reviewed anchor. Its source topology is preserved; no H2KG synonym or new public term was asserted.
Time series of cell voltage,device,device,2,0d-particle-population-degradation-model-coupled-with-performance-model-fitting; data-extraction-from-existing-pewe-measurements-u-i-t,Data,https://w3id.org/h2kg/hydrogen-ontology#Data,data_product,reviewed_decode_anchor,reviewed_decode,https://w3id.org/h2kg/decode/workflow/anchor/time-series-of-cell-voltage-device,reviewed_structural,DECODE-specific concept retained as a stable reviewed anchor. Its source topology is preserved; no H2KG synonym or new public term was asserted.
Time series of current density,device,device,2,0d-particle-population-degradation-model-coupled-with-performance-model-fitting; data-extraction-from-existing-pewe-measurements-u-i-t,Data,https://w3id.org/h2kg/hydrogen-ontology#Data,data_product,reviewed_decode_anchor,reviewed_decode,https://w3id.org/h2kg/decode/workflow/anchor/time-series-of-current-density-device,reviewed_structural,DECODE-specific concept retained as a stable reviewed anchor. Its source topology is preserved; no H2KG synonym or new public term was asserted.
Time series of electrode potential,component,component,1,0d-particle-population-degradation-model-fitting,Data,https://w3id.org/h2kg/hydrogen-ontology#Data,data_product,reviewed_decode_anchor,reviewed_decode,https://w3id.org/h2kg/decode/workflow/anchor/time-series-of-electrode-potential-component,reviewed_structural,DECODE-specific concept retained as a stable reviewed anchor. Its source topology is preserved; no H2KG synonym or new public term was asserted.
Transfer coefficients of elementary steps,LRE,device,2,fitting-version-of-the-hierachical-model; hierarchical-model-for-electrocatalytic-reactions,Property,https://w3id.org/h2kg/hydrogen-ontology#Property,physical_or_derived_property,reviewed_decode_anchor,reviewed_decode,https://w3id.org/h2kg/decode/workflow/anchor/transfer-coefficients-of-elementary-steps-lre,reviewed_structural,DECODE-specific concept retained as a stable reviewed anchor. Its source topology is preserved; no H2KG synonym or new public term was asserted.
Transmission Line Model Fitting of CL EIS patterns for components distribution,,model,2,transmission-line-model-fitting-of-cl-eis-patterns-for-components-distribution,Process,https://w3id.org/h2kg/hydrogen-ontology#Process,workflow_or_analysis,reviewed_decode_anchor,reviewed_decode,https://w3id.org/h2kg/decode/workflow/anchor/transmission-line-model-fitting-of-cl-eis-patterns-for-components-distribution-model,reviewed_structural,DECODE-specific concept retained as a stable reviewed anchor. Its source topology is preserved; no H2KG synonym or new public term was asserted.
Transparent electrode for CLSM,component,component,3,confocal-laser-scanning-microscope-clsm-and-fluorescent-probes-for-local-ph-assessment-in-acidic-med; confocal-laser-scanning-microscope-clsm-and-fluorescent-probes-for-local-ph-assessment-in-alkaline-m; transparent-electrodes-for-clsm-applications,Instrument,https://w3id.org/h2kg/hydrogen-ontology#Instrument,apparatus_or_electrode,reviewed_decode_anchor,reviewed_decode,https://w3id.org/h2kg/decode/workflow/anchor/transparent-electrode-for-clsm-component,reviewed_structural,DECODE-specific concept retained as a stable reviewed anchor. Its source topology is preserved; no H2KG synonym or new public term was asserted.
Transparent Electrodes for CLSM applications,,method,3,confocal-laser-scanning-microscope-clsm-and-fluorescent-probes-for-local-ph-assessment-in-acidic-med; confocal-laser-scanning-microscope-clsm-and-fluorescent-probes-for-local-ph-assessment-in-alkaline-m; transparent-electrodes-for-clsm-applications,Process,https://w3id.org/h2kg/hydrogen-ontology#Process,transparent_electrodes_workflow_is_process,reviewed_decode_anchor,reviewed_decode,https://w3id.org/h2kg/decode/workflow/anchor/transparent-electrodes-for-clsm-applications-method,reviewed_structural,DECODE-specific concept retained as a stable reviewed anchor. Its source topology is preserved; no H2KG synonym or new public term was asserted.
Turbiscan Transmission and Backscattering stability testing,,method,3,ink-preparation-for-deposition-of-catalytic-layers; roller-mixer-and-zirconia-beads-for-ref-pefc-inks; turbiscan-transmission-and-backscattering-stability-testing,Measurement,https://w3id.org/h2kg/hydrogen-ontology#Measurement,method_visual_default,reviewed_decode_anchor,reviewed_decode,https://w3id.org/h2kg/decode/workflow/anchor/turbiscan-transmission-and-backscattering-stability-testing-method,reviewed_structural,DECODE-specific concept retained as a stable reviewed anchor. Its source topology is preserved; no H2KG synonym or new public term was asserted.
Ultrasonic spray deposition for catalytic layers,,process,22,determination-of-cl-saturation-by-saxs-or-sans; development-of-a-zero-gap-cell-for-gde-based-spectrocopy-measurement; electron-tomography-for-pt-c-and-ionomer-distribution-in-cl; fib-measurements-on-gdl-or-mpl-and-catalyst-materials; fib-sem-on-cl-material; high-resolution-electron-tomography-for-accessing-pt-and-ionomer-distribution-on-carbon-aggregate; mea-assembly-for-pefc-ref-mea; mechanical-properties-of-catalyst-layers-gdls-and-meas-by-small-punch-and-nanoindentation; mpl-saturation-determination-from-x-ray-ct-data; neutron-imaging; pulsed-gas-analysis; rotating-ring-disk-electrode-rrde; sem-and-fib-layer; sheet-resistance-measurement; tem-and-eds-analysis-of-mea; three-electrode-cell-assesement-of-cl-by-xas-xanes-exafs-xrd; ultrasonic-spray-deposition-for-catalytic-layers,Manufacturing,https://w3id.org/h2kg/hydrogen-ontology#Manufacturing,physical_manufacturing_workflow,reviewed_decode_anchor,reviewed_decode,https://w3id.org/h2kg/decode/workflow/anchor/ultrasonic-spray-deposition-for-catalytic-layers-process,reviewed_structural,DECODE-specific concept retained as a stable reviewed anchor. Its source topology is preserved; no H2KG synonym or new public term was asserted.
Voxel based 3D Effective Diffusivity simulation,,model,33,0d-particle-population-degradation-model-coupled-with-performance-model-prediction; 0d-particle-population-degradation-model-coupled-with-performance-model-prediction-without-fitting-methods; ai-based-generation-of-structural-digital-twins-of-multi-scale-tomographies; cea-mea-model-europium-2d; current-modulated-hydrogen-flow-rate-spectroscopy-ch2s; diffusivities-from-tortuosities; fib-sem-on-cl-material; fitting-of-the-europium-model; iet-1d-performance-model-for-mea-prediction; image-classification-of-fib-tomography-data; image-classification-of-x-ray-tomography-data; image-classification-on-nm-scale; inpt-cl-process-model; modeling-of-hydrophobic-treatment-of-gdl; modeling-of-mpl-coating-of-gdl; mpl-parameter-estimation-from-gdl-and-substrate-data; mpl-saturation-determination-from-x-ray-ct-data; voxel-based-3d-effective-diffusivity-simulation,Process,https://w3id.org/h2kg/hydrogen-ontology#Process,workflow_or_analysis,reviewed_decode_anchor,reviewed_decode,https://w3id.org/h2kg/decode/workflow/anchor/voxel-based-3d-effective-diffusivity-simulation-model,reviewed_structural,DECODE-specific concept retained as a stable reviewed anchor. Its source topology is preserved; no H2KG synonym or new public term was asserted.
Voxel based 3D Electric conductiviy simulation,,model,25,ai-based-generation-of-structural-digital-twins-of-multi-scale-tomographies; cea-mea-model-europium-2d; fib-sem-on-cl-material; fitting-of-the-europium-model; image-classification-of-fib-tomography-data; image-classification-of-x-ray-tomography-data; image-classification-on-nm-scale; inpt-cl-process-model; modeling-of-hydrophobic-treatment-of-gdl; modeling-of-mpl-coating-of-gdl; mpl-parameter-estimation-from-gdl-and-substrate-data; mpl-saturation-determination-from-x-ray-ct-data; voxel-based-3d-electric-conductiviy-simulation,Process,https://w3id.org/h2kg/hydrogen-ontology#Process,workflow_or_analysis,reviewed_decode_anchor,reviewed_decode,https://w3id.org/h2kg/decode/workflow/anchor/voxel-based-3d-electric-conductiviy-simulation-model,reviewed_structural,DECODE-specific concept retained as a stable reviewed anchor. Its source topology is preserved; no H2KG synonym or new public term was asserted.
Voxel based 3D Permability simulation,,model,25,ai-based-generation-of-structural-digital-twins-of-multi-scale-tomographies; cea-mea-model-europium-2d; fib-sem-on-cl-material; fitting-of-the-europium-model; image-classification-of-fib-tomography-data; image-classification-of-x-ray-tomography-data; image-classification-on-nm-scale; inpt-cl-process-model; modeling-of-hydrophobic-treatment-of-gdl; modeling-of-mpl-coating-of-gdl; mpl-parameter-estimation-from-gdl-and-substrate-data; mpl-saturation-determination-from-x-ray-ct-data; voxel-based-3d-permability-simulation,Process,https://w3id.org/h2kg/hydrogen-ontology#Process,workflow_or_analysis,reviewed_decode_anchor,reviewed_decode,https://w3id.org/h2kg/decode/workflow/anchor/voxel-based-3d-permability-simulation-model,reviewed_structural,DECODE-specific concept retained as a stable reviewed anchor. Its source topology is preserved; no H2KG synonym or new public term was asserted.
Voxel based 3D Thermal conductivity simulation,,model,24,ai-based-generation-of-structural-digital-twins-of-multi-scale-tomographies; cea-mea-model-europium-2d; fib-sem-on-cl-material; fitting-of-the-europium-model; image-classification-of-fib-tomography-data; image-classification-of-x-ray-tomography-data; image-classification-on-nm-scale; inpt-cl-process-model; modeling-of-hydrophobic-treatment-of-gdl; modeling-of-mpl-coating-of-gdl; mpl-saturation-determination-from-x-ray-ct-data; voxel-based-3d-thermal-conductivity-simulation,Process,https://w3id.org/h2kg/hydrogen-ontology#Process,workflow_or_analysis,reviewed_decode_anchor,reviewed_decode,https://w3id.org/h2kg/decode/workflow/anchor/voxel-based-3d-thermal-conductivity-simulation-model,reviewed_structural,DECODE-specific concept retained as a stable reviewed anchor. Its source topology is preserved; no H2KG synonym or new public term was asserted.
Water catalyst interaction strength,LRE,device,1,hierarchical-model-for-electrocatalytic-reactions,Property,https://w3id.org/h2kg/hydrogen-ontology#Property,physical_or_derived_property,reviewed_decode_anchor,reviewed_decode,https://w3id.org/h2kg/decode/workflow/anchor/water-catalyst-interaction-strength-lre,reviewed_structural,DECODE-specific concept retained as a stable reviewed anchor. Its source topology is preserved; no H2KG synonym or new public term was asserted.
Water film thickness,LRE,device,1,molecular-dynamics-for-the-electrode-electrolyte-interface-in-presence-of-ionomer,Property,https://w3id.org/h2kg/hydrogen-ontology#Property,physical_or_derived_property,reviewed_decode_anchor,reviewed_decode,https://w3id.org/h2kg/decode/workflow/anchor/water-film-thickness-lre,reviewed_structural,DECODE-specific concept retained as a stable reviewed anchor. Its source topology is preserved; no H2KG synonym or new public term was asserted.
Water retention curve simulation,,model,29,ai-based-generation-of-structural-digital-twins-of-multi-scale-tomographies; cea-mea-model-europium-2d; fib-sem-on-cl-material; fitting-of-the-europium-model; iet-1d-mea-with-water-transport-eis-model; iet-1d-mea-with-water-transport-in-ccl-eis-model; iet-1d-performance-model-for-mea-prediction; image-classification-of-fib-tomography-data; image-classification-of-x-ray-tomography-data; image-classification-on-nm-scale; inpt-cl-process-model; modeling-of-hydrophobic-treatment-of-gdl; modeling-of-mpl-coating-of-gdl; mpl-saturation-determination-from-x-ray-ct-data; water-retention-curve-simulation,Process,https://w3id.org/h2kg/hydrogen-ontology#Process,workflow_or_analysis,reviewed_decode_anchor,reviewed_decode,https://w3id.org/h2kg/decode/workflow/anchor/water-retention-curve-simulation-model,reviewed_structural,DECODE-specific concept retained as a stable reviewed anchor. Its source topology is preserved; no H2KG synonym or new public term was asserted.
Wilhelmy wettability measurement,,method,3,impregnation-by-immersion-and-blade-coating; wilhelmy-wettability-measurement,Measurement,https://w3id.org/h2kg/hydrogen-ontology#Measurement,method_visual_default,reviewed_decode_anchor,reviewed_decode,https://w3id.org/h2kg/decode/workflow/anchor/wilhelmy-wettability-measurement-method,reviewed_structural,DECODE-specific concept retained as a stable reviewed anchor. Its source topology is preserved; no H2KG synonym or new public term was asserted.
XANES spectra,component,component,2,development-of-a-zero-gap-cell-for-gde-based-spectrocopy-measurement; three-electrode-cell-assesement-of-cl-by-xas-xanes-exafs-xrd,Data,https://w3id.org/h2kg/hydrogen-ontology#Data,data_product,reviewed_decode_anchor,reviewed_decode,https://w3id.org/h2kg/decode/workflow/anchor/xanes-spectra-component,reviewed_structural,DECODE-specific concept retained as a stable reviewed anchor. Its source topology is preserved; no H2KG synonym or new public term was asserted.
XAS spectra,component,component,2,development-of-a-zero-gap-cell-for-gde-based-spectrocopy-measurement; three-electrode-cell-assesement-of-cl-by-xas-xanes-exafs-xrd,Data,https://w3id.org/h2kg/hydrogen-ontology#Data,data_product,reviewed_decode_anchor,reviewed_decode,https://w3id.org/h2kg/decode/workflow/anchor/xas-spectra-component,reviewed_structural,DECODE-specific concept retained as a stable reviewed anchor. Its source topology is preserved; no H2KG synonym or new public term was asserted.
XRD pattern,component,component,2,development-of-a-zero-gap-cell-for-gde-based-spectrocopy-measurement; three-electrode-cell-assesement-of-cl-by-xas-xanes-exafs-xrd,Data,https://w3id.org/h2kg/hydrogen-ontology#Data,explicit_mapping,strict_alt_label,approved_h2kg,https://w3id.org/h2kg/hydrogen-ontology#XRDPatternDataset,high,Reviewed raw-diffraction data naming variant.
