id,upstream_method_id,downstream_method_id,upstream_workflow_id,downstream_workflow_id,upstream_occurrence_id,downstream_occurrence_id,declarations,reciprocity_state,handoff_labels,handoff_anchor_iris,predicate,publication_status,review_rationale
manual-dependency-0000-995bf54675,BOSCH-Exp-electrical-tlm-characterization-gdl-defined-compression,BOSCH-Mod-mpl-parameter-estimation-gdl-substrate,electrical-tlm-characterization-of-a-gdl-with-defined-compression,mpl-parameter-estimation-from-gdl-and-substrate-data,electrical-tlm-characterization-of-a-gdl-with-defined-compression::n10,mpl-parameter-estimation-from-gdl-and-substrate-data::n20,input_method; output_method,confirmed_reciprocal,GDL in-plane conductivity; GDL substrate in-plane conductivity,https://w3id.org/h2kg/decode/workflow/anchor/gdl-in-plane-conductivity-component; https://w3id.org/h2kg/decode/workflow/anchor/gdl-substrate-in-plane-conductivity-component,http://www.w3.org/ns/prov#wasInformedBy,published_confirmed,Both method records declare the dependency and exact reviewed input/output handoff labels are shared.
manual-dependency-0001-553692803c,BOSCH-Exp-electrical-tlm-characterization-gdl-defined-compression,CEA-Mod-europium-2d-mea-model,electrical-tlm-characterization-of-a-gdl-with-defined-compression,cea-mea-model-europium-2d,electrical-tlm-characterization-of-a-gdl-with-defined-compression::n10,cea-mea-model-europium-2d::n72,input_method; output_method,confirmed_reciprocal,GDL substrate in-plane conductivity,https://w3id.org/h2kg/decode/workflow/anchor/gdl-substrate-in-plane-conductivity-component,http://www.w3.org/ns/prov#wasInformedBy,published_confirmed,Both method records declare the dependency and exact reviewed input/output handoff labels are shared.
manual-dependency-0002-d86d1b56ae,BOSCH-Exp-electrical-tlm-characterization-gdl-defined-compression,CEA-Mod-europium-model-fitting,electrical-tlm-characterization-of-a-gdl-with-defined-compression,fitting-of-the-europium-model,electrical-tlm-characterization-of-a-gdl-with-defined-compression::n10,fitting-of-the-europium-model::n61,input_method; output_method,confirmed_reciprocal,GDL substrate in-plane conductivity,https://w3id.org/h2kg/decode/workflow/anchor/gdl-substrate-in-plane-conductivity-component,http://www.w3.org/ns/prov#wasInformedBy,published_confirmed,Both method records declare the dependency and exact reviewed input/output handoff labels are shared.
manual-dependency-0003-c53d803c76,BOSCH-Exp-gas-permeability-gdl-defined-compression,BOSCH-Mod-mpl-parameter-estimation-gdl-substrate,gas-permeability-of-a-gdl-with-defined-compression,mpl-parameter-estimation-from-gdl-and-substrate-data,gas-permeability-of-a-gdl-with-defined-compression::n10,mpl-parameter-estimation-from-gdl-and-substrate-data::n20,input_method; output_method,confirmed_reciprocal,GDL in-plane permeability; GDL substrate in-plane permeability; GDL through-plane permeability; GDL substrate through-plane permeability,https://w3id.org/h2kg/decode/workflow/anchor/gdl-in-plane-permeability-component; https://w3id.org/h2kg/decode/workflow/anchor/gdl-substrate-in-plane-permeability-component; https://w3id.org/h2kg/decode/workflow/anchor/gdl-substrate-through-plane-permeability-component; https://w3id.org/h2kg/decode/workflow/anchor/gdl-through-plane-permeability-component,http://www.w3.org/ns/prov#wasInformedBy,published_confirmed,Both method records declare the dependency and exact reviewed input/output handoff labels are shared.
manual-dependency-0004-a40cea7dc5,BOSCH-Exp-gas-permeability-gdl-defined-compression,CEA-Mod-europium-2d-mea-model,gas-permeability-of-a-gdl-with-defined-compression,cea-mea-model-europium-2d,gas-permeability-of-a-gdl-with-defined-compression::n10,cea-mea-model-europium-2d::n72,input_method; output_method,confirmed_reciprocal,GDL substrate in-plane permeability; GDL substrate through-plane permeability,https://w3id.org/h2kg/decode/workflow/anchor/gdl-substrate-in-plane-permeability-component; https://w3id.org/h2kg/decode/workflow/anchor/gdl-substrate-through-plane-permeability-component,http://www.w3.org/ns/prov#wasInformedBy,published_confirmed,Both method records declare the dependency and exact reviewed input/output handoff labels are shared.
manual-dependency-0005-3c068f8f8a,BOSCH-Exp-gas-permeability-gdl-defined-compression,CEA-Mod-europium-model-fitting,gas-permeability-of-a-gdl-with-defined-compression,fitting-of-the-europium-model,gas-permeability-of-a-gdl-with-defined-compression::n10,fitting-of-the-europium-model::n61,input_method; output_method,confirmed_reciprocal,GDL substrate in-plane permeability; GDL substrate through-plane permeability,https://w3id.org/h2kg/decode/workflow/anchor/gdl-substrate-in-plane-permeability-component; https://w3id.org/h2kg/decode/workflow/anchor/gdl-substrate-through-plane-permeability-component,http://www.w3.org/ns/prov#wasInformedBy,published_confirmed,Both method records declare the dependency and exact reviewed input/output handoff labels are shared.
manual-dependency-0006-4bcca06021,BOSCH-Exp-gdl-compressability,BOSCH-Exp-electrical-tlm-characterization-gdl-defined-compression,gdl-compressability,electrical-tlm-characterization-of-a-gdl-with-defined-compression,gdl-compressability::n6,electrical-tlm-characterization-of-a-gdl-with-defined-compression::n10,input_method; output_method,confirmed_reciprocal,GDL thickness; GDL substrate thickness; GDL stress-strain curve; GDL substrate stress-strain curve,https://w3id.org/h2kg/decode/workflow/anchor/gdl-stress-strain-curve-component; https://w3id.org/h2kg/decode/workflow/anchor/gdl-substrate-stress-strain-curve-component; https://w3id.org/h2kg/decode/workflow/anchor/gdl-substrate-thickness-component; https://w3id.org/h2kg/hydrogen-ontology#GasDiffusionLayerThickness,http://www.w3.org/ns/prov#wasInformedBy,published_confirmed,Both method records declare the dependency and exact reviewed input/output handoff labels are shared.
manual-dependency-0007-318eaa6a68,BOSCH-Exp-gdl-compressability,BOSCH-Exp-gas-permeability-gdl-defined-compression,gdl-compressability,gas-permeability-of-a-gdl-with-defined-compression,gdl-compressability::n6,gas-permeability-of-a-gdl-with-defined-compression::n10,input_method; output_method,confirmed_reciprocal,GDL thickness; GDL substrate thickness; GDL stress-strain curve; GDL substrate stress-strain curve,https://w3id.org/h2kg/decode/workflow/anchor/gdl-stress-strain-curve-component; https://w3id.org/h2kg/decode/workflow/anchor/gdl-substrate-stress-strain-curve-component; https://w3id.org/h2kg/decode/workflow/anchor/gdl-substrate-thickness-component; https://w3id.org/h2kg/hydrogen-ontology#GasDiffusionLayerThickness,http://www.w3.org/ns/prov#wasInformedBy,published_confirmed,Both method records declare the dependency and exact reviewed input/output handoff labels are shared.
manual-dependency-0008-7399d9c044,BOSCH-Exp-gdl-compressability,BOSCH-Mod-mpl-parameter-estimation-gdl-substrate,gdl-compressability,mpl-parameter-estimation-from-gdl-and-substrate-data,gdl-compressability::n6,mpl-parameter-estimation-from-gdl-and-substrate-data::n20,input_method; output_method,confirmed_reciprocal,GDL thickness; GDL substrate thickness,https://w3id.org/h2kg/decode/workflow/anchor/gdl-substrate-thickness-component; https://w3id.org/h2kg/hydrogen-ontology#GasDiffusionLayerThickness,http://www.w3.org/ns/prov#wasInformedBy,published_confirmed,Both method records declare the dependency and exact reviewed input/output handoff labels are shared.
manual-dependency-0009-b68b5f101a,BOSCH-Exp-gdl-compressability,CEA-Mod-europium-2d-mea-model,gdl-compressability,cea-mea-model-europium-2d,gdl-compressability::n6,cea-mea-model-europium-2d::n72,input_method; output_method,confirmed_reciprocal,GDL substrate thickness; GDL stress-strain curve,https://w3id.org/h2kg/decode/workflow/anchor/gdl-stress-strain-curve-component; https://w3id.org/h2kg/decode/workflow/anchor/gdl-substrate-thickness-component,http://www.w3.org/ns/prov#wasInformedBy,published_confirmed,Both method records declare the dependency and exact reviewed input/output handoff labels are shared.
manual-dependency-0010-62329bc5f6,BOSCH-Exp-gdl-compressability,CEA-Mod-europium-model-fitting,gdl-compressability,fitting-of-the-europium-model,gdl-compressability::n6,fitting-of-the-europium-model::n61,input_method; output_method,confirmed_reciprocal,GDL substrate thickness; GDL stress-strain curve,https://w3id.org/h2kg/decode/workflow/anchor/gdl-stress-strain-curve-component; https://w3id.org/h2kg/decode/workflow/anchor/gdl-substrate-thickness-component,http://www.w3.org/ns/prov#wasInformedBy,published_confirmed,Both method records declare the dependency and exact reviewed input/output handoff labels are shared.
manual-dependency-0011-af243fbce7,BOSCH-Exp-gdl-compressability,CIEMAT-Exp-current-modulated-hydrogen-flow-rate-spectroscopy,gdl-compressability,current-modulated-hydrogen-flow-rate-spectroscopy-ch2s,gdl-compressability::n6,current-modulated-hydrogen-flow-rate-spectroscopy-ch2s::n14,input_method; output_method,confirmed_reciprocal,GDL substrate thickness; GDL stress-strain curve,https://w3id.org/h2kg/decode/workflow/anchor/gdl-stress-strain-curve-component; https://w3id.org/h2kg/decode/workflow/anchor/gdl-substrate-thickness-component,http://www.w3.org/ns/prov#wasInformedBy,published_confirmed,Both method records declare the dependency and exact reviewed input/output handoff labels are shared.
manual-dependency-0012-9c1e815f0f,BOSCH-Exp-gdl-compressability,FZJ-IET-3-Mod-diffusivities-tortuosities,gdl-compressability,diffusivities-from-tortuosities,gdl-compressability::n6,diffusivities-from-tortuosities::n13,input_method; output_method,confirmed_reciprocal,GDL thickness; GDL substrate thickness,https://w3id.org/h2kg/decode/workflow/anchor/gdl-substrate-thickness-component; https://w3id.org/h2kg/hydrogen-ontology#GasDiffusionLayerThickness,http://www.w3.org/ns/prov#wasInformedBy,published_confirmed,Both method records declare the dependency and exact reviewed input/output handoff labels are shared.
manual-dependency-0013-fe7ee53bda,BOSCH-Exp-gdl-compressability,FZJ-IET-3-Mod-performance-model-mea-fitting,gdl-compressability,iet-1d-performance-model-for-mea-fitting,gdl-compressability::n6,iet-1d-performance-model-for-mea-fitting::n13,input_method; output_method,confirmed_reciprocal,GDL thickness,https://w3id.org/h2kg/hydrogen-ontology#GasDiffusionLayerThickness,http://www.w3.org/ns/prov#wasInformedBy,published_confirmed,Both method records declare the dependency and exact reviewed input/output handoff labels are shared.
manual-dependency-0014-841c295b83,BOSCH-Exp-gdl-compressability,FZJ-IET-3-Mod-performance-model-mea-prediction,gdl-compressability,iet-1d-performance-model-for-mea-prediction,gdl-compressability::n6,iet-1d-performance-model-for-mea-prediction::n28,input_method; output_method,confirmed_reciprocal,GDL thickness,https://w3id.org/h2kg/hydrogen-ontology#GasDiffusionLayerThickness,http://www.w3.org/ns/prov#wasInformedBy,published_confirmed,Both method records declare the dependency and exact reviewed input/output handoff labels are shared.
manual-dependency-0015-f3daab60cf,BOSCH-Exp-gdl-compressability,0d-particle-population-degradation-model-coupled-with-performance-model-prediction,gdl-compressability,0d-particle-population-degradation-model-coupled-with-performance-model-prediction,gdl-compressability::n6,0d-particle-population-degradation-model-coupled-with-performance-model-prediction::n32,output_method,grounded_one_sided,GDL thickness,https://w3id.org/h2kg/hydrogen-ontology#GasDiffusionLayerThickness,http://www.w3.org/ns/prov#wasInformedBy,published_pending_review,One record declares the dependency and an exact reviewed handoff grounds a pending-review link.
manual-dependency-0016-55898f5002,BOSCH-Exp-gdl-compressability,electrical-conductivity,gdl-compressability,electrical-conductivity,gdl-compressability::n6,electrical-conductivity::n10,output_method,grounded_one_sided,GDL thickness; GDL stress-strain curve,https://w3id.org/h2kg/decode/workflow/anchor/gdl-stress-strain-curve-component; https://w3id.org/h2kg/hydrogen-ontology#GasDiffusionLayerThickness,http://www.w3.org/ns/prov#wasInformedBy,published_pending_review,One record declares the dependency and an exact reviewed handoff grounds a pending-review link.
manual-dependency-0017-eab8a6cee5,BOSCH-Exp-gdl-compressability,electrical-contact-resistance,gdl-compressability,electrical-contact-resistance,gdl-compressability::n6,electrical-contact-resistance::n11,output_method,grounded_one_sided,GDL thickness; GDL stress-strain curve,https://w3id.org/h2kg/decode/workflow/anchor/gdl-stress-strain-curve-component; https://w3id.org/h2kg/hydrogen-ontology#GasDiffusionLayerThickness,http://www.w3.org/ns/prov#wasInformedBy,published_pending_review,One record declares the dependency and an exact reviewed handoff grounds a pending-review link.
manual-dependency-0018-6e8a0dbf7a,BOSCH-Exp-gdl-compressability,iet-1d-mea-with-water-transport-eis-model,gdl-compressability,iet-1d-mea-with-water-transport-eis-model,gdl-compressability::n6,iet-1d-mea-with-water-transport-eis-model::n24,output_method,grounded_one_sided,GDL thickness,https://w3id.org/h2kg/hydrogen-ontology#GasDiffusionLayerThickness,http://www.w3.org/ns/prov#wasInformedBy,published_pending_review,One record declares the dependency and an exact reviewed handoff grounds a pending-review link.
manual-dependency-0019-ed9dbe8c34,BOSCH-Exp-gdl-compressability,iet-1d-mea-with-water-transport-in-ccl-eis-model,gdl-compressability,iet-1d-mea-with-water-transport-in-ccl-eis-model,gdl-compressability::n6,iet-1d-mea-with-water-transport-in-ccl-eis-model::n19,output_method,grounded_one_sided,GDL thickness,https://w3id.org/h2kg/hydrogen-ontology#GasDiffusionLayerThickness,http://www.w3.org/ns/prov#wasInformedBy,published_pending_review,One record declares the dependency and an exact reviewed handoff grounds a pending-review link.
manual-dependency-0020-c931b86dae,BOSCH-Mod-mpl-parameter-estimation-gdl-substrate,CEA-Mod-europium-2d-mea-model,mpl-parameter-estimation-from-gdl-and-substrate-data,cea-mea-model-europium-2d,mpl-parameter-estimation-from-gdl-and-substrate-data::n20,cea-mea-model-europium-2d::n72,input_method; output_method,confirmed_reciprocal,MPL thickness; MPL conductivity; GDL substrate in-plane permeability; MPL permeability; MPL porosity; GDL substrate average pore radius; MPL average pore radius,https://w3id.org/h2kg/decode/workflow/anchor/gdl-substrate-average-pore-radius-component; https://w3id.org/h2kg/decode/workflow/anchor/gdl-substrate-in-plane-permeability-component; https://w3id.org/h2kg/decode/workflow/anchor/mpl-average-pore-radius-component; https://w3id.org/h2kg/decode/workflow/anchor/mpl-conductivity-component; https://w3id.org/h2kg/hydrogen-ontology#MicroporousLayerPermeability; https://w3id.org/h2kg/hydrogen-ontology#MicroporousLayerPorosity; https://w3id.org/h2kg/hydrogen-ontology#MicroporousLayerThickness,http://www.w3.org/ns/prov#wasInformedBy,published_confirmed,Both method records declare the dependency and exact reviewed input/output handoff labels are shared.
manual-dependency-0021-b54a486212,BOSCH-Mod-mpl-parameter-estimation-gdl-substrate,CEA-Mod-europium-model-fitting,mpl-parameter-estimation-from-gdl-and-substrate-data,fitting-of-the-europium-model,mpl-parameter-estimation-from-gdl-and-substrate-data::n20,fitting-of-the-europium-model::n61,input_method; output_method,confirmed_reciprocal,MPL thickness; MPL conductivity; GDL substrate in-plane permeability; MPL permeability; MPL porosity; GDL substrate average pore radius; MPL average pore radius,https://w3id.org/h2kg/decode/workflow/anchor/gdl-substrate-average-pore-radius-component; https://w3id.org/h2kg/decode/workflow/anchor/gdl-substrate-in-plane-permeability-component; https://w3id.org/h2kg/decode/workflow/anchor/mpl-average-pore-radius-component; https://w3id.org/h2kg/decode/workflow/anchor/mpl-conductivity-component; https://w3id.org/h2kg/hydrogen-ontology#MicroporousLayerPermeability; https://w3id.org/h2kg/hydrogen-ontology#MicroporousLayerPorosity; https://w3id.org/h2kg/hydrogen-ontology#MicroporousLayerThickness,http://www.w3.org/ns/prov#wasInformedBy,published_confirmed,Both method records declare the dependency and exact reviewed input/output handoff labels are shared.
manual-dependency-0022-158dfb5e32,BOSCH-Mod-mpl-parameter-estimation-gdl-substrate,CIEMAT-Exp-current-modulated-hydrogen-flow-rate-spectroscopy,mpl-parameter-estimation-from-gdl-and-substrate-data,current-modulated-hydrogen-flow-rate-spectroscopy-ch2s,mpl-parameter-estimation-from-gdl-and-substrate-data::n20,current-modulated-hydrogen-flow-rate-spectroscopy-ch2s::n14,input_method; output_method,confirmed_reciprocal,MPL thickness; MPL porosity,https://w3id.org/h2kg/hydrogen-ontology#MicroporousLayerPorosity; https://w3id.org/h2kg/hydrogen-ontology#MicroporousLayerThickness,http://www.w3.org/ns/prov#wasInformedBy,published_confirmed,Both method records declare the dependency and exact reviewed input/output handoff labels are shared.
manual-dependency-0023-6cb7b9387b,BOSCH-Mod-mpl-parameter-estimation-gdl-substrate,FZJ-IET-3-Mod-diffusivities-tortuosities,mpl-parameter-estimation-from-gdl-and-substrate-data,diffusivities-from-tortuosities,mpl-parameter-estimation-from-gdl-and-substrate-data::n20,diffusivities-from-tortuosities::n13,input_method; output_method,confirmed_reciprocal,MPL thickness; MPL porosity,https://w3id.org/h2kg/hydrogen-ontology#MicroporousLayerPorosity; https://w3id.org/h2kg/hydrogen-ontology#MicroporousLayerThickness,http://www.w3.org/ns/prov#wasInformedBy,published_confirmed,Both method records declare the dependency and exact reviewed input/output handoff labels are shared.
manual-dependency-0024-8708982106,CEA-Exp-blade-coating-decal-transfer-ref-pefc-ccm,CEA-Exp-electron-tomography-pt-c-ionomer-cl,blade-coating-and-decal-transfer-for-ref-pefc-ccm,electron-tomography-for-pt-c-and-ionomer-distribution-in-cl,blade-coating-and-decal-transfer-for-ref-pefc-ccm::n4,electron-tomography-for-pt-c-and-ionomer-distribution-in-cl::n3,input_method; output_method,confirmed_reciprocal,CCM,https://w3id.org/h2kg/hydrogen-ontology#CatalystCoatedMembrane,http://www.w3.org/ns/prov#wasInformedBy,published_confirmed,Both method records declare the dependency and exact reviewed input/output handoff labels are shared.
manual-dependency-0025-43984bb4d9,CEA-Exp-blade-coating-decal-transfer-ref-pefc-ccm,CEA-Exp-electron-tomography-pt-ionomer-distribution-carbon-aggregate,blade-coating-and-decal-transfer-for-ref-pefc-ccm,high-resolution-electron-tomography-for-accessing-pt-and-ionomer-distribution-on-carbon-aggregate,blade-coating-and-decal-transfer-for-ref-pefc-ccm::n4,high-resolution-electron-tomography-for-accessing-pt-and-ionomer-distribution-on-carbon-aggregate::n4,input_method; output_method,confirmed_reciprocal,CCM,https://w3id.org/h2kg/hydrogen-ontology#CatalystCoatedMembrane,http://www.w3.org/ns/prov#wasInformedBy,published_confirmed,Both method records declare the dependency and exact reviewed input/output handoff labels are shared.
manual-dependency-0026-04b4161e5a,CEA-Exp-blade-coating-decal-transfer-ref-pefc-ccm,CEA-Exp-fib-sem-cl,blade-coating-and-decal-transfer-for-ref-pefc-ccm,fib-sem-on-cl-material,blade-coating-and-decal-transfer-for-ref-pefc-ccm::n4,fib-sem-on-cl-material::n3,input_method; output_method,confirmed_reciprocal,CCM,https://w3id.org/h2kg/hydrogen-ontology#CatalystCoatedMembrane,http://www.w3.org/ns/prov#wasInformedBy,published_confirmed,Both method records declare the dependency and exact reviewed input/output handoff labels are shared.
manual-dependency-0027-d8db57da45,CEA-Exp-blade-coating-decal-transfer-ref-pefc-ccm,CEA-Exp-mea-assembly-pefc-ref-mea,blade-coating-and-decal-transfer-for-ref-pefc-ccm,mea-assembly-for-pefc-ref-mea,blade-coating-and-decal-transfer-for-ref-pefc-ccm::n4,mea-assembly-for-pefc-ref-mea::n4,input_method; output_method,confirmed_reciprocal,CCM,https://w3id.org/h2kg/hydrogen-ontology#CatalystCoatedMembrane,http://www.w3.org/ns/prov#wasInformedBy,published_confirmed,Both method records declare the dependency and exact reviewed input/output handoff labels are shared.
manual-dependency-0028-92f7423a54,CEA-Exp-blade-coating-decal-transfer-ref-pefc-ccm,CEA-Exp-tem-eds-analysis-CL,blade-coating-and-decal-transfer-for-ref-pefc-ccm,manual-cea-exp-tem-eds-analysis-cl,blade-coating-and-decal-transfer-for-ref-pefc-ccm::n4,manual-cea-exp-tem-eds-analysis-cl::method,input_method,grounded_one_sided,CCM,https://w3id.org/h2kg/hydrogen-ontology#CatalystCoatedMembrane,http://www.w3.org/ns/prov#wasInformedBy,published_pending_review,One record declares the dependency and an exact reviewed handoff grounds a pending-review link.
manual-dependency-0029-b232c1e979,CEA-Exp-blade-coating-decal-transfer-ref-pefc-ccm,CEA-Exp-tem-eds-analysis-mea,blade-coating-and-decal-transfer-for-ref-pefc-ccm,tem-and-eds-analysis-of-mea,blade-coating-and-decal-transfer-for-ref-pefc-ccm::n4,tem-and-eds-analysis-of-mea::n4,input_method; output_method,confirmed_reciprocal,CCM,https://w3id.org/h2kg/hydrogen-ontology#CatalystCoatedMembrane,http://www.w3.org/ns/prov#wasInformedBy,published_confirmed,Both method records declare the dependency and exact reviewed input/output handoff labels are shared.
manual-dependency-0030-3b538fae90,CEA-Exp-blade-coating-decal-transfer-ref-pefc-ccm,CIEMAT-Exp-NANOINDENTATION_layer,blade-coating-and-decal-transfer-for-ref-pefc-ccm,mechanical-properties-of-catalyst-layers-gdls-and-meas-by-small-punch-and-nanoindentation,blade-coating-and-decal-transfer-for-ref-pefc-ccm::n4,mechanical-properties-of-catalyst-layers-gdls-and-meas-by-small-punch-and-nanoindentation::n9,input_method,ungrounded_one_sided,,,http://www.w3.org/ns/prov#wasInformedBy,audit_only,One-sided declaration lacks an exact reviewed handoff and is retained for audit only.
manual-dependency-0031-e2480bd9c4,CEA-Exp-blade-coating-decal-transfer-ref-pefc-ccm,CIEMAT-Exp-sem-fib-layer,blade-coating-and-decal-transfer-for-ref-pefc-ccm,sem-and-fib-layer,blade-coating-and-decal-transfer-for-ref-pefc-ccm::n4,sem-and-fib-layer::n8,input_method; output_method,confirmed_reciprocal,CCM,https://w3id.org/h2kg/hydrogen-ontology#CatalystCoatedMembrane,http://www.w3.org/ns/prov#wasInformedBy,published_confirmed,Both method records declare the dependency and exact reviewed input/output handoff labels are shared.
manual-dependency-0032-333f0dd87c,CEA-Exp-blade-coating-decal-transfer-ref-pefc-ccm,FZJ-IET-4-Exp-sheet-resistance-measurement,blade-coating-and-decal-transfer-for-ref-pefc-ccm,sheet-resistance-measurement,blade-coating-and-decal-transfer-for-ref-pefc-ccm::n4,sheet-resistance-measurement::n7,input_method; output_method,confirmed_reciprocal,CCM,https://w3id.org/h2kg/hydrogen-ontology#CatalystCoatedMembrane,http://www.w3.org/ns/prov#wasInformedBy,published_confirmed,Both method records declare the dependency and exact reviewed input/output handoff labels are shared.
manual-dependency-0033-bb32c9ad36,CEA-Exp-blade-coating-decal-transfer-ref-pefc-ccm,HZB-Exp-fib-gdl-mpl-catalyst,blade-coating-and-decal-transfer-for-ref-pefc-ccm,fib-measurements-on-gdl-or-mpl-and-catalyst-materials,blade-coating-and-decal-transfer-for-ref-pefc-ccm::n4,fib-measurements-on-gdl-or-mpl-and-catalyst-materials::n10,input_method; output_method,confirmed_reciprocal,CCM,https://w3id.org/h2kg/hydrogen-ontology#CatalystCoatedMembrane,http://www.w3.org/ns/prov#wasInformedBy,published_confirmed,Both method records declare the dependency and exact reviewed input/output handoff labels are shared.
manual-dependency-0034-0c92b09fa8,CEA-Exp-blade-coating-decal-transfer-ref-pefc-ccm,NEL-Exp-large-scale-durability-test,blade-coating-and-decal-transfer-for-ref-pefc-ccm,manual-nel-exp-large-scale-durability-test,blade-coating-and-decal-transfer-for-ref-pefc-ccm::n4,manual-nel-exp-large-scale-durability-test::method,input_method,grounded_one_sided,CCM,https://w3id.org/h2kg/hydrogen-ontology#CatalystCoatedMembrane,http://www.w3.org/ns/prov#wasInformedBy,published_pending_review,One record declares the dependency and an exact reviewed handoff grounds a pending-review link.
manual-dependency-0035-b525aed8c2,CEA-Exp-blade-coating-decal-transfer-ref-pefc-ccm,PSI-Exp-cl-saturation-determination-saxs-sans,blade-coating-and-decal-transfer-for-ref-pefc-ccm,determination-of-cl-saturation-by-saxs-or-sans,blade-coating-and-decal-transfer-for-ref-pefc-ccm::n4,determination-of-cl-saturation-by-saxs-or-sans::n24,input_method; output_method,confirmed_reciprocal,CCM,https://w3id.org/h2kg/hydrogen-ontology#CatalystCoatedMembrane,http://www.w3.org/ns/prov#wasInformedBy,published_confirmed,Both method records declare the dependency and exact reviewed input/output handoff labels are shared.
manual-dependency-0036-535a0e219e,CEA-Exp-blade-coating-decal-transfer-ref-pefc-ccm,PSI-Exp-development-zero-gap-cell-gde-based-spectroscopy,blade-coating-and-decal-transfer-for-ref-pefc-ccm,development-of-a-zero-gap-cell-for-gde-based-spectrocopy-measurement,blade-coating-and-decal-transfer-for-ref-pefc-ccm::n4,development-of-a-zero-gap-cell-for-gde-based-spectrocopy-measurement::n15,input_method; output_method,confirmed_reciprocal,CCM,https://w3id.org/h2kg/hydrogen-ontology#CatalystCoatedMembrane,http://www.w3.org/ns/prov#wasInformedBy,published_confirmed,Both method records declare the dependency and exact reviewed input/output handoff labels are shared.
manual-dependency-0037-4f620cd13e,CEA-Exp-blade-coating-decal-transfer-ref-pefc-ccm,PSI-Exp-mpl-saturation-determination-x-ray-ct,blade-coating-and-decal-transfer-for-ref-pefc-ccm,mpl-saturation-determination-from-x-ray-ct-data,blade-coating-and-decal-transfer-for-ref-pefc-ccm::n4,mpl-saturation-determination-from-x-ray-ct-data::n19,input_method; output_method,confirmed_reciprocal,CCM,https://w3id.org/h2kg/hydrogen-ontology#CatalystCoatedMembrane,http://www.w3.org/ns/prov#wasInformedBy,published_confirmed,Both method records declare the dependency and exact reviewed input/output handoff labels are shared.
manual-dependency-0038-322500cf2e,CEA-Exp-blade-coating-decal-transfer-ref-pefc-ccm,PSI-Exp-pulsed-gas-analysis,blade-coating-and-decal-transfer-for-ref-pefc-ccm,pulsed-gas-analysis,blade-coating-and-decal-transfer-for-ref-pefc-ccm::n4,pulsed-gas-analysis::n6,input_method; output_method,confirmed_reciprocal,CCM,https://w3id.org/h2kg/hydrogen-ontology#CatalystCoatedMembrane,http://www.w3.org/ns/prov#wasInformedBy,published_confirmed,Both method records declare the dependency and exact reviewed input/output handoff labels are shared.
manual-dependency-0039-68721ee0e6,CEA-Exp-blade-coating-decal-transfer-ref-pefc-ccm,mechanical-properties-of-catalyst-layers-gdls-and-meas-by-small-punch-and-nanoindentation,blade-coating-and-decal-transfer-for-ref-pefc-ccm,mechanical-properties-of-catalyst-layers-gdls-and-meas-by-small-punch-and-nanoindentation,blade-coating-and-decal-transfer-for-ref-pefc-ccm::n4,mechanical-properties-of-catalyst-layers-gdls-and-meas-by-small-punch-and-nanoindentation::n9,output_method,ungrounded_one_sided,,,http://www.w3.org/ns/prov#wasInformedBy,audit_only,One-sided declaration lacks an exact reviewed handoff and is retained for audit only.
manual-dependency-0040-197d31a891,CEA-Exp-blade-coating-decal-transfer-ref-pefc-ccm,neutron-imaging,blade-coating-and-decal-transfer-for-ref-pefc-ccm,neutron-imaging,blade-coating-and-decal-transfer-for-ref-pefc-ccm::n4,neutron-imaging::n10,output_method,grounded_one_sided,CCM,https://w3id.org/h2kg/hydrogen-ontology#CatalystCoatedMembrane,http://www.w3.org/ns/prov#wasInformedBy,published_pending_review,One record declares the dependency and an exact reviewed handoff grounds a pending-review link.
manual-dependency-0041-88df97b740,CEA-Exp-blade-coating-decal-transfer-ref-pefc-ccm,rotating-ring-disk-electrode-rrde,blade-coating-and-decal-transfer-for-ref-pefc-ccm,rotating-ring-disk-electrode-rrde,blade-coating-and-decal-transfer-for-ref-pefc-ccm::n4,rotating-ring-disk-electrode-rrde::n11,output_method,grounded_one_sided,CCM,https://w3id.org/h2kg/hydrogen-ontology#CatalystCoatedMembrane,http://www.w3.org/ns/prov#wasInformedBy,published_pending_review,One record declares the dependency and an exact reviewed handoff grounds a pending-review link.
manual-dependency-0042-c36da4cef4,CEA-Exp-blade-coating-decal-transfer-ref-pefc-ccm,three-electrode-cell-assesement-of-cl-by-xas-xanes-exafs-xrd,blade-coating-and-decal-transfer-for-ref-pefc-ccm,three-electrode-cell-assesement-of-cl-by-xas-xanes-exafs-xrd,blade-coating-and-decal-transfer-for-ref-pefc-ccm::n4,three-electrode-cell-assesement-of-cl-by-xas-xanes-exafs-xrd::n15,output_method,grounded_one_sided,CCM,https://w3id.org/h2kg/hydrogen-ontology#CatalystCoatedMembrane,http://www.w3.org/ns/prov#wasInformedBy,published_pending_review,One record declares the dependency and an exact reviewed handoff grounds a pending-review link.
manual-dependency-0043-6c917cbbd4,CEA-Exp-differential-cell-testing,CEA-Mod-europium-2d-mea-model,differential-cell-testing,cea-mea-model-europium-2d,differential-cell-testing::n15,cea-mea-model-europium-2d::n72,input_method; output_method,confirmed_reciprocal,ECSA; CCL effective double-layer capacitance; CCL effective proton conductivity; Membrane H2 diffusivity,https://w3id.org/h2kg/decode/workflow/anchor/ccl-effective-double-layer-capacitance-component; https://w3id.org/h2kg/decode/workflow/anchor/ccl-effective-proton-conductivity-component; https://w3id.org/h2kg/decode/workflow/anchor/membrane-h2-diffusivity-component; https://w3id.org/h2kg/hydrogen-ontology#ElectrochemicallyActiveSurfaceArea,http://www.w3.org/ns/prov#wasInformedBy,published_confirmed,Both method records declare the dependency and exact reviewed input/output handoff labels are shared.
manual-dependency-0044-f3b528e84c,CEA-Exp-differential-cell-testing,CEA-Mod-europium-model-fitting,differential-cell-testing,fitting-of-the-europium-model,differential-cell-testing::n15,fitting-of-the-europium-model::n61,input_method; output_method,confirmed_reciprocal,Cell polarization curve; Cell crossover current density; Cell high-frequency resistance; Cell voltammogram; Cell limiting current; ECSA; CCL effective double-layer capacitance; CCL effective proton conductivity; Membrane H2 diffusivity,https://w3id.org/h2kg/decode/workflow/anchor/ccl-effective-double-layer-capacitance-component; https://w3id.org/h2kg/decode/workflow/anchor/ccl-effective-proton-conductivity-component; https://w3id.org/h2kg/decode/workflow/anchor/cell-crossover-current-density-device; https://w3id.org/h2kg/decode/workflow/anchor/cell-high-frequency-resistance-device; https://w3id.org/h2kg/decode/workflow/anchor/cell-limiting-current-device; https://w3id.org/h2kg/decode/workflow/anchor/cell-polarization-curve-device; https://w3id.org/h2kg/decode/workflow/anchor/cell-voltammogram-device; https://w3id.org/h2kg/decode/workflow/anchor/membrane-h2-diffusivity-component; https://w3id.org/h2kg/hydrogen-ontology#ElectrochemicallyActiveSurfaceArea,http://www.w3.org/ns/prov#wasInformedBy,published_confirmed,Both method records declare the dependency and exact reviewed input/output handoff labels are shared.
manual-dependency-0045-a3ab426c25,CEA-Exp-differential-cell-testing,CIEMAT-Exp-effective-proton-conductivity,differential-cell-testing,manual-ciemat-exp-effective-proton-conductivity,differential-cell-testing::n15,manual-ciemat-exp-effective-proton-conductivity::method,input_method,grounded_one_sided,Cell EIS,https://w3id.org/h2kg/decode/workflow/anchor/cell-eis-device,http://www.w3.org/ns/prov#wasInformedBy,published_pending_review,One record declares the dependency and an exact reviewed handoff grounds a pending-review link.
manual-dependency-0046-a67d0c7bfa,CEA-Exp-differential-cell-testing,FZJ-IET-3-Mod-performance-model-mea-fitting,differential-cell-testing,iet-1d-performance-model-for-mea-fitting,differential-cell-testing::n15,iet-1d-performance-model-for-mea-fitting::n13,input_method; output_method,confirmed_reciprocal,Cell polarization curve; Cell crossover current density; Cell high-frequency resistance,https://w3id.org/h2kg/decode/workflow/anchor/cell-crossover-current-density-device; https://w3id.org/h2kg/decode/workflow/anchor/cell-high-frequency-resistance-device; https://w3id.org/h2kg/decode/workflow/anchor/cell-polarization-curve-device,http://www.w3.org/ns/prov#wasInformedBy,published_confirmed,Both method records declare the dependency and exact reviewed input/output handoff labels are shared.
manual-dependency-0047-8ec929856d,CEA-Exp-differential-cell-testing,FZJ-IET-3-Mod-performance-model-mea-prediction,differential-cell-testing,iet-1d-performance-model-for-mea-prediction,differential-cell-testing::n15,iet-1d-performance-model-for-mea-prediction::n28,input_method; output_method,confirmed_reciprocal,Cell crossover current density; CCL effective proton conductivity,https://w3id.org/h2kg/decode/workflow/anchor/ccl-effective-proton-conductivity-component; https://w3id.org/h2kg/decode/workflow/anchor/cell-crossover-current-density-device,http://www.w3.org/ns/prov#wasInformedBy,published_confirmed,Both method records declare the dependency and exact reviewed input/output handoff labels are shared.
manual-dependency-0048-8bbede9195,CEA-Exp-differential-cell-testing,0d-particle-population-degradation-model-coupled-with-performance-model-fitting,differential-cell-testing,0d-particle-population-degradation-model-coupled-with-performance-model-fitting,differential-cell-testing::n15,0d-particle-population-degradation-model-coupled-with-performance-model-fitting::n15,output_method,grounded_one_sided,Cell crossover current density,https://w3id.org/h2kg/decode/workflow/anchor/cell-crossover-current-density-device,http://www.w3.org/ns/prov#wasInformedBy,published_pending_review,One record declares the dependency and an exact reviewed handoff grounds a pending-review link.
manual-dependency-0049-ef4a777d3e,CEA-Exp-differential-cell-testing,0d-particle-population-degradation-model-coupled-with-performance-model-prediction,differential-cell-testing,0d-particle-population-degradation-model-coupled-with-performance-model-prediction,differential-cell-testing::n15,0d-particle-population-degradation-model-coupled-with-performance-model-prediction::n32,output_method,grounded_one_sided,Cell crossover current density,https://w3id.org/h2kg/decode/workflow/anchor/cell-crossover-current-density-device,http://www.w3.org/ns/prov#wasInformedBy,published_pending_review,One record declares the dependency and an exact reviewed handoff grounds a pending-review link.
manual-dependency-0050-7bbb28ae86,CEA-Exp-differential-cell-testing,iet-1d-mea-with-water-transport-eis-model,differential-cell-testing,iet-1d-mea-with-water-transport-eis-model,differential-cell-testing::n15,iet-1d-mea-with-water-transport-eis-model::n24,output_method,grounded_one_sided,CCL effective double-layer capacitance; CCL effective proton conductivity,https://w3id.org/h2kg/decode/workflow/anchor/ccl-effective-double-layer-capacitance-component; https://w3id.org/h2kg/decode/workflow/anchor/ccl-effective-proton-conductivity-component,http://www.w3.org/ns/prov#wasInformedBy,published_pending_review,One record declares the dependency and an exact reviewed handoff grounds a pending-review link.
manual-dependency-0051-877a719afd,CEA-Exp-differential-cell-testing,iet-1d-mea-with-water-transport-in-ccl-eis-model,differential-cell-testing,iet-1d-mea-with-water-transport-in-ccl-eis-model,differential-cell-testing::n15,iet-1d-mea-with-water-transport-in-ccl-eis-model::n19,output_method,grounded_one_sided,CCL effective double-layer capacitance; CCL effective proton conductivity,https://w3id.org/h2kg/decode/workflow/anchor/ccl-effective-double-layer-capacitance-component; https://w3id.org/h2kg/decode/workflow/anchor/ccl-effective-proton-conductivity-component,http://www.w3.org/ns/prov#wasInformedBy,published_pending_review,One record declares the dependency and an exact reviewed handoff grounds a pending-review link.
manual-dependency-0052-8f22486020,CEA-Exp-electron-tomography-pt-c-ionomer-cl,FZJ-Mod-StarDist-TEMSeg,electron-tomography-for-pt-c-and-ionomer-distribution-in-cl,manual-fzj-mod-stardist-temseg,electron-tomography-for-pt-c-and-ionomer-distribution-in-cl::n3,manual-fzj-mod-stardist-temseg::method,input_method,ungrounded_one_sided,,,http://www.w3.org/ns/prov#wasInformedBy,audit_only,One-sided declaration lacks an exact reviewed handoff and is retained for audit only.
manual-dependency-0053-4163a5f29a,CEA-Exp-electron-tomography-pt-c-ionomer-cl,FZJ-Mod-StarPlatin-TEMSeg,electron-tomography-for-pt-c-and-ionomer-distribution-in-cl,manual-fzj-mod-starplatin-temseg,electron-tomography-for-pt-c-and-ionomer-distribution-in-cl::n3,manual-fzj-mod-starplatin-temseg::method,input_method,ungrounded_one_sided,,,http://www.w3.org/ns/prov#wasInformedBy,audit_only,One-sided declaration lacks an exact reviewed handoff and is retained for audit only.
manual-dependency-0054-d24c1cedc8,CEA-Exp-electron-tomography-pt-c-ionomer-cl,HZB-Mod-image-classification-tem,electron-tomography-for-pt-c-and-ionomer-distribution-in-cl,image-classification-on-tem-data,electron-tomography-for-pt-c-and-ionomer-distribution-in-cl::n3,image-classification-on-tem-data::n2,input_method; output_method,confirmed_reciprocal,CCL 3D TEM voxel data raw,https://w3id.org/h2kg/decode/workflow/anchor/ccl-3d-tem-voxel-data-raw-meso,http://www.w3.org/ns/prov#wasInformedBy,published_confirmed,Both method records declare the dependency and exact reviewed input/output handoff labels are shared.
manual-dependency-0055-a7f084887e,CEA-Exp-electron-tomography-pt-c-ionomer-cl,HZB-Mod-image-parameter-extraction-3d-tem,electron-tomography-for-pt-c-and-ionomer-distribution-in-cl,image-tem-data-parameter-extraction-3d,electron-tomography-for-pt-c-and-ionomer-distribution-in-cl::n3,image-tem-data-parameter-extraction-3d::n10,input_method; output_method,confirmed_reciprocal,CCL 3D voxel data classified with ionomer and Pt,https://w3id.org/h2kg/decode/workflow/anchor/ccl-3d-voxel-data-classified-with-ionomer-and-pt-meso,http://www.w3.org/ns/prov#wasInformedBy,published_confirmed,Both method records declare the dependency and exact reviewed input/output handoff labels are shared.
manual-dependency-0056-3d6d5bdc3c,CEA-Exp-electron-tomography-pt-c-ionomer-cl,INPT-Mod-distribution-contact-angles-ccl-fib-sem-image,electron-tomography-for-pt-c-and-ionomer-distribution-in-cl,distribution-of-contact-angles-in-ccl-fib-sem-image-from-ionomer-reconstruction,electron-tomography-for-pt-c-and-ionomer-distribution-in-cl::n3,distribution-of-contact-angles-in-ccl-fib-sem-image-from-ionomer-reconstruction::n4,input_method; output_method,confirmed_reciprocal,CCL 3D voxel data classified with ionomer and Pt,https://w3id.org/h2kg/decode/workflow/anchor/ccl-3d-voxel-data-classified-with-ionomer-and-pt-meso,http://www.w3.org/ns/prov#wasInformedBy,published_confirmed,Both method records declare the dependency and exact reviewed input/output handoff labels are shared.
manual-dependency-0057-3db848cd93,CEA-Exp-electron-tomography-pt-c-ionomer-cl,image-based-ccl-effective-transport-property-computation-from-numerical-simulations,electron-tomography-for-pt-c-and-ionomer-distribution-in-cl,image-based-ccl-effective-transport-property-computation-from-numerical-simulations,electron-tomography-for-pt-c-and-ionomer-distribution-in-cl::n3,image-based-ccl-effective-transport-property-computation-from-numerical-simulations::n6,output_method,grounded_one_sided,CCL 3D voxel data classified with ionomer and Pt,https://w3id.org/h2kg/decode/workflow/anchor/ccl-3d-voxel-data-classified-with-ionomer-and-pt-meso,http://www.w3.org/ns/prov#wasInformedBy,published_pending_review,One record declares the dependency and an exact reviewed handoff grounds a pending-review link.
manual-dependency-0058-80e544f931,CEA-Exp-electron-tomography-pt-ionomer-distribution-carbon-aggregate,FZJ-Mod-StarDist-TEMSeg,high-resolution-electron-tomography-for-accessing-pt-and-ionomer-distribution-on-carbon-aggregate,manual-fzj-mod-stardist-temseg,high-resolution-electron-tomography-for-accessing-pt-and-ionomer-distribution-on-carbon-aggregate::n4,manual-fzj-mod-stardist-temseg::method,input_method,ungrounded_one_sided,,,http://www.w3.org/ns/prov#wasInformedBy,audit_only,One-sided declaration lacks an exact reviewed handoff and is retained for audit only.
manual-dependency-0059-79ca5b1f62,CEA-Exp-electron-tomography-pt-ionomer-distribution-carbon-aggregate,FZJ-Mod-StarPlatin-TEMSeg,high-resolution-electron-tomography-for-accessing-pt-and-ionomer-distribution-on-carbon-aggregate,manual-fzj-mod-starplatin-temseg,high-resolution-electron-tomography-for-accessing-pt-and-ionomer-distribution-on-carbon-aggregate::n4,manual-fzj-mod-starplatin-temseg::method,input_method,ungrounded_one_sided,,,http://www.w3.org/ns/prov#wasInformedBy,audit_only,One-sided declaration lacks an exact reviewed handoff and is retained for audit only.
manual-dependency-0060-76d35d53d1,CEA-Exp-electron-tomography-pt-ionomer-distribution-carbon-aggregate,HZB-Mod-image-classification-tem,high-resolution-electron-tomography-for-accessing-pt-and-ionomer-distribution-on-carbon-aggregate,image-classification-on-tem-data,high-resolution-electron-tomography-for-accessing-pt-and-ionomer-distribution-on-carbon-aggregate::n4,image-classification-on-tem-data::n2,input_method; output_method,confirmed_reciprocal,CCL 3D TEM voxel data raw,https://w3id.org/h2kg/decode/workflow/anchor/ccl-3d-tem-voxel-data-raw-meso,http://www.w3.org/ns/prov#wasInformedBy,published_confirmed,Both method records declare the dependency and exact reviewed input/output handoff labels are shared.
manual-dependency-0061-7d9547a607,CEA-Exp-electron-tomography-pt-ionomer-distribution-carbon-aggregate,HZB-Mod-image-parameter-extraction-3d-tem,high-resolution-electron-tomography-for-accessing-pt-and-ionomer-distribution-on-carbon-aggregate,image-tem-data-parameter-extraction-3d,high-resolution-electron-tomography-for-accessing-pt-and-ionomer-distribution-on-carbon-aggregate::n4,image-tem-data-parameter-extraction-3d::n10,input_method; output_method,confirmed_reciprocal,CCL 3D voxel data classified with ionomer and Pt,https://w3id.org/h2kg/decode/workflow/anchor/ccl-3d-voxel-data-classified-with-ionomer-and-pt-meso,http://www.w3.org/ns/prov#wasInformedBy,published_confirmed,Both method records declare the dependency and exact reviewed input/output handoff labels are shared.
manual-dependency-0062-6014dc698a,CEA-Exp-electron-tomography-pt-ionomer-distribution-carbon-aggregate,INPT-Mod-distribution-contact-angles-ccl-fib-sem-image,high-resolution-electron-tomography-for-accessing-pt-and-ionomer-distribution-on-carbon-aggregate,distribution-of-contact-angles-in-ccl-fib-sem-image-from-ionomer-reconstruction,high-resolution-electron-tomography-for-accessing-pt-and-ionomer-distribution-on-carbon-aggregate::n4,distribution-of-contact-angles-in-ccl-fib-sem-image-from-ionomer-reconstruction::n4,input_method; output_method,confirmed_reciprocal,CCL 3D voxel data classified with ionomer and Pt,https://w3id.org/h2kg/decode/workflow/anchor/ccl-3d-voxel-data-classified-with-ionomer-and-pt-meso,http://www.w3.org/ns/prov#wasInformedBy,published_confirmed,Both method records declare the dependency and exact reviewed input/output handoff labels are shared.
manual-dependency-0063-06bff757ee,CEA-Exp-electron-tomography-pt-ionomer-distribution-carbon-aggregate,image-based-ccl-effective-transport-property-computation-from-numerical-simulations,high-resolution-electron-tomography-for-accessing-pt-and-ionomer-distribution-on-carbon-aggregate,image-based-ccl-effective-transport-property-computation-from-numerical-simulations,high-resolution-electron-tomography-for-accessing-pt-and-ionomer-distribution-on-carbon-aggregate::n4,image-based-ccl-effective-transport-property-computation-from-numerical-simulations::n6,output_method,grounded_one_sided,CCL 3D voxel data classified with ionomer and Pt,https://w3id.org/h2kg/decode/workflow/anchor/ccl-3d-voxel-data-classified-with-ionomer-and-pt-meso,http://www.w3.org/ns/prov#wasInformedBy,published_pending_review,One record declares the dependency and an exact reviewed handoff grounds a pending-review link.
manual-dependency-0064-fb74e13bef,CEA-Exp-fib-sem-cl,HZB-Mod-image-classification-fib-tomography,fib-sem-on-cl-material,image-classification-of-fib-tomography-data,fib-sem-on-cl-material::n3,image-classification-of-fib-tomography-data::n4,input_method; output_method,confirmed_reciprocal,CCL 3D voxel data raw,https://w3id.org/h2kg/decode/workflow/anchor/ccl-3d-voxel-data-raw-meso,http://www.w3.org/ns/prov#wasInformedBy,published_confirmed,Both method records declare the dependency and exact reviewed input/output handoff labels are shared.
manual-dependency-0065-484cfe2ae0,CEA-Exp-fib-sem-cl,HZB-Mod-image-classification-nm-scale,fib-sem-on-cl-material,image-classification-on-nm-scale,fib-sem-on-cl-material::n3,image-classification-on-nm-scale::n4,input_method; output_method,confirmed_reciprocal,CCL 3D voxel data raw,https://w3id.org/h2kg/decode/workflow/anchor/ccl-3d-voxel-data-raw-meso,http://www.w3.org/ns/prov#wasInformedBy,published_confirmed,Both method records declare the dependency and exact reviewed input/output handoff labels are shared.
manual-dependency-0066-21949ade6b,CEA-Exp-fib-sem-cl,HZB-Mod-image-parameter-extraction-3d-fib-tomography,fib-sem-on-cl-material,image-fib-tomography-dataparameter-extraction-3d,fib-sem-on-cl-material::n3,image-fib-tomography-dataparameter-extraction-3d::n11,input_method; output_method,confirmed_reciprocal,CCL 3D voxel data classified,https://w3id.org/h2kg/decode/workflow/anchor/ccl-3d-voxel-data-classified,http://www.w3.org/ns/prov#wasInformedBy,published_confirmed,Both method records declare the dependency and exact reviewed input/output handoff labels are shared.
manual-dependency-0067-9f5a5202d3,CEA-Exp-fib-sem-cl,HZB-Mod-structural-digital-twins-multi-scale-tomographies,fib-sem-on-cl-material,ai-based-generation-of-structural-digital-twins-of-multi-scale-tomographies,fib-sem-on-cl-material::n3,ai-based-generation-of-structural-digital-twins-of-multi-scale-tomographies::n8,input_method; output_method,confirmed_reciprocal,CCL 3D voxel data classified,https://w3id.org/h2kg/decode/workflow/anchor/ccl-3d-voxel-data-classified,http://www.w3.org/ns/prov#wasInformedBy,published_confirmed,Both method records declare the dependency and exact reviewed input/output handoff labels are shared.
manual-dependency-0068-5e5f99c72b,CEA-Exp-fib-sem-cl,INPT-Mod-ionomer-reconstruction-ccl-3d,fib-sem-on-cl-material,ionomer-reconstruction-in-ccl-3d-images,fib-sem-on-cl-material::n3,ionomer-reconstruction-in-ccl-3d-images::n5,input_method; output_method,confirmed_reciprocal,CCL 3D voxel data classified,https://w3id.org/h2kg/decode/workflow/anchor/ccl-3d-voxel-data-classified,http://www.w3.org/ns/prov#wasInformedBy,published_confirmed,Both method records declare the dependency and exact reviewed input/output handoff labels are shared.
manual-dependency-0069-9cb1ac3a81,CEA-Exp-fib-sem-cl,PSI-Mod-voxel-3d-diffusivity-simulation,fib-sem-on-cl-material,voxel-based-3d-effective-diffusivity-simulation,fib-sem-on-cl-material::n3,voxel-based-3d-effective-diffusivity-simulation::n13,input_method; output_method,confirmed_reciprocal,CCL 3D voxel data classified,https://w3id.org/h2kg/decode/workflow/anchor/ccl-3d-voxel-data-classified,http://www.w3.org/ns/prov#wasInformedBy,published_confirmed,Both method records declare the dependency and exact reviewed input/output handoff labels are shared.
manual-dependency-0070-3541b613c6,CEA-Exp-fib-sem-cl,PSI-Mod-voxel-3d-electric-conductivity-simulation,fib-sem-on-cl-material,voxel-based-3d-electric-conductiviy-simulation,fib-sem-on-cl-material::n3,voxel-based-3d-electric-conductiviy-simulation::n9,input_method; output_method,confirmed_reciprocal,CCL 3D voxel data classified,https://w3id.org/h2kg/decode/workflow/anchor/ccl-3d-voxel-data-classified,http://www.w3.org/ns/prov#wasInformedBy,published_confirmed,Both method records declare the dependency and exact reviewed input/output handoff labels are shared.
manual-dependency-0071-330e1900ba,CEA-Exp-fib-sem-cl,PSI-Mod-voxel-3d-permability-simulation,fib-sem-on-cl-material,voxel-based-3d-permability-simulation,fib-sem-on-cl-material::n3,voxel-based-3d-permability-simulation::n9,input_method; output_method,confirmed_reciprocal,CCL 3D voxel data classified,https://w3id.org/h2kg/decode/workflow/anchor/ccl-3d-voxel-data-classified,http://www.w3.org/ns/prov#wasInformedBy,published_confirmed,Both method records declare the dependency and exact reviewed input/output handoff labels are shared.
manual-dependency-0072-9e414303c7,CEA-Exp-fib-sem-cl,PSI-Mod-voxel-3d-thermal-conductivity-simulation,fib-sem-on-cl-material,voxel-based-3d-thermal-conductivity-simulation,fib-sem-on-cl-material::n3,voxel-based-3d-thermal-conductivity-simulation::n9,input_method; output_method,confirmed_reciprocal,CCL 3D voxel data classified,https://w3id.org/h2kg/decode/workflow/anchor/ccl-3d-voxel-data-classified,http://www.w3.org/ns/prov#wasInformedBy,published_confirmed,Both method records declare the dependency and exact reviewed input/output handoff labels are shared.
manual-dependency-0073-408a20fba9,CEA-Exp-fib-sem-cl,PSI-Mod-water-retention-simulation,fib-sem-on-cl-material,water-retention-curve-simulation,fib-sem-on-cl-material::n3,water-retention-curve-simulation::n16,input_method; output_method,confirmed_reciprocal,CCL 3D voxel data classified,https://w3id.org/h2kg/decode/workflow/anchor/ccl-3d-voxel-data-classified,http://www.w3.org/ns/prov#wasInformedBy,published_confirmed,Both method records declare the dependency and exact reviewed input/output handoff labels are shared.
manual-dependency-0074-bd7d78b1fb,CEA-Exp-impregnation-immersion-blade-coating,BOSCH-Exp-electrical-tlm-characterization-gdl-defined-compression,impregnation-by-immersion-and-blade-coating,electrical-tlm-characterization-of-a-gdl-with-defined-compression,impregnation-by-immersion-and-blade-coating::n4,electrical-tlm-characterization-of-a-gdl-with-defined-compression::n10,input_method; output_method,confirmed_reciprocal,GDL,https://w3id.org/h2kg/hydrogen-ontology#GasDiffusionLayer,http://www.w3.org/ns/prov#wasInformedBy,published_confirmed,Both method records declare the dependency and exact reviewed input/output handoff labels are shared.
manual-dependency-0075-9d48890cd8,CEA-Exp-impregnation-immersion-blade-coating,BOSCH-Exp-gas-permeability-gdl-defined-compression,impregnation-by-immersion-and-blade-coating,gas-permeability-of-a-gdl-with-defined-compression,impregnation-by-immersion-and-blade-coating::n4,gas-permeability-of-a-gdl-with-defined-compression::n10,input_method; output_method,confirmed_reciprocal,GDL,https://w3id.org/h2kg/hydrogen-ontology#GasDiffusionLayer,http://www.w3.org/ns/prov#wasInformedBy,published_confirmed,Both method records declare the dependency and exact reviewed input/output handoff labels are shared.
manual-dependency-0076-587494611f,CEA-Exp-impregnation-immersion-blade-coating,BOSCH-Exp-gdl-compressability,impregnation-by-immersion-and-blade-coating,gdl-compressability,impregnation-by-immersion-and-blade-coating::n4,gdl-compressability::n6,input_method; output_method,confirmed_reciprocal,GDL,https://w3id.org/h2kg/hydrogen-ontology#GasDiffusionLayer,http://www.w3.org/ns/prov#wasInformedBy,published_confirmed,Both method records declare the dependency and exact reviewed input/output handoff labels are shared.
manual-dependency-0077-955f24095f,CEA-Exp-impregnation-immersion-blade-coating,CEA-Exp-mea-assembly-pefc-ref-mea,impregnation-by-immersion-and-blade-coating,mea-assembly-for-pefc-ref-mea,impregnation-by-immersion-and-blade-coating::n4,mea-assembly-for-pefc-ref-mea::n4,input_method; output_method,confirmed_reciprocal,GDL,https://w3id.org/h2kg/hydrogen-ontology#GasDiffusionLayer,http://www.w3.org/ns/prov#wasInformedBy,published_confirmed,Both method records declare the dependency and exact reviewed input/output handoff labels are shared.
manual-dependency-0078-d86ff230ca,CEA-Exp-impregnation-immersion-blade-coating,CIEMAT-Exp-NANOINDENTATION_layer,impregnation-by-immersion-and-blade-coating,mechanical-properties-of-catalyst-layers-gdls-and-meas-by-small-punch-and-nanoindentation,impregnation-by-immersion-and-blade-coating::n4,mechanical-properties-of-catalyst-layers-gdls-and-meas-by-small-punch-and-nanoindentation::n9,input_method,ungrounded_one_sided,,,http://www.w3.org/ns/prov#wasInformedBy,audit_only,One-sided declaration lacks an exact reviewed handoff and is retained for audit only.
manual-dependency-0079-cf77a2a6c8,CEA-Exp-impregnation-immersion-blade-coating,CIEMAT-Exp-electrospray-deposition-catalyst-layers,impregnation-by-immersion-and-blade-coating,electrospray-deposition-of-catalyst-layers,impregnation-by-immersion-and-blade-coating::n4,electrospray-deposition-of-catalyst-layers::n11,input_method; output_method,confirmed_reciprocal,GDL,https://w3id.org/h2kg/hydrogen-ontology#GasDiffusionLayer,http://www.w3.org/ns/prov#wasInformedBy,published_confirmed,Both method records declare the dependency and exact reviewed input/output handoff labels are shared.
manual-dependency-0080-2e8b90c342,CEA-Exp-impregnation-immersion-blade-coating,CIEMAT-Exp-sem-fib-layer,impregnation-by-immersion-and-blade-coating,sem-and-fib-layer,impregnation-by-immersion-and-blade-coating::n4,sem-and-fib-layer::n8,input_method; output_method,confirmed_reciprocal,GDL,https://w3id.org/h2kg/hydrogen-ontology#GasDiffusionLayer,http://www.w3.org/ns/prov#wasInformedBy,published_confirmed,Both method records declare the dependency and exact reviewed input/output handoff labels are shared.
manual-dependency-0081-bf4a54eb4a,CEA-Exp-impregnation-immersion-blade-coating,HTE-Mod-pemfc-4-fold-cell-benchtop-test,impregnation-by-immersion-and-blade-coating,manual-hte-mod-pemfc-4-fold-cell-benchtop-test,impregnation-by-immersion-and-blade-coating::n4,manual-hte-mod-pemfc-4-fold-cell-benchtop-test::method,input_method,grounded_one_sided,GDL,https://w3id.org/h2kg/hydrogen-ontology#GasDiffusionLayer,http://www.w3.org/ns/prov#wasInformedBy,published_pending_review,One record declares the dependency and an exact reviewed handoff grounds a pending-review link.
manual-dependency-0082-557f604bb6,CEA-Exp-impregnation-immersion-blade-coating,HZB-Exp-fib-gdl-mpl-catalyst,impregnation-by-immersion-and-blade-coating,fib-measurements-on-gdl-or-mpl-and-catalyst-materials,impregnation-by-immersion-and-blade-coating::n4,fib-measurements-on-gdl-or-mpl-and-catalyst-materials::n10,input_method; output_method,confirmed_reciprocal,GDL,https://w3id.org/h2kg/hydrogen-ontology#GasDiffusionLayer,http://www.w3.org/ns/prov#wasInformedBy,published_confirmed,Both method records declare the dependency and exact reviewed input/output handoff labels are shared.
manual-dependency-0083-aea66113dc,CEA-Exp-impregnation-immersion-blade-coating,HZB-Exp-lab-ct-gdl-mpl,impregnation-by-immersion-and-blade-coating,lab-ct-measurements-on-gdl-or-mpl-materials,impregnation-by-immersion-and-blade-coating::n4,lab-ct-measurements-on-gdl-or-mpl-materials::n6,input_method; output_method,confirmed_reciprocal,GDL,https://w3id.org/h2kg/hydrogen-ontology#GasDiffusionLayer,http://www.w3.org/ns/prov#wasInformedBy,published_confirmed,Both method records declare the dependency and exact reviewed input/output handoff labels are shared.
manual-dependency-0084-4aabd3119a,CEA-Exp-impregnation-immersion-blade-coating,HZB-Exp-sem-edx,impregnation-by-immersion-and-blade-coating,sem-and-edx,impregnation-by-immersion-and-blade-coating::n4,sem-and-edx::n16,input_method; output_method,confirmed_reciprocal,GDL,https://w3id.org/h2kg/hydrogen-ontology#GasDiffusionLayer,http://www.w3.org/ns/prov#wasInformedBy,published_confirmed,Both method records declare the dependency and exact reviewed input/output handoff labels are shared.
manual-dependency-0085-130793c6f6,CEA-Exp-impregnation-immersion-blade-coating,HZB-Exp-synch-ct-gdl-mpl,impregnation-by-immersion-and-blade-coating,synch-ct-measurements-on-gdl-or-mpl-materials,impregnation-by-immersion-and-blade-coating::n4,synch-ct-measurements-on-gdl-or-mpl-materials::n6,input_method; output_method,confirmed_reciprocal,GDL,https://w3id.org/h2kg/hydrogen-ontology#GasDiffusionLayer,http://www.w3.org/ns/prov#wasInformedBy,published_confirmed,Both method records declare the dependency and exact reviewed input/output handoff labels are shared.
manual-dependency-0086-8bcf453bd5,CEA-Exp-impregnation-immersion-blade-coating,ICPEES-CNRS-Unistra-PSI-Exp-dropcasted-ink-gc-tips,impregnation-by-immersion-and-blade-coating,dropcasted-ink-on-gc-tips,impregnation-by-immersion-and-blade-coating::n4,dropcasted-ink-on-gc-tips::n7,input_method; output_method,confirmed_reciprocal,GDL,https://w3id.org/h2kg/hydrogen-ontology#GasDiffusionLayer,http://www.w3.org/ns/prov#wasInformedBy,published_confirmed,Both method records declare the dependency and exact reviewed input/output handoff labels are shared.
manual-dependency-0087-da9d8415c3,CEA-Exp-impregnation-immersion-blade-coating,ICPEES-CNRS-Unistra-PSI-Exp-gde-catalytic-layer-preparation,impregnation-by-immersion-and-blade-coating,gde-catalytic-layer-preparation,impregnation-by-immersion-and-blade-coating::n4,gde-catalytic-layer-preparation::n7,input_method; output_method,confirmed_reciprocal,GDL,https://w3id.org/h2kg/hydrogen-ontology#GasDiffusionLayer,http://www.w3.org/ns/prov#wasInformedBy,published_confirmed,Both method records declare the dependency and exact reviewed input/output handoff labels are shared.
manual-dependency-0088-e40929c030,CEA-Exp-impregnation-immersion-blade-coating,ICPEES-CNRS-Unistra-PSI-Exp-gde-cell-electrochemical-studies,impregnation-by-immersion-and-blade-coating,gde-cell-for-electrochemical-studies,impregnation-by-immersion-and-blade-coating::n4,gde-cell-for-electrochemical-studies::n10,input_method; output_method,confirmed_reciprocal,GDL,https://w3id.org/h2kg/hydrogen-ontology#GasDiffusionLayer,http://www.w3.org/ns/prov#wasInformedBy,published_confirmed,Both method records declare the dependency and exact reviewed input/output handoff labels are shared.
manual-dependency-0089-e450ba7cfd,CEA-Exp-impregnation-immersion-blade-coating,NEL-Exp-large-scale-durability-test,impregnation-by-immersion-and-blade-coating,manual-nel-exp-large-scale-durability-test,impregnation-by-immersion-and-blade-coating::n4,manual-nel-exp-large-scale-durability-test::method,input_method,grounded_one_sided,GDL,https://w3id.org/h2kg/hydrogen-ontology#GasDiffusionLayer,http://www.w3.org/ns/prov#wasInformedBy,published_pending_review,One record declares the dependency and an exact reviewed handoff grounds a pending-review link.
manual-dependency-0090-4bd4cbf406,CEA-Exp-impregnation-immersion-blade-coating,NEL-Exp-pewe-single-cell-benchtop-test,impregnation-by-immersion-and-blade-coating,manual-nel-exp-pewe-single-cell-benchtop-test,impregnation-by-immersion-and-blade-coating::n4,manual-nel-exp-pewe-single-cell-benchtop-test::method,input_method,grounded_one_sided,GDL,https://w3id.org/h2kg/hydrogen-ontology#GasDiffusionLayer,http://www.w3.org/ns/prov#wasInformedBy,published_pending_review,One record declares the dependency and an exact reviewed handoff grounds a pending-review link.
manual-dependency-0091-2864535e89,CEA-Exp-impregnation-immersion-blade-coating,PSI-Exp-cl-saturation-determination-saxs-sans,impregnation-by-immersion-and-blade-coating,determination-of-cl-saturation-by-saxs-or-sans,impregnation-by-immersion-and-blade-coating::n4,determination-of-cl-saturation-by-saxs-or-sans::n24,input_method; output_method,confirmed_reciprocal,GDL,https://w3id.org/h2kg/hydrogen-ontology#GasDiffusionLayer,http://www.w3.org/ns/prov#wasInformedBy,published_confirmed,Both method records declare the dependency and exact reviewed input/output handoff labels are shared.
manual-dependency-0092-4629633446,CEA-Exp-impregnation-immersion-blade-coating,PSI-Exp-contact-angle-extraction-ct-data,impregnation-by-immersion-and-blade-coating,contact-angle-extraction-of-ct-data,impregnation-by-immersion-and-blade-coating::n4,contact-angle-extraction-of-ct-data::n6,input_method; output_method,confirmed_reciprocal,GDL,https://w3id.org/h2kg/hydrogen-ontology#GasDiffusionLayer,http://www.w3.org/ns/prov#wasInformedBy,published_confirmed,Both method records declare the dependency and exact reviewed input/output handoff labels are shared.
manual-dependency-0093-4b393b28a2,CEA-Exp-impregnation-immersion-blade-coating,PSI-Exp-ct-based-capillary-pressure-saturation,impregnation-by-immersion-and-blade-coating,ct-based-capillary-pressure-saturation-curves,impregnation-by-immersion-and-blade-coating::n4,ct-based-capillary-pressure-saturation-curves::n11,input_method; output_method,confirmed_reciprocal,GDL,https://w3id.org/h2kg/hydrogen-ontology#GasDiffusionLayer,http://www.w3.org/ns/prov#wasInformedBy,published_confirmed,Both method records declare the dependency and exact reviewed input/output handoff labels are shared.
manual-dependency-0094-d79caddb16,CEA-Exp-impregnation-immersion-blade-coating,PSI-Exp-external-contact-angle-gdl,impregnation-by-immersion-and-blade-coating,external-contact-angle-of-a-gdl,impregnation-by-immersion-and-blade-coating::n4,external-contact-angle-of-a-gdl::n3,input_method; output_method,confirmed_reciprocal,GDL,https://w3id.org/h2kg/hydrogen-ontology#GasDiffusionLayer,http://www.w3.org/ns/prov#wasInformedBy,published_confirmed,Both method records declare the dependency and exact reviewed input/output handoff labels are shared.
manual-dependency-0095-e20d5e90c8,CEA-Exp-impregnation-immersion-blade-coating,PSI-Exp-hg-porosimetry-gdl,impregnation-by-immersion-and-blade-coating,hg-porosimetry-gdl,impregnation-by-immersion-and-blade-coating::n4,hg-porosimetry-gdl::n7,input_method; output_method,confirmed_reciprocal,GDL,https://w3id.org/h2kg/hydrogen-ontology#GasDiffusionLayer,http://www.w3.org/ns/prov#wasInformedBy,published_confirmed,Both method records declare the dependency and exact reviewed input/output handoff labels are shared.
manual-dependency-0096-09527895ec,CEA-Exp-impregnation-immersion-blade-coating,PSI-Exp-mpl-saturation-determination-x-ray-ct,impregnation-by-immersion-and-blade-coating,mpl-saturation-determination-from-x-ray-ct-data,impregnation-by-immersion-and-blade-coating::n4,mpl-saturation-determination-from-x-ray-ct-data::n19,input_method; output_method,confirmed_reciprocal,GDL,https://w3id.org/h2kg/hydrogen-ontology#GasDiffusionLayer,http://www.w3.org/ns/prov#wasInformedBy,published_confirmed,Both method records declare the dependency and exact reviewed input/output handoff labels are shared.
manual-dependency-0097-f638a5dd7b,CEA-Exp-impregnation-immersion-blade-coating,PSI-Exp-pulsed-gas-analysis,impregnation-by-immersion-and-blade-coating,pulsed-gas-analysis,impregnation-by-immersion-and-blade-coating::n4,pulsed-gas-analysis::n6,input_method; output_method,confirmed_reciprocal,GDL,https://w3id.org/h2kg/hydrogen-ontology#GasDiffusionLayer,http://www.w3.org/ns/prov#wasInformedBy,published_confirmed,Both method records declare the dependency and exact reviewed input/output handoff labels are shared.
manual-dependency-0098-22ffeb9e99,CEA-Exp-impregnation-immersion-blade-coating,PSI-Exp-wilhelmy-wettability-measurement,impregnation-by-immersion-and-blade-coating,wilhelmy-wettability-measurement,impregnation-by-immersion-and-blade-coating::n4,wilhelmy-wettability-measurement::n5,input_method; output_method,confirmed_reciprocal,GDL,https://w3id.org/h2kg/hydrogen-ontology#GasDiffusionLayer,http://www.w3.org/ns/prov#wasInformedBy,published_confirmed,Both method records declare the dependency and exact reviewed input/output handoff labels are shared.
manual-dependency-0099-94f8e3340c,CEA-Exp-impregnation-immersion-blade-coating,cl-for-rde,impregnation-by-immersion-and-blade-coating,cl-for-rde,impregnation-by-immersion-and-blade-coating::n4,cl-for-rde::n9,output_method,grounded_one_sided,GDL,https://w3id.org/h2kg/hydrogen-ontology#GasDiffusionLayer,http://www.w3.org/ns/prov#wasInformedBy,published_pending_review,One record declares the dependency and an exact reviewed handoff grounds a pending-review link.
manual-dependency-0100-65af52cbcb,CEA-Exp-impregnation-immersion-blade-coating,electrical-conductivity,impregnation-by-immersion-and-blade-coating,electrical-conductivity,impregnation-by-immersion-and-blade-coating::n4,electrical-conductivity::n10,output_method,grounded_one_sided,GDL,https://w3id.org/h2kg/hydrogen-ontology#GasDiffusionLayer,http://www.w3.org/ns/prov#wasInformedBy,published_pending_review,One record declares the dependency and an exact reviewed handoff grounds a pending-review link.
manual-dependency-0101-6aba3f3223,CEA-Exp-impregnation-immersion-blade-coating,electrical-contact-resistance,impregnation-by-immersion-and-blade-coating,electrical-contact-resistance,impregnation-by-immersion-and-blade-coating::n4,electrical-contact-resistance::n11,output_method,grounded_one_sided,GDL,https://w3id.org/h2kg/hydrogen-ontology#GasDiffusionLayer,http://www.w3.org/ns/prov#wasInformedBy,published_pending_review,One record declares the dependency and an exact reviewed handoff grounds a pending-review link.
manual-dependency-0102-67ebba4d38,CEA-Exp-impregnation-immersion-blade-coating,mechanical-properties-of-catalyst-layers-gdls-and-meas-by-small-punch-and-nanoindentation,impregnation-by-immersion-and-blade-coating,mechanical-properties-of-catalyst-layers-gdls-and-meas-by-small-punch-and-nanoindentation,impregnation-by-immersion-and-blade-coating::n4,mechanical-properties-of-catalyst-layers-gdls-and-meas-by-small-punch-and-nanoindentation::n9,output_method,ungrounded_one_sided,,,http://www.w3.org/ns/prov#wasInformedBy,audit_only,One-sided declaration lacks an exact reviewed handoff and is retained for audit only.
manual-dependency-0103-f8e6efe820,CEA-Exp-impregnation-immersion-blade-coating,neutron-imaging,impregnation-by-immersion-and-blade-coating,neutron-imaging,impregnation-by-immersion-and-blade-coating::n4,neutron-imaging::n10,output_method,grounded_one_sided,GDL,https://w3id.org/h2kg/hydrogen-ontology#GasDiffusionLayer,http://www.w3.org/ns/prov#wasInformedBy,published_pending_review,One record declares the dependency and an exact reviewed handoff grounds a pending-review link.
manual-dependency-0104-b23738aa83,CEA-Exp-mea-assembly-pefc-ref-mea,CEA-Exp-differential-cell-testing,mea-assembly-for-pefc-ref-mea,differential-cell-testing,mea-assembly-for-pefc-ref-mea::n4,differential-cell-testing::n15,input_method; output_method,confirmed_reciprocal,MEA,https://w3id.org/h2kg/hydrogen-ontology#MEAAssembly,http://www.w3.org/ns/prov#wasInformedBy,published_confirmed,Both method records declare the dependency and exact reviewed input/output handoff labels are shared.
manual-dependency-0105-ecb8a379de,CEA-Exp-mea-assembly-pefc-ref-mea,CIEMAT-Exp-current-modulated-hydrogen-flow-rate-spectroscopy,mea-assembly-for-pefc-ref-mea,current-modulated-hydrogen-flow-rate-spectroscopy-ch2s,mea-assembly-for-pefc-ref-mea::n4,current-modulated-hydrogen-flow-rate-spectroscopy-ch2s::n14,input_method; output_method,confirmed_reciprocal,MEA,https://w3id.org/h2kg/hydrogen-ontology#MEAAssembly,http://www.w3.org/ns/prov#wasInformedBy,published_confirmed,Both method records declare the dependency and exact reviewed input/output handoff labels are shared.
manual-dependency-0106-6780bd0adc,CEA-Exp-mea-assembly-pefc-ref-mea,CIEMAT-Exp-microscopy-sem-optical-mea-cross-section,mea-assembly-for-pefc-ref-mea,microscopy-sem-and-optical-in-mea-cross-section,mea-assembly-for-pefc-ref-mea::n4,microscopy-sem-and-optical-in-mea-cross-section::n8,input_method; output_method,confirmed_reciprocal,MEA,https://w3id.org/h2kg/hydrogen-ontology#MEAAssembly,http://www.w3.org/ns/prov#wasInformedBy,published_confirmed,Both method records declare the dependency and exact reviewed input/output handoff labels are shared.
manual-dependency-0107-135cd32ca7,CEA-Exp-mea-assembly-pefc-ref-mea,CIEMAT-Exp-single-cell-polarization-eis,mea-assembly-for-pefc-ref-mea,manual-ciemat-exp-single-cell-polarization-eis,mea-assembly-for-pefc-ref-mea::n4,manual-ciemat-exp-single-cell-polarization-eis::method,output_method,grounded_one_sided,MEA,https://w3id.org/h2kg/hydrogen-ontology#MEAAssembly,http://www.w3.org/ns/prov#wasInformedBy,published_pending_review,One record declares the dependency and an exact reviewed handoff grounds a pending-review link.
manual-dependency-0108-3de7488142,CEA-Exp-mea-assembly-pefc-ref-mea,HTE-Exp-cell-testing,mea-assembly-for-pefc-ref-mea,manual-hte-exp-cell-testing,mea-assembly-for-pefc-ref-mea::n4,manual-hte-exp-cell-testing::method,input_method,grounded_one_sided,MEA,https://w3id.org/h2kg/hydrogen-ontology#MEAAssembly,http://www.w3.org/ns/prov#wasInformedBy,published_pending_review,One record declares the dependency and an exact reviewed handoff grounds a pending-review link.
manual-dependency-0109-eb407731c1,CEA-Exp-roller-mixer-zirconia-beads-ref-pefc-inks,CEA-Exp-blade-coating-decal-transfer-ref-pefc-ccm,roller-mixer-and-zirconia-beads-for-ref-pefc-inks,blade-coating-and-decal-transfer-for-ref-pefc-ccm,roller-mixer-and-zirconia-beads-for-ref-pefc-inks::n7,blade-coating-and-decal-transfer-for-ref-pefc-ccm::n4,input_method; output_method,confirmed_reciprocal,Catalyst ink,https://w3id.org/h2kg/hydrogen-ontology#CatalystInk,http://www.w3.org/ns/prov#wasInformedBy,published_confirmed,Both method records declare the dependency and exact reviewed input/output handoff labels are shared.
manual-dependency-0110-eb7e15bd75,CEA-Exp-roller-mixer-zirconia-beads-ref-pefc-inks,CIEMAT-Exp-electrospray-deposition-catalyst-layers,roller-mixer-and-zirconia-beads-for-ref-pefc-inks,electrospray-deposition-of-catalyst-layers,roller-mixer-and-zirconia-beads-for-ref-pefc-inks::n7,electrospray-deposition-of-catalyst-layers::n11,input_method; output_method,confirmed_reciprocal,Catalyst ink,https://w3id.org/h2kg/hydrogen-ontology#CatalystInk,http://www.w3.org/ns/prov#wasInformedBy,published_confirmed,Both method records declare the dependency and exact reviewed input/output handoff labels are shared.
manual-dependency-0111-7d3e1a2795,CEA-Exp-roller-mixer-zirconia-beads-ref-pefc-inks,FZJ-IET-2-Exp-rheology,roller-mixer-and-zirconia-beads-for-ref-pefc-inks,rheology,roller-mixer-and-zirconia-beads-for-ref-pefc-inks::n7,rheology::n3,input_method; output_method,confirmed_reciprocal,Catalyst ink,https://w3id.org/h2kg/hydrogen-ontology#CatalystInk,http://www.w3.org/ns/prov#wasInformedBy,published_confirmed,Both method records declare the dependency and exact reviewed input/output handoff labels are shared.
manual-dependency-0112-3c6a79c320,CEA-Exp-roller-mixer-zirconia-beads-ref-pefc-inks,turbiscan-transmission-and-backscattering-stability-testing,roller-mixer-and-zirconia-beads-for-ref-pefc-inks,turbiscan-transmission-and-backscattering-stability-testing,roller-mixer-and-zirconia-beads-for-ref-pefc-inks::n7,turbiscan-transmission-and-backscattering-stability-testing::n2,output_method,grounded_one_sided,Catalyst ink,https://w3id.org/h2kg/hydrogen-ontology#CatalystInk,http://www.w3.org/ns/prov#wasInformedBy,published_pending_review,One record declares the dependency and an exact reviewed handoff grounds a pending-review link.
manual-dependency-0113-7c2f1891c3,CEA-Exp-tem-eds-analysis-CL,FZJ-IET-3-Mod-ink-composition,manual-cea-exp-tem-eds-analysis-cl,iet-ink-to-composition-model,manual-cea-exp-tem-eds-analysis-cl::method,iet-ink-to-composition-model::n22,output_method,grounded_one_sided,Catalyst active particle diameter,https://w3id.org/h2kg/decode/workflow/anchor/catalyst-active-particle-diameter-material,http://www.w3.org/ns/prov#wasInformedBy,published_pending_review,One record declares the dependency and an exact reviewed handoff grounds a pending-review link.
manual-dependency-0114-7f5bba3538,CEA-Exp-tem-eds-analysis-CL,0d-particle-population-degradation-model-coupled-with-performance-model-prediction,manual-cea-exp-tem-eds-analysis-cl,0d-particle-population-degradation-model-coupled-with-performance-model-prediction,manual-cea-exp-tem-eds-analysis-cl::method,0d-particle-population-degradation-model-coupled-with-performance-model-prediction::n32,output_method,grounded_one_sided,Catalyst active particle radius distribution,https://w3id.org/h2kg/decode/workflow/anchor/catalyst-active-particle-radius-distribution-material,http://www.w3.org/ns/prov#wasInformedBy,published_pending_review,One record declares the dependency and an exact reviewed handoff grounds a pending-review link.
manual-dependency-0115-60b8645d91,CEA-Exp-tem-eds-analysis-CL,0d-particle-population-degradation-model-prediction,manual-cea-exp-tem-eds-analysis-cl,0d-particle-population-degradation-model-prediction,manual-cea-exp-tem-eds-analysis-cl::method,0d-particle-population-degradation-model-prediction::n9,output_method,grounded_one_sided,Catalyst active particle radius distribution,https://w3id.org/h2kg/decode/workflow/anchor/catalyst-active-particle-radius-distribution-material,http://www.w3.org/ns/prov#wasInformedBy,published_pending_review,One record declares the dependency and an exact reviewed handoff grounds a pending-review link.
manual-dependency-0116-9cf4993d1c,CEA-Exp-tem-eds-analysis-mea,FZJ-IET-3-Mod-ink-composition,tem-and-eds-analysis-of-mea,iet-ink-to-composition-model,tem-and-eds-analysis-of-mea::n4,iet-ink-to-composition-model::n22,input_method; output_method,confirmed_reciprocal,Catalyst active particle diameter,https://w3id.org/h2kg/decode/workflow/anchor/catalyst-active-particle-diameter-material,http://www.w3.org/ns/prov#wasInformedBy,published_confirmed,Both method records declare the dependency and exact reviewed input/output handoff labels are shared.
manual-dependency-0117-af509bcb67,CEA-Exp-tem-eds-analysis-mea,0d-particle-population-degradation-model-coupled-with-performance-model-prediction,tem-and-eds-analysis-of-mea,0d-particle-population-degradation-model-coupled-with-performance-model-prediction,tem-and-eds-analysis-of-mea::n4,0d-particle-population-degradation-model-coupled-with-performance-model-prediction::n32,output_method,grounded_one_sided,Catalyst active particle radius distribution,https://w3id.org/h2kg/decode/workflow/anchor/catalyst-active-particle-radius-distribution-material,http://www.w3.org/ns/prov#wasInformedBy,published_pending_review,One record declares the dependency and an exact reviewed handoff grounds a pending-review link.
manual-dependency-0118-d562f483aa,CEA-Exp-tem-eds-analysis-mea,0d-particle-population-degradation-model-prediction,tem-and-eds-analysis-of-mea,0d-particle-population-degradation-model-prediction,tem-and-eds-analysis-of-mea::n4,0d-particle-population-degradation-model-prediction::n9,output_method,grounded_one_sided,Catalyst active particle radius distribution,https://w3id.org/h2kg/decode/workflow/anchor/catalyst-active-particle-radius-distribution-material,http://www.w3.org/ns/prov#wasInformedBy,published_pending_review,One record declares the dependency and an exact reviewed handoff grounds a pending-review link.
manual-dependency-0119-62fee51249,CEA-Exp-tem-eds-analysis-mea,molecular-dynamics-for-the-electrode-electrolyte-interface-in-presence-of-ionomer,tem-and-eds-analysis-of-mea,molecular-dynamics-for-the-electrode-electrolyte-interface-in-presence-of-ionomer,tem-and-eds-analysis-of-mea::n4,molecular-dynamics-for-the-electrode-electrolyte-interface-in-presence-of-ionomer::n13,output_method,grounded_one_sided,Ionomer film thickness,https://w3id.org/h2kg/hydrogen-ontology#IonomerFilmThickness,http://www.w3.org/ns/prov#wasInformedBy,published_pending_review,One record declares the dependency and an exact reviewed handoff grounds a pending-review link.
manual-dependency-0120-b4482468ec,CEA-Mod-europium-2d-mea-model,CEA-Mod-europium-model-fitting,cea-mea-model-europium-2d,fitting-of-the-europium-model,cea-mea-model-europium-2d::n72,fitting-of-the-europium-model::n61,input_method; output_method,confirmed_reciprocal,Cell polarization curve; Cell limiting current,https://w3id.org/h2kg/decode/workflow/anchor/cell-limiting-current-device; https://w3id.org/h2kg/decode/workflow/anchor/cell-polarization-curve-device,http://www.w3.org/ns/prov#wasInformedBy,published_confirmed,Both method records declare the dependency and exact reviewed input/output handoff labels are shared.
manual-dependency-0121-10994b43e4,CEA-Mod-europium-2d-mea-model,CIEMAT-Exp-effective-proton-conductivity,cea-mea-model-europium-2d,manual-ciemat-exp-effective-proton-conductivity,cea-mea-model-europium-2d::n72,manual-ciemat-exp-effective-proton-conductivity::method,input_method,grounded_one_sided,Cell EIS,https://w3id.org/h2kg/decode/workflow/anchor/cell-eis-device,http://www.w3.org/ns/prov#wasInformedBy,published_pending_review,One record declares the dependency and an exact reviewed handoff grounds a pending-review link.
manual-dependency-0122-72103a5ac2,CEA-Mod-europium-2d-mea-model,FZJ-IET-3-Mod-performance-model-mea-fitting,cea-mea-model-europium-2d,iet-1d-performance-model-for-mea-fitting,cea-mea-model-europium-2d::n72,iet-1d-performance-model-for-mea-fitting::n13,input_method; output_method,confirmed_reciprocal,Cell polarization curve,https://w3id.org/h2kg/decode/workflow/anchor/cell-polarization-curve-device,http://www.w3.org/ns/prov#wasInformedBy,published_confirmed,Both method records declare the dependency and exact reviewed input/output handoff labels are shared.
manual-dependency-0123-51e0b7d722,CEA-Mod-europium-model-fitting,BOSCH-Mod-mpl-parameter-estimation-gdl-substrate,fitting-of-the-europium-model,mpl-parameter-estimation-from-gdl-and-substrate-data,fitting-of-the-europium-model::n61,mpl-parameter-estimation-from-gdl-and-substrate-data::n20,input_method; output_method,confirmed_reciprocal,GDL substrate in-plane conductivity; GDL substrate through-plane conductivity; GDL substrate in-plane permeability; GDL substrate through-plane permeability; GDL substrate porosity,https://w3id.org/h2kg/decode/workflow/anchor/gdl-substrate-in-plane-conductivity-component; https://w3id.org/h2kg/decode/workflow/anchor/gdl-substrate-in-plane-permeability-component; https://w3id.org/h2kg/decode/workflow/anchor/gdl-substrate-porosity-component; https://w3id.org/h2kg/decode/workflow/anchor/gdl-substrate-through-plane-conductivity-component; https://w3id.org/h2kg/decode/workflow/anchor/gdl-substrate-through-plane-permeability-component,http://www.w3.org/ns/prov#wasInformedBy,published_confirmed,Both method records declare the dependency and exact reviewed input/output handoff labels are shared.
manual-dependency-0124-ec05f38881,CEA-Mod-europium-model-fitting,CEA-Exp-differential-cell-testing,fitting-of-the-europium-model,differential-cell-testing,fitting-of-the-europium-model::n61,differential-cell-testing::n15,input_method; output_method,confirmed_reciprocal,Membrane thickness,https://w3id.org/h2kg/decode/workflow/anchor/membrane-thickness-component,http://www.w3.org/ns/prov#wasInformedBy,published_confirmed,Both method records declare the dependency and exact reviewed input/output handoff labels are shared.
manual-dependency-0125-b208f87ba7,CEA-Mod-europium-model-fitting,CEA-Mod-europium-2d-mea-model,fitting-of-the-europium-model,cea-mea-model-europium-2d,fitting-of-the-europium-model::n61,cea-mea-model-europium-2d::n72,input_method; output_method,confirmed_reciprocal,GDL substrate in-plane conductivity; GDL substrate through-plane conductivity; MPL conductivity; CCL conductivity; GDL substrate in-plane thermal conductivity; GDL substrate through-plane thermal conductivity; MPL thermal conductivity; CCL thermal conductivity; GDL substrate in-plane permeability; GDL substrate through-plane permeability; MPL permeability; CCL permeability; GDL substrate effective water permeability; MPL effective water permeability; CCL effective water permeability; GDL substrate in-plane tortuosity; GDL substrate through-plane tortuosity; MPL tortuosity; CCL tortuosity; GDL substrate porosity; MPL porosity; CCL porosity; GDL substrate average pore radius; MPL average pore radius; CCL average pore radius; GDL substrate water retention curve; MPL water retention curve; CCL water retention curve; Membrane thickness; Membrane proton conductivity; Membrane thermal conductivity; Membrane H2 diffusivity; Ionomer water sorption properties; Ionomer water diffusivity; Ionomer gas sorption properties; Ionomer gas diffusivities; ECSA; CCL effective double-layer capacitance; CCL ionomer volume fraction (dry); CCL effective proton conductivity; CCL ionomer effective film thickness; CCL ORR effective exchange current density; CCL ORR apparent Tafel slope(s); CCL ORR effective reaction order(s); CCL ORR rate prefactor,https://w3id.org/h2kg/decode/workflow/anchor/ccl-average-pore-radius-component; https://w3id.org/h2kg/decode/workflow/anchor/ccl-conductivity-component; https://w3id.org/h2kg/decode/workflow/anchor/ccl-effective-double-layer-capacitance-component; https://w3id.org/h2kg/decode/workflow/anchor/ccl-effective-proton-conductivity-component; https://w3id.org/h2kg/decode/workflow/anchor/ccl-effective-water-permeability-component; https://w3id.org/h2kg/decode/workflow/anchor/ccl-ionomer-effective-film-thickness-component; https://w3id.org/h2kg/decode/workflow/anchor/ccl-ionomer-volume-fraction-dry-component; https://w3id.org/h2kg/decode/workflow/anchor/ccl-orr-apparent-tafel-slope-s-component; https://w3id.org/h2kg/decode/workflow/anchor/ccl-orr-effective-exchange-current-density-component; https://w3id.org/h2kg/decode/workflow/anchor/ccl-orr-effective-reaction-order-s-component; https://w3id.org/h2kg/decode/workflow/anchor/ccl-orr-rate-prefactor-component; https://w3id.org/h2kg/decode/workflow/anchor/ccl-permeability-component; https://w3id.org/h2kg/decode/workflow/anchor/ccl-porosity-component; https://w3id.org/h2kg/decode/workflow/anchor/ccl-thermal-conductivity-component; https://w3id.org/h2kg/decode/workflow/anchor/ccl-tortuosity-component; https://w3id.org/h2kg/decode/workflow/anchor/ccl-water-retention-curve-component; https://w3id.org/h2kg/decode/workflow/anchor/gdl-substrate-average-pore-radius-component; https://w3id.org/h2kg/decode/workflow/anchor/gdl-substrate-effective-water-permeability-component; https://w3id.org/h2kg/decode/workflow/anchor/gdl-substrate-in-plane-conductivity-component; https://w3id.org/h2kg/decode/workflow/anchor/gdl-substrate-in-plane-permeability-component; https://w3id.org/h2kg/decode/workflow/anchor/gdl-substrate-in-plane-thermal-conductivity-component; https://w3id.org/h2kg/decode/workflow/anchor/gdl-substrate-in-plane-tortuosity-component; https://w3id.org/h2kg/decode/workflow/anchor/gdl-substrate-porosity-component; https://w3id.org/h2kg/decode/workflow/anchor/gdl-substrate-through-plane-conductivity-component; https://w3id.org/h2kg/decode/workflow/anchor/gdl-substrate-through-plane-permeability-component; https://w3id.org/h2kg/decode/workflow/anchor/gdl-substrate-through-plane-thermal-conductivity-component; https://w3id.org/h2kg/decode/workflow/anchor/gdl-substrate-through-plane-tortuosity-component; https://w3id.org/h2kg/decode/workflow/anchor/gdl-substrate-water-retention-curve-component; https://w3id.org/h2kg/decode/workflow/anchor/ionomer-gas-diffusivities-component; https://w3id.org/h2kg/decode/workflow/anchor/ionomer-gas-sorption-properties-component; https://w3id.org/h2kg/decode/workflow/anchor/ionomer-water-diffusivity-component; https://w3id.org/h2kg/decode/workflow/anchor/ionomer-water-sorption-properties-component; https://w3id.org/h2kg/decode/workflow/anchor/membrane-h2-diffusivity-component; https://w3id.org/h2kg/decode/workflow/anchor/membrane-proton-conductivity-component; https://w3id.org/h2kg/decode/workflow/anchor/membrane-thermal-conductivity-component; https://w3id.org/h2kg/decode/workflow/anchor/membrane-thickness-component; https://w3id.org/h2kg/decode/workflow/anchor/mpl-average-pore-radius-component; https://w3id.org/h2kg/decode/workflow/anchor/mpl-conductivity-component; https://w3id.org/h2kg/decode/workflow/anchor/mpl-effective-water-permeability-component; https://w3id.org/h2kg/decode/workflow/anchor/mpl-thermal-conductivity-component; https://w3id.org/h2kg/decode/workflow/anchor/mpl-tortuosity-component; https://w3id.org/h2kg/decode/workflow/anchor/mpl-water-retention-curve-component; https://w3id.org/h2kg/hydrogen-ontology#ElectrochemicallyActiveSurfaceArea; https://w3id.org/h2kg/hydrogen-ontology#MicroporousLayerPermeability; https://w3id.org/h2kg/hydrogen-ontology#MicroporousLayerPorosity,http://www.w3.org/ns/prov#wasInformedBy,published_confirmed,Both method records declare the dependency and exact reviewed input/output handoff labels are shared.
manual-dependency-0126-49d8b63745,CEA-Mod-europium-model-fitting,CIEMAT-Exp-current-modulated-hydrogen-flow-rate-spectroscopy,fitting-of-the-europium-model,current-modulated-hydrogen-flow-rate-spectroscopy-ch2s,fitting-of-the-europium-model::n61,current-modulated-hydrogen-flow-rate-spectroscopy-ch2s::n14,input_method; output_method,confirmed_reciprocal,GDL substrate porosity; MPL porosity,https://w3id.org/h2kg/decode/workflow/anchor/gdl-substrate-porosity-component; https://w3id.org/h2kg/hydrogen-ontology#MicroporousLayerPorosity,http://www.w3.org/ns/prov#wasInformedBy,published_confirmed,Both method records declare the dependency and exact reviewed input/output handoff labels are shared.
manual-dependency-0127-6c7e207682,CEA-Mod-europium-model-fitting,FZJ-IET-3-Mod-diffusivities-tortuosities,fitting-of-the-europium-model,diffusivities-from-tortuosities,fitting-of-the-europium-model::n61,diffusivities-from-tortuosities::n13,input_method; output_method,confirmed_reciprocal,GDL substrate through-plane tortuosity; MPL tortuosity; CCL tortuosity; GDL substrate porosity; MPL porosity; CCL porosity,https://w3id.org/h2kg/decode/workflow/anchor/ccl-porosity-component; https://w3id.org/h2kg/decode/workflow/anchor/ccl-tortuosity-component; https://w3id.org/h2kg/decode/workflow/anchor/gdl-substrate-porosity-component; https://w3id.org/h2kg/decode/workflow/anchor/gdl-substrate-through-plane-tortuosity-component; https://w3id.org/h2kg/decode/workflow/anchor/mpl-tortuosity-component; https://w3id.org/h2kg/hydrogen-ontology#MicroporousLayerPorosity,http://www.w3.org/ns/prov#wasInformedBy,published_confirmed,Both method records declare the dependency and exact reviewed input/output handoff labels are shared.
manual-dependency-0128-27de610f3f,CEA-Mod-europium-model-fitting,FZJ-IET-3-Mod-performance-model-mea-fitting,fitting-of-the-europium-model,iet-1d-performance-model-for-mea-fitting,fitting-of-the-europium-model::n61,iet-1d-performance-model-for-mea-fitting::n13,input_method,grounded_one_sided,CCL ORR effective exchange current density,https://w3id.org/h2kg/decode/workflow/anchor/ccl-orr-effective-exchange-current-density-component,http://www.w3.org/ns/prov#wasInformedBy,published_pending_review,One record declares the dependency and an exact reviewed handoff grounds a pending-review link.
manual-dependency-0129-6cd3b47481,CEA-Mod-europium-model-fitting,FZJ-IET-3-Mod-performance-model-mea-prediction,fitting-of-the-europium-model,iet-1d-performance-model-for-mea-prediction,fitting-of-the-europium-model::n61,iet-1d-performance-model-for-mea-prediction::n28,input_method,grounded_one_sided,CCL porosity; GDL substrate water retention curve; CCL water retention curve; Membrane thickness; Membrane proton conductivity; CCL effective proton conductivity; CCL ORR effective exchange current density; CCL ORR apparent Tafel slope(s); CCL ORR rate prefactor,https://w3id.org/h2kg/decode/workflow/anchor/ccl-effective-proton-conductivity-component; https://w3id.org/h2kg/decode/workflow/anchor/ccl-orr-apparent-tafel-slope-s-component; https://w3id.org/h2kg/decode/workflow/anchor/ccl-orr-effective-exchange-current-density-component; https://w3id.org/h2kg/decode/workflow/anchor/ccl-orr-rate-prefactor-component; https://w3id.org/h2kg/decode/workflow/anchor/ccl-porosity-component; https://w3id.org/h2kg/decode/workflow/anchor/ccl-water-retention-curve-component; https://w3id.org/h2kg/decode/workflow/anchor/gdl-substrate-water-retention-curve-component; https://w3id.org/h2kg/decode/workflow/anchor/membrane-proton-conductivity-component; https://w3id.org/h2kg/decode/workflow/anchor/membrane-thickness-component,http://www.w3.org/ns/prov#wasInformedBy,published_pending_review,One record declares the dependency and an exact reviewed handoff grounds a pending-review link.
manual-dependency-0130-2cd8489757,CEA-Mod-europium-model-fitting,0d-particle-population-degradation-model-coupled-with-performance-model-prediction,fitting-of-the-europium-model,0d-particle-population-degradation-model-coupled-with-performance-model-prediction,fitting-of-the-europium-model::n61,0d-particle-population-degradation-model-coupled-with-performance-model-prediction::n32,output_method,grounded_one_sided,CCL porosity; Membrane thickness; Membrane proton conductivity; CCL ORR effective exchange current density; CCL ORR apparent Tafel slope(s),https://w3id.org/h2kg/decode/workflow/anchor/ccl-orr-apparent-tafel-slope-s-component; https://w3id.org/h2kg/decode/workflow/anchor/ccl-orr-effective-exchange-current-density-component; https://w3id.org/h2kg/decode/workflow/anchor/ccl-porosity-component; https://w3id.org/h2kg/decode/workflow/anchor/membrane-proton-conductivity-component; https://w3id.org/h2kg/decode/workflow/anchor/membrane-thickness-component,http://www.w3.org/ns/prov#wasInformedBy,published_pending_review,One record declares the dependency and an exact reviewed handoff grounds a pending-review link.
manual-dependency-0131-ccb96d05c7,CEA-Mod-europium-model-fitting,iet-1d-mea-with-water-transport-eis-model,fitting-of-the-europium-model,iet-1d-mea-with-water-transport-eis-model,fitting-of-the-europium-model::n61,iet-1d-mea-with-water-transport-eis-model::n24,output_method,grounded_one_sided,CCL effective water permeability; GDL substrate water retention curve; CCL water retention curve; CCL effective double-layer capacitance; CCL effective proton conductivity; CCL ORR effective exchange current density; CCL ORR apparent Tafel slope(s),https://w3id.org/h2kg/decode/workflow/anchor/ccl-effective-double-layer-capacitance-component; https://w3id.org/h2kg/decode/workflow/anchor/ccl-effective-proton-conductivity-component; https://w3id.org/h2kg/decode/workflow/anchor/ccl-effective-water-permeability-component; https://w3id.org/h2kg/decode/workflow/anchor/ccl-orr-apparent-tafel-slope-s-component; https://w3id.org/h2kg/decode/workflow/anchor/ccl-orr-effective-exchange-current-density-component; https://w3id.org/h2kg/decode/workflow/anchor/ccl-water-retention-curve-component; https://w3id.org/h2kg/decode/workflow/anchor/gdl-substrate-water-retention-curve-component,http://www.w3.org/ns/prov#wasInformedBy,published_pending_review,One record declares the dependency and an exact reviewed handoff grounds a pending-review link.
manual-dependency-0132-b7b41edc52,CEA-Mod-europium-model-fitting,iet-1d-mea-with-water-transport-in-ccl-eis-model,fitting-of-the-europium-model,iet-1d-mea-with-water-transport-in-ccl-eis-model,fitting-of-the-europium-model::n61,iet-1d-mea-with-water-transport-in-ccl-eis-model::n19,output_method,grounded_one_sided,CCL effective water permeability; CCL water retention curve; CCL effective double-layer capacitance; CCL effective proton conductivity; CCL ORR effective exchange current density; CCL ORR apparent Tafel slope(s),https://w3id.org/h2kg/decode/workflow/anchor/ccl-effective-double-layer-capacitance-component; https://w3id.org/h2kg/decode/workflow/anchor/ccl-effective-proton-conductivity-component; https://w3id.org/h2kg/decode/workflow/anchor/ccl-effective-water-permeability-component; https://w3id.org/h2kg/decode/workflow/anchor/ccl-orr-apparent-tafel-slope-s-component; https://w3id.org/h2kg/decode/workflow/anchor/ccl-orr-effective-exchange-current-density-component; https://w3id.org/h2kg/decode/workflow/anchor/ccl-water-retention-curve-component,http://www.w3.org/ns/prov#wasInformedBy,published_pending_review,One record declares the dependency and an exact reviewed handoff grounds a pending-review link.
manual-dependency-0133-11b5b26410,CEA-Mod-hydrophobic-treatment-gdl-modeling,CEA-Mod-simulation-3d-properties-single-phase,modeling-of-hydrophobic-treatment-of-gdl,simulation-of-single-phase-3d-apparent-properties,modeling-of-hydrophobic-treatment-of-gdl::n6,simulation-of-single-phase-3d-apparent-properties::n18,input_method; output_method,confirmed_reciprocal,GDL substrate 3D voxel data classified,https://w3id.org/h2kg/decode/workflow/anchor/gdl-substrate-3d-voxel-data-classified,http://www.w3.org/ns/prov#wasInformedBy,published_confirmed,Both method records declare the dependency and exact reviewed input/output handoff labels are shared.
manual-dependency-0134-7604e56908,CEA-Mod-hydrophobic-treatment-gdl-modeling,CEA-Mod-simulation-3d-properties-two-phase,modeling-of-hydrophobic-treatment-of-gdl,simulation-of-two-phase-3d-apparent-properties,modeling-of-hydrophobic-treatment-of-gdl::n6,simulation-of-two-phase-3d-apparent-properties::n17,input_method; output_method,confirmed_reciprocal,GDL substrate 3D voxel data classified,https://w3id.org/h2kg/decode/workflow/anchor/gdl-substrate-3d-voxel-data-classified,http://www.w3.org/ns/prov#wasInformedBy,published_confirmed,Both method records declare the dependency and exact reviewed input/output handoff labels are shared.
manual-dependency-0135-fb373791f1,CEA-Mod-hydrophobic-treatment-gdl-modeling,HZB-Mod-image-parameter-extraction-3d-x-ray-tomography,modeling-of-hydrophobic-treatment-of-gdl,image-x-ray-tomography-data-parameter-extraction-3d,modeling-of-hydrophobic-treatment-of-gdl::n6,image-x-ray-tomography-data-parameter-extraction-3d::n17,input_method; output_method,confirmed_reciprocal,GDL substrate 3D voxel data classified,https://w3id.org/h2kg/decode/workflow/anchor/gdl-substrate-3d-voxel-data-classified,http://www.w3.org/ns/prov#wasInformedBy,published_confirmed,Both method records declare the dependency and exact reviewed input/output handoff labels are shared.
manual-dependency-0136-ced8c7add7,CEA-Mod-hydrophobic-treatment-gdl-modeling,HZB-Mod-structural-digital-twins-multi-scale-tomographies,modeling-of-hydrophobic-treatment-of-gdl,ai-based-generation-of-structural-digital-twins-of-multi-scale-tomographies,modeling-of-hydrophobic-treatment-of-gdl::n6,ai-based-generation-of-structural-digital-twins-of-multi-scale-tomographies::n8,input_method; output_method,confirmed_reciprocal,GDL substrate 3D voxel data classified,https://w3id.org/h2kg/decode/workflow/anchor/gdl-substrate-3d-voxel-data-classified,http://www.w3.org/ns/prov#wasInformedBy,published_confirmed,Both method records declare the dependency and exact reviewed input/output handoff labels are shared.
manual-dependency-0137-ea4dbfe5a0,CEA-Mod-hydrophobic-treatment-gdl-modeling,PSI-Mod-voxel-3d-diffusivity-simulation,modeling-of-hydrophobic-treatment-of-gdl,voxel-based-3d-effective-diffusivity-simulation,modeling-of-hydrophobic-treatment-of-gdl::n6,voxel-based-3d-effective-diffusivity-simulation::n13,input_method; output_method,confirmed_reciprocal,GDL substrate 3D voxel data classified,https://w3id.org/h2kg/decode/workflow/anchor/gdl-substrate-3d-voxel-data-classified,http://www.w3.org/ns/prov#wasInformedBy,published_confirmed,Both method records declare the dependency and exact reviewed input/output handoff labels are shared.
manual-dependency-0138-21c3eae06f,CEA-Mod-hydrophobic-treatment-gdl-modeling,PSI-Mod-voxel-3d-electric-conductivity-simulation,modeling-of-hydrophobic-treatment-of-gdl,voxel-based-3d-electric-conductiviy-simulation,modeling-of-hydrophobic-treatment-of-gdl::n6,voxel-based-3d-electric-conductiviy-simulation::n9,input_method; output_method,confirmed_reciprocal,GDL substrate 3D voxel data classified,https://w3id.org/h2kg/decode/workflow/anchor/gdl-substrate-3d-voxel-data-classified,http://www.w3.org/ns/prov#wasInformedBy,published_confirmed,Both method records declare the dependency and exact reviewed input/output handoff labels are shared.
manual-dependency-0139-5d363ccd25,CEA-Mod-hydrophobic-treatment-gdl-modeling,PSI-Mod-voxel-3d-permability-simulation,modeling-of-hydrophobic-treatment-of-gdl,voxel-based-3d-permability-simulation,modeling-of-hydrophobic-treatment-of-gdl::n6,voxel-based-3d-permability-simulation::n9,input_method; output_method,confirmed_reciprocal,GDL substrate 3D voxel data classified,https://w3id.org/h2kg/decode/workflow/anchor/gdl-substrate-3d-voxel-data-classified,http://www.w3.org/ns/prov#wasInformedBy,published_confirmed,Both method records declare the dependency and exact reviewed input/output handoff labels are shared.
manual-dependency-0140-90ae75de35,CEA-Mod-hydrophobic-treatment-gdl-modeling,PSI-Mod-voxel-3d-thermal-conductivity-simulation,modeling-of-hydrophobic-treatment-of-gdl,voxel-based-3d-thermal-conductivity-simulation,modeling-of-hydrophobic-treatment-of-gdl::n6,voxel-based-3d-thermal-conductivity-simulation::n9,input_method; output_method,confirmed_reciprocal,GDL substrate 3D voxel data classified,https://w3id.org/h2kg/decode/workflow/anchor/gdl-substrate-3d-voxel-data-classified,http://www.w3.org/ns/prov#wasInformedBy,published_confirmed,Both method records declare the dependency and exact reviewed input/output handoff labels are shared.
manual-dependency-0141-b3bab9f6e9,CEA-Mod-hydrophobic-treatment-gdl-modeling,PSI-Mod-water-retention-simulation,modeling-of-hydrophobic-treatment-of-gdl,water-retention-curve-simulation,modeling-of-hydrophobic-treatment-of-gdl::n6,water-retention-curve-simulation::n16,input_method; output_method,confirmed_reciprocal,GDL substrate 3D voxel data classified,https://w3id.org/h2kg/decode/workflow/anchor/gdl-substrate-3d-voxel-data-classified,http://www.w3.org/ns/prov#wasInformedBy,published_confirmed,Both method records declare the dependency and exact reviewed input/output handoff labels are shared.
manual-dependency-0142-23101046ee,CEA-Mod-hydrophobic-treatment-gdl-modeling,modeling-of-mpl-coating-of-gdl,modeling-of-hydrophobic-treatment-of-gdl,modeling-of-mpl-coating-of-gdl,modeling-of-hydrophobic-treatment-of-gdl::n6,modeling-of-mpl-coating-of-gdl::n4,output_method,grounded_one_sided,GDL substrate 3D voxel data classified,https://w3id.org/h2kg/decode/workflow/anchor/gdl-substrate-3d-voxel-data-classified,http://www.w3.org/ns/prov#wasInformedBy,published_pending_review,One record declares the dependency and an exact reviewed handoff grounds a pending-review link.
manual-dependency-0143-15083117ab,CEA-Mod-simulation-3d-properties-single-phase,BOSCH-Mod-mpl-parameter-estimation-gdl-substrate,simulation-of-single-phase-3d-apparent-properties,mpl-parameter-estimation-from-gdl-and-substrate-data,simulation-of-single-phase-3d-apparent-properties::n18,mpl-parameter-estimation-from-gdl-and-substrate-data::n20,input_method; output_method,confirmed_reciprocal,GDL substrate in-plane conductivity; GDL substrate through-plane conductivity; GDL substrate in-plane permeability; GDL substrate through-plane permeability; GDL substrate porosity,https://w3id.org/h2kg/decode/workflow/anchor/gdl-substrate-in-plane-conductivity-component; https://w3id.org/h2kg/decode/workflow/anchor/gdl-substrate-in-plane-permeability-component; https://w3id.org/h2kg/decode/workflow/anchor/gdl-substrate-porosity-component; https://w3id.org/h2kg/decode/workflow/anchor/gdl-substrate-through-plane-conductivity-component; https://w3id.org/h2kg/decode/workflow/anchor/gdl-substrate-through-plane-permeability-component,http://www.w3.org/ns/prov#wasInformedBy,published_confirmed,Both method records declare the dependency and exact reviewed input/output handoff labels are shared.
manual-dependency-0144-999998a642,CEA-Mod-simulation-3d-properties-single-phase,CEA-Mod-europium-2d-mea-model,simulation-of-single-phase-3d-apparent-properties,cea-mea-model-europium-2d,simulation-of-single-phase-3d-apparent-properties::n18,cea-mea-model-europium-2d::n72,input_method; output_method,confirmed_reciprocal,GDL substrate in-plane conductivity; GDL substrate through-plane conductivity; MPL conductivity; GDL substrate in-plane thermal conductivity; GDL substrate through-plane thermal conductivity; MPL thermal conductivity; GDL substrate in-plane permeability; GDL substrate through-plane permeability; MPL permeability; GDL substrate in-plane tortuosity; GDL substrate through-plane tortuosity; MPL tortuosity; GDL substrate porosity; MPL porosity; GDL substrate average pore radius; MPL average pore radius,https://w3id.org/h2kg/decode/workflow/anchor/gdl-substrate-average-pore-radius-component; https://w3id.org/h2kg/decode/workflow/anchor/gdl-substrate-in-plane-conductivity-component; https://w3id.org/h2kg/decode/workflow/anchor/gdl-substrate-in-plane-permeability-component; https://w3id.org/h2kg/decode/workflow/anchor/gdl-substrate-in-plane-thermal-conductivity-component; https://w3id.org/h2kg/decode/workflow/anchor/gdl-substrate-in-plane-tortuosity-component; https://w3id.org/h2kg/decode/workflow/anchor/gdl-substrate-porosity-component; https://w3id.org/h2kg/decode/workflow/anchor/gdl-substrate-through-plane-conductivity-component; https://w3id.org/h2kg/decode/workflow/anchor/gdl-substrate-through-plane-permeability-component; https://w3id.org/h2kg/decode/workflow/anchor/gdl-substrate-through-plane-thermal-conductivity-component; https://w3id.org/h2kg/decode/workflow/anchor/gdl-substrate-through-plane-tortuosity-component; https://w3id.org/h2kg/decode/workflow/anchor/mpl-average-pore-radius-component; https://w3id.org/h2kg/decode/workflow/anchor/mpl-conductivity-component; https://w3id.org/h2kg/decode/workflow/anchor/mpl-thermal-conductivity-component; https://w3id.org/h2kg/decode/workflow/anchor/mpl-tortuosity-component; https://w3id.org/h2kg/hydrogen-ontology#MicroporousLayerPermeability; https://w3id.org/h2kg/hydrogen-ontology#MicroporousLayerPorosity,http://www.w3.org/ns/prov#wasInformedBy,published_confirmed,Both method records declare the dependency and exact reviewed input/output handoff labels are shared.
manual-dependency-0145-90f2c95eb6,CEA-Mod-simulation-3d-properties-single-phase,CEA-Mod-europium-model-fitting,simulation-of-single-phase-3d-apparent-properties,fitting-of-the-europium-model,simulation-of-single-phase-3d-apparent-properties::n18,fitting-of-the-europium-model::n61,input_method; output_method,confirmed_reciprocal,GDL substrate in-plane conductivity; GDL substrate through-plane conductivity; MPL conductivity; GDL substrate in-plane thermal conductivity; GDL substrate through-plane thermal conductivity; MPL thermal conductivity; GDL substrate in-plane permeability; GDL substrate through-plane permeability; MPL permeability; GDL substrate in-plane tortuosity; GDL substrate through-plane tortuosity; MPL tortuosity; GDL substrate porosity; MPL porosity; GDL substrate average pore radius; MPL average pore radius,https://w3id.org/h2kg/decode/workflow/anchor/gdl-substrate-average-pore-radius-component; https://w3id.org/h2kg/decode/workflow/anchor/gdl-substrate-in-plane-conductivity-component; https://w3id.org/h2kg/decode/workflow/anchor/gdl-substrate-in-plane-permeability-component; https://w3id.org/h2kg/decode/workflow/anchor/gdl-substrate-in-plane-thermal-conductivity-component; https://w3id.org/h2kg/decode/workflow/anchor/gdl-substrate-in-plane-tortuosity-component; https://w3id.org/h2kg/decode/workflow/anchor/gdl-substrate-porosity-component; https://w3id.org/h2kg/decode/workflow/anchor/gdl-substrate-through-plane-conductivity-component; https://w3id.org/h2kg/decode/workflow/anchor/gdl-substrate-through-plane-permeability-component; https://w3id.org/h2kg/decode/workflow/anchor/gdl-substrate-through-plane-thermal-conductivity-component; https://w3id.org/h2kg/decode/workflow/anchor/gdl-substrate-through-plane-tortuosity-component; https://w3id.org/h2kg/decode/workflow/anchor/mpl-average-pore-radius-component; https://w3id.org/h2kg/decode/workflow/anchor/mpl-conductivity-component; https://w3id.org/h2kg/decode/workflow/anchor/mpl-thermal-conductivity-component; https://w3id.org/h2kg/decode/workflow/anchor/mpl-tortuosity-component; https://w3id.org/h2kg/hydrogen-ontology#MicroporousLayerPermeability; https://w3id.org/h2kg/hydrogen-ontology#MicroporousLayerPorosity,http://www.w3.org/ns/prov#wasInformedBy,published_confirmed,Both method records declare the dependency and exact reviewed input/output handoff labels are shared.
manual-dependency-0146-f0f0eee2f1,CEA-Mod-simulation-3d-properties-single-phase,CIEMAT-Exp-current-modulated-hydrogen-flow-rate-spectroscopy,simulation-of-single-phase-3d-apparent-properties,current-modulated-hydrogen-flow-rate-spectroscopy-ch2s,simulation-of-single-phase-3d-apparent-properties::n18,current-modulated-hydrogen-flow-rate-spectroscopy-ch2s::n14,input_method; output_method,confirmed_reciprocal,GDL substrate porosity; MPL porosity,https://w3id.org/h2kg/decode/workflow/anchor/gdl-substrate-porosity-component; https://w3id.org/h2kg/hydrogen-ontology#MicroporousLayerPorosity,http://www.w3.org/ns/prov#wasInformedBy,published_confirmed,Both method records declare the dependency and exact reviewed input/output handoff labels are shared.
manual-dependency-0147-c299e838ce,CEA-Mod-simulation-3d-properties-single-phase,FZJ-IET-3-Mod-diffusivities-tortuosities,simulation-of-single-phase-3d-apparent-properties,diffusivities-from-tortuosities,simulation-of-single-phase-3d-apparent-properties::n18,diffusivities-from-tortuosities::n13,input_method; output_method,confirmed_reciprocal,GDL substrate through-plane tortuosity; MPL tortuosity; GDL substrate porosity; MPL porosity,https://w3id.org/h2kg/decode/workflow/anchor/gdl-substrate-porosity-component; https://w3id.org/h2kg/decode/workflow/anchor/gdl-substrate-through-plane-tortuosity-component; https://w3id.org/h2kg/decode/workflow/anchor/mpl-tortuosity-component; https://w3id.org/h2kg/hydrogen-ontology#MicroporousLayerPorosity,http://www.w3.org/ns/prov#wasInformedBy,published_confirmed,Both method records declare the dependency and exact reviewed input/output handoff labels are shared.
manual-dependency-0148-68cdd6fd67,CEA-Mod-simulation-3d-properties-two-phase,BOSCH-Mod-mpl-parameter-estimation-gdl-substrate,simulation-of-two-phase-3d-apparent-properties,mpl-parameter-estimation-from-gdl-and-substrate-data,simulation-of-two-phase-3d-apparent-properties::n17,mpl-parameter-estimation-from-gdl-and-substrate-data::n20,input_method; output_method,confirmed_reciprocal,GDL substrate in-plane permeability; GDL substrate through-plane permeability,https://w3id.org/h2kg/decode/workflow/anchor/gdl-substrate-in-plane-permeability-component; https://w3id.org/h2kg/decode/workflow/anchor/gdl-substrate-through-plane-permeability-component,http://www.w3.org/ns/prov#wasInformedBy,published_confirmed,Both method records declare the dependency and exact reviewed input/output handoff labels are shared.
manual-dependency-0149-821ccb8a98,CEA-Mod-simulation-3d-properties-two-phase,CEA-Mod-europium-2d-mea-model,simulation-of-two-phase-3d-apparent-properties,cea-mea-model-europium-2d,simulation-of-two-phase-3d-apparent-properties::n17,cea-mea-model-europium-2d::n72,input_method; output_method,confirmed_reciprocal,GDL substrate in-plane thermal conductivity; GDL substrate through-plane thermal conductivity; MPL thermal conductivity; GDL substrate in-plane permeability; GDL substrate through-plane permeability; MPL permeability; GDL substrate effective water permeability; MPL effective water permeability; GDL substrate in-plane tortuosity; GDL substrate through-plane tortuosity; MPL tortuosity; GDL substrate average pore radius; MPL average pore radius; GDL substrate water retention curve; MPL water retention curve,https://w3id.org/h2kg/decode/workflow/anchor/gdl-substrate-average-pore-radius-component; https://w3id.org/h2kg/decode/workflow/anchor/gdl-substrate-effective-water-permeability-component; https://w3id.org/h2kg/decode/workflow/anchor/gdl-substrate-in-plane-permeability-component; https://w3id.org/h2kg/decode/workflow/anchor/gdl-substrate-in-plane-thermal-conductivity-component; https://w3id.org/h2kg/decode/workflow/anchor/gdl-substrate-in-plane-tortuosity-component; https://w3id.org/h2kg/decode/workflow/anchor/gdl-substrate-through-plane-permeability-component; https://w3id.org/h2kg/decode/workflow/anchor/gdl-substrate-through-plane-thermal-conductivity-component; https://w3id.org/h2kg/decode/workflow/anchor/gdl-substrate-through-plane-tortuosity-component; https://w3id.org/h2kg/decode/workflow/anchor/gdl-substrate-water-retention-curve-component; https://w3id.org/h2kg/decode/workflow/anchor/mpl-average-pore-radius-component; https://w3id.org/h2kg/decode/workflow/anchor/mpl-effective-water-permeability-component; https://w3id.org/h2kg/decode/workflow/anchor/mpl-thermal-conductivity-component; https://w3id.org/h2kg/decode/workflow/anchor/mpl-tortuosity-component; https://w3id.org/h2kg/decode/workflow/anchor/mpl-water-retention-curve-component; https://w3id.org/h2kg/hydrogen-ontology#MicroporousLayerPermeability,http://www.w3.org/ns/prov#wasInformedBy,published_confirmed,Both method records declare the dependency and exact reviewed input/output handoff labels are shared.
manual-dependency-0150-7886206d79,CEA-Mod-simulation-3d-properties-two-phase,CEA-Mod-europium-model-fitting,simulation-of-two-phase-3d-apparent-properties,fitting-of-the-europium-model,simulation-of-two-phase-3d-apparent-properties::n17,fitting-of-the-europium-model::n61,input_method; output_method,confirmed_reciprocal,GDL substrate in-plane thermal conductivity; GDL substrate through-plane thermal conductivity; MPL thermal conductivity; GDL substrate in-plane permeability; GDL substrate through-plane permeability; MPL permeability; GDL substrate effective water permeability; MPL effective water permeability; GDL substrate in-plane tortuosity; GDL substrate through-plane tortuosity; MPL tortuosity; GDL substrate average pore radius; MPL average pore radius; GDL substrate water retention curve; MPL water retention curve,https://w3id.org/h2kg/decode/workflow/anchor/gdl-substrate-average-pore-radius-component; https://w3id.org/h2kg/decode/workflow/anchor/gdl-substrate-effective-water-permeability-component; https://w3id.org/h2kg/decode/workflow/anchor/gdl-substrate-in-plane-permeability-component; https://w3id.org/h2kg/decode/workflow/anchor/gdl-substrate-in-plane-thermal-conductivity-component; https://w3id.org/h2kg/decode/workflow/anchor/gdl-substrate-in-plane-tortuosity-component; https://w3id.org/h2kg/decode/workflow/anchor/gdl-substrate-through-plane-permeability-component; https://w3id.org/h2kg/decode/workflow/anchor/gdl-substrate-through-plane-thermal-conductivity-component; https://w3id.org/h2kg/decode/workflow/anchor/gdl-substrate-through-plane-tortuosity-component; https://w3id.org/h2kg/decode/workflow/anchor/gdl-substrate-water-retention-curve-component; https://w3id.org/h2kg/decode/workflow/anchor/mpl-average-pore-radius-component; https://w3id.org/h2kg/decode/workflow/anchor/mpl-effective-water-permeability-component; https://w3id.org/h2kg/decode/workflow/anchor/mpl-thermal-conductivity-component; https://w3id.org/h2kg/decode/workflow/anchor/mpl-tortuosity-component; https://w3id.org/h2kg/decode/workflow/anchor/mpl-water-retention-curve-component; https://w3id.org/h2kg/hydrogen-ontology#MicroporousLayerPermeability,http://www.w3.org/ns/prov#wasInformedBy,published_confirmed,Both method records declare the dependency and exact reviewed input/output handoff labels are shared.
manual-dependency-0151-2d1a9c9591,CEA-Mod-simulation-3d-properties-two-phase,FZJ-IET-3-Mod-diffusivities-tortuosities,simulation-of-two-phase-3d-apparent-properties,diffusivities-from-tortuosities,simulation-of-two-phase-3d-apparent-properties::n17,diffusivities-from-tortuosities::n13,input_method; output_method,confirmed_reciprocal,GDL substrate through-plane tortuosity; MPL tortuosity,https://w3id.org/h2kg/decode/workflow/anchor/gdl-substrate-through-plane-tortuosity-component; https://w3id.org/h2kg/decode/workflow/anchor/mpl-tortuosity-component,http://www.w3.org/ns/prov#wasInformedBy,published_confirmed,Both method records declare the dependency and exact reviewed input/output handoff labels are shared.
manual-dependency-0152-2104084b45,CEA-Mod-simulation-3d-properties-two-phase,FZJ-IET-3-Mod-performance-model-mea-prediction,simulation-of-two-phase-3d-apparent-properties,iet-1d-performance-model-for-mea-prediction,simulation-of-two-phase-3d-apparent-properties::n17,iet-1d-performance-model-for-mea-prediction::n28,input_method; output_method,confirmed_reciprocal,GDL substrate water retention curve,https://w3id.org/h2kg/decode/workflow/anchor/gdl-substrate-water-retention-curve-component,http://www.w3.org/ns/prov#wasInformedBy,published_confirmed,Both method records declare the dependency and exact reviewed input/output handoff labels are shared.
manual-dependency-0153-0db800a57e,CEA-Mod-simulation-3d-properties-two-phase,iet-1d-mea-with-water-transport-eis-model,simulation-of-two-phase-3d-apparent-properties,iet-1d-mea-with-water-transport-eis-model,simulation-of-two-phase-3d-apparent-properties::n17,iet-1d-mea-with-water-transport-eis-model::n24,output_method,grounded_one_sided,GDL substrate water retention curve,https://w3id.org/h2kg/decode/workflow/anchor/gdl-substrate-water-retention-curve-component,http://www.w3.org/ns/prov#wasInformedBy,published_pending_review,One record declares the dependency and an exact reviewed handoff grounds a pending-review link.
manual-dependency-0154-db0c127b12,CIEMAT-Exp-NANOINDENTATION_layer,CEA-Exp-differential-cell-testing,mechanical-properties-of-catalyst-layers-gdls-and-meas-by-small-punch-and-nanoindentation,differential-cell-testing,mechanical-properties-of-catalyst-layers-gdls-and-meas-by-small-punch-and-nanoindentation::n9,differential-cell-testing::n15,output_method,ungrounded_one_sided,,,http://www.w3.org/ns/prov#wasInformedBy,audit_only,One-sided declaration lacks an exact reviewed handoff and is retained for audit only.
manual-dependency-0155-91acc5c1de,CIEMAT-Exp-NANOINDENTATION_layer,CEA-Mod-europium-2d-mea-model,mechanical-properties-of-catalyst-layers-gdls-and-meas-by-small-punch-and-nanoindentation,cea-mea-model-europium-2d,mechanical-properties-of-catalyst-layers-gdls-and-meas-by-small-punch-and-nanoindentation::n9,cea-mea-model-europium-2d::n72,output_method,ungrounded_one_sided,,,http://www.w3.org/ns/prov#wasInformedBy,audit_only,One-sided declaration lacks an exact reviewed handoff and is retained for audit only.
manual-dependency-0156-070c0ff6ad,CIEMAT-Exp-NANOINDENTATION_layer,CEA-Mod-europium-model-fitting,mechanical-properties-of-catalyst-layers-gdls-and-meas-by-small-punch-and-nanoindentation,fitting-of-the-europium-model,mechanical-properties-of-catalyst-layers-gdls-and-meas-by-small-punch-and-nanoindentation::n9,fitting-of-the-europium-model::n61,output_method,ungrounded_one_sided,,,http://www.w3.org/ns/prov#wasInformedBy,audit_only,One-sided declaration lacks an exact reviewed handoff and is retained for audit only.
manual-dependency-0157-5716d40a7e,CIEMAT-Exp-NANOINDENTATION_layer,CIEMAT-Exp-current-modulated-hydrogen-flow-rate-spectroscopy,mechanical-properties-of-catalyst-layers-gdls-and-meas-by-small-punch-and-nanoindentation,current-modulated-hydrogen-flow-rate-spectroscopy-ch2s,mechanical-properties-of-catalyst-layers-gdls-and-meas-by-small-punch-and-nanoindentation::n9,current-modulated-hydrogen-flow-rate-spectroscopy-ch2s::n14,output_method,ungrounded_one_sided,,,http://www.w3.org/ns/prov#wasInformedBy,audit_only,One-sided declaration lacks an exact reviewed handoff and is retained for audit only.
manual-dependency-0158-7211b6cb69,CIEMAT-Exp-NANOINDENTATION_layer,CIEMAT-Exp-single-cell-polarization-eis,mechanical-properties-of-catalyst-layers-gdls-and-meas-by-small-punch-and-nanoindentation,manual-ciemat-exp-single-cell-polarization-eis,mechanical-properties-of-catalyst-layers-gdls-and-meas-by-small-punch-and-nanoindentation::n9,manual-ciemat-exp-single-cell-polarization-eis::method,output_method,ungrounded_one_sided,,,http://www.w3.org/ns/prov#wasInformedBy,audit_only,One-sided declaration lacks an exact reviewed handoff and is retained for audit only.
manual-dependency-0159-6788ddde99,CIEMAT-Exp-NANOINDENTATION_layer,0d-particle-population-degradation-model-coupled-with-performance-model-prediction,mechanical-properties-of-catalyst-layers-gdls-and-meas-by-small-punch-and-nanoindentation,0d-particle-population-degradation-model-coupled-with-performance-model-prediction,mechanical-properties-of-catalyst-layers-gdls-and-meas-by-small-punch-and-nanoindentation::n9,0d-particle-population-degradation-model-coupled-with-performance-model-prediction::n32,output_method,ungrounded_one_sided,,,http://www.w3.org/ns/prov#wasInformedBy,audit_only,One-sided declaration lacks an exact reviewed handoff and is retained for audit only.
manual-dependency-0160-465d36fbcf,CIEMAT-Exp-NANOINDENTATION_layer,electrical-contact-resistance,mechanical-properties-of-catalyst-layers-gdls-and-meas-by-small-punch-and-nanoindentation,electrical-contact-resistance,mechanical-properties-of-catalyst-layers-gdls-and-meas-by-small-punch-and-nanoindentation::n9,electrical-contact-resistance::n11,output_method,ungrounded_one_sided,,,http://www.w3.org/ns/prov#wasInformedBy,audit_only,One-sided declaration lacks an exact reviewed handoff and is retained for audit only.
manual-dependency-0161-b08d4e497a,CIEMAT-Exp-current-modulated-hydrogen-flow-rate-spectroscopy,CEA-Mod-europium-2d-mea-model,current-modulated-hydrogen-flow-rate-spectroscopy-ch2s,cea-mea-model-europium-2d,current-modulated-hydrogen-flow-rate-spectroscopy-ch2s::n14,cea-mea-model-europium-2d::n72,input_method; output_method,confirmed_reciprocal,GDL substrate through-plane tortuosity; MPL tortuosity,https://w3id.org/h2kg/decode/workflow/anchor/gdl-substrate-through-plane-tortuosity-component; https://w3id.org/h2kg/decode/workflow/anchor/mpl-tortuosity-component,http://www.w3.org/ns/prov#wasInformedBy,published_confirmed,Both method records declare the dependency and exact reviewed input/output handoff labels are shared.
manual-dependency-0162-4e91fab85e,CIEMAT-Exp-current-modulated-hydrogen-flow-rate-spectroscopy,CEA-Mod-europium-model-fitting,current-modulated-hydrogen-flow-rate-spectroscopy-ch2s,fitting-of-the-europium-model,current-modulated-hydrogen-flow-rate-spectroscopy-ch2s::n14,fitting-of-the-europium-model::n61,input_method; output_method,confirmed_reciprocal,GDL substrate through-plane tortuosity; MPL tortuosity,https://w3id.org/h2kg/decode/workflow/anchor/gdl-substrate-through-plane-tortuosity-component; https://w3id.org/h2kg/decode/workflow/anchor/mpl-tortuosity-component,http://www.w3.org/ns/prov#wasInformedBy,published_confirmed,Both method records declare the dependency and exact reviewed input/output handoff labels are shared.
manual-dependency-0163-37ace83cb3,CIEMAT-Exp-current-modulated-hydrogen-flow-rate-spectroscopy,FZJ-IET-3-Mod-diffusivities-tortuosities,current-modulated-hydrogen-flow-rate-spectroscopy-ch2s,diffusivities-from-tortuosities,current-modulated-hydrogen-flow-rate-spectroscopy-ch2s::n14,diffusivities-from-tortuosities::n13,input_method; output_method,confirmed_reciprocal,GDL substrate through-plane tortuosity; MPL tortuosity,https://w3id.org/h2kg/decode/workflow/anchor/gdl-substrate-through-plane-tortuosity-component; https://w3id.org/h2kg/decode/workflow/anchor/mpl-tortuosity-component,http://www.w3.org/ns/prov#wasInformedBy,published_confirmed,Both method records declare the dependency and exact reviewed input/output handoff labels are shared.
manual-dependency-0164-e073717e2f,CIEMAT-Exp-effective-proton-conductivity,CEA-Mod-europium-2d-mea-model,manual-ciemat-exp-effective-proton-conductivity,cea-mea-model-europium-2d,manual-ciemat-exp-effective-proton-conductivity::method,cea-mea-model-europium-2d::n72,output_method,grounded_one_sided,CCL effective proton conductivity,https://w3id.org/h2kg/decode/workflow/anchor/ccl-effective-proton-conductivity-component,http://www.w3.org/ns/prov#wasInformedBy,published_pending_review,One record declares the dependency and an exact reviewed handoff grounds a pending-review link.
manual-dependency-0165-366d2de375,CIEMAT-Exp-effective-proton-conductivity,CEA-Mod-europium-model-fitting,manual-ciemat-exp-effective-proton-conductivity,fitting-of-the-europium-model,manual-ciemat-exp-effective-proton-conductivity::method,fitting-of-the-europium-model::n61,output_method,grounded_one_sided,CCL effective proton conductivity,https://w3id.org/h2kg/decode/workflow/anchor/ccl-effective-proton-conductivity-component,http://www.w3.org/ns/prov#wasInformedBy,published_pending_review,One record declares the dependency and an exact reviewed handoff grounds a pending-review link.
manual-dependency-0166-8814a55ccd,CIEMAT-Exp-effective-proton-conductivity,FZJ-IET-3-Mod-performance-model-mea-prediction,manual-ciemat-exp-effective-proton-conductivity,iet-1d-performance-model-for-mea-prediction,manual-ciemat-exp-effective-proton-conductivity::method,iet-1d-performance-model-for-mea-prediction::n28,output_method,grounded_one_sided,CCL effective proton conductivity,https://w3id.org/h2kg/decode/workflow/anchor/ccl-effective-proton-conductivity-component,http://www.w3.org/ns/prov#wasInformedBy,published_pending_review,One record declares the dependency and an exact reviewed handoff grounds a pending-review link.
manual-dependency-0167-5cbc372f8f,CIEMAT-Exp-electrospray-deposition-catalyst-layers,CEA-Exp-electron-tomography-pt-c-ionomer-cl,electrospray-deposition-of-catalyst-layers,electron-tomography-for-pt-c-and-ionomer-distribution-in-cl,electrospray-deposition-of-catalyst-layers::n11,electron-tomography-for-pt-c-and-ionomer-distribution-in-cl::n3,input_method; output_method,confirmed_reciprocal,CCM,https://w3id.org/h2kg/hydrogen-ontology#CatalystCoatedMembrane,http://www.w3.org/ns/prov#wasInformedBy,published_confirmed,Both method records declare the dependency and exact reviewed input/output handoff labels are shared.
manual-dependency-0168-67453f1dd9,CIEMAT-Exp-electrospray-deposition-catalyst-layers,CEA-Exp-electron-tomography-pt-ionomer-distribution-carbon-aggregate,electrospray-deposition-of-catalyst-layers,high-resolution-electron-tomography-for-accessing-pt-and-ionomer-distribution-on-carbon-aggregate,electrospray-deposition-of-catalyst-layers::n11,high-resolution-electron-tomography-for-accessing-pt-and-ionomer-distribution-on-carbon-aggregate::n4,input_method; output_method,confirmed_reciprocal,CCM; CL on substrate,https://w3id.org/h2kg/decode/workflow/anchor/cl-on-substrate-component; https://w3id.org/h2kg/hydrogen-ontology#CatalystCoatedMembrane,http://www.w3.org/ns/prov#wasInformedBy,published_confirmed,Both method records declare the dependency and exact reviewed input/output handoff labels are shared.
manual-dependency-0169-fbc0a6c501,CIEMAT-Exp-electrospray-deposition-catalyst-layers,CEA-Exp-fib-sem-cl,electrospray-deposition-of-catalyst-layers,fib-sem-on-cl-material,electrospray-deposition-of-catalyst-layers::n11,fib-sem-on-cl-material::n3,input_method; output_method,confirmed_reciprocal,CCM,https://w3id.org/h2kg/hydrogen-ontology#CatalystCoatedMembrane,http://www.w3.org/ns/prov#wasInformedBy,published_confirmed,Both method records declare the dependency and exact reviewed input/output handoff labels are shared.
manual-dependency-0170-63d2923cb4,CIEMAT-Exp-electrospray-deposition-catalyst-layers,CEA-Exp-mea-assembly-pefc-ref-mea,electrospray-deposition-of-catalyst-layers,mea-assembly-for-pefc-ref-mea,electrospray-deposition-of-catalyst-layers::n11,mea-assembly-for-pefc-ref-mea::n4,input_method; output_method,confirmed_reciprocal,CCM,https://w3id.org/h2kg/hydrogen-ontology#CatalystCoatedMembrane,http://www.w3.org/ns/prov#wasInformedBy,published_confirmed,Both method records declare the dependency and exact reviewed input/output handoff labels are shared.
manual-dependency-0171-0131973c4d,CIEMAT-Exp-electrospray-deposition-catalyst-layers,CEA-Exp-tem-eds-analysis-CL,electrospray-deposition-of-catalyst-layers,manual-cea-exp-tem-eds-analysis-cl,electrospray-deposition-of-catalyst-layers::n11,manual-cea-exp-tem-eds-analysis-cl::method,input_method,grounded_one_sided,CCM,https://w3id.org/h2kg/hydrogen-ontology#CatalystCoatedMembrane,http://www.w3.org/ns/prov#wasInformedBy,published_pending_review,One record declares the dependency and an exact reviewed handoff grounds a pending-review link.
manual-dependency-0172-8cb4de9296,CIEMAT-Exp-electrospray-deposition-catalyst-layers,CEA-Exp-tem-eds-analysis-mea,electrospray-deposition-of-catalyst-layers,tem-and-eds-analysis-of-mea,electrospray-deposition-of-catalyst-layers::n11,tem-and-eds-analysis-of-mea::n4,input_method; output_method,confirmed_reciprocal,CCM,https://w3id.org/h2kg/hydrogen-ontology#CatalystCoatedMembrane,http://www.w3.org/ns/prov#wasInformedBy,published_confirmed,Both method records declare the dependency and exact reviewed input/output handoff labels are shared.
manual-dependency-0173-29c6b56b25,CIEMAT-Exp-electrospray-deposition-catalyst-layers,CIEMAT-Exp-NANOINDENTATION_layer,electrospray-deposition-of-catalyst-layers,mechanical-properties-of-catalyst-layers-gdls-and-meas-by-small-punch-and-nanoindentation,electrospray-deposition-of-catalyst-layers::n11,mechanical-properties-of-catalyst-layers-gdls-and-meas-by-small-punch-and-nanoindentation::n9,input_method,ungrounded_one_sided,,,http://www.w3.org/ns/prov#wasInformedBy,audit_only,One-sided declaration lacks an exact reviewed handoff and is retained for audit only.
manual-dependency-0174-ca94a03526,CIEMAT-Exp-electrospray-deposition-catalyst-layers,CIEMAT-Exp-sem-fib-layer,electrospray-deposition-of-catalyst-layers,sem-and-fib-layer,electrospray-deposition-of-catalyst-layers::n11,sem-and-fib-layer::n8,input_method; output_method,confirmed_reciprocal,CCM,https://w3id.org/h2kg/hydrogen-ontology#CatalystCoatedMembrane,http://www.w3.org/ns/prov#wasInformedBy,published_confirmed,Both method records declare the dependency and exact reviewed input/output handoff labels are shared.
manual-dependency-0175-7f4cc46ed2,CIEMAT-Exp-electrospray-deposition-catalyst-layers,FZJ-IET-4-Exp-sheet-resistance-measurement,electrospray-deposition-of-catalyst-layers,sheet-resistance-measurement,electrospray-deposition-of-catalyst-layers::n11,sheet-resistance-measurement::n7,input_method; output_method,confirmed_reciprocal,CL on membrane; CCM; CL on substrate,https://w3id.org/h2kg/decode/workflow/anchor/cl-on-membrane-component; https://w3id.org/h2kg/decode/workflow/anchor/cl-on-substrate-component; https://w3id.org/h2kg/hydrogen-ontology#CatalystCoatedMembrane,http://www.w3.org/ns/prov#wasInformedBy,published_confirmed,Both method records declare the dependency and exact reviewed input/output handoff labels are shared.
manual-dependency-0176-65c30fbeac,CIEMAT-Exp-electrospray-deposition-catalyst-layers,HTE-Mod-pemfc-4-fold-cell-benchtop-test,electrospray-deposition-of-catalyst-layers,manual-hte-mod-pemfc-4-fold-cell-benchtop-test,electrospray-deposition-of-catalyst-layers::n11,manual-hte-mod-pemfc-4-fold-cell-benchtop-test::method,input_method,grounded_one_sided,CL on membrane; CL on substrate,https://w3id.org/h2kg/decode/workflow/anchor/cl-on-membrane-component; https://w3id.org/h2kg/decode/workflow/anchor/cl-on-substrate-component,http://www.w3.org/ns/prov#wasInformedBy,published_pending_review,One record declares the dependency and an exact reviewed handoff grounds a pending-review link.
manual-dependency-0177-7ee09c4f0c,CIEMAT-Exp-electrospray-deposition-catalyst-layers,HZB-Exp-fib-gdl-mpl-catalyst,electrospray-deposition-of-catalyst-layers,fib-measurements-on-gdl-or-mpl-and-catalyst-materials,electrospray-deposition-of-catalyst-layers::n11,fib-measurements-on-gdl-or-mpl-and-catalyst-materials::n10,input_method; output_method,confirmed_reciprocal,CL on membrane; CCM; CL on substrate,https://w3id.org/h2kg/decode/workflow/anchor/cl-on-membrane-component; https://w3id.org/h2kg/decode/workflow/anchor/cl-on-substrate-component; https://w3id.org/h2kg/hydrogen-ontology#CatalystCoatedMembrane,http://www.w3.org/ns/prov#wasInformedBy,published_confirmed,Both method records declare the dependency and exact reviewed input/output handoff labels are shared.
manual-dependency-0178-299dc1229b,CIEMAT-Exp-electrospray-deposition-catalyst-layers,ICPEES-CNRS-Unistra-PSI-Exp-gde-cell-electrochemical-studies,electrospray-deposition-of-catalyst-layers,gde-cell-for-electrochemical-studies,electrospray-deposition-of-catalyst-layers::n11,gde-cell-for-electrochemical-studies::n10,input_method; output_method,confirmed_reciprocal,CL on membrane; GDE,https://w3id.org/h2kg/decode/workflow/anchor/cl-on-membrane-component; https://w3id.org/h2kg/decode/workflow/anchor/gde-component,http://www.w3.org/ns/prov#wasInformedBy,published_confirmed,Both method records declare the dependency and exact reviewed input/output handoff labels are shared.
manual-dependency-0179-172034f639,CIEMAT-Exp-electrospray-deposition-catalyst-layers,NEL-Exp-large-scale-durability-test,electrospray-deposition-of-catalyst-layers,manual-nel-exp-large-scale-durability-test,electrospray-deposition-of-catalyst-layers::n11,manual-nel-exp-large-scale-durability-test::method,input_method,grounded_one_sided,CCM,https://w3id.org/h2kg/hydrogen-ontology#CatalystCoatedMembrane,http://www.w3.org/ns/prov#wasInformedBy,published_pending_review,One record declares the dependency and an exact reviewed handoff grounds a pending-review link.
manual-dependency-0180-12c827e2a6,CIEMAT-Exp-electrospray-deposition-catalyst-layers,NEL-Exp-pewe-single-cell-benchtop-test,electrospray-deposition-of-catalyst-layers,manual-nel-exp-pewe-single-cell-benchtop-test,electrospray-deposition-of-catalyst-layers::n11,manual-nel-exp-pewe-single-cell-benchtop-test::method,input_method,grounded_one_sided,CL on membrane; CL on substrate,https://w3id.org/h2kg/decode/workflow/anchor/cl-on-membrane-component; https://w3id.org/h2kg/decode/workflow/anchor/cl-on-substrate-component,http://www.w3.org/ns/prov#wasInformedBy,published_pending_review,One record declares the dependency and an exact reviewed handoff grounds a pending-review link.
manual-dependency-0181-a64b2c30b9,CIEMAT-Exp-electrospray-deposition-catalyst-layers,PSI-Exp-cl-saturation-determination-saxs-sans,electrospray-deposition-of-catalyst-layers,determination-of-cl-saturation-by-saxs-or-sans,electrospray-deposition-of-catalyst-layers::n11,determination-of-cl-saturation-by-saxs-or-sans::n24,input_method; output_method,confirmed_reciprocal,CCM,https://w3id.org/h2kg/hydrogen-ontology#CatalystCoatedMembrane,http://www.w3.org/ns/prov#wasInformedBy,published_confirmed,Both method records declare the dependency and exact reviewed input/output handoff labels are shared.
manual-dependency-0182-76fb008a9f,CIEMAT-Exp-electrospray-deposition-catalyst-layers,PSI-Exp-development-zero-gap-cell-gde-based-spectroscopy,electrospray-deposition-of-catalyst-layers,development-of-a-zero-gap-cell-for-gde-based-spectrocopy-measurement,electrospray-deposition-of-catalyst-layers::n11,development-of-a-zero-gap-cell-for-gde-based-spectrocopy-measurement::n15,input_method; output_method,confirmed_reciprocal,CCM,https://w3id.org/h2kg/hydrogen-ontology#CatalystCoatedMembrane,http://www.w3.org/ns/prov#wasInformedBy,published_confirmed,Both method records declare the dependency and exact reviewed input/output handoff labels are shared.
manual-dependency-0183-3b22c5c9ea,CIEMAT-Exp-electrospray-deposition-catalyst-layers,PSI-Exp-mpl-saturation-determination-x-ray-ct,electrospray-deposition-of-catalyst-layers,mpl-saturation-determination-from-x-ray-ct-data,electrospray-deposition-of-catalyst-layers::n11,mpl-saturation-determination-from-x-ray-ct-data::n19,input_method; output_method,confirmed_reciprocal,CCM,https://w3id.org/h2kg/hydrogen-ontology#CatalystCoatedMembrane,http://www.w3.org/ns/prov#wasInformedBy,published_confirmed,Both method records declare the dependency and exact reviewed input/output handoff labels are shared.
manual-dependency-0184-98216c0ec5,CIEMAT-Exp-electrospray-deposition-catalyst-layers,PSI-Exp-pulsed-gas-analysis,electrospray-deposition-of-catalyst-layers,pulsed-gas-analysis,electrospray-deposition-of-catalyst-layers::n11,pulsed-gas-analysis::n6,input_method; output_method,confirmed_reciprocal,CCM,https://w3id.org/h2kg/hydrogen-ontology#CatalystCoatedMembrane,http://www.w3.org/ns/prov#wasInformedBy,published_confirmed,Both method records declare the dependency and exact reviewed input/output handoff labels are shared.
manual-dependency-0185-b515595df4,CIEMAT-Exp-electrospray-deposition-catalyst-layers,confocal-laser-scanning-microscope-clsm-and-fluorescent-probes-for-local-ph-assessment-in-acidic-med2,electrospray-deposition-of-catalyst-layers,confocal-laser-scanning-microscope-clsm-and-fluorescent-probes-for-local-ph-assessment-in-acidic-med2,electrospray-deposition-of-catalyst-layers::n11,confocal-laser-scanning-microscope-clsm-and-fluorescent-probes-for-local-ph-assessment-in-acidic-med2::n9,output_method,grounded_one_sided,GDE,https://w3id.org/h2kg/decode/workflow/anchor/gde-component,http://www.w3.org/ns/prov#wasInformedBy,published_pending_review,One record declares the dependency and an exact reviewed handoff grounds a pending-review link.
manual-dependency-0186-02de03503d,CIEMAT-Exp-electrospray-deposition-catalyst-layers,confocal-laser-scanning-microscope-clsm-and-fluorescent-probes-for-local-ph-assessment-in-alkaline-m2,electrospray-deposition-of-catalyst-layers,confocal-laser-scanning-microscope-clsm-and-fluorescent-probes-for-local-ph-assessment-in-alkaline-m2,electrospray-deposition-of-catalyst-layers::n11,confocal-laser-scanning-microscope-clsm-and-fluorescent-probes-for-local-ph-assessment-in-alkaline-m2::n10,output_method,grounded_one_sided,GDE,https://w3id.org/h2kg/decode/workflow/anchor/gde-component,http://www.w3.org/ns/prov#wasInformedBy,published_pending_review,One record declares the dependency and an exact reviewed handoff grounds a pending-review link.
manual-dependency-0187-ae2fea9262,CIEMAT-Exp-electrospray-deposition-catalyst-layers,mechanical-properties-of-catalyst-layers-gdls-and-meas-by-small-punch-and-nanoindentation,electrospray-deposition-of-catalyst-layers,mechanical-properties-of-catalyst-layers-gdls-and-meas-by-small-punch-and-nanoindentation,electrospray-deposition-of-catalyst-layers::n11,mechanical-properties-of-catalyst-layers-gdls-and-meas-by-small-punch-and-nanoindentation::n9,output_method,grounded_one_sided,CL on substrate,https://w3id.org/h2kg/decode/workflow/anchor/cl-on-substrate-component,http://www.w3.org/ns/prov#wasInformedBy,published_pending_review,One record declares the dependency and an exact reviewed handoff grounds a pending-review link.
manual-dependency-0188-c749b632db,CIEMAT-Exp-electrospray-deposition-catalyst-layers,neutron-imaging,electrospray-deposition-of-catalyst-layers,neutron-imaging,electrospray-deposition-of-catalyst-layers::n11,neutron-imaging::n10,output_method,grounded_one_sided,CCM,https://w3id.org/h2kg/hydrogen-ontology#CatalystCoatedMembrane,http://www.w3.org/ns/prov#wasInformedBy,published_pending_review,One record declares the dependency and an exact reviewed handoff grounds a pending-review link.
manual-dependency-0189-4d8b12ef6e,CIEMAT-Exp-electrospray-deposition-catalyst-layers,rotating-ring-disk-electrode-rrde,electrospray-deposition-of-catalyst-layers,rotating-ring-disk-electrode-rrde,electrospray-deposition-of-catalyst-layers::n11,rotating-ring-disk-electrode-rrde::n11,output_method,grounded_one_sided,CCM,https://w3id.org/h2kg/hydrogen-ontology#CatalystCoatedMembrane,http://www.w3.org/ns/prov#wasInformedBy,published_pending_review,One record declares the dependency and an exact reviewed handoff grounds a pending-review link.
manual-dependency-0190-53de3886b7,CIEMAT-Exp-electrospray-deposition-catalyst-layers,three-electrode-cell-assesement-of-cl-by-xas-xanes-exafs-xrd,electrospray-deposition-of-catalyst-layers,three-electrode-cell-assesement-of-cl-by-xas-xanes-exafs-xrd,electrospray-deposition-of-catalyst-layers::n11,three-electrode-cell-assesement-of-cl-by-xas-xanes-exafs-xrd::n15,output_method,grounded_one_sided,CCM,https://w3id.org/h2kg/hydrogen-ontology#CatalystCoatedMembrane,http://www.w3.org/ns/prov#wasInformedBy,published_pending_review,One record declares the dependency and an exact reviewed handoff grounds a pending-review link.
manual-dependency-0191-ed82c11b24,CIEMAT-Exp-ink-preparation-deposition-catalytic-layers,CEA-Exp-blade-coating-decal-transfer-ref-pefc-ccm,ink-preparation-for-deposition-of-catalytic-layers,blade-coating-and-decal-transfer-for-ref-pefc-ccm,ink-preparation-for-deposition-of-catalytic-layers::n7,blade-coating-and-decal-transfer-for-ref-pefc-ccm::n4,input_method; output_method,confirmed_reciprocal,Catalyst ink,https://w3id.org/h2kg/hydrogen-ontology#CatalystInk,http://www.w3.org/ns/prov#wasInformedBy,published_confirmed,Both method records declare the dependency and exact reviewed input/output handoff labels are shared.
manual-dependency-0192-31c2d44d77,CIEMAT-Exp-ink-preparation-deposition-catalytic-layers,CIEMAT-Exp-electrospray-deposition-catalyst-layers,ink-preparation-for-deposition-of-catalytic-layers,electrospray-deposition-of-catalyst-layers,ink-preparation-for-deposition-of-catalytic-layers::n7,electrospray-deposition-of-catalyst-layers::n11,input_method; output_method,confirmed_reciprocal,Catalyst ink,https://w3id.org/h2kg/hydrogen-ontology#CatalystInk,http://www.w3.org/ns/prov#wasInformedBy,published_confirmed,Both method records declare the dependency and exact reviewed input/output handoff labels are shared.
manual-dependency-0193-ba5859609d,CIEMAT-Exp-ink-preparation-deposition-catalytic-layers,FZJ-IET-2-Exp-rheology,ink-preparation-for-deposition-of-catalytic-layers,rheology,ink-preparation-for-deposition-of-catalytic-layers::n7,rheology::n3,input_method; output_method,confirmed_reciprocal,Catalyst ink,https://w3id.org/h2kg/hydrogen-ontology#CatalystInk,http://www.w3.org/ns/prov#wasInformedBy,published_confirmed,Both method records declare the dependency and exact reviewed input/output handoff labels are shared.
manual-dependency-0194-0a0226c7a7,CIEMAT-Exp-ink-preparation-deposition-catalytic-layers,turbiscan-transmission-and-backscattering-stability-testing,ink-preparation-for-deposition-of-catalytic-layers,turbiscan-transmission-and-backscattering-stability-testing,ink-preparation-for-deposition-of-catalytic-layers::n7,turbiscan-transmission-and-backscattering-stability-testing::n2,output_method,grounded_one_sided,Catalyst ink,https://w3id.org/h2kg/hydrogen-ontology#CatalystInk,http://www.w3.org/ns/prov#wasInformedBy,published_pending_review,One record declares the dependency and an exact reviewed handoff grounds a pending-review link.
manual-dependency-0195-44ac44c5d9,CIEMAT-Exp-microscopy-sem-optical-mea-cross-section,BOSCH-Exp-electrical-tlm-characterization-gdl-defined-compression,microscopy-sem-and-optical-in-mea-cross-section,electrical-tlm-characterization-of-a-gdl-with-defined-compression,microscopy-sem-and-optical-in-mea-cross-section::n8,electrical-tlm-characterization-of-a-gdl-with-defined-compression::n10,input_method; output_method,confirmed_reciprocal,GDL thickness,https://w3id.org/h2kg/hydrogen-ontology#GasDiffusionLayerThickness,http://www.w3.org/ns/prov#wasInformedBy,published_confirmed,Both method records declare the dependency and exact reviewed input/output handoff labels are shared.
manual-dependency-0196-798d25b7fc,CIEMAT-Exp-microscopy-sem-optical-mea-cross-section,BOSCH-Exp-gas-permeability-gdl-defined-compression,microscopy-sem-and-optical-in-mea-cross-section,gas-permeability-of-a-gdl-with-defined-compression,microscopy-sem-and-optical-in-mea-cross-section::n8,gas-permeability-of-a-gdl-with-defined-compression::n10,input_method; output_method,confirmed_reciprocal,GDL thickness,https://w3id.org/h2kg/hydrogen-ontology#GasDiffusionLayerThickness,http://www.w3.org/ns/prov#wasInformedBy,published_confirmed,Both method records declare the dependency and exact reviewed input/output handoff labels are shared.
manual-dependency-0197-e861d53058,CIEMAT-Exp-microscopy-sem-optical-mea-cross-section,BOSCH-Mod-mpl-parameter-estimation-gdl-substrate,microscopy-sem-and-optical-in-mea-cross-section,mpl-parameter-estimation-from-gdl-and-substrate-data,microscopy-sem-and-optical-in-mea-cross-section::n8,mpl-parameter-estimation-from-gdl-and-substrate-data::n20,input_method; output_method,confirmed_reciprocal,GDL thickness,https://w3id.org/h2kg/hydrogen-ontology#GasDiffusionLayerThickness,http://www.w3.org/ns/prov#wasInformedBy,published_confirmed,Both method records declare the dependency and exact reviewed input/output handoff labels are shared.
manual-dependency-0198-584038adc6,CIEMAT-Exp-microscopy-sem-optical-mea-cross-section,CEA-Exp-differential-cell-testing,microscopy-sem-and-optical-in-mea-cross-section,differential-cell-testing,microscopy-sem-and-optical-in-mea-cross-section::n8,differential-cell-testing::n15,input_method; output_method,confirmed_reciprocal,CCL thickness,https://w3id.org/h2kg/hydrogen-ontology#CathodeCatalystLayerThickness,http://www.w3.org/ns/prov#wasInformedBy,published_confirmed,Both method records declare the dependency and exact reviewed input/output handoff labels are shared.
manual-dependency-0199-4c5307da33,CIEMAT-Exp-microscopy-sem-optical-mea-cross-section,CEA-Mod-europium-2d-mea-model,microscopy-sem-and-optical-in-mea-cross-section,cea-mea-model-europium-2d,microscopy-sem-and-optical-in-mea-cross-section::n8,cea-mea-model-europium-2d::n72,input_method; output_method,confirmed_reciprocal,CCL thickness; CCL average pore radius,https://w3id.org/h2kg/decode/workflow/anchor/ccl-average-pore-radius-component; https://w3id.org/h2kg/hydrogen-ontology#CathodeCatalystLayerThickness,http://www.w3.org/ns/prov#wasInformedBy,published_confirmed,Both method records declare the dependency and exact reviewed input/output handoff labels are shared.
manual-dependency-0200-209ea00472,CIEMAT-Exp-microscopy-sem-optical-mea-cross-section,CEA-Mod-europium-model-fitting,microscopy-sem-and-optical-in-mea-cross-section,fitting-of-the-europium-model,microscopy-sem-and-optical-in-mea-cross-section::n8,fitting-of-the-europium-model::n61,input_method; output_method,confirmed_reciprocal,CCL thickness; CCL average pore radius,https://w3id.org/h2kg/decode/workflow/anchor/ccl-average-pore-radius-component; https://w3id.org/h2kg/hydrogen-ontology#CathodeCatalystLayerThickness,http://www.w3.org/ns/prov#wasInformedBy,published_confirmed,Both method records declare the dependency and exact reviewed input/output handoff labels are shared.
manual-dependency-0201-296aa6f720,CIEMAT-Exp-microscopy-sem-optical-mea-cross-section,CIEMAT-Exp-single-cell-polarization-eis,microscopy-sem-and-optical-in-mea-cross-section,manual-ciemat-exp-single-cell-polarization-eis,microscopy-sem-and-optical-in-mea-cross-section::n8,manual-ciemat-exp-single-cell-polarization-eis::method,output_method,grounded_one_sided,CCL thickness,https://w3id.org/h2kg/hydrogen-ontology#CathodeCatalystLayerThickness,http://www.w3.org/ns/prov#wasInformedBy,published_pending_review,One record declares the dependency and an exact reviewed handoff grounds a pending-review link.
manual-dependency-0202-6a94d5b114,CIEMAT-Exp-microscopy-sem-optical-mea-cross-section,FZJ-IET-3-Mod-composition-property,microscopy-sem-and-optical-in-mea-cross-section,iet-composition-to-property-model,microscopy-sem-and-optical-in-mea-cross-section::n8,iet-composition-to-property-model::n12,input_method; output_method,confirmed_reciprocal,CCL structural parameters,https://w3id.org/h2kg/decode/workflow/anchor/ccl-structural-parameters-component,http://www.w3.org/ns/prov#wasInformedBy,published_confirmed,Both method records declare the dependency and exact reviewed input/output handoff labels are shared.
manual-dependency-0203-3eb135a96d,CIEMAT-Exp-microscopy-sem-optical-mea-cross-section,FZJ-IET-3-Mod-diffusivities-tortuosities,microscopy-sem-and-optical-in-mea-cross-section,diffusivities-from-tortuosities,microscopy-sem-and-optical-in-mea-cross-section::n8,diffusivities-from-tortuosities::n13,input_method; output_method,confirmed_reciprocal,GDL thickness,https://w3id.org/h2kg/hydrogen-ontology#GasDiffusionLayerThickness,http://www.w3.org/ns/prov#wasInformedBy,published_confirmed,Both method records declare the dependency and exact reviewed input/output handoff labels are shared.
manual-dependency-0204-4f4fb21521,CIEMAT-Exp-microscopy-sem-optical-mea-cross-section,FZJ-IET-3-Mod-performance-model-mea-fitting,microscopy-sem-and-optical-in-mea-cross-section,iet-1d-performance-model-for-mea-fitting,microscopy-sem-and-optical-in-mea-cross-section::n8,iet-1d-performance-model-for-mea-fitting::n13,input_method; output_method,confirmed_reciprocal,GDL thickness; CCL thickness,https://w3id.org/h2kg/hydrogen-ontology#CathodeCatalystLayerThickness; https://w3id.org/h2kg/hydrogen-ontology#GasDiffusionLayerThickness,http://www.w3.org/ns/prov#wasInformedBy,published_confirmed,Both method records declare the dependency and exact reviewed input/output handoff labels are shared.
manual-dependency-0205-3371e0c96b,CIEMAT-Exp-microscopy-sem-optical-mea-cross-section,FZJ-IET-3-Mod-performance-model-mea-prediction,microscopy-sem-and-optical-in-mea-cross-section,iet-1d-performance-model-for-mea-prediction,microscopy-sem-and-optical-in-mea-cross-section::n8,iet-1d-performance-model-for-mea-prediction::n28,input_method; output_method,confirmed_reciprocal,GDL thickness; CCL thickness,https://w3id.org/h2kg/hydrogen-ontology#CathodeCatalystLayerThickness; https://w3id.org/h2kg/hydrogen-ontology#GasDiffusionLayerThickness,http://www.w3.org/ns/prov#wasInformedBy,published_confirmed,Both method records declare the dependency and exact reviewed input/output handoff labels are shared.
manual-dependency-0206-1efa2eae5d,CIEMAT-Exp-microscopy-sem-optical-mea-cross-section,HZB-Exp-sem-edx,microscopy-sem-and-optical-in-mea-cross-section,sem-and-edx,microscopy-sem-and-optical-in-mea-cross-section::n8,sem-and-edx::n16,input_method; output_method,confirmed_reciprocal,GDL cross section; CCL cross section,https://w3id.org/h2kg/decode/workflow/anchor/ccl-cross-section-component; https://w3id.org/h2kg/decode/workflow/anchor/gdl-cross-section-component,http://www.w3.org/ns/prov#wasInformedBy,published_confirmed,Both method records declare the dependency and exact reviewed input/output handoff labels are shared.
manual-dependency-0207-fd9558c5c6,CIEMAT-Exp-microscopy-sem-optical-mea-cross-section,0d-particle-population-degradation-model-coupled-with-performance-model-fitting,microscopy-sem-and-optical-in-mea-cross-section,0d-particle-population-degradation-model-coupled-with-performance-model-fitting,microscopy-sem-and-optical-in-mea-cross-section::n8,0d-particle-population-degradation-model-coupled-with-performance-model-fitting::n15,output_method,grounded_one_sided,CCL thickness,https://w3id.org/h2kg/hydrogen-ontology#CathodeCatalystLayerThickness,http://www.w3.org/ns/prov#wasInformedBy,published_pending_review,One record declares the dependency and an exact reviewed handoff grounds a pending-review link.
manual-dependency-0208-96ff43aa38,CIEMAT-Exp-microscopy-sem-optical-mea-cross-section,0d-particle-population-degradation-model-coupled-with-performance-model-prediction,microscopy-sem-and-optical-in-mea-cross-section,0d-particle-population-degradation-model-coupled-with-performance-model-prediction,microscopy-sem-and-optical-in-mea-cross-section::n8,0d-particle-population-degradation-model-coupled-with-performance-model-prediction::n32,output_method,grounded_one_sided,GDL thickness,https://w3id.org/h2kg/hydrogen-ontology#GasDiffusionLayerThickness,http://www.w3.org/ns/prov#wasInformedBy,published_pending_review,One record declares the dependency and an exact reviewed handoff grounds a pending-review link.
manual-dependency-0209-5689ad594b,CIEMAT-Exp-microscopy-sem-optical-mea-cross-section,electrical-conductivity,microscopy-sem-and-optical-in-mea-cross-section,electrical-conductivity,microscopy-sem-and-optical-in-mea-cross-section::n8,electrical-conductivity::n10,output_method,grounded_one_sided,GDL thickness,https://w3id.org/h2kg/hydrogen-ontology#GasDiffusionLayerThickness,http://www.w3.org/ns/prov#wasInformedBy,published_pending_review,One record declares the dependency and an exact reviewed handoff grounds a pending-review link.
manual-dependency-0210-6dc2db7da9,CIEMAT-Exp-microscopy-sem-optical-mea-cross-section,electrical-contact-resistance,microscopy-sem-and-optical-in-mea-cross-section,electrical-contact-resistance,microscopy-sem-and-optical-in-mea-cross-section::n8,electrical-contact-resistance::n11,output_method,grounded_one_sided,GDL thickness,https://w3id.org/h2kg/hydrogen-ontology#GasDiffusionLayerThickness,http://www.w3.org/ns/prov#wasInformedBy,published_pending_review,One record declares the dependency and an exact reviewed handoff grounds a pending-review link.
manual-dependency-0211-5b49645553,CIEMAT-Exp-microscopy-sem-optical-mea-cross-section,iet-1d-mea-with-water-transport-eis-model,microscopy-sem-and-optical-in-mea-cross-section,iet-1d-mea-with-water-transport-eis-model,microscopy-sem-and-optical-in-mea-cross-section::n8,iet-1d-mea-with-water-transport-eis-model::n24,output_method,grounded_one_sided,GDL thickness; CCL thickness,https://w3id.org/h2kg/hydrogen-ontology#CathodeCatalystLayerThickness; https://w3id.org/h2kg/hydrogen-ontology#GasDiffusionLayerThickness,http://www.w3.org/ns/prov#wasInformedBy,published_pending_review,One record declares the dependency and an exact reviewed handoff grounds a pending-review link.
manual-dependency-0212-63471ead30,CIEMAT-Exp-microscopy-sem-optical-mea-cross-section,iet-1d-mea-with-water-transport-in-ccl-eis-model,microscopy-sem-and-optical-in-mea-cross-section,iet-1d-mea-with-water-transport-in-ccl-eis-model,microscopy-sem-and-optical-in-mea-cross-section::n8,iet-1d-mea-with-water-transport-in-ccl-eis-model::n19,output_method,grounded_one_sided,GDL thickness; CCL thickness,https://w3id.org/h2kg/hydrogen-ontology#CathodeCatalystLayerThickness; https://w3id.org/h2kg/hydrogen-ontology#GasDiffusionLayerThickness,http://www.w3.org/ns/prov#wasInformedBy,published_pending_review,One record declares the dependency and an exact reviewed handoff grounds a pending-review link.
manual-dependency-0213-12c13d15d8,CIEMAT-Exp-sem-fib-layer,BOSCH-Exp-electrical-tlm-characterization-gdl-defined-compression,sem-and-fib-layer,electrical-tlm-characterization-of-a-gdl-with-defined-compression,sem-and-fib-layer::n8,electrical-tlm-characterization-of-a-gdl-with-defined-compression::n10,input_method; output_method,confirmed_reciprocal,GDL thickness,https://w3id.org/h2kg/hydrogen-ontology#GasDiffusionLayerThickness,http://www.w3.org/ns/prov#wasInformedBy,published_confirmed,Both method records declare the dependency and exact reviewed input/output handoff labels are shared.
manual-dependency-0214-564030068b,CIEMAT-Exp-sem-fib-layer,BOSCH-Exp-gas-permeability-gdl-defined-compression,sem-and-fib-layer,gas-permeability-of-a-gdl-with-defined-compression,sem-and-fib-layer::n8,gas-permeability-of-a-gdl-with-defined-compression::n10,input_method; output_method,confirmed_reciprocal,GDL thickness,https://w3id.org/h2kg/hydrogen-ontology#GasDiffusionLayerThickness,http://www.w3.org/ns/prov#wasInformedBy,published_confirmed,Both method records declare the dependency and exact reviewed input/output handoff labels are shared.
manual-dependency-0215-f0005b990c,CIEMAT-Exp-sem-fib-layer,BOSCH-Mod-mpl-parameter-estimation-gdl-substrate,sem-and-fib-layer,mpl-parameter-estimation-from-gdl-and-substrate-data,sem-and-fib-layer::n8,mpl-parameter-estimation-from-gdl-and-substrate-data::n20,input_method; output_method,confirmed_reciprocal,GDL thickness,https://w3id.org/h2kg/hydrogen-ontology#GasDiffusionLayerThickness,http://www.w3.org/ns/prov#wasInformedBy,published_confirmed,Both method records declare the dependency and exact reviewed input/output handoff labels are shared.
manual-dependency-0216-f9677d7cf9,CIEMAT-Exp-sem-fib-layer,CEA-Exp-differential-cell-testing,sem-and-fib-layer,differential-cell-testing,sem-and-fib-layer::n8,differential-cell-testing::n15,input_method; output_method,confirmed_reciprocal,CCL thickness; Membrane thickness,https://w3id.org/h2kg/decode/workflow/anchor/membrane-thickness-component; https://w3id.org/h2kg/hydrogen-ontology#CathodeCatalystLayerThickness,http://www.w3.org/ns/prov#wasInformedBy,published_confirmed,Both method records declare the dependency and exact reviewed input/output handoff labels are shared.
manual-dependency-0217-8e182c128c,CIEMAT-Exp-sem-fib-layer,CEA-Mod-europium-2d-mea-model,sem-and-fib-layer,cea-mea-model-europium-2d,sem-and-fib-layer::n8,cea-mea-model-europium-2d::n72,input_method; output_method,confirmed_reciprocal,MPL thickness; CCL thickness; Membrane thickness,https://w3id.org/h2kg/decode/workflow/anchor/membrane-thickness-component; https://w3id.org/h2kg/hydrogen-ontology#CathodeCatalystLayerThickness; https://w3id.org/h2kg/hydrogen-ontology#MicroporousLayerThickness,http://www.w3.org/ns/prov#wasInformedBy,published_confirmed,Both method records declare the dependency and exact reviewed input/output handoff labels are shared.
manual-dependency-0218-c6bc83c7d3,CIEMAT-Exp-sem-fib-layer,CEA-Mod-europium-model-fitting,sem-and-fib-layer,fitting-of-the-europium-model,sem-and-fib-layer::n8,fitting-of-the-europium-model::n61,input_method; output_method,confirmed_reciprocal,MPL thickness; CCL thickness; Membrane thickness,https://w3id.org/h2kg/decode/workflow/anchor/membrane-thickness-component; https://w3id.org/h2kg/hydrogen-ontology#CathodeCatalystLayerThickness; https://w3id.org/h2kg/hydrogen-ontology#MicroporousLayerThickness,http://www.w3.org/ns/prov#wasInformedBy,published_confirmed,Both method records declare the dependency and exact reviewed input/output handoff labels are shared.
manual-dependency-0219-12eac276d0,CIEMAT-Exp-sem-fib-layer,CIEMAT-Exp-current-modulated-hydrogen-flow-rate-spectroscopy,sem-and-fib-layer,current-modulated-hydrogen-flow-rate-spectroscopy-ch2s,sem-and-fib-layer::n8,current-modulated-hydrogen-flow-rate-spectroscopy-ch2s::n14,input_method; output_method,confirmed_reciprocal,MPL thickness,https://w3id.org/h2kg/hydrogen-ontology#MicroporousLayerThickness,http://www.w3.org/ns/prov#wasInformedBy,published_confirmed,Both method records declare the dependency and exact reviewed input/output handoff labels are shared.
manual-dependency-0220-0846a19a27,CIEMAT-Exp-sem-fib-layer,CIEMAT-Exp-single-cell-polarization-eis,sem-and-fib-layer,manual-ciemat-exp-single-cell-polarization-eis,sem-and-fib-layer::n8,manual-ciemat-exp-single-cell-polarization-eis::method,output_method,grounded_one_sided,CCL thickness,https://w3id.org/h2kg/hydrogen-ontology#CathodeCatalystLayerThickness,http://www.w3.org/ns/prov#wasInformedBy,published_pending_review,One record declares the dependency and an exact reviewed handoff grounds a pending-review link.
manual-dependency-0221-083aca2802,CIEMAT-Exp-sem-fib-layer,FZJ-IET-3-Mod-diffusivities-tortuosities,sem-and-fib-layer,diffusivities-from-tortuosities,sem-and-fib-layer::n8,diffusivities-from-tortuosities::n13,input_method; output_method,confirmed_reciprocal,MPL thickness; GDL thickness,https://w3id.org/h2kg/hydrogen-ontology#GasDiffusionLayerThickness; https://w3id.org/h2kg/hydrogen-ontology#MicroporousLayerThickness,http://www.w3.org/ns/prov#wasInformedBy,published_confirmed,Both method records declare the dependency and exact reviewed input/output handoff labels are shared.
manual-dependency-0222-fbdcc07fbc,CIEMAT-Exp-sem-fib-layer,FZJ-IET-3-Mod-performance-model-mea-fitting,sem-and-fib-layer,iet-1d-performance-model-for-mea-fitting,sem-and-fib-layer::n8,iet-1d-performance-model-for-mea-fitting::n13,input_method; output_method,confirmed_reciprocal,GDL thickness; CCL thickness,https://w3id.org/h2kg/hydrogen-ontology#CathodeCatalystLayerThickness; https://w3id.org/h2kg/hydrogen-ontology#GasDiffusionLayerThickness,http://www.w3.org/ns/prov#wasInformedBy,published_confirmed,Both method records declare the dependency and exact reviewed input/output handoff labels are shared.
manual-dependency-0223-524b71baaf,CIEMAT-Exp-sem-fib-layer,FZJ-IET-3-Mod-performance-model-mea-prediction,sem-and-fib-layer,iet-1d-performance-model-for-mea-prediction,sem-and-fib-layer::n8,iet-1d-performance-model-for-mea-prediction::n28,input_method; output_method,confirmed_reciprocal,GDL thickness; CCL thickness; Membrane thickness,https://w3id.org/h2kg/decode/workflow/anchor/membrane-thickness-component; https://w3id.org/h2kg/hydrogen-ontology#CathodeCatalystLayerThickness; https://w3id.org/h2kg/hydrogen-ontology#GasDiffusionLayerThickness,http://www.w3.org/ns/prov#wasInformedBy,published_confirmed,Both method records declare the dependency and exact reviewed input/output handoff labels are shared.
manual-dependency-0224-0d90749762,CIEMAT-Exp-sem-fib-layer,0d-particle-population-degradation-model-coupled-with-performance-model-fitting,sem-and-fib-layer,0d-particle-population-degradation-model-coupled-with-performance-model-fitting,sem-and-fib-layer::n8,0d-particle-population-degradation-model-coupled-with-performance-model-fitting::n15,output_method,grounded_one_sided,CCL thickness,https://w3id.org/h2kg/hydrogen-ontology#CathodeCatalystLayerThickness,http://www.w3.org/ns/prov#wasInformedBy,published_pending_review,One record declares the dependency and an exact reviewed handoff grounds a pending-review link.
manual-dependency-0225-458b96025c,CIEMAT-Exp-sem-fib-layer,0d-particle-population-degradation-model-coupled-with-performance-model-prediction,sem-and-fib-layer,0d-particle-population-degradation-model-coupled-with-performance-model-prediction,sem-and-fib-layer::n8,0d-particle-population-degradation-model-coupled-with-performance-model-prediction::n32,output_method,grounded_one_sided,GDL thickness; Membrane thickness,https://w3id.org/h2kg/decode/workflow/anchor/membrane-thickness-component; https://w3id.org/h2kg/hydrogen-ontology#GasDiffusionLayerThickness,http://www.w3.org/ns/prov#wasInformedBy,published_pending_review,One record declares the dependency and an exact reviewed handoff grounds a pending-review link.
manual-dependency-0226-af8c14b4ac,CIEMAT-Exp-sem-fib-layer,electrical-conductivity,sem-and-fib-layer,electrical-conductivity,sem-and-fib-layer::n8,electrical-conductivity::n10,output_method,grounded_one_sided,GDL thickness,https://w3id.org/h2kg/hydrogen-ontology#GasDiffusionLayerThickness,http://www.w3.org/ns/prov#wasInformedBy,published_pending_review,One record declares the dependency and an exact reviewed handoff grounds a pending-review link.
manual-dependency-0227-5ce36e99db,CIEMAT-Exp-sem-fib-layer,electrical-contact-resistance,sem-and-fib-layer,electrical-contact-resistance,sem-and-fib-layer::n8,electrical-contact-resistance::n11,output_method,grounded_one_sided,GDL thickness,https://w3id.org/h2kg/hydrogen-ontology#GasDiffusionLayerThickness,http://www.w3.org/ns/prov#wasInformedBy,published_pending_review,One record declares the dependency and an exact reviewed handoff grounds a pending-review link.
manual-dependency-0228-55de2c2797,CIEMAT-Exp-sem-fib-layer,iet-1d-mea-with-water-transport-eis-model,sem-and-fib-layer,iet-1d-mea-with-water-transport-eis-model,sem-and-fib-layer::n8,iet-1d-mea-with-water-transport-eis-model::n24,output_method,grounded_one_sided,GDL thickness; CCL thickness,https://w3id.org/h2kg/hydrogen-ontology#CathodeCatalystLayerThickness; https://w3id.org/h2kg/hydrogen-ontology#GasDiffusionLayerThickness,http://www.w3.org/ns/prov#wasInformedBy,published_pending_review,One record declares the dependency and an exact reviewed handoff grounds a pending-review link.
manual-dependency-0229-d8f1eed1c2,CIEMAT-Exp-sem-fib-layer,iet-1d-mea-with-water-transport-in-ccl-eis-model,sem-and-fib-layer,iet-1d-mea-with-water-transport-in-ccl-eis-model,sem-and-fib-layer::n8,iet-1d-mea-with-water-transport-in-ccl-eis-model::n19,output_method,grounded_one_sided,GDL thickness; CCL thickness,https://w3id.org/h2kg/hydrogen-ontology#CathodeCatalystLayerThickness; https://w3id.org/h2kg/hydrogen-ontology#GasDiffusionLayerThickness,http://www.w3.org/ns/prov#wasInformedBy,published_pending_review,One record declares the dependency and an exact reviewed handoff grounds a pending-review link.
manual-dependency-0230-35facee647,CIEMAT-Exp-sem-fib-powder,FZJ-IET-3-Mod-ink-composition,sem-and-fib-powder,iet-ink-to-composition-model,sem-and-fib-powder::n6,iet-ink-to-composition-model::n22,input_method; output_method,confirmed_reciprocal,Catalyst active particle diameter,https://w3id.org/h2kg/decode/workflow/anchor/catalyst-active-particle-diameter-material,http://www.w3.org/ns/prov#wasInformedBy,published_confirmed,Both method records declare the dependency and exact reviewed input/output handoff labels are shared.
manual-dependency-0231-496af43f86,CIEMAT-Exp-single-cell-polarization-eis,CEA-Mod-europium-2d-mea-model,manual-ciemat-exp-single-cell-polarization-eis,cea-mea-model-europium-2d,manual-ciemat-exp-single-cell-polarization-eis::method,cea-mea-model-europium-2d::n72,input_method,grounded_one_sided,ECSA; CCL effective double-layer capacitance; CCL effective proton conductivity,https://w3id.org/h2kg/decode/workflow/anchor/ccl-effective-double-layer-capacitance-component; https://w3id.org/h2kg/decode/workflow/anchor/ccl-effective-proton-conductivity-component; https://w3id.org/h2kg/hydrogen-ontology#ElectrochemicallyActiveSurfaceArea,http://www.w3.org/ns/prov#wasInformedBy,published_pending_review,One record declares the dependency and an exact reviewed handoff grounds a pending-review link.
manual-dependency-0232-0c21ad7f91,CIEMAT-Exp-single-cell-polarization-eis,CEA-Mod-europium-model-fitting,manual-ciemat-exp-single-cell-polarization-eis,fitting-of-the-europium-model,manual-ciemat-exp-single-cell-polarization-eis::method,fitting-of-the-europium-model::n61,input_method,grounded_one_sided,Cell polarization curve; Cell crossover current density; Cell high-frequency resistance; Cell voltammogram; Cell limiting current; ECSA; CCL effective double-layer capacitance; CCL effective proton conductivity,https://w3id.org/h2kg/decode/workflow/anchor/ccl-effective-double-layer-capacitance-component; https://w3id.org/h2kg/decode/workflow/anchor/ccl-effective-proton-conductivity-component; https://w3id.org/h2kg/decode/workflow/anchor/cell-crossover-current-density-device; https://w3id.org/h2kg/decode/workflow/anchor/cell-high-frequency-resistance-device; https://w3id.org/h2kg/decode/workflow/anchor/cell-limiting-current-device; https://w3id.org/h2kg/decode/workflow/anchor/cell-polarization-curve-device; https://w3id.org/h2kg/decode/workflow/anchor/cell-voltammogram-device; https://w3id.org/h2kg/hydrogen-ontology#ElectrochemicallyActiveSurfaceArea,http://www.w3.org/ns/prov#wasInformedBy,published_pending_review,One record declares the dependency and an exact reviewed handoff grounds a pending-review link.
manual-dependency-0233-b8b0d1d648,CIEMAT-Exp-single-cell-polarization-eis,CIEMAT-Exp-effective-proton-conductivity,manual-ciemat-exp-single-cell-polarization-eis,manual-ciemat-exp-effective-proton-conductivity,manual-ciemat-exp-single-cell-polarization-eis::method,manual-ciemat-exp-effective-proton-conductivity::method,input_method,grounded_one_sided,Cell EIS,https://w3id.org/h2kg/decode/workflow/anchor/cell-eis-device,http://www.w3.org/ns/prov#wasInformedBy,published_pending_review,One record declares the dependency and an exact reviewed handoff grounds a pending-review link.
manual-dependency-0234-bc997c1787,CIEMAT-Exp-single-cell-polarization-eis,FZJ-IET-3-Mod-performance-model-mea-fitting,manual-ciemat-exp-single-cell-polarization-eis,iet-1d-performance-model-for-mea-fitting,manual-ciemat-exp-single-cell-polarization-eis::method,iet-1d-performance-model-for-mea-fitting::n13,input_method,grounded_one_sided,Cell polarization curve; Cell crossover current density; Cell high-frequency resistance,https://w3id.org/h2kg/decode/workflow/anchor/cell-crossover-current-density-device; https://w3id.org/h2kg/decode/workflow/anchor/cell-high-frequency-resistance-device; https://w3id.org/h2kg/decode/workflow/anchor/cell-polarization-curve-device,http://www.w3.org/ns/prov#wasInformedBy,published_pending_review,One record declares the dependency and an exact reviewed handoff grounds a pending-review link.
manual-dependency-0235-a2535cd5bd,CIEMAT-Exp-single-cell-polarization-eis,FZJ-IET-3-Mod-performance-model-mea-prediction,manual-ciemat-exp-single-cell-polarization-eis,iet-1d-performance-model-for-mea-prediction,manual-ciemat-exp-single-cell-polarization-eis::method,iet-1d-performance-model-for-mea-prediction::n28,input_method,grounded_one_sided,Cell crossover current density; CCL effective proton conductivity,https://w3id.org/h2kg/decode/workflow/anchor/ccl-effective-proton-conductivity-component; https://w3id.org/h2kg/decode/workflow/anchor/cell-crossover-current-density-device,http://www.w3.org/ns/prov#wasInformedBy,published_pending_review,One record declares the dependency and an exact reviewed handoff grounds a pending-review link.
manual-dependency-0236-58fa6f08a4,DTU-Mod-dft-idealized-surfaces,CIEMAT-Mod-adsorbate-surface-diffusion-electrocatalyst-support,dft-onto-idealized-surfaces,adsorbate-surface-diffusion-on-electrocatalyst-support,dft-onto-idealized-surfaces::n9,adsorbate-surface-diffusion-on-electrocatalyst-support::n10,input_method; output_method,confirmed_reciprocal,Adsorbate adsorption energies (idealized),https://w3id.org/h2kg/decode/workflow/anchor/adsorbate-adsorption-energies-idealized-lre,http://www.w3.org/ns/prov#wasInformedBy,published_confirmed,Both method records declare the dependency and exact reviewed input/output handoff labels are shared.
manual-dependency-0237-a69058330e,DTU-Mod-dft-idealized-surfaces,FZJ-IET-3-Mod-hierarchical-electrocatalytic-reactions,dft-onto-idealized-surfaces,hierarchical-model-for-electrocatalytic-reactions,dft-onto-idealized-surfaces::n9,hierarchical-model-for-electrocatalytic-reactions::n19,input_method; output_method,confirmed_reciprocal,Interaction coefficients between adsorbates; Activation barriers of elementary steps; Binding energies of intermediates; Adsorbate dipole moments,https://w3id.org/h2kg/decode/workflow/anchor/activation-barriers-of-elementary-steps-lre; https://w3id.org/h2kg/decode/workflow/anchor/adsorbate-dipole-moments-lre; https://w3id.org/h2kg/decode/workflow/anchor/binding-energies-of-intermediates-lre; https://w3id.org/h2kg/decode/workflow/anchor/interaction-coefficients-between-adsorbates-lre,http://www.w3.org/ns/prov#wasInformedBy,published_confirmed,Both method records declare the dependency and exact reviewed input/output handoff labels are shared.
manual-dependency-0238-2f6139ef06,DTU-Mod-dft-idealized-surfaces,HTE-Mod-pemfc-4-fold-cell-benchtop-test,dft-onto-idealized-surfaces,manual-hte-mod-pemfc-4-fold-cell-benchtop-test,dft-onto-idealized-surfaces::n9,manual-hte-mod-pemfc-4-fold-cell-benchtop-test::method,input_method,ungrounded_one_sided,,,http://www.w3.org/ns/prov#wasInformedBy,audit_only,One-sided declaration lacks an exact reviewed handoff and is retained for audit only.
manual-dependency-0239-1df8626a72,DTU-Mod-dft-idealized-surfaces,NEL-Exp-pewe-single-cell-benchtop-test,dft-onto-idealized-surfaces,manual-nel-exp-pewe-single-cell-benchtop-test,dft-onto-idealized-surfaces::n9,manual-nel-exp-pewe-single-cell-benchtop-test::method,input_method,ungrounded_one_sided,,,http://www.w3.org/ns/prov#wasInformedBy,audit_only,One-sided declaration lacks an exact reviewed handoff and is retained for audit only.
manual-dependency-0240-88ff81afd9,DTU-Mod-dft-idealized-surfaces,ULEI-FZJ-IET-3-Mod-fitting-version-hierachical-model,dft-onto-idealized-surfaces,fitting-version-of-the-hierachical-model,dft-onto-idealized-surfaces::n9,fitting-version-of-the-hierachical-model::n9,input_method; output_method,confirmed_dependency_without_exact_handoff,,,http://www.w3.org/ns/prov#wasInformedBy,published_confirmed,"Both records declare the dependency; no exact handoff is asserted, so only PROV dependency is published."
manual-dependency-0241-ede0015462,FZJ-IET-3-Mod-composition-property,CEA-Mod-europium-2d-mea-model,iet-composition-to-property-model,cea-mea-model-europium-2d,iet-composition-to-property-model::n12,cea-mea-model-europium-2d::n72,input_method; output_method,confirmed_reciprocal,CCL effective proton conductivity; CCL effective water permeability; CCL ORR effective exchange current density,https://w3id.org/h2kg/decode/workflow/anchor/ccl-effective-proton-conductivity-component; https://w3id.org/h2kg/decode/workflow/anchor/ccl-effective-water-permeability-component; https://w3id.org/h2kg/decode/workflow/anchor/ccl-orr-effective-exchange-current-density-component,http://www.w3.org/ns/prov#wasInformedBy,published_confirmed,Both method records declare the dependency and exact reviewed input/output handoff labels are shared.
manual-dependency-0242-4148085980,FZJ-IET-3-Mod-composition-property,CEA-Mod-europium-model-fitting,iet-composition-to-property-model,fitting-of-the-europium-model,iet-composition-to-property-model::n12,fitting-of-the-europium-model::n61,input_method; output_method,confirmed_reciprocal,CCL effective proton conductivity; CCL effective water permeability; CCL ORR effective exchange current density,https://w3id.org/h2kg/decode/workflow/anchor/ccl-effective-proton-conductivity-component; https://w3id.org/h2kg/decode/workflow/anchor/ccl-effective-water-permeability-component; https://w3id.org/h2kg/decode/workflow/anchor/ccl-orr-effective-exchange-current-density-component,http://www.w3.org/ns/prov#wasInformedBy,published_confirmed,Both method records declare the dependency and exact reviewed input/output handoff labels are shared.
manual-dependency-0243-6a93046bfa,FZJ-IET-3-Mod-composition-property,FZJ-IET-3-Mod-performance-model-mea-fitting,iet-composition-to-property-model,iet-1d-performance-model-for-mea-fitting,iet-composition-to-property-model::n12,iet-1d-performance-model-for-mea-fitting::n13,input_method; output_method,confirmed_reciprocal,CCL ORR effective exchange current density,https://w3id.org/h2kg/decode/workflow/anchor/ccl-orr-effective-exchange-current-density-component,http://www.w3.org/ns/prov#wasInformedBy,published_confirmed,Both method records declare the dependency and exact reviewed input/output handoff labels are shared.
manual-dependency-0244-f02a5185ae,FZJ-IET-3-Mod-composition-property,FZJ-IET-3-Mod-performance-model-mea-prediction,iet-composition-to-property-model,iet-1d-performance-model-for-mea-prediction,iet-composition-to-property-model::n12,iet-1d-performance-model-for-mea-prediction::n28,input_method; output_method,confirmed_reciprocal,CCL effective O2 diffusivity; CCL effective proton conductivity; CCL ORR effective exchange current density,https://w3id.org/h2kg/decode/workflow/anchor/ccl-effective-o2-diffusivity-component; https://w3id.org/h2kg/decode/workflow/anchor/ccl-effective-proton-conductivity-component; https://w3id.org/h2kg/decode/workflow/anchor/ccl-orr-effective-exchange-current-density-component,http://www.w3.org/ns/prov#wasInformedBy,published_confirmed,Both method records declare the dependency and exact reviewed input/output handoff labels are shared.
manual-dependency-0245-ab2ad5ae54,FZJ-IET-3-Mod-composition-property,0d-particle-population-degradation-model-coupled-with-performance-model-prediction,iet-composition-to-property-model,0d-particle-population-degradation-model-coupled-with-performance-model-prediction,iet-composition-to-property-model::n12,0d-particle-population-degradation-model-coupled-with-performance-model-prediction::n32,output_method,grounded_one_sided,CCL ORR effective exchange current density,https://w3id.org/h2kg/decode/workflow/anchor/ccl-orr-effective-exchange-current-density-component,http://www.w3.org/ns/prov#wasInformedBy,published_pending_review,One record declares the dependency and an exact reviewed handoff grounds a pending-review link.
manual-dependency-0246-c19d7786dc,FZJ-IET-3-Mod-composition-property,iet-1d-mea-with-water-transport-eis-model,iet-composition-to-property-model,iet-1d-mea-with-water-transport-eis-model,iet-composition-to-property-model::n12,iet-1d-mea-with-water-transport-eis-model::n24,output_method,grounded_one_sided,CCL effective O2 diffusivity; CCL effective vapor diffusivity; CCL effective proton conductivity; CCL effective water permeability; CCL vaporization interfacial area factor; CCL ORR effective exchange current density,https://w3id.org/h2kg/decode/workflow/anchor/ccl-effective-o2-diffusivity-component; https://w3id.org/h2kg/decode/workflow/anchor/ccl-effective-proton-conductivity-component; https://w3id.org/h2kg/decode/workflow/anchor/ccl-effective-vapor-diffusivity-component; https://w3id.org/h2kg/decode/workflow/anchor/ccl-effective-water-permeability-component; https://w3id.org/h2kg/decode/workflow/anchor/ccl-orr-effective-exchange-current-density-component; https://w3id.org/h2kg/decode/workflow/anchor/ccl-vaporization-interfacial-area-factor-component,http://www.w3.org/ns/prov#wasInformedBy,published_pending_review,One record declares the dependency and an exact reviewed handoff grounds a pending-review link.
manual-dependency-0247-39dc7e36f2,FZJ-IET-3-Mod-composition-property,iet-1d-mea-with-water-transport-in-ccl-eis-model,iet-composition-to-property-model,iet-1d-mea-with-water-transport-in-ccl-eis-model,iet-composition-to-property-model::n12,iet-1d-mea-with-water-transport-in-ccl-eis-model::n19,output_method,grounded_one_sided,CCL effective O2 diffusivity; CCL effective vapor diffusivity; CCL effective proton conductivity; CCL effective water permeability; CCL vaporization interfacial area factor; CCL ORR effective exchange current density,https://w3id.org/h2kg/decode/workflow/anchor/ccl-effective-o2-diffusivity-component; https://w3id.org/h2kg/decode/workflow/anchor/ccl-effective-proton-conductivity-component; https://w3id.org/h2kg/decode/workflow/anchor/ccl-effective-vapor-diffusivity-component; https://w3id.org/h2kg/decode/workflow/anchor/ccl-effective-water-permeability-component; https://w3id.org/h2kg/decode/workflow/anchor/ccl-orr-effective-exchange-current-density-component; https://w3id.org/h2kg/decode/workflow/anchor/ccl-vaporization-interfacial-area-factor-component,http://www.w3.org/ns/prov#wasInformedBy,published_pending_review,One record declares the dependency and an exact reviewed handoff grounds a pending-review link.
manual-dependency-0248-145f857519,FZJ-IET-3-Mod-diffusivities-tortuosities,FZJ-IET-3-Mod-performance-model-mea-prediction,diffusivities-from-tortuosities,iet-1d-performance-model-for-mea-prediction,diffusivities-from-tortuosities::n13,iet-1d-performance-model-for-mea-prediction::n28,input_method; output_method,confirmed_reciprocal,CCL effective O2 diffusivity; GDL effective O2 diffusivity,https://w3id.org/h2kg/decode/workflow/anchor/ccl-effective-o2-diffusivity-component; https://w3id.org/h2kg/decode/workflow/anchor/gdl-effective-o2-diffusivity-component,http://www.w3.org/ns/prov#wasInformedBy,published_confirmed,Both method records declare the dependency and exact reviewed input/output handoff labels are shared.
manual-dependency-0249-28c14bf939,FZJ-IET-3-Mod-diffusivities-tortuosities,0d-particle-population-degradation-model-coupled-with-performance-model-prediction,diffusivities-from-tortuosities,0d-particle-population-degradation-model-coupled-with-performance-model-prediction,diffusivities-from-tortuosities::n13,0d-particle-population-degradation-model-coupled-with-performance-model-prediction::n32,output_method,grounded_one_sided,GDL effective O2 diffusivity,https://w3id.org/h2kg/decode/workflow/anchor/gdl-effective-o2-diffusivity-component,http://www.w3.org/ns/prov#wasInformedBy,published_pending_review,One record declares the dependency and an exact reviewed handoff grounds a pending-review link.
manual-dependency-0250-b6e6ba7a54,FZJ-IET-3-Mod-diffusivities-tortuosities,iet-1d-mea-with-water-transport-eis-model,diffusivities-from-tortuosities,iet-1d-mea-with-water-transport-eis-model,diffusivities-from-tortuosities::n13,iet-1d-mea-with-water-transport-eis-model::n24,output_method,grounded_one_sided,CCL effective O2 diffusivity; GDL effective O2 diffusivity; CCL effective vapor diffusivity; GDL effective vapor diffusivity,https://w3id.org/h2kg/decode/workflow/anchor/ccl-effective-o2-diffusivity-component; https://w3id.org/h2kg/decode/workflow/anchor/ccl-effective-vapor-diffusivity-component; https://w3id.org/h2kg/decode/workflow/anchor/gdl-effective-o2-diffusivity-component; https://w3id.org/h2kg/decode/workflow/anchor/gdl-effective-vapor-diffusivity-component,http://www.w3.org/ns/prov#wasInformedBy,published_pending_review,One record declares the dependency and an exact reviewed handoff grounds a pending-review link.
manual-dependency-0251-f4ad5e1e25,FZJ-IET-3-Mod-diffusivities-tortuosities,iet-1d-mea-with-water-transport-in-ccl-eis-model,diffusivities-from-tortuosities,iet-1d-mea-with-water-transport-in-ccl-eis-model,diffusivities-from-tortuosities::n13,iet-1d-mea-with-water-transport-in-ccl-eis-model::n19,output_method,grounded_one_sided,CCL effective O2 diffusivity; GDL effective O2 diffusivity; CCL effective vapor diffusivity,https://w3id.org/h2kg/decode/workflow/anchor/ccl-effective-o2-diffusivity-component; https://w3id.org/h2kg/decode/workflow/anchor/ccl-effective-vapor-diffusivity-component; https://w3id.org/h2kg/decode/workflow/anchor/gdl-effective-o2-diffusivity-component,http://www.w3.org/ns/prov#wasInformedBy,published_pending_review,One record declares the dependency and an exact reviewed handoff grounds a pending-review link.
manual-dependency-0252-4237db9b4f,FZJ-IET-3-Mod-hierarchical-electrocatalytic-reactions,DTU-Mod-dft-idealized-surfaces,hierarchical-model-for-electrocatalytic-reactions,dft-onto-idealized-surfaces,hierarchical-model-for-electrocatalytic-reactions::n19,dft-onto-idealized-surfaces::n9,input_method; output_method,confirmed_reciprocal,Adsorbate types on electrode (idealized),https://w3id.org/h2kg/decode/workflow/anchor/adsorbate-types-on-electrode-idealized-lre,http://www.w3.org/ns/prov#wasInformedBy,published_confirmed,Both method records declare the dependency and exact reviewed input/output handoff labels are shared.
manual-dependency-0253-cc3ccda1fc,FZJ-IET-3-Mod-hierarchical-electrocatalytic-reactions,ULEI-FZJ-IET-3-Mod-fitting-version-hierachical-model,hierarchical-model-for-electrocatalytic-reactions,fitting-version-of-the-hierachical-model,hierarchical-model-for-electrocatalytic-reactions::n19,fitting-version-of-the-hierachical-model::n9,input_method; output_method,confirmed_dependency_without_exact_handoff,,,http://www.w3.org/ns/prov#wasInformedBy,published_confirmed,"Both records declare the dependency; no exact handoff is asserted, so only PROV dependency is published."
manual-dependency-0254-0ba2332d4f,FZJ-IET-3-Mod-ink-composition,CEA-Exp-differential-cell-testing,iet-ink-to-composition-model,differential-cell-testing,iet-ink-to-composition-model::n22,differential-cell-testing::n15,input_method; output_method,confirmed_reciprocal,CCL thickness,https://w3id.org/h2kg/hydrogen-ontology#CathodeCatalystLayerThickness,http://www.w3.org/ns/prov#wasInformedBy,published_confirmed,Both method records declare the dependency and exact reviewed input/output handoff labels are shared.
manual-dependency-0255-254e4b79e3,FZJ-IET-3-Mod-ink-composition,CEA-Mod-europium-2d-mea-model,iet-ink-to-composition-model,cea-mea-model-europium-2d,iet-ink-to-composition-model::n22,cea-mea-model-europium-2d::n72,input_method; output_method,confirmed_reciprocal,CCL water retention curve; CCL ionomer effective film thickness; CCL effective proton conductivity; CCL thickness,https://w3id.org/h2kg/decode/workflow/anchor/ccl-effective-proton-conductivity-component; https://w3id.org/h2kg/decode/workflow/anchor/ccl-ionomer-effective-film-thickness-component; https://w3id.org/h2kg/decode/workflow/anchor/ccl-water-retention-curve-component; https://w3id.org/h2kg/hydrogen-ontology#CathodeCatalystLayerThickness,http://www.w3.org/ns/prov#wasInformedBy,published_confirmed,Both method records declare the dependency and exact reviewed input/output handoff labels are shared.
manual-dependency-0256-688130df73,FZJ-IET-3-Mod-ink-composition,CEA-Mod-europium-model-fitting,iet-ink-to-composition-model,fitting-of-the-europium-model,iet-ink-to-composition-model::n22,fitting-of-the-europium-model::n61,input_method; output_method,confirmed_reciprocal,CCL water retention curve; CCL ionomer effective film thickness; CCL effective proton conductivity; CCL thickness,https://w3id.org/h2kg/decode/workflow/anchor/ccl-effective-proton-conductivity-component; https://w3id.org/h2kg/decode/workflow/anchor/ccl-ionomer-effective-film-thickness-component; https://w3id.org/h2kg/decode/workflow/anchor/ccl-water-retention-curve-component; https://w3id.org/h2kg/hydrogen-ontology#CathodeCatalystLayerThickness,http://www.w3.org/ns/prov#wasInformedBy,published_confirmed,Both method records declare the dependency and exact reviewed input/output handoff labels are shared.
manual-dependency-0257-7ad170d2c4,FZJ-IET-3-Mod-ink-composition,CIEMAT-Exp-single-cell-polarization-eis,iet-ink-to-composition-model,manual-ciemat-exp-single-cell-polarization-eis,iet-ink-to-composition-model::n22,manual-ciemat-exp-single-cell-polarization-eis::method,output_method,grounded_one_sided,CCL thickness,https://w3id.org/h2kg/hydrogen-ontology#CathodeCatalystLayerThickness,http://www.w3.org/ns/prov#wasInformedBy,published_pending_review,One record declares the dependency and an exact reviewed handoff grounds a pending-review link.
manual-dependency-0258-cdeaefa029,FZJ-IET-3-Mod-ink-composition,FZJ-IET-3-Mod-composition-property,iet-ink-to-composition-model,iet-composition-to-property-model,iet-ink-to-composition-model::n22,iet-composition-to-property-model::n12,input_method; output_method,confirmed_reciprocal,CCL structural parameters; CCL refined pore size distribution (with contact angle distribution),https://w3id.org/h2kg/decode/workflow/anchor/ccl-refined-pore-size-distribution-with-contact-angle-distribution-component; https://w3id.org/h2kg/decode/workflow/anchor/ccl-structural-parameters-component,http://www.w3.org/ns/prov#wasInformedBy,published_confirmed,Both method records declare the dependency and exact reviewed input/output handoff labels are shared.
manual-dependency-0259-c57ec4a512,FZJ-IET-3-Mod-ink-composition,FZJ-IET-3-Mod-performance-model-mea-fitting,iet-ink-to-composition-model,iet-1d-performance-model-for-mea-fitting,iet-ink-to-composition-model::n22,iet-1d-performance-model-for-mea-fitting::n13,input_method; output_method,confirmed_reciprocal,CCL thickness,https://w3id.org/h2kg/hydrogen-ontology#CathodeCatalystLayerThickness,http://www.w3.org/ns/prov#wasInformedBy,published_confirmed,Both method records declare the dependency and exact reviewed input/output handoff labels are shared.
manual-dependency-0260-f7ae511b3f,FZJ-IET-3-Mod-ink-composition,FZJ-IET-3-Mod-performance-model-mea-prediction,iet-ink-to-composition-model,iet-1d-performance-model-for-mea-prediction,iet-ink-to-composition-model::n22,iet-1d-performance-model-for-mea-prediction::n28,input_method; output_method,confirmed_reciprocal,CCL water retention curve; CCL effective proton conductivity; CCL thickness,https://w3id.org/h2kg/decode/workflow/anchor/ccl-effective-proton-conductivity-component; https://w3id.org/h2kg/decode/workflow/anchor/ccl-water-retention-curve-component; https://w3id.org/h2kg/hydrogen-ontology#CathodeCatalystLayerThickness,http://www.w3.org/ns/prov#wasInformedBy,published_confirmed,Both method records declare the dependency and exact reviewed input/output handoff labels are shared.
manual-dependency-0261-575f7172b3,FZJ-IET-3-Mod-ink-composition,0d-particle-population-degradation-model-coupled-with-performance-model-fitting,iet-ink-to-composition-model,0d-particle-population-degradation-model-coupled-with-performance-model-fitting,iet-ink-to-composition-model::n22,0d-particle-population-degradation-model-coupled-with-performance-model-fitting::n15,output_method,grounded_one_sided,CCL thickness,https://w3id.org/h2kg/hydrogen-ontology#CathodeCatalystLayerThickness,http://www.w3.org/ns/prov#wasInformedBy,published_pending_review,One record declares the dependency and an exact reviewed handoff grounds a pending-review link.
manual-dependency-0262-4a92aa38d6,FZJ-IET-3-Mod-ink-composition,0d-particle-population-degradation-model-coupled-with-performance-model-prediction,iet-ink-to-composition-model,0d-particle-population-degradation-model-coupled-with-performance-model-prediction,iet-ink-to-composition-model::n22,0d-particle-population-degradation-model-coupled-with-performance-model-prediction::n32,output_method,ungrounded_one_sided,,,http://www.w3.org/ns/prov#wasInformedBy,audit_only,One-sided declaration lacks an exact reviewed handoff and is retained for audit only.
manual-dependency-0263-58e8ea1f4f,FZJ-IET-3-Mod-ink-composition,iet-1d-mea-with-water-transport-eis-model,iet-ink-to-composition-model,iet-1d-mea-with-water-transport-eis-model,iet-ink-to-composition-model::n22,iet-1d-mea-with-water-transport-eis-model::n24,output_method,grounded_one_sided,CCL water retention curve; CCL effective proton conductivity; CCL thickness,https://w3id.org/h2kg/decode/workflow/anchor/ccl-effective-proton-conductivity-component; https://w3id.org/h2kg/decode/workflow/anchor/ccl-water-retention-curve-component; https://w3id.org/h2kg/hydrogen-ontology#CathodeCatalystLayerThickness,http://www.w3.org/ns/prov#wasInformedBy,published_pending_review,One record declares the dependency and an exact reviewed handoff grounds a pending-review link.
manual-dependency-0264-3958c09ce5,FZJ-IET-3-Mod-ink-composition,iet-1d-mea-with-water-transport-in-ccl-eis-model,iet-ink-to-composition-model,iet-1d-mea-with-water-transport-in-ccl-eis-model,iet-ink-to-composition-model::n22,iet-1d-mea-with-water-transport-in-ccl-eis-model::n19,output_method,grounded_one_sided,CCL water retention curve; CCL effective proton conductivity; CCL thickness,https://w3id.org/h2kg/decode/workflow/anchor/ccl-effective-proton-conductivity-component; https://w3id.org/h2kg/decode/workflow/anchor/ccl-water-retention-curve-component; https://w3id.org/h2kg/hydrogen-ontology#CathodeCatalystLayerThickness,http://www.w3.org/ns/prov#wasInformedBy,published_pending_review,One record declares the dependency and an exact reviewed handoff grounds a pending-review link.
manual-dependency-0265-760be9ffe2,FZJ-IET-3-Mod-performance-model-mea-fitting,CEA-Mod-europium-2d-mea-model,iet-1d-performance-model-for-mea-fitting,cea-mea-model-europium-2d,iet-1d-performance-model-for-mea-fitting::n13,cea-mea-model-europium-2d::n72,input_method; output_method,confirmed_reciprocal,CCL effective proton conductivity; CCL ORR rate prefactor,https://w3id.org/h2kg/decode/workflow/anchor/ccl-effective-proton-conductivity-component; https://w3id.org/h2kg/decode/workflow/anchor/ccl-orr-rate-prefactor-component,http://www.w3.org/ns/prov#wasInformedBy,published_confirmed,Both method records declare the dependency and exact reviewed input/output handoff labels are shared.
manual-dependency-0266-56f024a194,FZJ-IET-3-Mod-performance-model-mea-fitting,CEA-Mod-europium-model-fitting,iet-1d-performance-model-for-mea-fitting,fitting-of-the-europium-model,iet-1d-performance-model-for-mea-fitting::n13,fitting-of-the-europium-model::n61,output_method,grounded_one_sided,CCL effective proton conductivity,https://w3id.org/h2kg/decode/workflow/anchor/ccl-effective-proton-conductivity-component,http://www.w3.org/ns/prov#wasInformedBy,published_pending_review,One record declares the dependency and an exact reviewed handoff grounds a pending-review link.
manual-dependency-0267-d987476822,FZJ-IET-3-Mod-performance-model-mea-fitting,FZJ-IET-3-Mod-performance-model-mea-prediction,iet-1d-performance-model-for-mea-fitting,iet-1d-performance-model-for-mea-prediction,iet-1d-performance-model-for-mea-fitting::n13,iet-1d-performance-model-for-mea-prediction::n28,input_method; output_method,confirmed_reciprocal,CCL effective proton conductivity; CCL effective O2 diffusivity; GDL effective O2 diffusivity; CCL ORR rate prefactor,https://w3id.org/h2kg/decode/workflow/anchor/ccl-effective-o2-diffusivity-component; https://w3id.org/h2kg/decode/workflow/anchor/ccl-effective-proton-conductivity-component; https://w3id.org/h2kg/decode/workflow/anchor/ccl-orr-rate-prefactor-component; https://w3id.org/h2kg/decode/workflow/anchor/gdl-effective-o2-diffusivity-component,http://www.w3.org/ns/prov#wasInformedBy,published_confirmed,Both method records declare the dependency and exact reviewed input/output handoff labels are shared.
manual-dependency-0268-ea68d01632,FZJ-IET-3-Mod-performance-model-mea-fitting,0d-particle-population-degradation-model-coupled-with-performance-model-prediction,iet-1d-performance-model-for-mea-fitting,0d-particle-population-degradation-model-coupled-with-performance-model-prediction,iet-1d-performance-model-for-mea-fitting::n13,0d-particle-population-degradation-model-coupled-with-performance-model-prediction::n32,output_method,grounded_one_sided,GDL effective O2 diffusivity,https://w3id.org/h2kg/decode/workflow/anchor/gdl-effective-o2-diffusivity-component,http://www.w3.org/ns/prov#wasInformedBy,published_pending_review,One record declares the dependency and an exact reviewed handoff grounds a pending-review link.
manual-dependency-0269-1d51a2a9d9,FZJ-IET-3-Mod-performance-model-mea-fitting,iet-1d-mea-with-water-transport-eis-model,iet-1d-performance-model-for-mea-fitting,iet-1d-mea-with-water-transport-eis-model,iet-1d-performance-model-for-mea-fitting::n13,iet-1d-mea-with-water-transport-eis-model::n24,output_method,grounded_one_sided,CCL effective proton conductivity; CCL effective O2 diffusivity; GDL effective O2 diffusivity,https://w3id.org/h2kg/decode/workflow/anchor/ccl-effective-o2-diffusivity-component; https://w3id.org/h2kg/decode/workflow/anchor/ccl-effective-proton-conductivity-component; https://w3id.org/h2kg/decode/workflow/anchor/gdl-effective-o2-diffusivity-component,http://www.w3.org/ns/prov#wasInformedBy,published_pending_review,One record declares the dependency and an exact reviewed handoff grounds a pending-review link.
manual-dependency-0270-b0e48c203f,FZJ-IET-3-Mod-performance-model-mea-fitting,iet-1d-mea-with-water-transport-in-ccl-eis-model,iet-1d-performance-model-for-mea-fitting,iet-1d-mea-with-water-transport-in-ccl-eis-model,iet-1d-performance-model-for-mea-fitting::n13,iet-1d-mea-with-water-transport-in-ccl-eis-model::n19,output_method,grounded_one_sided,CCL effective proton conductivity; CCL effective O2 diffusivity; GDL effective O2 diffusivity,https://w3id.org/h2kg/decode/workflow/anchor/ccl-effective-o2-diffusivity-component; https://w3id.org/h2kg/decode/workflow/anchor/ccl-effective-proton-conductivity-component; https://w3id.org/h2kg/decode/workflow/anchor/gdl-effective-o2-diffusivity-component,http://www.w3.org/ns/prov#wasInformedBy,published_pending_review,One record declares the dependency and an exact reviewed handoff grounds a pending-review link.
manual-dependency-0271-4a9dbd93d2,FZJ-IET-3-Mod-performance-model-mea-prediction,CEA-Mod-europium-model-fitting,iet-1d-performance-model-for-mea-prediction,fitting-of-the-europium-model,iet-1d-performance-model-for-mea-prediction::n28,fitting-of-the-europium-model::n61,output_method,grounded_one_sided,Cell polarization curve; Cell limiting current,https://w3id.org/h2kg/decode/workflow/anchor/cell-limiting-current-device; https://w3id.org/h2kg/decode/workflow/anchor/cell-polarization-curve-device,http://www.w3.org/ns/prov#wasInformedBy,published_pending_review,One record declares the dependency and an exact reviewed handoff grounds a pending-review link.
manual-dependency-0272-ef85ef7c6b,FZJ-IET-3-Mod-performance-model-mea-prediction,FZJ-IET-3-Mod-performance-model-mea-fitting,iet-1d-performance-model-for-mea-prediction,iet-1d-performance-model-for-mea-fitting,iet-1d-performance-model-for-mea-prediction::n28,iet-1d-performance-model-for-mea-fitting::n13,input_method; output_method,confirmed_reciprocal,Cell polarization curve,https://w3id.org/h2kg/decode/workflow/anchor/cell-polarization-curve-device,http://www.w3.org/ns/prov#wasInformedBy,published_confirmed,Both method records declare the dependency and exact reviewed input/output handoff labels are shared.
manual-dependency-0273-a0c259ab8a,FZJ-IET-4-Exp-data-extraction-pewe-u-i-t,CEA-Mod-europium-model-fitting,data-extraction-from-existing-pewe-measurements-u-i-t,fitting-of-the-europium-model,data-extraction-from-existing-pewe-measurements-u-i-t::n6,fitting-of-the-europium-model::n61,input_method; output_method,confirmed_reciprocal,Cell high-frequency resistance,https://w3id.org/h2kg/decode/workflow/anchor/cell-high-frequency-resistance-device,http://www.w3.org/ns/prov#wasInformedBy,published_confirmed,Both method records declare the dependency and exact reviewed input/output handoff labels are shared.
manual-dependency-0274-ffb6ec8064,FZJ-IET-4-Exp-data-extraction-pewe-u-i-t,FZJ-IET-3-Mod-performance-model-mea-fitting,data-extraction-from-existing-pewe-measurements-u-i-t,iet-1d-performance-model-for-mea-fitting,data-extraction-from-existing-pewe-measurements-u-i-t::n6,iet-1d-performance-model-for-mea-fitting::n13,input_method; output_method,confirmed_reciprocal,Cell high-frequency resistance,https://w3id.org/h2kg/decode/workflow/anchor/cell-high-frequency-resistance-device,http://www.w3.org/ns/prov#wasInformedBy,published_confirmed,Both method records declare the dependency and exact reviewed input/output handoff labels are shared.
manual-dependency-0275-454a443f66,FZJ-IET-4-Exp-data-extraction-pewe-u-i-t,NEL-Exp-large-scale-durability-test,data-extraction-from-existing-pewe-measurements-u-i-t,manual-nel-exp-large-scale-durability-test,data-extraction-from-existing-pewe-measurements-u-i-t::n6,manual-nel-exp-large-scale-durability-test::method,input_method,ungrounded_one_sided,,,http://www.w3.org/ns/prov#wasInformedBy,audit_only,One-sided declaration lacks an exact reviewed handoff and is retained for audit only.
manual-dependency-0276-d17f5827f5,FZJ-Mod-StarDist-TEMSeg,FZJ-IET-3-Mod-ink-composition,manual-fzj-mod-stardist-temseg,iet-ink-to-composition-model,manual-fzj-mod-stardist-temseg::method,iet-ink-to-composition-model::n22,output_method,grounded_one_sided,Catalyst active particle diameter; Catalyst active particle density,https://w3id.org/h2kg/decode/workflow/anchor/catalyst-active-particle-density-material; https://w3id.org/h2kg/decode/workflow/anchor/catalyst-active-particle-diameter-material,http://www.w3.org/ns/prov#wasInformedBy,published_pending_review,One record declares the dependency and an exact reviewed handoff grounds a pending-review link.
manual-dependency-0277-bddd68d6dc,FZJ-Mod-StarDist-TEMSeg,0d-particle-population-degradation-model-coupled-with-performance-model-prediction,manual-fzj-mod-stardist-temseg,0d-particle-population-degradation-model-coupled-with-performance-model-prediction,manual-fzj-mod-stardist-temseg::method,0d-particle-population-degradation-model-coupled-with-performance-model-prediction::n32,output_method,grounded_one_sided,Catalyst active particle density; Catalyst active particle radius distribution,https://w3id.org/h2kg/decode/workflow/anchor/catalyst-active-particle-density-material; https://w3id.org/h2kg/decode/workflow/anchor/catalyst-active-particle-radius-distribution-material,http://www.w3.org/ns/prov#wasInformedBy,published_pending_review,One record declares the dependency and an exact reviewed handoff grounds a pending-review link.
manual-dependency-0278-5261f769f7,FZJ-Mod-StarDist-TEMSeg,0d-particle-population-degradation-model-prediction,manual-fzj-mod-stardist-temseg,0d-particle-population-degradation-model-prediction,manual-fzj-mod-stardist-temseg::method,0d-particle-population-degradation-model-prediction::n9,output_method,grounded_one_sided,Catalyst active particle radius distribution,https://w3id.org/h2kg/decode/workflow/anchor/catalyst-active-particle-radius-distribution-material,http://www.w3.org/ns/prov#wasInformedBy,published_pending_review,One record declares the dependency and an exact reviewed handoff grounds a pending-review link.
manual-dependency-0279-a86081835e,FZJ-Mod-StarPlatin-TEMSeg,FZJ-IET-3-Mod-ink-composition,manual-fzj-mod-starplatin-temseg,iet-ink-to-composition-model,manual-fzj-mod-starplatin-temseg::method,iet-ink-to-composition-model::n22,output_method,grounded_one_sided,Catalyst active particle density; Catalyst active particle diameter,https://w3id.org/h2kg/decode/workflow/anchor/catalyst-active-particle-density-material; https://w3id.org/h2kg/decode/workflow/anchor/catalyst-active-particle-diameter-material,http://www.w3.org/ns/prov#wasInformedBy,published_pending_review,One record declares the dependency and an exact reviewed handoff grounds a pending-review link.
manual-dependency-0280-88904e1b58,FZJ-Mod-StarPlatin-TEMSeg,0d-particle-population-degradation-model-coupled-with-performance-model-prediction,manual-fzj-mod-starplatin-temseg,0d-particle-population-degradation-model-coupled-with-performance-model-prediction,manual-fzj-mod-starplatin-temseg::method,0d-particle-population-degradation-model-coupled-with-performance-model-prediction::n32,output_method,grounded_one_sided,Catalyst active particle density; Catalyst active particle radius distribution,https://w3id.org/h2kg/decode/workflow/anchor/catalyst-active-particle-density-material; https://w3id.org/h2kg/decode/workflow/anchor/catalyst-active-particle-radius-distribution-material,http://www.w3.org/ns/prov#wasInformedBy,published_pending_review,One record declares the dependency and an exact reviewed handoff grounds a pending-review link.
manual-dependency-0281-b6ca42bbdc,FZJ-Mod-StarPlatin-TEMSeg,0d-particle-population-degradation-model-prediction,manual-fzj-mod-starplatin-temseg,0d-particle-population-degradation-model-prediction,manual-fzj-mod-starplatin-temseg::method,0d-particle-population-degradation-model-prediction::n9,output_method,grounded_one_sided,Catalyst active particle radius distribution,https://w3id.org/h2kg/decode/workflow/anchor/catalyst-active-particle-radius-distribution-material,http://www.w3.org/ns/prov#wasInformedBy,published_pending_review,One record declares the dependency and an exact reviewed handoff grounds a pending-review link.
manual-dependency-0282-de8a923c33,HTE-Exp-cell-testing,CEA-Mod-europium-model-fitting,manual-hte-exp-cell-testing,fitting-of-the-europium-model,manual-hte-exp-cell-testing::method,fitting-of-the-europium-model::n61,output_method,grounded_one_sided,Cell polarization curve,https://w3id.org/h2kg/decode/workflow/anchor/cell-polarization-curve-device,http://www.w3.org/ns/prov#wasInformedBy,published_pending_review,One record declares the dependency and an exact reviewed handoff grounds a pending-review link.
manual-dependency-0283-e355ea08df,HTE-Exp-cell-testing,FZJ-IET-3-Mod-performance-model-mea-fitting,manual-hte-exp-cell-testing,iet-1d-performance-model-for-mea-fitting,manual-hte-exp-cell-testing::method,iet-1d-performance-model-for-mea-fitting::n13,output_method,grounded_one_sided,Cell polarization curve,https://w3id.org/h2kg/decode/workflow/anchor/cell-polarization-curve-device,http://www.w3.org/ns/prov#wasInformedBy,published_pending_review,One record declares the dependency and an exact reviewed handoff grounds a pending-review link.
manual-dependency-0284-a47ecbbbed,HTE-Exp-cell-testing,FZJ-IET-4-Exp-data-extraction-pewe-u-i-t,manual-hte-exp-cell-testing,data-extraction-from-existing-pewe-measurements-u-i-t,manual-hte-exp-cell-testing::method,data-extraction-from-existing-pewe-measurements-u-i-t::n6,output_method,ungrounded_one_sided,,,http://www.w3.org/ns/prov#wasInformedBy,audit_only,One-sided declaration lacks an exact reviewed handoff and is retained for audit only.
manual-dependency-0285-39029ca682,HTE-Exp-cell-testing,eis-on-pewe-cells,manual-hte-exp-cell-testing,eis-on-pewe-cells,manual-hte-exp-cell-testing::method,eis-on-pewe-cells::n5,output_method,ungrounded_one_sided,,,http://www.w3.org/ns/prov#wasInformedBy,audit_only,One-sided declaration lacks an exact reviewed handoff and is retained for audit only.
manual-dependency-0286-50b8667e7e,HTE-Mod-pemfc-4-fold-cell-benchtop-test,CEA-Mod-europium-model-fitting,manual-hte-mod-pemfc-4-fold-cell-benchtop-test,fitting-of-the-europium-model,manual-hte-mod-pemfc-4-fold-cell-benchtop-test::method,fitting-of-the-europium-model::n61,output_method,grounded_one_sided,Cell polarization curve,https://w3id.org/h2kg/decode/workflow/anchor/cell-polarization-curve-device,http://www.w3.org/ns/prov#wasInformedBy,published_pending_review,One record declares the dependency and an exact reviewed handoff grounds a pending-review link.
manual-dependency-0287-4fc904bb49,HTE-Mod-pemfc-4-fold-cell-benchtop-test,CIEMAT-Exp-effective-proton-conductivity,manual-hte-mod-pemfc-4-fold-cell-benchtop-test,manual-ciemat-exp-effective-proton-conductivity,manual-hte-mod-pemfc-4-fold-cell-benchtop-test::method,manual-ciemat-exp-effective-proton-conductivity::method,input_method; output_method,confirmed_reciprocal,Cell EIS,https://w3id.org/h2kg/decode/workflow/anchor/cell-eis-device,http://www.w3.org/ns/prov#wasInformedBy,published_confirmed,Both method records declare the dependency and exact reviewed input/output handoff labels are shared.
manual-dependency-0288-86ad7048b3,HTE-Mod-pemfc-4-fold-cell-benchtop-test,FZJ-IET-3-Mod-performance-model-mea-fitting,manual-hte-mod-pemfc-4-fold-cell-benchtop-test,iet-1d-performance-model-for-mea-fitting,manual-hte-mod-pemfc-4-fold-cell-benchtop-test::method,iet-1d-performance-model-for-mea-fitting::n13,output_method,grounded_one_sided,Cell polarization curve,https://w3id.org/h2kg/decode/workflow/anchor/cell-polarization-curve-device,http://www.w3.org/ns/prov#wasInformedBy,published_pending_review,One record declares the dependency and an exact reviewed handoff grounds a pending-review link.
manual-dependency-0289-3f56ed9561,HTE-Mod-pemfc-4-fold-cell-benchtop-test,FZJ-IET-4-Exp-data-extraction-pewe-u-i-t,manual-hte-mod-pemfc-4-fold-cell-benchtop-test,data-extraction-from-existing-pewe-measurements-u-i-t,manual-hte-mod-pemfc-4-fold-cell-benchtop-test::method,data-extraction-from-existing-pewe-measurements-u-i-t::n6,output_method,grounded_one_sided,Time series of cell voltage,https://w3id.org/h2kg/decode/workflow/anchor/time-series-of-cell-voltage-device,http://www.w3.org/ns/prov#wasInformedBy,published_pending_review,One record declares the dependency and an exact reviewed handoff grounds a pending-review link.
manual-dependency-0290-77a8ad72d8,HTE-Mod-pemfc-4-fold-cell-benchtop-test,0d-particle-population-degradation-model-coupled-with-performance-model-fitting,manual-hte-mod-pemfc-4-fold-cell-benchtop-test,0d-particle-population-degradation-model-coupled-with-performance-model-fitting,manual-hte-mod-pemfc-4-fold-cell-benchtop-test::method,0d-particle-population-degradation-model-coupled-with-performance-model-fitting::n15,output_method,grounded_one_sided,Time series of cell voltage,https://w3id.org/h2kg/decode/workflow/anchor/time-series-of-cell-voltage-device,http://www.w3.org/ns/prov#wasInformedBy,published_pending_review,One record declares the dependency and an exact reviewed handoff grounds a pending-review link.
manual-dependency-0291-db8cc8275d,HTE-Mod-pemfc-4-fold-cell-benchtop-test,eis-on-pewe-cells,manual-hte-mod-pemfc-4-fold-cell-benchtop-test,eis-on-pewe-cells,manual-hte-mod-pemfc-4-fold-cell-benchtop-test::method,eis-on-pewe-cells::n5,output_method,ungrounded_one_sided,,,http://www.w3.org/ns/prov#wasInformedBy,audit_only,One-sided declaration lacks an exact reviewed handoff and is retained for audit only.
manual-dependency-0292-76a7af3c27,HZB-Exp-fib-gdl-mpl-catalyst,CEA-Exp-differential-cell-testing,fib-measurements-on-gdl-or-mpl-and-catalyst-materials,differential-cell-testing,fib-measurements-on-gdl-or-mpl-and-catalyst-materials::n10,differential-cell-testing::n15,input_method; output_method,confirmed_reciprocal,CCL thickness,https://w3id.org/h2kg/hydrogen-ontology#CathodeCatalystLayerThickness,http://www.w3.org/ns/prov#wasInformedBy,published_confirmed,Both method records declare the dependency and exact reviewed input/output handoff labels are shared.
manual-dependency-0293-80b0994e78,HZB-Exp-fib-gdl-mpl-catalyst,CEA-Mod-europium-2d-mea-model,fib-measurements-on-gdl-or-mpl-and-catalyst-materials,cea-mea-model-europium-2d,fib-measurements-on-gdl-or-mpl-and-catalyst-materials::n10,cea-mea-model-europium-2d::n72,input_method; output_method,confirmed_reciprocal,MPL thickness; CCL thickness,https://w3id.org/h2kg/hydrogen-ontology#CathodeCatalystLayerThickness; https://w3id.org/h2kg/hydrogen-ontology#MicroporousLayerThickness,http://www.w3.org/ns/prov#wasInformedBy,published_confirmed,Both method records declare the dependency and exact reviewed input/output handoff labels are shared.
manual-dependency-0294-2fac23c040,HZB-Exp-fib-gdl-mpl-catalyst,CEA-Mod-europium-model-fitting,fib-measurements-on-gdl-or-mpl-and-catalyst-materials,fitting-of-the-europium-model,fib-measurements-on-gdl-or-mpl-and-catalyst-materials::n10,fitting-of-the-europium-model::n61,input_method; output_method,confirmed_reciprocal,MPL thickness; CCL thickness,https://w3id.org/h2kg/hydrogen-ontology#CathodeCatalystLayerThickness; https://w3id.org/h2kg/hydrogen-ontology#MicroporousLayerThickness,http://www.w3.org/ns/prov#wasInformedBy,published_confirmed,Both method records declare the dependency and exact reviewed input/output handoff labels are shared.
manual-dependency-0295-6cb30a7dea,HZB-Exp-fib-gdl-mpl-catalyst,CIEMAT-Exp-current-modulated-hydrogen-flow-rate-spectroscopy,fib-measurements-on-gdl-or-mpl-and-catalyst-materials,current-modulated-hydrogen-flow-rate-spectroscopy-ch2s,fib-measurements-on-gdl-or-mpl-and-catalyst-materials::n10,current-modulated-hydrogen-flow-rate-spectroscopy-ch2s::n14,input_method; output_method,confirmed_reciprocal,MPL thickness,https://w3id.org/h2kg/hydrogen-ontology#MicroporousLayerThickness,http://www.w3.org/ns/prov#wasInformedBy,published_confirmed,Both method records declare the dependency and exact reviewed input/output handoff labels are shared.
manual-dependency-0296-0449a6268d,HZB-Exp-fib-gdl-mpl-catalyst,CIEMAT-Exp-single-cell-polarization-eis,fib-measurements-on-gdl-or-mpl-and-catalyst-materials,manual-ciemat-exp-single-cell-polarization-eis,fib-measurements-on-gdl-or-mpl-and-catalyst-materials::n10,manual-ciemat-exp-single-cell-polarization-eis::method,output_method,grounded_one_sided,CCL thickness,https://w3id.org/h2kg/hydrogen-ontology#CathodeCatalystLayerThickness,http://www.w3.org/ns/prov#wasInformedBy,published_pending_review,One record declares the dependency and an exact reviewed handoff grounds a pending-review link.
manual-dependency-0297-f321157d32,HZB-Exp-fib-gdl-mpl-catalyst,FZJ-IET-3-Mod-diffusivities-tortuosities,fib-measurements-on-gdl-or-mpl-and-catalyst-materials,diffusivities-from-tortuosities,fib-measurements-on-gdl-or-mpl-and-catalyst-materials::n10,diffusivities-from-tortuosities::n13,input_method; output_method,confirmed_reciprocal,MPL thickness,https://w3id.org/h2kg/hydrogen-ontology#MicroporousLayerThickness,http://www.w3.org/ns/prov#wasInformedBy,published_confirmed,Both method records declare the dependency and exact reviewed input/output handoff labels are shared.
manual-dependency-0298-6e8f604cd3,HZB-Exp-fib-gdl-mpl-catalyst,FZJ-IET-3-Mod-performance-model-mea-fitting,fib-measurements-on-gdl-or-mpl-and-catalyst-materials,iet-1d-performance-model-for-mea-fitting,fib-measurements-on-gdl-or-mpl-and-catalyst-materials::n10,iet-1d-performance-model-for-mea-fitting::n13,input_method; output_method,confirmed_reciprocal,CCL thickness,https://w3id.org/h2kg/hydrogen-ontology#CathodeCatalystLayerThickness,http://www.w3.org/ns/prov#wasInformedBy,published_confirmed,Both method records declare the dependency and exact reviewed input/output handoff labels are shared.
manual-dependency-0299-0a41fb6b3f,HZB-Exp-fib-gdl-mpl-catalyst,FZJ-IET-3-Mod-performance-model-mea-prediction,fib-measurements-on-gdl-or-mpl-and-catalyst-materials,iet-1d-performance-model-for-mea-prediction,fib-measurements-on-gdl-or-mpl-and-catalyst-materials::n10,iet-1d-performance-model-for-mea-prediction::n28,input_method; output_method,confirmed_reciprocal,CCL thickness,https://w3id.org/h2kg/hydrogen-ontology#CathodeCatalystLayerThickness,http://www.w3.org/ns/prov#wasInformedBy,published_confirmed,Both method records declare the dependency and exact reviewed input/output handoff labels are shared.
manual-dependency-0300-63faef890b,HZB-Exp-fib-gdl-mpl-catalyst,HTE-Mod-pemfc-4-fold-cell-benchtop-test,fib-measurements-on-gdl-or-mpl-and-catalyst-materials,manual-hte-mod-pemfc-4-fold-cell-benchtop-test,fib-measurements-on-gdl-or-mpl-and-catalyst-materials::n10,manual-hte-mod-pemfc-4-fold-cell-benchtop-test::method,input_method,ungrounded_one_sided,,,http://www.w3.org/ns/prov#wasInformedBy,audit_only,One-sided declaration lacks an exact reviewed handoff and is retained for audit only.
manual-dependency-0301-8b444e374f,HZB-Exp-fib-gdl-mpl-catalyst,HZB-Mod-image-classification-fib-tomography,fib-measurements-on-gdl-or-mpl-and-catalyst-materials,image-classification-of-fib-tomography-data,fib-measurements-on-gdl-or-mpl-and-catalyst-materials::n10,image-classification-of-fib-tomography-data::n4,input_method; output_method,confirmed_reciprocal,CCL 3D voxel data raw; MPL 3D voxel data raw,https://w3id.org/h2kg/decode/workflow/anchor/ccl-3d-voxel-data-raw-meso; https://w3id.org/h2kg/decode/workflow/anchor/mpl-3d-voxel-data-raw-meso,http://www.w3.org/ns/prov#wasInformedBy,published_confirmed,Both method records declare the dependency and exact reviewed input/output handoff labels are shared.
manual-dependency-0302-4184c08324,HZB-Exp-fib-gdl-mpl-catalyst,HZB-Mod-image-classification-nm-scale,fib-measurements-on-gdl-or-mpl-and-catalyst-materials,image-classification-on-nm-scale,fib-measurements-on-gdl-or-mpl-and-catalyst-materials::n10,image-classification-on-nm-scale::n4,input_method; output_method,confirmed_reciprocal,CCL 3D voxel data raw; MPL 3D voxel data raw,https://w3id.org/h2kg/decode/workflow/anchor/ccl-3d-voxel-data-raw-meso; https://w3id.org/h2kg/decode/workflow/anchor/mpl-3d-voxel-data-raw-meso,http://www.w3.org/ns/prov#wasInformedBy,published_confirmed,Both method records declare the dependency and exact reviewed input/output handoff labels are shared.
manual-dependency-0303-3790d0db79,HZB-Exp-fib-gdl-mpl-catalyst,NEL-Exp-pewe-single-cell-benchtop-test,fib-measurements-on-gdl-or-mpl-and-catalyst-materials,manual-nel-exp-pewe-single-cell-benchtop-test,fib-measurements-on-gdl-or-mpl-and-catalyst-materials::n10,manual-nel-exp-pewe-single-cell-benchtop-test::method,input_method,ungrounded_one_sided,,,http://www.w3.org/ns/prov#wasInformedBy,audit_only,One-sided declaration lacks an exact reviewed handoff and is retained for audit only.
manual-dependency-0304-e7126c3a8f,HZB-Exp-fib-gdl-mpl-catalyst,0d-particle-population-degradation-model-coupled-with-performance-model-fitting,fib-measurements-on-gdl-or-mpl-and-catalyst-materials,0d-particle-population-degradation-model-coupled-with-performance-model-fitting,fib-measurements-on-gdl-or-mpl-and-catalyst-materials::n10,0d-particle-population-degradation-model-coupled-with-performance-model-fitting::n15,output_method,grounded_one_sided,CCL thickness,https://w3id.org/h2kg/hydrogen-ontology#CathodeCatalystLayerThickness,http://www.w3.org/ns/prov#wasInformedBy,published_pending_review,One record declares the dependency and an exact reviewed handoff grounds a pending-review link.
manual-dependency-0305-45fdc3350d,HZB-Exp-fib-gdl-mpl-catalyst,0d-particle-population-degradation-model-coupled-with-performance-model-prediction,fib-measurements-on-gdl-or-mpl-and-catalyst-materials,0d-particle-population-degradation-model-coupled-with-performance-model-prediction,fib-measurements-on-gdl-or-mpl-and-catalyst-materials::n10,0d-particle-population-degradation-model-coupled-with-performance-model-prediction::n32,output_method,ungrounded_one_sided,,,http://www.w3.org/ns/prov#wasInformedBy,audit_only,One-sided declaration lacks an exact reviewed handoff and is retained for audit only.
manual-dependency-0306-bdbbba4bf8,HZB-Exp-fib-gdl-mpl-catalyst,iet-1d-mea-with-water-transport-eis-model,fib-measurements-on-gdl-or-mpl-and-catalyst-materials,iet-1d-mea-with-water-transport-eis-model,fib-measurements-on-gdl-or-mpl-and-catalyst-materials::n10,iet-1d-mea-with-water-transport-eis-model::n24,output_method,grounded_one_sided,CCL thickness,https://w3id.org/h2kg/hydrogen-ontology#CathodeCatalystLayerThickness,http://www.w3.org/ns/prov#wasInformedBy,published_pending_review,One record declares the dependency and an exact reviewed handoff grounds a pending-review link.
manual-dependency-0307-c30a45bdc7,HZB-Exp-fib-gdl-mpl-catalyst,iet-1d-mea-with-water-transport-in-ccl-eis-model,fib-measurements-on-gdl-or-mpl-and-catalyst-materials,iet-1d-mea-with-water-transport-in-ccl-eis-model,fib-measurements-on-gdl-or-mpl-and-catalyst-materials::n10,iet-1d-mea-with-water-transport-in-ccl-eis-model::n19,output_method,grounded_one_sided,CCL thickness,https://w3id.org/h2kg/hydrogen-ontology#CathodeCatalystLayerThickness,http://www.w3.org/ns/prov#wasInformedBy,published_pending_review,One record declares the dependency and an exact reviewed handoff grounds a pending-review link.
manual-dependency-0308-1211ecb3c1,HZB-Exp-lab-ct-gdl-mpl,HZB-Mod-image-classification-fib-tomography,lab-ct-measurements-on-gdl-or-mpl-materials,image-classification-of-fib-tomography-data,lab-ct-measurements-on-gdl-or-mpl-materials::n6,image-classification-of-fib-tomography-data::n4,input_method; output_method,confirmed_reciprocal,MPL 3D voxel data raw,https://w3id.org/h2kg/decode/workflow/anchor/mpl-3d-voxel-data-raw-meso,http://www.w3.org/ns/prov#wasInformedBy,published_confirmed,Both method records declare the dependency and exact reviewed input/output handoff labels are shared.
manual-dependency-0309-3e9d810b62,HZB-Exp-lab-ct-gdl-mpl,HZB-Mod-image-classification-nm-scale,lab-ct-measurements-on-gdl-or-mpl-materials,image-classification-on-nm-scale,lab-ct-measurements-on-gdl-or-mpl-materials::n6,image-classification-on-nm-scale::n4,input_method; output_method,confirmed_reciprocal,MPL 3D voxel data raw,https://w3id.org/h2kg/decode/workflow/anchor/mpl-3d-voxel-data-raw-meso,http://www.w3.org/ns/prov#wasInformedBy,published_confirmed,Both method records declare the dependency and exact reviewed input/output handoff labels are shared.
manual-dependency-0310-2589e208fa,HZB-Exp-lab-ct-gdl-mpl,HZB-Mod-image-classification-x-ray-tomography,lab-ct-measurements-on-gdl-or-mpl-materials,image-classification-of-x-ray-tomography-data,lab-ct-measurements-on-gdl-or-mpl-materials::n6,image-classification-of-x-ray-tomography-data::n12,input_method; output_method,confirmed_reciprocal,GDL substrate 3D voxel data raw; GDL substrate 3D voxel data wet raw,https://w3id.org/h2kg/decode/workflow/anchor/gdl-substrate-3d-voxel-data-raw-meso; https://w3id.org/h2kg/decode/workflow/anchor/gdl-substrate-3d-voxel-data-wet-raw-meso,http://www.w3.org/ns/prov#wasInformedBy,published_confirmed,Both method records declare the dependency and exact reviewed input/output handoff labels are shared.
manual-dependency-0311-2c42fa33c6,HZB-Exp-sem-edx,BOSCH-Exp-electrical-tlm-characterization-gdl-defined-compression,sem-and-edx,electrical-tlm-characterization-of-a-gdl-with-defined-compression,sem-and-edx::n16,electrical-tlm-characterization-of-a-gdl-with-defined-compression::n10,input_method; output_method,confirmed_reciprocal,GDL thickness; GDL substrate thickness,https://w3id.org/h2kg/decode/workflow/anchor/gdl-substrate-thickness-component; https://w3id.org/h2kg/hydrogen-ontology#GasDiffusionLayerThickness,http://www.w3.org/ns/prov#wasInformedBy,published_confirmed,Both method records declare the dependency and exact reviewed input/output handoff labels are shared.
manual-dependency-0312-78140b98bc,HZB-Exp-sem-edx,BOSCH-Exp-gas-permeability-gdl-defined-compression,sem-and-edx,gas-permeability-of-a-gdl-with-defined-compression,sem-and-edx::n16,gas-permeability-of-a-gdl-with-defined-compression::n10,input_method; output_method,confirmed_reciprocal,GDL thickness; GDL substrate thickness,https://w3id.org/h2kg/decode/workflow/anchor/gdl-substrate-thickness-component; https://w3id.org/h2kg/hydrogen-ontology#GasDiffusionLayerThickness,http://www.w3.org/ns/prov#wasInformedBy,published_confirmed,Both method records declare the dependency and exact reviewed input/output handoff labels are shared.
manual-dependency-0313-e96f31d5a5,HZB-Exp-sem-edx,BOSCH-Mod-mpl-parameter-estimation-gdl-substrate,sem-and-edx,mpl-parameter-estimation-from-gdl-and-substrate-data,sem-and-edx::n16,mpl-parameter-estimation-from-gdl-and-substrate-data::n20,input_method; output_method,confirmed_reciprocal,GDL thickness; GDL substrate thickness,https://w3id.org/h2kg/decode/workflow/anchor/gdl-substrate-thickness-component; https://w3id.org/h2kg/hydrogen-ontology#GasDiffusionLayerThickness,http://www.w3.org/ns/prov#wasInformedBy,published_confirmed,Both method records declare the dependency and exact reviewed input/output handoff labels are shared.
manual-dependency-0314-a240fb49e7,HZB-Exp-sem-edx,CEA-Exp-differential-cell-testing,sem-and-edx,differential-cell-testing,sem-and-edx::n16,differential-cell-testing::n15,input_method; output_method,confirmed_reciprocal,CCL thickness,https://w3id.org/h2kg/hydrogen-ontology#CathodeCatalystLayerThickness,http://www.w3.org/ns/prov#wasInformedBy,published_confirmed,Both method records declare the dependency and exact reviewed input/output handoff labels are shared.
manual-dependency-0315-a0f7b9b610,HZB-Exp-sem-edx,CEA-Mod-europium-2d-mea-model,sem-and-edx,cea-mea-model-europium-2d,sem-and-edx::n16,cea-mea-model-europium-2d::n72,input_method; output_method,confirmed_reciprocal,MPL thickness; GDL substrate thickness; CCL thickness,https://w3id.org/h2kg/decode/workflow/anchor/gdl-substrate-thickness-component; https://w3id.org/h2kg/hydrogen-ontology#CathodeCatalystLayerThickness; https://w3id.org/h2kg/hydrogen-ontology#MicroporousLayerThickness,http://www.w3.org/ns/prov#wasInformedBy,published_confirmed,Both method records declare the dependency and exact reviewed input/output handoff labels are shared.
manual-dependency-0316-67a7b3d8c0,HZB-Exp-sem-edx,CEA-Mod-europium-model-fitting,sem-and-edx,fitting-of-the-europium-model,sem-and-edx::n16,fitting-of-the-europium-model::n61,input_method; output_method,confirmed_reciprocal,MPL thickness; GDL substrate thickness; CCL thickness,https://w3id.org/h2kg/decode/workflow/anchor/gdl-substrate-thickness-component; https://w3id.org/h2kg/hydrogen-ontology#CathodeCatalystLayerThickness; https://w3id.org/h2kg/hydrogen-ontology#MicroporousLayerThickness,http://www.w3.org/ns/prov#wasInformedBy,published_confirmed,Both method records declare the dependency and exact reviewed input/output handoff labels are shared.
manual-dependency-0317-f71e1691c4,HZB-Exp-sem-edx,CIEMAT-Exp-current-modulated-hydrogen-flow-rate-spectroscopy,sem-and-edx,current-modulated-hydrogen-flow-rate-spectroscopy-ch2s,sem-and-edx::n16,current-modulated-hydrogen-flow-rate-spectroscopy-ch2s::n14,input_method; output_method,confirmed_reciprocal,MPL thickness; GDL substrate thickness,https://w3id.org/h2kg/decode/workflow/anchor/gdl-substrate-thickness-component; https://w3id.org/h2kg/hydrogen-ontology#MicroporousLayerThickness,http://www.w3.org/ns/prov#wasInformedBy,published_confirmed,Both method records declare the dependency and exact reviewed input/output handoff labels are shared.
manual-dependency-0318-1360133182,HZB-Exp-sem-edx,CIEMAT-Exp-single-cell-polarization-eis,sem-and-edx,manual-ciemat-exp-single-cell-polarization-eis,sem-and-edx::n16,manual-ciemat-exp-single-cell-polarization-eis::method,output_method,grounded_one_sided,CCL thickness,https://w3id.org/h2kg/hydrogen-ontology#CathodeCatalystLayerThickness,http://www.w3.org/ns/prov#wasInformedBy,published_pending_review,One record declares the dependency and an exact reviewed handoff grounds a pending-review link.
manual-dependency-0319-9ea01ea6fa,HZB-Exp-sem-edx,FZJ-IET-3-Mod-diffusivities-tortuosities,sem-and-edx,diffusivities-from-tortuosities,sem-and-edx::n16,diffusivities-from-tortuosities::n13,input_method; output_method,confirmed_reciprocal,GDL thickness; MPL thickness; GDL substrate thickness,https://w3id.org/h2kg/decode/workflow/anchor/gdl-substrate-thickness-component; https://w3id.org/h2kg/hydrogen-ontology#GasDiffusionLayerThickness; https://w3id.org/h2kg/hydrogen-ontology#MicroporousLayerThickness,http://www.w3.org/ns/prov#wasInformedBy,published_confirmed,Both method records declare the dependency and exact reviewed input/output handoff labels are shared.
manual-dependency-0320-4fcde53202,HZB-Exp-sem-edx,FZJ-IET-3-Mod-performance-model-mea-fitting,sem-and-edx,iet-1d-performance-model-for-mea-fitting,sem-and-edx::n16,iet-1d-performance-model-for-mea-fitting::n13,input_method; output_method,confirmed_reciprocal,GDL thickness; CCL thickness,https://w3id.org/h2kg/hydrogen-ontology#CathodeCatalystLayerThickness; https://w3id.org/h2kg/hydrogen-ontology#GasDiffusionLayerThickness,http://www.w3.org/ns/prov#wasInformedBy,published_confirmed,Both method records declare the dependency and exact reviewed input/output handoff labels are shared.
manual-dependency-0321-109b29a04b,HZB-Exp-sem-edx,FZJ-IET-3-Mod-performance-model-mea-prediction,sem-and-edx,iet-1d-performance-model-for-mea-prediction,sem-and-edx::n16,iet-1d-performance-model-for-mea-prediction::n28,input_method; output_method,confirmed_reciprocal,GDL thickness; CCL thickness,https://w3id.org/h2kg/hydrogen-ontology#CathodeCatalystLayerThickness; https://w3id.org/h2kg/hydrogen-ontology#GasDiffusionLayerThickness,http://www.w3.org/ns/prov#wasInformedBy,published_confirmed,Both method records declare the dependency and exact reviewed input/output handoff labels are shared.
manual-dependency-0322-5a4c2b8328,HZB-Exp-sem-edx,HZB-Mod-image-parameter-extraction-2d,sem-and-edx,image-parameter-extraction-2d,sem-and-edx::n16,image-parameter-extraction-2d::n18,input_method; output_method,confirmed_reciprocal,GDL cross section 2D pixel data containing surface information of element distributions; GDL substrate cross section 2D pixel data containing surface information of element distributions; CCL cross section 2D pixel data containing surface information of element distributions; MPL cross section 2D pixel data containing surface information of element distributions,https://w3id.org/h2kg/decode/workflow/anchor/ccl-cross-section-2d-pixel-data-containing-surface-information-of-element-distributions-meso; https://w3id.org/h2kg/decode/workflow/anchor/gdl-cross-section-2d-pixel-data-containing-surface-information-of-element-distributions-meso; https://w3id.org/h2kg/decode/workflow/anchor/gdl-substrate-cross-section-2d-pixel-data-containing-surface-information-of-element-distributions-meso; https://w3id.org/h2kg/decode/workflow/anchor/mpl-cross-section-2d-pixel-data-containing-surface-information-of-element-distributions-meso,http://www.w3.org/ns/prov#wasInformedBy,published_confirmed,Both method records declare the dependency and exact reviewed input/output handoff labels are shared.
manual-dependency-0323-2a2bcdeb73,HZB-Exp-sem-edx,0d-particle-population-degradation-model-coupled-with-performance-model-fitting,sem-and-edx,0d-particle-population-degradation-model-coupled-with-performance-model-fitting,sem-and-edx::n16,0d-particle-population-degradation-model-coupled-with-performance-model-fitting::n15,output_method,grounded_one_sided,CCL thickness,https://w3id.org/h2kg/hydrogen-ontology#CathodeCatalystLayerThickness,http://www.w3.org/ns/prov#wasInformedBy,published_pending_review,One record declares the dependency and an exact reviewed handoff grounds a pending-review link.
manual-dependency-0324-c0a1676a75,HZB-Exp-sem-edx,0d-particle-population-degradation-model-coupled-with-performance-model-prediction,sem-and-edx,0d-particle-population-degradation-model-coupled-with-performance-model-prediction,sem-and-edx::n16,0d-particle-population-degradation-model-coupled-with-performance-model-prediction::n32,output_method,grounded_one_sided,GDL thickness,https://w3id.org/h2kg/hydrogen-ontology#GasDiffusionLayerThickness,http://www.w3.org/ns/prov#wasInformedBy,published_pending_review,One record declares the dependency and an exact reviewed handoff grounds a pending-review link.
manual-dependency-0325-baf7e1932a,HZB-Exp-sem-edx,electrical-conductivity,sem-and-edx,electrical-conductivity,sem-and-edx::n16,electrical-conductivity::n10,output_method,grounded_one_sided,GDL thickness,https://w3id.org/h2kg/hydrogen-ontology#GasDiffusionLayerThickness,http://www.w3.org/ns/prov#wasInformedBy,published_pending_review,One record declares the dependency and an exact reviewed handoff grounds a pending-review link.
manual-dependency-0326-aa5fab09b3,HZB-Exp-sem-edx,electrical-contact-resistance,sem-and-edx,electrical-contact-resistance,sem-and-edx::n16,electrical-contact-resistance::n11,output_method,grounded_one_sided,GDL thickness,https://w3id.org/h2kg/hydrogen-ontology#GasDiffusionLayerThickness,http://www.w3.org/ns/prov#wasInformedBy,published_pending_review,One record declares the dependency and an exact reviewed handoff grounds a pending-review link.
manual-dependency-0327-9776163467,HZB-Exp-sem-edx,iet-1d-mea-with-water-transport-eis-model,sem-and-edx,iet-1d-mea-with-water-transport-eis-model,sem-and-edx::n16,iet-1d-mea-with-water-transport-eis-model::n24,output_method,grounded_one_sided,GDL thickness; CCL thickness,https://w3id.org/h2kg/hydrogen-ontology#CathodeCatalystLayerThickness; https://w3id.org/h2kg/hydrogen-ontology#GasDiffusionLayerThickness,http://www.w3.org/ns/prov#wasInformedBy,published_pending_review,One record declares the dependency and an exact reviewed handoff grounds a pending-review link.
manual-dependency-0328-9c277ad1e9,HZB-Exp-sem-edx,iet-1d-mea-with-water-transport-in-ccl-eis-model,sem-and-edx,iet-1d-mea-with-water-transport-in-ccl-eis-model,sem-and-edx::n16,iet-1d-mea-with-water-transport-in-ccl-eis-model::n19,output_method,grounded_one_sided,GDL thickness; CCL thickness,https://w3id.org/h2kg/hydrogen-ontology#CathodeCatalystLayerThickness; https://w3id.org/h2kg/hydrogen-ontology#GasDiffusionLayerThickness,http://www.w3.org/ns/prov#wasInformedBy,published_pending_review,One record declares the dependency and an exact reviewed handoff grounds a pending-review link.
manual-dependency-0329-4e6d8a7da0,HZB-Exp-synch-ct-gdl-mpl,HZB-Mod-image-classification-fib-tomography,synch-ct-measurements-on-gdl-or-mpl-materials,image-classification-of-fib-tomography-data,synch-ct-measurements-on-gdl-or-mpl-materials::n6,image-classification-of-fib-tomography-data::n4,input_method; output_method,confirmed_reciprocal,MPL 3D voxel data raw,https://w3id.org/h2kg/decode/workflow/anchor/mpl-3d-voxel-data-raw-meso,http://www.w3.org/ns/prov#wasInformedBy,published_confirmed,Both method records declare the dependency and exact reviewed input/output handoff labels are shared.
manual-dependency-0330-f817f44a83,HZB-Exp-synch-ct-gdl-mpl,HZB-Mod-image-classification-nm-scale,synch-ct-measurements-on-gdl-or-mpl-materials,image-classification-on-nm-scale,synch-ct-measurements-on-gdl-or-mpl-materials::n6,image-classification-on-nm-scale::n4,input_method; output_method,confirmed_reciprocal,MPL 3D voxel data raw,https://w3id.org/h2kg/decode/workflow/anchor/mpl-3d-voxel-data-raw-meso,http://www.w3.org/ns/prov#wasInformedBy,published_confirmed,Both method records declare the dependency and exact reviewed input/output handoff labels are shared.
manual-dependency-0331-3ad43ac84a,HZB-Exp-synch-ct-gdl-mpl,HZB-Mod-image-classification-x-ray-tomography,synch-ct-measurements-on-gdl-or-mpl-materials,image-classification-of-x-ray-tomography-data,synch-ct-measurements-on-gdl-or-mpl-materials::n6,image-classification-of-x-ray-tomography-data::n12,input_method; output_method,confirmed_reciprocal,GDL substrate 3D voxel data raw; GDL substrate 3D voxel data wet raw,https://w3id.org/h2kg/decode/workflow/anchor/gdl-substrate-3d-voxel-data-raw-meso; https://w3id.org/h2kg/decode/workflow/anchor/gdl-substrate-3d-voxel-data-wet-raw-meso,http://www.w3.org/ns/prov#wasInformedBy,published_confirmed,Both method records declare the dependency and exact reviewed input/output handoff labels are shared.
manual-dependency-0332-d68d3e9876,HZB-Mod-image-classification-fib-tomography,CEA-Mod-simulation-3d-properties-single-phase,image-classification-of-fib-tomography-data,simulation-of-single-phase-3d-apparent-properties,image-classification-of-fib-tomography-data::n4,simulation-of-single-phase-3d-apparent-properties::n18,input_method; output_method,confirmed_reciprocal,MPL 3D voxel data classified,https://w3id.org/h2kg/decode/workflow/anchor/mpl-3d-voxel-data-classified,http://www.w3.org/ns/prov#wasInformedBy,published_confirmed,Both method records declare the dependency and exact reviewed input/output handoff labels are shared.
manual-dependency-0333-bdeee44902,HZB-Mod-image-classification-fib-tomography,CEA-Mod-simulation-3d-properties-two-phase,image-classification-of-fib-tomography-data,simulation-of-two-phase-3d-apparent-properties,image-classification-of-fib-tomography-data::n4,simulation-of-two-phase-3d-apparent-properties::n17,input_method; output_method,confirmed_reciprocal,MPL 3D voxel data classified,https://w3id.org/h2kg/decode/workflow/anchor/mpl-3d-voxel-data-classified,http://www.w3.org/ns/prov#wasInformedBy,published_confirmed,Both method records declare the dependency and exact reviewed input/output handoff labels are shared.
manual-dependency-0334-d262e65301,HZB-Mod-image-classification-fib-tomography,HZB-Mod-image-parameter-extraction-3d-fib-tomography,image-classification-of-fib-tomography-data,image-fib-tomography-dataparameter-extraction-3d,image-classification-of-fib-tomography-data::n4,image-fib-tomography-dataparameter-extraction-3d::n11,input_method; output_method,confirmed_reciprocal,CCL 3D voxel data classified; MPL 3D voxel data classified,https://w3id.org/h2kg/decode/workflow/anchor/ccl-3d-voxel-data-classified; https://w3id.org/h2kg/decode/workflow/anchor/mpl-3d-voxel-data-classified,http://www.w3.org/ns/prov#wasInformedBy,published_confirmed,Both method records declare the dependency and exact reviewed input/output handoff labels are shared.
manual-dependency-0335-a1d0f7b1ec,HZB-Mod-image-classification-fib-tomography,HZB-Mod-structural-digital-twins-multi-scale-tomographies,image-classification-of-fib-tomography-data,ai-based-generation-of-structural-digital-twins-of-multi-scale-tomographies,image-classification-of-fib-tomography-data::n4,ai-based-generation-of-structural-digital-twins-of-multi-scale-tomographies::n8,input_method; output_method,confirmed_reciprocal,CCL 3D voxel data classified; MPL 3D voxel data classified,https://w3id.org/h2kg/decode/workflow/anchor/ccl-3d-voxel-data-classified; https://w3id.org/h2kg/decode/workflow/anchor/mpl-3d-voxel-data-classified,http://www.w3.org/ns/prov#wasInformedBy,published_confirmed,Both method records declare the dependency and exact reviewed input/output handoff labels are shared.
manual-dependency-0336-b34523c79c,HZB-Mod-image-classification-fib-tomography,INPT-Mod-ionomer-reconstruction-ccl-3d,image-classification-of-fib-tomography-data,ionomer-reconstruction-in-ccl-3d-images,image-classification-of-fib-tomography-data::n4,ionomer-reconstruction-in-ccl-3d-images::n5,input_method; output_method,confirmed_reciprocal,CCL 3D voxel data classified,https://w3id.org/h2kg/decode/workflow/anchor/ccl-3d-voxel-data-classified,http://www.w3.org/ns/prov#wasInformedBy,published_confirmed,Both method records declare the dependency and exact reviewed input/output handoff labels are shared.
manual-dependency-0337-2f8eff5ac5,HZB-Mod-image-classification-fib-tomography,PSI-Mod-voxel-3d-diffusivity-simulation,image-classification-of-fib-tomography-data,voxel-based-3d-effective-diffusivity-simulation,image-classification-of-fib-tomography-data::n4,voxel-based-3d-effective-diffusivity-simulation::n13,input_method; output_method,confirmed_reciprocal,CCL 3D voxel data classified; MPL 3D voxel data classified,https://w3id.org/h2kg/decode/workflow/anchor/ccl-3d-voxel-data-classified; https://w3id.org/h2kg/decode/workflow/anchor/mpl-3d-voxel-data-classified,http://www.w3.org/ns/prov#wasInformedBy,published_confirmed,Both method records declare the dependency and exact reviewed input/output handoff labels are shared.
manual-dependency-0338-3735d388b7,HZB-Mod-image-classification-fib-tomography,PSI-Mod-voxel-3d-electric-conductivity-simulation,image-classification-of-fib-tomography-data,voxel-based-3d-electric-conductiviy-simulation,image-classification-of-fib-tomography-data::n4,voxel-based-3d-electric-conductiviy-simulation::n9,input_method; output_method,confirmed_reciprocal,CCL 3D voxel data classified; MPL 3D voxel data classified,https://w3id.org/h2kg/decode/workflow/anchor/ccl-3d-voxel-data-classified; https://w3id.org/h2kg/decode/workflow/anchor/mpl-3d-voxel-data-classified,http://www.w3.org/ns/prov#wasInformedBy,published_confirmed,Both method records declare the dependency and exact reviewed input/output handoff labels are shared.
manual-dependency-0339-9f9210fa53,HZB-Mod-image-classification-fib-tomography,PSI-Mod-voxel-3d-permability-simulation,image-classification-of-fib-tomography-data,voxel-based-3d-permability-simulation,image-classification-of-fib-tomography-data::n4,voxel-based-3d-permability-simulation::n9,input_method; output_method,confirmed_reciprocal,CCL 3D voxel data classified; MPL 3D voxel data classified,https://w3id.org/h2kg/decode/workflow/anchor/ccl-3d-voxel-data-classified; https://w3id.org/h2kg/decode/workflow/anchor/mpl-3d-voxel-data-classified,http://www.w3.org/ns/prov#wasInformedBy,published_confirmed,Both method records declare the dependency and exact reviewed input/output handoff labels are shared.
manual-dependency-0340-431f356843,HZB-Mod-image-classification-fib-tomography,PSI-Mod-voxel-3d-thermal-conductivity-simulation,image-classification-of-fib-tomography-data,voxel-based-3d-thermal-conductivity-simulation,image-classification-of-fib-tomography-data::n4,voxel-based-3d-thermal-conductivity-simulation::n9,input_method; output_method,confirmed_reciprocal,CCL 3D voxel data classified; MPL 3D voxel data classified,https://w3id.org/h2kg/decode/workflow/anchor/ccl-3d-voxel-data-classified; https://w3id.org/h2kg/decode/workflow/anchor/mpl-3d-voxel-data-classified,http://www.w3.org/ns/prov#wasInformedBy,published_confirmed,Both method records declare the dependency and exact reviewed input/output handoff labels are shared.
manual-dependency-0341-3302bc0f39,HZB-Mod-image-classification-fib-tomography,PSI-Mod-water-retention-simulation,image-classification-of-fib-tomography-data,water-retention-curve-simulation,image-classification-of-fib-tomography-data::n4,water-retention-curve-simulation::n16,input_method; output_method,confirmed_reciprocal,CCL 3D voxel data classified; MPL 3D voxel data classified,https://w3id.org/h2kg/decode/workflow/anchor/ccl-3d-voxel-data-classified; https://w3id.org/h2kg/decode/workflow/anchor/mpl-3d-voxel-data-classified,http://www.w3.org/ns/prov#wasInformedBy,published_confirmed,Both method records declare the dependency and exact reviewed input/output handoff labels are shared.
manual-dependency-0342-cbb99387da,HZB-Mod-image-classification-nm-scale,CEA-Mod-simulation-3d-properties-single-phase,image-classification-on-nm-scale,simulation-of-single-phase-3d-apparent-properties,image-classification-on-nm-scale::n4,simulation-of-single-phase-3d-apparent-properties::n18,input_method; output_method,confirmed_reciprocal,MPL 3D voxel data classified,https://w3id.org/h2kg/decode/workflow/anchor/mpl-3d-voxel-data-classified,http://www.w3.org/ns/prov#wasInformedBy,published_confirmed,Both method records declare the dependency and exact reviewed input/output handoff labels are shared.
manual-dependency-0343-c9d9d11c5f,HZB-Mod-image-classification-nm-scale,CEA-Mod-simulation-3d-properties-two-phase,image-classification-on-nm-scale,simulation-of-two-phase-3d-apparent-properties,image-classification-on-nm-scale::n4,simulation-of-two-phase-3d-apparent-properties::n17,input_method; output_method,confirmed_reciprocal,MPL 3D voxel data classified,https://w3id.org/h2kg/decode/workflow/anchor/mpl-3d-voxel-data-classified,http://www.w3.org/ns/prov#wasInformedBy,published_confirmed,Both method records declare the dependency and exact reviewed input/output handoff labels are shared.
manual-dependency-0344-c18f4f6eb3,HZB-Mod-image-classification-nm-scale,HZB-Mod-image-parameter-extraction-3d-fib-tomography,image-classification-on-nm-scale,image-fib-tomography-dataparameter-extraction-3d,image-classification-on-nm-scale::n4,image-fib-tomography-dataparameter-extraction-3d::n11,input_method; output_method,confirmed_reciprocal,CCL 3D voxel data classified; MPL 3D voxel data classified,https://w3id.org/h2kg/decode/workflow/anchor/ccl-3d-voxel-data-classified; https://w3id.org/h2kg/decode/workflow/anchor/mpl-3d-voxel-data-classified,http://www.w3.org/ns/prov#wasInformedBy,published_confirmed,Both method records declare the dependency and exact reviewed input/output handoff labels are shared.
manual-dependency-0345-b2b955345e,HZB-Mod-image-classification-nm-scale,HZB-Mod-structural-digital-twins-multi-scale-tomographies,image-classification-on-nm-scale,ai-based-generation-of-structural-digital-twins-of-multi-scale-tomographies,image-classification-on-nm-scale::n4,ai-based-generation-of-structural-digital-twins-of-multi-scale-tomographies::n8,input_method; output_method,confirmed_reciprocal,CCL 3D voxel data classified; MPL 3D voxel data classified,https://w3id.org/h2kg/decode/workflow/anchor/ccl-3d-voxel-data-classified; https://w3id.org/h2kg/decode/workflow/anchor/mpl-3d-voxel-data-classified,http://www.w3.org/ns/prov#wasInformedBy,published_confirmed,Both method records declare the dependency and exact reviewed input/output handoff labels are shared.
manual-dependency-0346-946bbb70f9,HZB-Mod-image-classification-nm-scale,INPT-Mod-ionomer-reconstruction-ccl-3d,image-classification-on-nm-scale,ionomer-reconstruction-in-ccl-3d-images,image-classification-on-nm-scale::n4,ionomer-reconstruction-in-ccl-3d-images::n5,input_method; output_method,confirmed_reciprocal,CCL 3D voxel data classified,https://w3id.org/h2kg/decode/workflow/anchor/ccl-3d-voxel-data-classified,http://www.w3.org/ns/prov#wasInformedBy,published_confirmed,Both method records declare the dependency and exact reviewed input/output handoff labels are shared.
manual-dependency-0347-fe2b72ed90,HZB-Mod-image-classification-nm-scale,PSI-Mod-voxel-3d-diffusivity-simulation,image-classification-on-nm-scale,voxel-based-3d-effective-diffusivity-simulation,image-classification-on-nm-scale::n4,voxel-based-3d-effective-diffusivity-simulation::n13,input_method; output_method,confirmed_reciprocal,CCL 3D voxel data classified; MPL 3D voxel data classified,https://w3id.org/h2kg/decode/workflow/anchor/ccl-3d-voxel-data-classified; https://w3id.org/h2kg/decode/workflow/anchor/mpl-3d-voxel-data-classified,http://www.w3.org/ns/prov#wasInformedBy,published_confirmed,Both method records declare the dependency and exact reviewed input/output handoff labels are shared.
manual-dependency-0348-6552370283,HZB-Mod-image-classification-nm-scale,PSI-Mod-voxel-3d-electric-conductivity-simulation,image-classification-on-nm-scale,voxel-based-3d-electric-conductiviy-simulation,image-classification-on-nm-scale::n4,voxel-based-3d-electric-conductiviy-simulation::n9,input_method; output_method,confirmed_reciprocal,CCL 3D voxel data classified; MPL 3D voxel data classified,https://w3id.org/h2kg/decode/workflow/anchor/ccl-3d-voxel-data-classified; https://w3id.org/h2kg/decode/workflow/anchor/mpl-3d-voxel-data-classified,http://www.w3.org/ns/prov#wasInformedBy,published_confirmed,Both method records declare the dependency and exact reviewed input/output handoff labels are shared.
manual-dependency-0349-e988d8935a,HZB-Mod-image-classification-nm-scale,PSI-Mod-voxel-3d-permability-simulation,image-classification-on-nm-scale,voxel-based-3d-permability-simulation,image-classification-on-nm-scale::n4,voxel-based-3d-permability-simulation::n9,input_method; output_method,confirmed_reciprocal,CCL 3D voxel data classified; MPL 3D voxel data classified,https://w3id.org/h2kg/decode/workflow/anchor/ccl-3d-voxel-data-classified; https://w3id.org/h2kg/decode/workflow/anchor/mpl-3d-voxel-data-classified,http://www.w3.org/ns/prov#wasInformedBy,published_confirmed,Both method records declare the dependency and exact reviewed input/output handoff labels are shared.
manual-dependency-0350-25481385fa,HZB-Mod-image-classification-nm-scale,PSI-Mod-voxel-3d-thermal-conductivity-simulation,image-classification-on-nm-scale,voxel-based-3d-thermal-conductivity-simulation,image-classification-on-nm-scale::n4,voxel-based-3d-thermal-conductivity-simulation::n9,input_method; output_method,confirmed_reciprocal,CCL 3D voxel data classified; MPL 3D voxel data classified,https://w3id.org/h2kg/decode/workflow/anchor/ccl-3d-voxel-data-classified; https://w3id.org/h2kg/decode/workflow/anchor/mpl-3d-voxel-data-classified,http://www.w3.org/ns/prov#wasInformedBy,published_confirmed,Both method records declare the dependency and exact reviewed input/output handoff labels are shared.
manual-dependency-0351-4b69d74685,HZB-Mod-image-classification-nm-scale,PSI-Mod-water-retention-simulation,image-classification-on-nm-scale,water-retention-curve-simulation,image-classification-on-nm-scale::n4,water-retention-curve-simulation::n16,input_method; output_method,confirmed_reciprocal,CCL 3D voxel data classified; MPL 3D voxel data classified,https://w3id.org/h2kg/decode/workflow/anchor/ccl-3d-voxel-data-classified; https://w3id.org/h2kg/decode/workflow/anchor/mpl-3d-voxel-data-classified,http://www.w3.org/ns/prov#wasInformedBy,published_confirmed,Both method records declare the dependency and exact reviewed input/output handoff labels are shared.
manual-dependency-0352-aed7eb21e4,HZB-Mod-image-classification-tem,HZB-Mod-image-parameter-extraction-3d-tem,image-classification-on-tem-data,image-tem-data-parameter-extraction-3d,image-classification-on-tem-data::n2,image-tem-data-parameter-extraction-3d::n10,input_method; output_method,confirmed_reciprocal,CCL 3D voxel data classified with ionomer and Pt,https://w3id.org/h2kg/decode/workflow/anchor/ccl-3d-voxel-data-classified-with-ionomer-and-pt-meso,http://www.w3.org/ns/prov#wasInformedBy,published_confirmed,Both method records declare the dependency and exact reviewed input/output handoff labels are shared.
manual-dependency-0353-9945a91174,HZB-Mod-image-classification-tem,INPT-Mod-distribution-contact-angles-ccl-fib-sem-image,image-classification-on-tem-data,distribution-of-contact-angles-in-ccl-fib-sem-image-from-ionomer-reconstruction,image-classification-on-tem-data::n2,distribution-of-contact-angles-in-ccl-fib-sem-image-from-ionomer-reconstruction::n4,input_method; output_method,confirmed_reciprocal,CCL 3D voxel data classified with ionomer and Pt,https://w3id.org/h2kg/decode/workflow/anchor/ccl-3d-voxel-data-classified-with-ionomer-and-pt-meso,http://www.w3.org/ns/prov#wasInformedBy,published_confirmed,Both method records declare the dependency and exact reviewed input/output handoff labels are shared.
manual-dependency-0354-79b9cbc2d3,HZB-Mod-image-classification-tem,image-based-ccl-effective-transport-property-computation-from-numerical-simulations,image-classification-on-tem-data,image-based-ccl-effective-transport-property-computation-from-numerical-simulations,image-classification-on-tem-data::n2,image-based-ccl-effective-transport-property-computation-from-numerical-simulations::n6,output_method,grounded_one_sided,CCL 3D voxel data classified with ionomer and Pt,https://w3id.org/h2kg/decode/workflow/anchor/ccl-3d-voxel-data-classified-with-ionomer-and-pt-meso,http://www.w3.org/ns/prov#wasInformedBy,published_pending_review,One record declares the dependency and an exact reviewed handoff grounds a pending-review link.
manual-dependency-0355-5cebd8bf6c,HZB-Mod-image-classification-x-ray-tomography,CEA-Mod-simulation-3d-properties-single-phase,image-classification-of-x-ray-tomography-data,simulation-of-single-phase-3d-apparent-properties,image-classification-of-x-ray-tomography-data::n12,simulation-of-single-phase-3d-apparent-properties::n18,input_method; output_method,confirmed_reciprocal,GDL substrate 3D voxel data classified,https://w3id.org/h2kg/decode/workflow/anchor/gdl-substrate-3d-voxel-data-classified,http://www.w3.org/ns/prov#wasInformedBy,published_confirmed,Both method records declare the dependency and exact reviewed input/output handoff labels are shared.
manual-dependency-0356-0614d5a736,HZB-Mod-image-classification-x-ray-tomography,CEA-Mod-simulation-3d-properties-two-phase,image-classification-of-x-ray-tomography-data,simulation-of-two-phase-3d-apparent-properties,image-classification-of-x-ray-tomography-data::n12,simulation-of-two-phase-3d-apparent-properties::n17,input_method; output_method,confirmed_reciprocal,GDL substrate 3D voxel data classified,https://w3id.org/h2kg/decode/workflow/anchor/gdl-substrate-3d-voxel-data-classified,http://www.w3.org/ns/prov#wasInformedBy,published_confirmed,Both method records declare the dependency and exact reviewed input/output handoff labels are shared.
manual-dependency-0357-10075cc394,HZB-Mod-image-classification-x-ray-tomography,HZB-Mod-image-parameter-extraction-3d-x-ray-tomography,image-classification-of-x-ray-tomography-data,image-x-ray-tomography-data-parameter-extraction-3d,image-classification-of-x-ray-tomography-data::n12,image-x-ray-tomography-data-parameter-extraction-3d::n17,input_method; output_method,confirmed_reciprocal,GDL substrate 3D voxel data classified; GDL substrate 3D voxel data wet classified; GDL substrate 3D voxel data wet operando classified; MPL X-ray 3D voxel data classified; MPL X-ray 3D voxel data wet classified; MPL X-ray 3D voxel data wet operando classified,https://w3id.org/h2kg/decode/workflow/anchor/gdl-substrate-3d-voxel-data-classified; https://w3id.org/h2kg/decode/workflow/anchor/gdl-substrate-3d-voxel-data-wet-classified-meso; https://w3id.org/h2kg/decode/workflow/anchor/gdl-substrate-3d-voxel-data-wet-operando-classified-meso; https://w3id.org/h2kg/decode/workflow/anchor/mpl-x-ray-3d-voxel-data-classified-meso; https://w3id.org/h2kg/decode/workflow/anchor/mpl-x-ray-3d-voxel-data-wet-classified-meso; https://w3id.org/h2kg/decode/workflow/anchor/mpl-x-ray-3d-voxel-data-wet-operando-classified-meso,http://www.w3.org/ns/prov#wasInformedBy,published_confirmed,Both method records declare the dependency and exact reviewed input/output handoff labels are shared.
manual-dependency-0358-db6090f434,HZB-Mod-image-classification-x-ray-tomography,HZB-Mod-structural-digital-twins-multi-scale-tomographies,image-classification-of-x-ray-tomography-data,ai-based-generation-of-structural-digital-twins-of-multi-scale-tomographies,image-classification-of-x-ray-tomography-data::n12,ai-based-generation-of-structural-digital-twins-of-multi-scale-tomographies::n8,input_method; output_method,confirmed_reciprocal,GDL substrate 3D voxel data classified; GDL substrate 3D voxel data wet classified; GDL substrate 3D voxel data wet operando classified; MPL X-ray 3D voxel data classified; MPL X-ray 3D voxel data wet classified; MPL X-ray 3D voxel data wet operando classified,https://w3id.org/h2kg/decode/workflow/anchor/gdl-substrate-3d-voxel-data-classified; https://w3id.org/h2kg/decode/workflow/anchor/gdl-substrate-3d-voxel-data-wet-classified-meso; https://w3id.org/h2kg/decode/workflow/anchor/gdl-substrate-3d-voxel-data-wet-operando-classified-meso; https://w3id.org/h2kg/decode/workflow/anchor/mpl-x-ray-3d-voxel-data-classified-meso; https://w3id.org/h2kg/decode/workflow/anchor/mpl-x-ray-3d-voxel-data-wet-classified-meso; https://w3id.org/h2kg/decode/workflow/anchor/mpl-x-ray-3d-voxel-data-wet-operando-classified-meso,http://www.w3.org/ns/prov#wasInformedBy,published_confirmed,Both method records declare the dependency and exact reviewed input/output handoff labels are shared.
manual-dependency-0359-be9bd0ca90,HZB-Mod-image-classification-x-ray-tomography,PSI-Mod-voxel-3d-diffusivity-simulation,image-classification-of-x-ray-tomography-data,voxel-based-3d-effective-diffusivity-simulation,image-classification-of-x-ray-tomography-data::n12,voxel-based-3d-effective-diffusivity-simulation::n13,input_method; output_method,confirmed_reciprocal,GDL substrate 3D voxel data classified,https://w3id.org/h2kg/decode/workflow/anchor/gdl-substrate-3d-voxel-data-classified,http://www.w3.org/ns/prov#wasInformedBy,published_confirmed,Both method records declare the dependency and exact reviewed input/output handoff labels are shared.
manual-dependency-0360-21742d0379,HZB-Mod-image-classification-x-ray-tomography,PSI-Mod-voxel-3d-electric-conductivity-simulation,image-classification-of-x-ray-tomography-data,voxel-based-3d-electric-conductiviy-simulation,image-classification-of-x-ray-tomography-data::n12,voxel-based-3d-electric-conductiviy-simulation::n9,input_method; output_method,confirmed_reciprocal,GDL substrate 3D voxel data classified,https://w3id.org/h2kg/decode/workflow/anchor/gdl-substrate-3d-voxel-data-classified,http://www.w3.org/ns/prov#wasInformedBy,published_confirmed,Both method records declare the dependency and exact reviewed input/output handoff labels are shared.
manual-dependency-0361-b8a34e4486,HZB-Mod-image-classification-x-ray-tomography,PSI-Mod-voxel-3d-permability-simulation,image-classification-of-x-ray-tomography-data,voxel-based-3d-permability-simulation,image-classification-of-x-ray-tomography-data::n12,voxel-based-3d-permability-simulation::n9,input_method; output_method,confirmed_reciprocal,GDL substrate 3D voxel data classified,https://w3id.org/h2kg/decode/workflow/anchor/gdl-substrate-3d-voxel-data-classified,http://www.w3.org/ns/prov#wasInformedBy,published_confirmed,Both method records declare the dependency and exact reviewed input/output handoff labels are shared.
manual-dependency-0362-7653eae4a9,HZB-Mod-image-classification-x-ray-tomography,PSI-Mod-voxel-3d-thermal-conductivity-simulation,image-classification-of-x-ray-tomography-data,voxel-based-3d-thermal-conductivity-simulation,image-classification-of-x-ray-tomography-data::n12,voxel-based-3d-thermal-conductivity-simulation::n9,input_method; output_method,confirmed_reciprocal,GDL substrate 3D voxel data classified,https://w3id.org/h2kg/decode/workflow/anchor/gdl-substrate-3d-voxel-data-classified,http://www.w3.org/ns/prov#wasInformedBy,published_confirmed,Both method records declare the dependency and exact reviewed input/output handoff labels are shared.
manual-dependency-0363-93acffedef,HZB-Mod-image-classification-x-ray-tomography,PSI-Mod-water-retention-simulation,image-classification-of-x-ray-tomography-data,water-retention-curve-simulation,image-classification-of-x-ray-tomography-data::n12,water-retention-curve-simulation::n16,input_method; output_method,confirmed_reciprocal,GDL substrate 3D voxel data classified,https://w3id.org/h2kg/decode/workflow/anchor/gdl-substrate-3d-voxel-data-classified,http://www.w3.org/ns/prov#wasInformedBy,published_confirmed,Both method records declare the dependency and exact reviewed input/output handoff labels are shared.
manual-dependency-0364-a254f61c47,HZB-Mod-image-classification-x-ray-tomography,modeling-of-mpl-coating-of-gdl,image-classification-of-x-ray-tomography-data,modeling-of-mpl-coating-of-gdl,image-classification-of-x-ray-tomography-data::n12,modeling-of-mpl-coating-of-gdl::n4,output_method,grounded_one_sided,GDL substrate 3D voxel data classified,https://w3id.org/h2kg/decode/workflow/anchor/gdl-substrate-3d-voxel-data-classified,http://www.w3.org/ns/prov#wasInformedBy,published_pending_review,One record declares the dependency and an exact reviewed handoff grounds a pending-review link.
manual-dependency-0365-54d6333192,HZB-Mod-image-parameter-extraction-2d,BOSCH-Exp-electrical-tlm-characterization-gdl-defined-compression,image-parameter-extraction-2d,electrical-tlm-characterization-of-a-gdl-with-defined-compression,image-parameter-extraction-2d::n18,electrical-tlm-characterization-of-a-gdl-with-defined-compression::n10,input_method; output_method,confirmed_reciprocal,GDL thickness; GDL substrate thickness,https://w3id.org/h2kg/decode/workflow/anchor/gdl-substrate-thickness-component; https://w3id.org/h2kg/hydrogen-ontology#GasDiffusionLayerThickness,http://www.w3.org/ns/prov#wasInformedBy,published_confirmed,Both method records declare the dependency and exact reviewed input/output handoff labels are shared.
manual-dependency-0366-7ffe8543c9,HZB-Mod-image-parameter-extraction-2d,BOSCH-Exp-gas-permeability-gdl-defined-compression,image-parameter-extraction-2d,gas-permeability-of-a-gdl-with-defined-compression,image-parameter-extraction-2d::n18,gas-permeability-of-a-gdl-with-defined-compression::n10,input_method; output_method,confirmed_reciprocal,GDL thickness; GDL substrate thickness,https://w3id.org/h2kg/decode/workflow/anchor/gdl-substrate-thickness-component; https://w3id.org/h2kg/hydrogen-ontology#GasDiffusionLayerThickness,http://www.w3.org/ns/prov#wasInformedBy,published_confirmed,Both method records declare the dependency and exact reviewed input/output handoff labels are shared.
manual-dependency-0367-c5cfa68f6b,HZB-Mod-image-parameter-extraction-2d,BOSCH-Mod-mpl-parameter-estimation-gdl-substrate,image-parameter-extraction-2d,mpl-parameter-estimation-from-gdl-and-substrate-data,image-parameter-extraction-2d::n18,mpl-parameter-estimation-from-gdl-and-substrate-data::n20,input_method; output_method,confirmed_reciprocal,GDL thickness; GDL substrate thickness,https://w3id.org/h2kg/decode/workflow/anchor/gdl-substrate-thickness-component; https://w3id.org/h2kg/hydrogen-ontology#GasDiffusionLayerThickness,http://www.w3.org/ns/prov#wasInformedBy,published_confirmed,Both method records declare the dependency and exact reviewed input/output handoff labels are shared.
manual-dependency-0368-e1bd574387,HZB-Mod-image-parameter-extraction-2d,CEA-Exp-differential-cell-testing,image-parameter-extraction-2d,differential-cell-testing,image-parameter-extraction-2d::n18,differential-cell-testing::n15,input_method; output_method,confirmed_reciprocal,Catalyst loading; CCL thickness,https://w3id.org/h2kg/hydrogen-ontology#CatalystLoading; https://w3id.org/h2kg/hydrogen-ontology#CathodeCatalystLayerThickness,http://www.w3.org/ns/prov#wasInformedBy,published_confirmed,Both method records declare the dependency and exact reviewed input/output handoff labels are shared.
manual-dependency-0369-7df615dbb6,HZB-Mod-image-parameter-extraction-2d,CEA-Mod-europium-2d-mea-model,image-parameter-extraction-2d,cea-mea-model-europium-2d,image-parameter-extraction-2d::n18,cea-mea-model-europium-2d::n72,input_method; output_method,confirmed_reciprocal,Catalyst loading; CCL thickness; GDL substrate thickness; MPL thickness,https://w3id.org/h2kg/decode/workflow/anchor/gdl-substrate-thickness-component; https://w3id.org/h2kg/hydrogen-ontology#CatalystLoading; https://w3id.org/h2kg/hydrogen-ontology#CathodeCatalystLayerThickness; https://w3id.org/h2kg/hydrogen-ontology#MicroporousLayerThickness,http://www.w3.org/ns/prov#wasInformedBy,published_confirmed,Both method records declare the dependency and exact reviewed input/output handoff labels are shared.
manual-dependency-0370-6ab215aa28,HZB-Mod-image-parameter-extraction-2d,CEA-Mod-europium-model-fitting,image-parameter-extraction-2d,fitting-of-the-europium-model,image-parameter-extraction-2d::n18,fitting-of-the-europium-model::n61,input_method; output_method,confirmed_reciprocal,Catalyst loading; CCL thickness; GDL substrate thickness; MPL thickness,https://w3id.org/h2kg/decode/workflow/anchor/gdl-substrate-thickness-component; https://w3id.org/h2kg/hydrogen-ontology#CatalystLoading; https://w3id.org/h2kg/hydrogen-ontology#CathodeCatalystLayerThickness; https://w3id.org/h2kg/hydrogen-ontology#MicroporousLayerThickness,http://www.w3.org/ns/prov#wasInformedBy,published_confirmed,Both method records declare the dependency and exact reviewed input/output handoff labels are shared.
manual-dependency-0371-1ec028e338,HZB-Mod-image-parameter-extraction-2d,CIEMAT-Exp-current-modulated-hydrogen-flow-rate-spectroscopy,image-parameter-extraction-2d,current-modulated-hydrogen-flow-rate-spectroscopy-ch2s,image-parameter-extraction-2d::n18,current-modulated-hydrogen-flow-rate-spectroscopy-ch2s::n14,input_method; output_method,confirmed_reciprocal,GDL substrate thickness; MPL thickness,https://w3id.org/h2kg/decode/workflow/anchor/gdl-substrate-thickness-component; https://w3id.org/h2kg/hydrogen-ontology#MicroporousLayerThickness,http://www.w3.org/ns/prov#wasInformedBy,published_confirmed,Both method records declare the dependency and exact reviewed input/output handoff labels are shared.
manual-dependency-0372-d7e3020969,HZB-Mod-image-parameter-extraction-2d,CIEMAT-Exp-single-cell-polarization-eis,image-parameter-extraction-2d,manual-ciemat-exp-single-cell-polarization-eis,image-parameter-extraction-2d::n18,manual-ciemat-exp-single-cell-polarization-eis::method,output_method,grounded_one_sided,Catalyst loading; CCL thickness,https://w3id.org/h2kg/hydrogen-ontology#CatalystLoading; https://w3id.org/h2kg/hydrogen-ontology#CathodeCatalystLayerThickness,http://www.w3.org/ns/prov#wasInformedBy,published_pending_review,One record declares the dependency and an exact reviewed handoff grounds a pending-review link.
manual-dependency-0373-bcd83b41e7,HZB-Mod-image-parameter-extraction-2d,FZJ-IET-3-Mod-composition-property,image-parameter-extraction-2d,iet-composition-to-property-model,image-parameter-extraction-2d::n18,iet-composition-to-property-model::n12,input_method; output_method,confirmed_reciprocal,Catalyst-support ratio,https://w3id.org/h2kg/decode/workflow/anchor/catalyst-support-ratio-component,http://www.w3.org/ns/prov#wasInformedBy,published_confirmed,Both method records declare the dependency and exact reviewed input/output handoff labels are shared.
manual-dependency-0374-680681fec1,HZB-Mod-image-parameter-extraction-2d,FZJ-IET-3-Mod-diffusivities-tortuosities,image-parameter-extraction-2d,diffusivities-from-tortuosities,image-parameter-extraction-2d::n18,diffusivities-from-tortuosities::n13,input_method; output_method,confirmed_reciprocal,GDL thickness; GDL substrate thickness; MPL thickness,https://w3id.org/h2kg/decode/workflow/anchor/gdl-substrate-thickness-component; https://w3id.org/h2kg/hydrogen-ontology#GasDiffusionLayerThickness; https://w3id.org/h2kg/hydrogen-ontology#MicroporousLayerThickness,http://www.w3.org/ns/prov#wasInformedBy,published_confirmed,Both method records declare the dependency and exact reviewed input/output handoff labels are shared.
manual-dependency-0375-a092bd5dae,HZB-Mod-image-parameter-extraction-2d,FZJ-IET-3-Mod-ink-composition,image-parameter-extraction-2d,iet-ink-to-composition-model,image-parameter-extraction-2d::n18,iet-ink-to-composition-model::n22,input_method; output_method,confirmed_reciprocal,Catalyst loading; Catalyst-support ratio; Catalyst active particle density,https://w3id.org/h2kg/decode/workflow/anchor/catalyst-active-particle-density-material; https://w3id.org/h2kg/decode/workflow/anchor/catalyst-support-ratio-component; https://w3id.org/h2kg/hydrogen-ontology#CatalystLoading,http://www.w3.org/ns/prov#wasInformedBy,published_confirmed,Both method records declare the dependency and exact reviewed input/output handoff labels are shared.
manual-dependency-0376-337c4a640b,HZB-Mod-image-parameter-extraction-2d,FZJ-IET-3-Mod-performance-model-mea-fitting,image-parameter-extraction-2d,iet-1d-performance-model-for-mea-fitting,image-parameter-extraction-2d::n18,iet-1d-performance-model-for-mea-fitting::n13,input_method; output_method,confirmed_reciprocal,CCL thickness; GDL thickness,https://w3id.org/h2kg/hydrogen-ontology#CathodeCatalystLayerThickness; https://w3id.org/h2kg/hydrogen-ontology#GasDiffusionLayerThickness,http://www.w3.org/ns/prov#wasInformedBy,published_confirmed,Both method records declare the dependency and exact reviewed input/output handoff labels are shared.
manual-dependency-0377-d129097349,HZB-Mod-image-parameter-extraction-2d,FZJ-IET-3-Mod-performance-model-mea-prediction,image-parameter-extraction-2d,iet-1d-performance-model-for-mea-prediction,image-parameter-extraction-2d::n18,iet-1d-performance-model-for-mea-prediction::n28,input_method; output_method,confirmed_reciprocal,CCL thickness; GDL thickness,https://w3id.org/h2kg/hydrogen-ontology#CathodeCatalystLayerThickness; https://w3id.org/h2kg/hydrogen-ontology#GasDiffusionLayerThickness,http://www.w3.org/ns/prov#wasInformedBy,published_confirmed,Both method records declare the dependency and exact reviewed input/output handoff labels are shared.
manual-dependency-0378-8a6df5316e,HZB-Mod-image-parameter-extraction-2d,ICPEES-CNRS-Unistra-Exp-eis-nanostructured-electrodes,image-parameter-extraction-2d,eis-on-nanostructured-electrodes,image-parameter-extraction-2d::n18,eis-on-nanostructured-electrodes::n7,input_method; output_method,confirmed_reciprocal,Catalyst loading,https://w3id.org/h2kg/hydrogen-ontology#CatalystLoading,http://www.w3.org/ns/prov#wasInformedBy,published_confirmed,Both method records declare the dependency and exact reviewed input/output handoff labels are shared.
manual-dependency-0379-5836f8a4cd,HZB-Mod-image-parameter-extraction-2d,ICPEES-CNRS-Unistra-PSI-Exp-prism-preparation-atr-ftir,image-parameter-extraction-2d,prism-preparation-for-atr-ftir,image-parameter-extraction-2d::n18,prism-preparation-for-atr-ftir::n8,input_method; output_method,confirmed_reciprocal,Catalyst loading,https://w3id.org/h2kg/hydrogen-ontology#CatalystLoading,http://www.w3.org/ns/prov#wasInformedBy,published_confirmed,Both method records declare the dependency and exact reviewed input/output handoff labels are shared.
manual-dependency-0380-5f639ac475,HZB-Mod-image-parameter-extraction-2d,INPT-Mod-ionomer-reconstruction-ccl-3d,image-parameter-extraction-2d,ionomer-reconstruction-in-ccl-3d-images,image-parameter-extraction-2d::n18,ionomer-reconstruction-in-ccl-3d-images::n5,input_method; output_method,confirmed_reciprocal,Catalyst loading,https://w3id.org/h2kg/hydrogen-ontology#CatalystLoading,http://www.w3.org/ns/prov#wasInformedBy,published_confirmed,Both method records declare the dependency and exact reviewed input/output handoff labels are shared.
manual-dependency-0381-ced3fc21db,HZB-Mod-image-parameter-extraction-2d,0d-particle-population-degradation-model-coupled-with-performance-model-fitting,image-parameter-extraction-2d,0d-particle-population-degradation-model-coupled-with-performance-model-fitting,image-parameter-extraction-2d::n18,0d-particle-population-degradation-model-coupled-with-performance-model-fitting::n15,output_method,grounded_one_sided,CCL thickness; Mass of Pt in the membrane (aged),https://w3id.org/h2kg/decode/workflow/anchor/mass-of-pt-in-the-membrane-aged-component; https://w3id.org/h2kg/hydrogen-ontology#CathodeCatalystLayerThickness,http://www.w3.org/ns/prov#wasInformedBy,published_pending_review,One record declares the dependency and an exact reviewed handoff grounds a pending-review link.
manual-dependency-0382-78afd075e3,HZB-Mod-image-parameter-extraction-2d,0d-particle-population-degradation-model-coupled-with-performance-model-prediction,image-parameter-extraction-2d,0d-particle-population-degradation-model-coupled-with-performance-model-prediction,image-parameter-extraction-2d::n18,0d-particle-population-degradation-model-coupled-with-performance-model-prediction::n32,output_method,grounded_one_sided,Catalyst loading; Catalyst-support ratio; Catalyst active particle density; Catalyst support density; GDL thickness,https://w3id.org/h2kg/decode/workflow/anchor/catalyst-active-particle-density-material; https://w3id.org/h2kg/decode/workflow/anchor/catalyst-support-density-material; https://w3id.org/h2kg/decode/workflow/anchor/catalyst-support-ratio-component; https://w3id.org/h2kg/hydrogen-ontology#CatalystLoading; https://w3id.org/h2kg/hydrogen-ontology#GasDiffusionLayerThickness,http://www.w3.org/ns/prov#wasInformedBy,published_pending_review,One record declares the dependency and an exact reviewed handoff grounds a pending-review link.
manual-dependency-0383-987ef9f615,HZB-Mod-image-parameter-extraction-2d,accelerated-stress-test-ast-on-nanostructured-electrodes,image-parameter-extraction-2d,accelerated-stress-test-ast-on-nanostructured-electrodes,image-parameter-extraction-2d::n18,accelerated-stress-test-ast-on-nanostructured-electrodes::n7,output_method,grounded_one_sided,Catalyst loading,https://w3id.org/h2kg/hydrogen-ontology#CatalystLoading,http://www.w3.org/ns/prov#wasInformedBy,published_pending_review,One record declares the dependency and an exact reviewed handoff grounds a pending-review link.
manual-dependency-0384-6aa65f43cf,HZB-Mod-image-parameter-extraction-2d,electrical-conductivity,image-parameter-extraction-2d,electrical-conductivity,image-parameter-extraction-2d::n18,electrical-conductivity::n10,output_method,grounded_one_sided,GDL thickness,https://w3id.org/h2kg/hydrogen-ontology#GasDiffusionLayerThickness,http://www.w3.org/ns/prov#wasInformedBy,published_pending_review,One record declares the dependency and an exact reviewed handoff grounds a pending-review link.
manual-dependency-0385-6b9a6305ae,HZB-Mod-image-parameter-extraction-2d,electrical-contact-resistance,image-parameter-extraction-2d,electrical-contact-resistance,image-parameter-extraction-2d::n18,electrical-contact-resistance::n11,output_method,grounded_one_sided,GDL thickness,https://w3id.org/h2kg/hydrogen-ontology#GasDiffusionLayerThickness,http://www.w3.org/ns/prov#wasInformedBy,published_pending_review,One record declares the dependency and an exact reviewed handoff grounds a pending-review link.
manual-dependency-0386-2267c66846,HZB-Mod-image-parameter-extraction-2d,iet-1d-mea-with-water-transport-eis-model,image-parameter-extraction-2d,iet-1d-mea-with-water-transport-eis-model,image-parameter-extraction-2d::n18,iet-1d-mea-with-water-transport-eis-model::n24,output_method,grounded_one_sided,CCL thickness; GDL thickness,https://w3id.org/h2kg/hydrogen-ontology#CathodeCatalystLayerThickness; https://w3id.org/h2kg/hydrogen-ontology#GasDiffusionLayerThickness,http://www.w3.org/ns/prov#wasInformedBy,published_pending_review,One record declares the dependency and an exact reviewed handoff grounds a pending-review link.
manual-dependency-0387-44f4148d66,HZB-Mod-image-parameter-extraction-2d,iet-1d-mea-with-water-transport-in-ccl-eis-model,image-parameter-extraction-2d,iet-1d-mea-with-water-transport-in-ccl-eis-model,image-parameter-extraction-2d::n18,iet-1d-mea-with-water-transport-in-ccl-eis-model::n19,output_method,grounded_one_sided,CCL thickness; GDL thickness,https://w3id.org/h2kg/hydrogen-ontology#CathodeCatalystLayerThickness; https://w3id.org/h2kg/hydrogen-ontology#GasDiffusionLayerThickness,http://www.w3.org/ns/prov#wasInformedBy,published_pending_review,One record declares the dependency and an exact reviewed handoff grounds a pending-review link.
manual-dependency-0388-5299f3617d,HZB-Mod-image-parameter-extraction-2d,irras-operando-or-in-situ-ftir,image-parameter-extraction-2d,irras-operando-or-in-situ-ftir,image-parameter-extraction-2d::n18,irras-operando-or-in-situ-ftir::n8,output_method,grounded_one_sided,Catalyst loading,https://w3id.org/h2kg/hydrogen-ontology#CatalystLoading,http://www.w3.org/ns/prov#wasInformedBy,published_pending_review,One record declares the dependency and an exact reviewed handoff grounds a pending-review link.
manual-dependency-0389-ba938432c9,HZB-Mod-image-parameter-extraction-2d,model-electrochemistry-in-a-rde-cell,image-parameter-extraction-2d,model-electrochemistry-in-a-rde-cell,image-parameter-extraction-2d::n18,model-electrochemistry-in-a-rde-cell::n10,output_method,grounded_one_sided,Catalyst loading,https://w3id.org/h2kg/hydrogen-ontology#CatalystLoading,http://www.w3.org/ns/prov#wasInformedBy,published_pending_review,One record declares the dependency and an exact reviewed handoff grounds a pending-review link.
manual-dependency-0390-442819ad22,HZB-Mod-image-parameter-extraction-2d,rotating-ring-disk-electrode-rrde,image-parameter-extraction-2d,rotating-ring-disk-electrode-rrde,image-parameter-extraction-2d::n18,rotating-ring-disk-electrode-rrde::n11,output_method,grounded_one_sided,Catalyst loading,https://w3id.org/h2kg/hydrogen-ontology#CatalystLoading,http://www.w3.org/ns/prov#wasInformedBy,published_pending_review,One record declares the dependency and an exact reviewed handoff grounds a pending-review link.
manual-dependency-0391-3569dc0764,HZB-Mod-image-parameter-extraction-3d-fib-tomography,CEA-Exp-differential-cell-testing,image-fib-tomography-dataparameter-extraction-3d,differential-cell-testing,image-fib-tomography-dataparameter-extraction-3d::n11,differential-cell-testing::n15,input_method; output_method,confirmed_reciprocal,Catalyst loading; CCL thickness,https://w3id.org/h2kg/hydrogen-ontology#CatalystLoading; https://w3id.org/h2kg/hydrogen-ontology#CathodeCatalystLayerThickness,http://www.w3.org/ns/prov#wasInformedBy,published_confirmed,Both method records declare the dependency and exact reviewed input/output handoff labels are shared.
manual-dependency-0392-afcaf70a34,HZB-Mod-image-parameter-extraction-3d-fib-tomography,CEA-Mod-europium-2d-mea-model,image-fib-tomography-dataparameter-extraction-3d,cea-mea-model-europium-2d,image-fib-tomography-dataparameter-extraction-3d::n11,cea-mea-model-europium-2d::n72,input_method; output_method,confirmed_reciprocal,Catalyst loading; CCL thickness; MPL thickness,https://w3id.org/h2kg/hydrogen-ontology#CatalystLoading; https://w3id.org/h2kg/hydrogen-ontology#CathodeCatalystLayerThickness; https://w3id.org/h2kg/hydrogen-ontology#MicroporousLayerThickness,http://www.w3.org/ns/prov#wasInformedBy,published_confirmed,Both method records declare the dependency and exact reviewed input/output handoff labels are shared.
manual-dependency-0393-cf76f6e05c,HZB-Mod-image-parameter-extraction-3d-fib-tomography,CEA-Mod-europium-model-fitting,image-fib-tomography-dataparameter-extraction-3d,fitting-of-the-europium-model,image-fib-tomography-dataparameter-extraction-3d::n11,fitting-of-the-europium-model::n61,input_method; output_method,confirmed_reciprocal,Catalyst loading; CCL thickness; MPL thickness,https://w3id.org/h2kg/hydrogen-ontology#CatalystLoading; https://w3id.org/h2kg/hydrogen-ontology#CathodeCatalystLayerThickness; https://w3id.org/h2kg/hydrogen-ontology#MicroporousLayerThickness,http://www.w3.org/ns/prov#wasInformedBy,published_confirmed,Both method records declare the dependency and exact reviewed input/output handoff labels are shared.
manual-dependency-0394-c1b8c95f6f,HZB-Mod-image-parameter-extraction-3d-fib-tomography,CIEMAT-Exp-current-modulated-hydrogen-flow-rate-spectroscopy,image-fib-tomography-dataparameter-extraction-3d,current-modulated-hydrogen-flow-rate-spectroscopy-ch2s,image-fib-tomography-dataparameter-extraction-3d::n11,current-modulated-hydrogen-flow-rate-spectroscopy-ch2s::n14,input_method; output_method,confirmed_reciprocal,MPL thickness,https://w3id.org/h2kg/hydrogen-ontology#MicroporousLayerThickness,http://www.w3.org/ns/prov#wasInformedBy,published_confirmed,Both method records declare the dependency and exact reviewed input/output handoff labels are shared.
manual-dependency-0395-408ee27b27,HZB-Mod-image-parameter-extraction-3d-fib-tomography,CIEMAT-Exp-single-cell-polarization-eis,image-fib-tomography-dataparameter-extraction-3d,manual-ciemat-exp-single-cell-polarization-eis,image-fib-tomography-dataparameter-extraction-3d::n11,manual-ciemat-exp-single-cell-polarization-eis::method,output_method,grounded_one_sided,Catalyst loading; CCL thickness,https://w3id.org/h2kg/hydrogen-ontology#CatalystLoading; https://w3id.org/h2kg/hydrogen-ontology#CathodeCatalystLayerThickness,http://www.w3.org/ns/prov#wasInformedBy,published_pending_review,One record declares the dependency and an exact reviewed handoff grounds a pending-review link.
manual-dependency-0396-98f9127f6a,HZB-Mod-image-parameter-extraction-3d-fib-tomography,FZJ-IET-3-Mod-composition-property,image-fib-tomography-dataparameter-extraction-3d,iet-composition-to-property-model,image-fib-tomography-dataparameter-extraction-3d::n11,iet-composition-to-property-model::n12,input_method; output_method,confirmed_reciprocal,Catalyst-support ratio,https://w3id.org/h2kg/decode/workflow/anchor/catalyst-support-ratio-component,http://www.w3.org/ns/prov#wasInformedBy,published_confirmed,Both method records declare the dependency and exact reviewed input/output handoff labels are shared.
manual-dependency-0397-5f63f3f205,HZB-Mod-image-parameter-extraction-3d-fib-tomography,FZJ-IET-3-Mod-diffusivities-tortuosities,image-fib-tomography-dataparameter-extraction-3d,diffusivities-from-tortuosities,image-fib-tomography-dataparameter-extraction-3d::n11,diffusivities-from-tortuosities::n13,input_method; output_method,confirmed_reciprocal,MPL thickness,https://w3id.org/h2kg/hydrogen-ontology#MicroporousLayerThickness,http://www.w3.org/ns/prov#wasInformedBy,published_confirmed,Both method records declare the dependency and exact reviewed input/output handoff labels are shared.
manual-dependency-0398-74fae1f069,HZB-Mod-image-parameter-extraction-3d-fib-tomography,FZJ-IET-3-Mod-ink-composition,image-fib-tomography-dataparameter-extraction-3d,iet-ink-to-composition-model,image-fib-tomography-dataparameter-extraction-3d::n11,iet-ink-to-composition-model::n22,input_method; output_method,confirmed_reciprocal,Catalyst loading; Catalyst-support ratio; Catalyst active particle density,https://w3id.org/h2kg/decode/workflow/anchor/catalyst-active-particle-density-material; https://w3id.org/h2kg/decode/workflow/anchor/catalyst-support-ratio-component; https://w3id.org/h2kg/hydrogen-ontology#CatalystLoading,http://www.w3.org/ns/prov#wasInformedBy,published_confirmed,Both method records declare the dependency and exact reviewed input/output handoff labels are shared.
manual-dependency-0399-b3943cdabd,HZB-Mod-image-parameter-extraction-3d-fib-tomography,FZJ-IET-3-Mod-performance-model-mea-fitting,image-fib-tomography-dataparameter-extraction-3d,iet-1d-performance-model-for-mea-fitting,image-fib-tomography-dataparameter-extraction-3d::n11,iet-1d-performance-model-for-mea-fitting::n13,input_method; output_method,confirmed_reciprocal,CCL thickness,https://w3id.org/h2kg/hydrogen-ontology#CathodeCatalystLayerThickness,http://www.w3.org/ns/prov#wasInformedBy,published_confirmed,Both method records declare the dependency and exact reviewed input/output handoff labels are shared.
manual-dependency-0400-f7399fb96f,HZB-Mod-image-parameter-extraction-3d-fib-tomography,FZJ-IET-3-Mod-performance-model-mea-prediction,image-fib-tomography-dataparameter-extraction-3d,iet-1d-performance-model-for-mea-prediction,image-fib-tomography-dataparameter-extraction-3d::n11,iet-1d-performance-model-for-mea-prediction::n28,input_method; output_method,confirmed_reciprocal,CCL thickness,https://w3id.org/h2kg/hydrogen-ontology#CathodeCatalystLayerThickness,http://www.w3.org/ns/prov#wasInformedBy,published_confirmed,Both method records declare the dependency and exact reviewed input/output handoff labels are shared.
manual-dependency-0401-f6b875f257,HZB-Mod-image-parameter-extraction-3d-fib-tomography,ICPEES-CNRS-Unistra-Exp-eis-nanostructured-electrodes,image-fib-tomography-dataparameter-extraction-3d,eis-on-nanostructured-electrodes,image-fib-tomography-dataparameter-extraction-3d::n11,eis-on-nanostructured-electrodes::n7,input_method; output_method,confirmed_reciprocal,Catalyst loading,https://w3id.org/h2kg/hydrogen-ontology#CatalystLoading,http://www.w3.org/ns/prov#wasInformedBy,published_confirmed,Both method records declare the dependency and exact reviewed input/output handoff labels are shared.
manual-dependency-0402-de8710adf7,HZB-Mod-image-parameter-extraction-3d-fib-tomography,ICPEES-CNRS-Unistra-PSI-Exp-prism-preparation-atr-ftir,image-fib-tomography-dataparameter-extraction-3d,prism-preparation-for-atr-ftir,image-fib-tomography-dataparameter-extraction-3d::n11,prism-preparation-for-atr-ftir::n8,input_method; output_method,confirmed_reciprocal,Catalyst loading,https://w3id.org/h2kg/hydrogen-ontology#CatalystLoading,http://www.w3.org/ns/prov#wasInformedBy,published_confirmed,Both method records declare the dependency and exact reviewed input/output handoff labels are shared.
manual-dependency-0403-fc60b23779,HZB-Mod-image-parameter-extraction-3d-fib-tomography,INPT-Mod-ionomer-reconstruction-ccl-3d,image-fib-tomography-dataparameter-extraction-3d,ionomer-reconstruction-in-ccl-3d-images,image-fib-tomography-dataparameter-extraction-3d::n11,ionomer-reconstruction-in-ccl-3d-images::n5,input_method; output_method,confirmed_reciprocal,Catalyst loading,https://w3id.org/h2kg/hydrogen-ontology#CatalystLoading,http://www.w3.org/ns/prov#wasInformedBy,published_confirmed,Both method records declare the dependency and exact reviewed input/output handoff labels are shared.
manual-dependency-0404-1e33de9071,HZB-Mod-image-parameter-extraction-3d-fib-tomography,0d-particle-population-degradation-model-coupled-with-performance-model-fitting,image-fib-tomography-dataparameter-extraction-3d,0d-particle-population-degradation-model-coupled-with-performance-model-fitting,image-fib-tomography-dataparameter-extraction-3d::n11,0d-particle-population-degradation-model-coupled-with-performance-model-fitting::n15,output_method,grounded_one_sided,CCL thickness; Mass of Pt in the membrane (aged),https://w3id.org/h2kg/decode/workflow/anchor/mass-of-pt-in-the-membrane-aged-component; https://w3id.org/h2kg/hydrogen-ontology#CathodeCatalystLayerThickness,http://www.w3.org/ns/prov#wasInformedBy,published_pending_review,One record declares the dependency and an exact reviewed handoff grounds a pending-review link.
manual-dependency-0405-6cc2727906,HZB-Mod-image-parameter-extraction-3d-fib-tomography,0d-particle-population-degradation-model-coupled-with-performance-model-prediction,image-fib-tomography-dataparameter-extraction-3d,0d-particle-population-degradation-model-coupled-with-performance-model-prediction,image-fib-tomography-dataparameter-extraction-3d::n11,0d-particle-population-degradation-model-coupled-with-performance-model-prediction::n32,output_method,grounded_one_sided,Catalyst loading; Catalyst-support ratio; Catalyst active particle density; Catalyst support density,https://w3id.org/h2kg/decode/workflow/anchor/catalyst-active-particle-density-material; https://w3id.org/h2kg/decode/workflow/anchor/catalyst-support-density-material; https://w3id.org/h2kg/decode/workflow/anchor/catalyst-support-ratio-component; https://w3id.org/h2kg/hydrogen-ontology#CatalystLoading,http://www.w3.org/ns/prov#wasInformedBy,published_pending_review,One record declares the dependency and an exact reviewed handoff grounds a pending-review link.
manual-dependency-0406-7654f484d9,HZB-Mod-image-parameter-extraction-3d-fib-tomography,accelerated-stress-test-ast-on-nanostructured-electrodes,image-fib-tomography-dataparameter-extraction-3d,accelerated-stress-test-ast-on-nanostructured-electrodes,image-fib-tomography-dataparameter-extraction-3d::n11,accelerated-stress-test-ast-on-nanostructured-electrodes::n7,output_method,grounded_one_sided,Catalyst loading,https://w3id.org/h2kg/hydrogen-ontology#CatalystLoading,http://www.w3.org/ns/prov#wasInformedBy,published_pending_review,One record declares the dependency and an exact reviewed handoff grounds a pending-review link.
manual-dependency-0407-02ed4795fa,HZB-Mod-image-parameter-extraction-3d-fib-tomography,iet-1d-mea-with-water-transport-eis-model,image-fib-tomography-dataparameter-extraction-3d,iet-1d-mea-with-water-transport-eis-model,image-fib-tomography-dataparameter-extraction-3d::n11,iet-1d-mea-with-water-transport-eis-model::n24,output_method,grounded_one_sided,CCL thickness,https://w3id.org/h2kg/hydrogen-ontology#CathodeCatalystLayerThickness,http://www.w3.org/ns/prov#wasInformedBy,published_pending_review,One record declares the dependency and an exact reviewed handoff grounds a pending-review link.
manual-dependency-0408-a404240b74,HZB-Mod-image-parameter-extraction-3d-fib-tomography,iet-1d-mea-with-water-transport-in-ccl-eis-model,image-fib-tomography-dataparameter-extraction-3d,iet-1d-mea-with-water-transport-in-ccl-eis-model,image-fib-tomography-dataparameter-extraction-3d::n11,iet-1d-mea-with-water-transport-in-ccl-eis-model::n19,output_method,grounded_one_sided,CCL thickness,https://w3id.org/h2kg/hydrogen-ontology#CathodeCatalystLayerThickness,http://www.w3.org/ns/prov#wasInformedBy,published_pending_review,One record declares the dependency and an exact reviewed handoff grounds a pending-review link.
manual-dependency-0409-9d358ce636,HZB-Mod-image-parameter-extraction-3d-fib-tomography,irras-operando-or-in-situ-ftir,image-fib-tomography-dataparameter-extraction-3d,irras-operando-or-in-situ-ftir,image-fib-tomography-dataparameter-extraction-3d::n11,irras-operando-or-in-situ-ftir::n8,output_method,grounded_one_sided,Catalyst loading,https://w3id.org/h2kg/hydrogen-ontology#CatalystLoading,http://www.w3.org/ns/prov#wasInformedBy,published_pending_review,One record declares the dependency and an exact reviewed handoff grounds a pending-review link.
manual-dependency-0410-653bb34eca,HZB-Mod-image-parameter-extraction-3d-fib-tomography,model-electrochemistry-in-a-rde-cell,image-fib-tomography-dataparameter-extraction-3d,model-electrochemistry-in-a-rde-cell,image-fib-tomography-dataparameter-extraction-3d::n11,model-electrochemistry-in-a-rde-cell::n10,output_method,grounded_one_sided,Catalyst loading,https://w3id.org/h2kg/hydrogen-ontology#CatalystLoading,http://www.w3.org/ns/prov#wasInformedBy,published_pending_review,One record declares the dependency and an exact reviewed handoff grounds a pending-review link.
manual-dependency-0411-d8b141f0b2,HZB-Mod-image-parameter-extraction-3d-fib-tomography,rotating-ring-disk-electrode-rrde,image-fib-tomography-dataparameter-extraction-3d,rotating-ring-disk-electrode-rrde,image-fib-tomography-dataparameter-extraction-3d::n11,rotating-ring-disk-electrode-rrde::n11,output_method,grounded_one_sided,Catalyst loading,https://w3id.org/h2kg/hydrogen-ontology#CatalystLoading,http://www.w3.org/ns/prov#wasInformedBy,published_pending_review,One record declares the dependency and an exact reviewed handoff grounds a pending-review link.
manual-dependency-0412-61f11f276d,HZB-Mod-image-parameter-extraction-3d-tem,FZJ-IET-3-Mod-composition-property,image-tem-data-parameter-extraction-3d,iet-composition-to-property-model,image-tem-data-parameter-extraction-3d::n10,iet-composition-to-property-model::n12,input_method; output_method,confirmed_reciprocal,Catalyst-support ratio; CCL structural parameters,https://w3id.org/h2kg/decode/workflow/anchor/catalyst-support-ratio-component; https://w3id.org/h2kg/decode/workflow/anchor/ccl-structural-parameters-component,http://www.w3.org/ns/prov#wasInformedBy,published_confirmed,Both method records declare the dependency and exact reviewed input/output handoff labels are shared.
manual-dependency-0413-be1b3e78fa,HZB-Mod-image-parameter-extraction-3d-tem,FZJ-IET-3-Mod-ink-composition,image-tem-data-parameter-extraction-3d,iet-ink-to-composition-model,image-tem-data-parameter-extraction-3d::n10,iet-ink-to-composition-model::n22,input_method; output_method,confirmed_reciprocal,Catalyst-support ratio; Catalyst active particle diameter; Catalyst active particle density,https://w3id.org/h2kg/decode/workflow/anchor/catalyst-active-particle-density-material; https://w3id.org/h2kg/decode/workflow/anchor/catalyst-active-particle-diameter-material; https://w3id.org/h2kg/decode/workflow/anchor/catalyst-support-ratio-component,http://www.w3.org/ns/prov#wasInformedBy,published_confirmed,Both method records declare the dependency and exact reviewed input/output handoff labels are shared.
manual-dependency-0414-7dbd618705,HZB-Mod-image-parameter-extraction-3d-tem,0d-particle-population-degradation-model-coupled-with-performance-model-prediction,image-tem-data-parameter-extraction-3d,0d-particle-population-degradation-model-coupled-with-performance-model-prediction,image-tem-data-parameter-extraction-3d::n10,0d-particle-population-degradation-model-coupled-with-performance-model-prediction::n32,output_method,grounded_one_sided,Catalyst-support ratio; Catalyst active particle density; Catalyst active particle radius distribution,https://w3id.org/h2kg/decode/workflow/anchor/catalyst-active-particle-density-material; https://w3id.org/h2kg/decode/workflow/anchor/catalyst-active-particle-radius-distribution-material; https://w3id.org/h2kg/decode/workflow/anchor/catalyst-support-ratio-component,http://www.w3.org/ns/prov#wasInformedBy,published_pending_review,One record declares the dependency and an exact reviewed handoff grounds a pending-review link.
manual-dependency-0415-7864f498e1,HZB-Mod-image-parameter-extraction-3d-tem,0d-particle-population-degradation-model-prediction,image-tem-data-parameter-extraction-3d,0d-particle-population-degradation-model-prediction,image-tem-data-parameter-extraction-3d::n10,0d-particle-population-degradation-model-prediction::n9,output_method,grounded_one_sided,Catalyst active particle radius distribution,https://w3id.org/h2kg/decode/workflow/anchor/catalyst-active-particle-radius-distribution-material,http://www.w3.org/ns/prov#wasInformedBy,published_pending_review,One record declares the dependency and an exact reviewed handoff grounds a pending-review link.
manual-dependency-0416-18b6b00e0a,HZB-Mod-image-parameter-extraction-3d-x-ray-tomography,BOSCH-Exp-electrical-tlm-characterization-gdl-defined-compression,image-x-ray-tomography-data-parameter-extraction-3d,electrical-tlm-characterization-of-a-gdl-with-defined-compression,image-x-ray-tomography-data-parameter-extraction-3d::n17,electrical-tlm-characterization-of-a-gdl-with-defined-compression::n10,input_method; output_method,confirmed_reciprocal,GDL substrate thickness,https://w3id.org/h2kg/decode/workflow/anchor/gdl-substrate-thickness-component,http://www.w3.org/ns/prov#wasInformedBy,published_confirmed,Both method records declare the dependency and exact reviewed input/output handoff labels are shared.
manual-dependency-0417-6f1a2403ce,HZB-Mod-image-parameter-extraction-3d-x-ray-tomography,BOSCH-Exp-gas-permeability-gdl-defined-compression,image-x-ray-tomography-data-parameter-extraction-3d,gas-permeability-of-a-gdl-with-defined-compression,image-x-ray-tomography-data-parameter-extraction-3d::n17,gas-permeability-of-a-gdl-with-defined-compression::n10,input_method; output_method,confirmed_reciprocal,GDL substrate thickness,https://w3id.org/h2kg/decode/workflow/anchor/gdl-substrate-thickness-component,http://www.w3.org/ns/prov#wasInformedBy,published_confirmed,Both method records declare the dependency and exact reviewed input/output handoff labels are shared.
manual-dependency-0418-544d270c11,HZB-Mod-image-parameter-extraction-3d-x-ray-tomography,BOSCH-Mod-mpl-parameter-estimation-gdl-substrate,image-x-ray-tomography-data-parameter-extraction-3d,mpl-parameter-estimation-from-gdl-and-substrate-data,image-x-ray-tomography-data-parameter-extraction-3d::n17,mpl-parameter-estimation-from-gdl-and-substrate-data::n20,input_method; output_method,confirmed_reciprocal,GDL substrate thickness; GDL substrate porosity; GDL substrate pore size distribution,https://w3id.org/h2kg/decode/workflow/anchor/gdl-substrate-pore-size-distribution-component; https://w3id.org/h2kg/decode/workflow/anchor/gdl-substrate-porosity-component; https://w3id.org/h2kg/decode/workflow/anchor/gdl-substrate-thickness-component,http://www.w3.org/ns/prov#wasInformedBy,published_confirmed,Both method records declare the dependency and exact reviewed input/output handoff labels are shared.
manual-dependency-0419-168a97f69c,HZB-Mod-image-parameter-extraction-3d-x-ray-tomography,CEA-Mod-europium-2d-mea-model,image-x-ray-tomography-data-parameter-extraction-3d,cea-mea-model-europium-2d,image-x-ray-tomography-data-parameter-extraction-3d::n17,cea-mea-model-europium-2d::n72,input_method; output_method,confirmed_reciprocal,GDL substrate thickness; MPL thickness; GDL substrate porosity; GDL substrate average pore radius; GDL substrate water retention curve,https://w3id.org/h2kg/decode/workflow/anchor/gdl-substrate-average-pore-radius-component; https://w3id.org/h2kg/decode/workflow/anchor/gdl-substrate-porosity-component; https://w3id.org/h2kg/decode/workflow/anchor/gdl-substrate-thickness-component; https://w3id.org/h2kg/decode/workflow/anchor/gdl-substrate-water-retention-curve-component; https://w3id.org/h2kg/hydrogen-ontology#MicroporousLayerThickness,http://www.w3.org/ns/prov#wasInformedBy,published_confirmed,Both method records declare the dependency and exact reviewed input/output handoff labels are shared.
manual-dependency-0420-b39bff363c,HZB-Mod-image-parameter-extraction-3d-x-ray-tomography,CEA-Mod-europium-model-fitting,image-x-ray-tomography-data-parameter-extraction-3d,fitting-of-the-europium-model,image-x-ray-tomography-data-parameter-extraction-3d::n17,fitting-of-the-europium-model::n61,input_method; output_method,confirmed_reciprocal,GDL substrate thickness; MPL thickness; GDL substrate porosity; GDL substrate average pore radius; GDL substrate water retention curve,https://w3id.org/h2kg/decode/workflow/anchor/gdl-substrate-average-pore-radius-component; https://w3id.org/h2kg/decode/workflow/anchor/gdl-substrate-porosity-component; https://w3id.org/h2kg/decode/workflow/anchor/gdl-substrate-thickness-component; https://w3id.org/h2kg/decode/workflow/anchor/gdl-substrate-water-retention-curve-component; https://w3id.org/h2kg/hydrogen-ontology#MicroporousLayerThickness,http://www.w3.org/ns/prov#wasInformedBy,published_confirmed,Both method records declare the dependency and exact reviewed input/output handoff labels are shared.
manual-dependency-0421-f8c4aee408,HZB-Mod-image-parameter-extraction-3d-x-ray-tomography,CIEMAT-Exp-current-modulated-hydrogen-flow-rate-spectroscopy,image-x-ray-tomography-data-parameter-extraction-3d,current-modulated-hydrogen-flow-rate-spectroscopy-ch2s,image-x-ray-tomography-data-parameter-extraction-3d::n17,current-modulated-hydrogen-flow-rate-spectroscopy-ch2s::n14,input_method; output_method,confirmed_reciprocal,GDL substrate thickness; MPL thickness; GDL substrate porosity,https://w3id.org/h2kg/decode/workflow/anchor/gdl-substrate-porosity-component; https://w3id.org/h2kg/decode/workflow/anchor/gdl-substrate-thickness-component; https://w3id.org/h2kg/hydrogen-ontology#MicroporousLayerThickness,http://www.w3.org/ns/prov#wasInformedBy,published_confirmed,Both method records declare the dependency and exact reviewed input/output handoff labels are shared.
manual-dependency-0422-ac43d6fe0c,HZB-Mod-image-parameter-extraction-3d-x-ray-tomography,FZJ-IET-3-Mod-diffusivities-tortuosities,image-x-ray-tomography-data-parameter-extraction-3d,diffusivities-from-tortuosities,image-x-ray-tomography-data-parameter-extraction-3d::n17,diffusivities-from-tortuosities::n13,input_method; output_method,confirmed_reciprocal,GDL substrate thickness; MPL thickness; GDL substrate porosity,https://w3id.org/h2kg/decode/workflow/anchor/gdl-substrate-porosity-component; https://w3id.org/h2kg/decode/workflow/anchor/gdl-substrate-thickness-component; https://w3id.org/h2kg/hydrogen-ontology#MicroporousLayerThickness,http://www.w3.org/ns/prov#wasInformedBy,published_confirmed,Both method records declare the dependency and exact reviewed input/output handoff labels are shared.
manual-dependency-0423-e0ee780dc0,HZB-Mod-image-parameter-extraction-3d-x-ray-tomography,FZJ-IET-3-Mod-performance-model-mea-prediction,image-x-ray-tomography-data-parameter-extraction-3d,iet-1d-performance-model-for-mea-prediction,image-x-ray-tomography-data-parameter-extraction-3d::n17,iet-1d-performance-model-for-mea-prediction::n28,input_method; output_method,confirmed_reciprocal,GDL substrate water retention curve,https://w3id.org/h2kg/decode/workflow/anchor/gdl-substrate-water-retention-curve-component,http://www.w3.org/ns/prov#wasInformedBy,published_confirmed,Both method records declare the dependency and exact reviewed input/output handoff labels are shared.
manual-dependency-0424-6655faf0b7,HZB-Mod-image-parameter-extraction-3d-x-ray-tomography,electrical-conductivity,image-x-ray-tomography-data-parameter-extraction-3d,electrical-conductivity,image-x-ray-tomography-data-parameter-extraction-3d::n17,electrical-conductivity::n10,output_method,ungrounded_one_sided,,,http://www.w3.org/ns/prov#wasInformedBy,audit_only,One-sided declaration lacks an exact reviewed handoff and is retained for audit only.
manual-dependency-0425-9fffe41c8f,HZB-Mod-image-parameter-extraction-3d-x-ray-tomography,electrical-contact-resistance,image-x-ray-tomography-data-parameter-extraction-3d,electrical-contact-resistance,image-x-ray-tomography-data-parameter-extraction-3d::n17,electrical-contact-resistance::n11,output_method,ungrounded_one_sided,,,http://www.w3.org/ns/prov#wasInformedBy,audit_only,One-sided declaration lacks an exact reviewed handoff and is retained for audit only.
manual-dependency-0426-cd14d61340,HZB-Mod-image-parameter-extraction-3d-x-ray-tomography,iet-1d-mea-with-water-transport-eis-model,image-x-ray-tomography-data-parameter-extraction-3d,iet-1d-mea-with-water-transport-eis-model,image-x-ray-tomography-data-parameter-extraction-3d::n17,iet-1d-mea-with-water-transport-eis-model::n24,output_method,grounded_one_sided,GDL substrate water retention curve,https://w3id.org/h2kg/decode/workflow/anchor/gdl-substrate-water-retention-curve-component,http://www.w3.org/ns/prov#wasInformedBy,published_pending_review,One record declares the dependency and an exact reviewed handoff grounds a pending-review link.
manual-dependency-0427-db6e58fdd8,HZB-Mod-structural-digital-twins-multi-scale-tomographies,CEA-Mod-simulation-3d-properties-single-phase,ai-based-generation-of-structural-digital-twins-of-multi-scale-tomographies,simulation-of-single-phase-3d-apparent-properties,ai-based-generation-of-structural-digital-twins-of-multi-scale-tomographies::n8,simulation-of-single-phase-3d-apparent-properties::n18,input_method; output_method,confirmed_reciprocal,MPL 3D voxel data classified; GDL substrate 3D voxel data classified,https://w3id.org/h2kg/decode/workflow/anchor/gdl-substrate-3d-voxel-data-classified; https://w3id.org/h2kg/decode/workflow/anchor/mpl-3d-voxel-data-classified,http://www.w3.org/ns/prov#wasInformedBy,published_confirmed,Both method records declare the dependency and exact reviewed input/output handoff labels are shared.
manual-dependency-0428-e3c4a4f501,HZB-Mod-structural-digital-twins-multi-scale-tomographies,CEA-Mod-simulation-3d-properties-two-phase,ai-based-generation-of-structural-digital-twins-of-multi-scale-tomographies,simulation-of-two-phase-3d-apparent-properties,ai-based-generation-of-structural-digital-twins-of-multi-scale-tomographies::n8,simulation-of-two-phase-3d-apparent-properties::n17,input_method; output_method,confirmed_reciprocal,MPL 3D voxel data classified; GDL substrate 3D voxel data classified,https://w3id.org/h2kg/decode/workflow/anchor/gdl-substrate-3d-voxel-data-classified; https://w3id.org/h2kg/decode/workflow/anchor/mpl-3d-voxel-data-classified,http://www.w3.org/ns/prov#wasInformedBy,published_confirmed,Both method records declare the dependency and exact reviewed input/output handoff labels are shared.
manual-dependency-0429-5a3ca104ff,HZB-Mod-structural-digital-twins-multi-scale-tomographies,HZB-Mod-image-parameter-extraction-3d-fib-tomography,ai-based-generation-of-structural-digital-twins-of-multi-scale-tomographies,image-fib-tomography-dataparameter-extraction-3d,ai-based-generation-of-structural-digital-twins-of-multi-scale-tomographies::n8,image-fib-tomography-dataparameter-extraction-3d::n11,input_method; output_method,confirmed_reciprocal,CCL 3D voxel data classified; MPL 3D voxel data classified,https://w3id.org/h2kg/decode/workflow/anchor/ccl-3d-voxel-data-classified; https://w3id.org/h2kg/decode/workflow/anchor/mpl-3d-voxel-data-classified,http://www.w3.org/ns/prov#wasInformedBy,published_confirmed,Both method records declare the dependency and exact reviewed input/output handoff labels are shared.
manual-dependency-0430-9ce2a51774,HZB-Mod-structural-digital-twins-multi-scale-tomographies,HZB-Mod-image-parameter-extraction-3d-x-ray-tomography,ai-based-generation-of-structural-digital-twins-of-multi-scale-tomographies,image-x-ray-tomography-data-parameter-extraction-3d,ai-based-generation-of-structural-digital-twins-of-multi-scale-tomographies::n8,image-x-ray-tomography-data-parameter-extraction-3d::n17,input_method; output_method,confirmed_reciprocal,GDL substrate 3D voxel data classified; GDL substrate 3D voxel data wet classified; GDL substrate 3D voxel data wet operando classified; MPL X-ray 3D voxel data classified; MPL X-ray 3D voxel data wet classified; MPL X-ray 3D voxel data wet operando classified,https://w3id.org/h2kg/decode/workflow/anchor/gdl-substrate-3d-voxel-data-classified; https://w3id.org/h2kg/decode/workflow/anchor/gdl-substrate-3d-voxel-data-wet-classified-meso; https://w3id.org/h2kg/decode/workflow/anchor/gdl-substrate-3d-voxel-data-wet-operando-classified-meso; https://w3id.org/h2kg/decode/workflow/anchor/mpl-x-ray-3d-voxel-data-classified-meso; https://w3id.org/h2kg/decode/workflow/anchor/mpl-x-ray-3d-voxel-data-wet-classified-meso; https://w3id.org/h2kg/decode/workflow/anchor/mpl-x-ray-3d-voxel-data-wet-operando-classified-meso,http://www.w3.org/ns/prov#wasInformedBy,published_confirmed,Both method records declare the dependency and exact reviewed input/output handoff labels are shared.
manual-dependency-0431-43eae43e75,HZB-Mod-structural-digital-twins-multi-scale-tomographies,INPT-Mod-ionomer-reconstruction-ccl-3d,ai-based-generation-of-structural-digital-twins-of-multi-scale-tomographies,ionomer-reconstruction-in-ccl-3d-images,ai-based-generation-of-structural-digital-twins-of-multi-scale-tomographies::n8,ionomer-reconstruction-in-ccl-3d-images::n5,input_method; output_method,confirmed_reciprocal,CCL 3D voxel data classified,https://w3id.org/h2kg/decode/workflow/anchor/ccl-3d-voxel-data-classified,http://www.w3.org/ns/prov#wasInformedBy,published_confirmed,Both method records declare the dependency and exact reviewed input/output handoff labels are shared.
manual-dependency-0432-a0d9c455d7,HZB-Mod-structural-digital-twins-multi-scale-tomographies,PSI-Mod-voxel-3d-diffusivity-simulation,ai-based-generation-of-structural-digital-twins-of-multi-scale-tomographies,voxel-based-3d-effective-diffusivity-simulation,ai-based-generation-of-structural-digital-twins-of-multi-scale-tomographies::n8,voxel-based-3d-effective-diffusivity-simulation::n13,input_method; output_method,confirmed_reciprocal,CCL 3D voxel data classified; MPL 3D voxel data classified; GDL substrate 3D voxel data classified,https://w3id.org/h2kg/decode/workflow/anchor/ccl-3d-voxel-data-classified; https://w3id.org/h2kg/decode/workflow/anchor/gdl-substrate-3d-voxel-data-classified; https://w3id.org/h2kg/decode/workflow/anchor/mpl-3d-voxel-data-classified,http://www.w3.org/ns/prov#wasInformedBy,published_confirmed,Both method records declare the dependency and exact reviewed input/output handoff labels are shared.
manual-dependency-0433-df4c2496df,HZB-Mod-structural-digital-twins-multi-scale-tomographies,PSI-Mod-voxel-3d-electric-conductivity-simulation,ai-based-generation-of-structural-digital-twins-of-multi-scale-tomographies,voxel-based-3d-electric-conductiviy-simulation,ai-based-generation-of-structural-digital-twins-of-multi-scale-tomographies::n8,voxel-based-3d-electric-conductiviy-simulation::n9,input_method; output_method,confirmed_reciprocal,CCL 3D voxel data classified; MPL 3D voxel data classified; GDL substrate 3D voxel data classified,https://w3id.org/h2kg/decode/workflow/anchor/ccl-3d-voxel-data-classified; https://w3id.org/h2kg/decode/workflow/anchor/gdl-substrate-3d-voxel-data-classified; https://w3id.org/h2kg/decode/workflow/anchor/mpl-3d-voxel-data-classified,http://www.w3.org/ns/prov#wasInformedBy,published_confirmed,Both method records declare the dependency and exact reviewed input/output handoff labels are shared.
manual-dependency-0434-0a70cf621c,HZB-Mod-structural-digital-twins-multi-scale-tomographies,PSI-Mod-voxel-3d-permability-simulation,ai-based-generation-of-structural-digital-twins-of-multi-scale-tomographies,voxel-based-3d-permability-simulation,ai-based-generation-of-structural-digital-twins-of-multi-scale-tomographies::n8,voxel-based-3d-permability-simulation::n9,input_method; output_method,confirmed_reciprocal,CCL 3D voxel data classified; MPL 3D voxel data classified; GDL substrate 3D voxel data classified,https://w3id.org/h2kg/decode/workflow/anchor/ccl-3d-voxel-data-classified; https://w3id.org/h2kg/decode/workflow/anchor/gdl-substrate-3d-voxel-data-classified; https://w3id.org/h2kg/decode/workflow/anchor/mpl-3d-voxel-data-classified,http://www.w3.org/ns/prov#wasInformedBy,published_confirmed,Both method records declare the dependency and exact reviewed input/output handoff labels are shared.
manual-dependency-0435-3f7862c423,HZB-Mod-structural-digital-twins-multi-scale-tomographies,PSI-Mod-voxel-3d-thermal-conductivity-simulation,ai-based-generation-of-structural-digital-twins-of-multi-scale-tomographies,voxel-based-3d-thermal-conductivity-simulation,ai-based-generation-of-structural-digital-twins-of-multi-scale-tomographies::n8,voxel-based-3d-thermal-conductivity-simulation::n9,input_method; output_method,confirmed_reciprocal,CCL 3D voxel data classified; MPL 3D voxel data classified; GDL substrate 3D voxel data classified,https://w3id.org/h2kg/decode/workflow/anchor/ccl-3d-voxel-data-classified; https://w3id.org/h2kg/decode/workflow/anchor/gdl-substrate-3d-voxel-data-classified; https://w3id.org/h2kg/decode/workflow/anchor/mpl-3d-voxel-data-classified,http://www.w3.org/ns/prov#wasInformedBy,published_confirmed,Both method records declare the dependency and exact reviewed input/output handoff labels are shared.
manual-dependency-0436-27a94a9916,HZB-Mod-structural-digital-twins-multi-scale-tomographies,PSI-Mod-water-retention-simulation,ai-based-generation-of-structural-digital-twins-of-multi-scale-tomographies,water-retention-curve-simulation,ai-based-generation-of-structural-digital-twins-of-multi-scale-tomographies::n8,water-retention-curve-simulation::n16,input_method; output_method,confirmed_reciprocal,CCL 3D voxel data classified; MPL 3D voxel data classified; GDL substrate 3D voxel data classified,https://w3id.org/h2kg/decode/workflow/anchor/ccl-3d-voxel-data-classified; https://w3id.org/h2kg/decode/workflow/anchor/gdl-substrate-3d-voxel-data-classified; https://w3id.org/h2kg/decode/workflow/anchor/mpl-3d-voxel-data-classified,http://www.w3.org/ns/prov#wasInformedBy,published_confirmed,Both method records declare the dependency and exact reviewed input/output handoff labels are shared.
manual-dependency-0437-0951b66305,HZB-Mod-structural-digital-twins-multi-scale-tomographies,modeling-of-mpl-coating-of-gdl,ai-based-generation-of-structural-digital-twins-of-multi-scale-tomographies,modeling-of-mpl-coating-of-gdl,ai-based-generation-of-structural-digital-twins-of-multi-scale-tomographies::n8,modeling-of-mpl-coating-of-gdl::n4,output_method,grounded_one_sided,GDL substrate 3D voxel data classified,https://w3id.org/h2kg/decode/workflow/anchor/gdl-substrate-3d-voxel-data-classified,http://www.w3.org/ns/prov#wasInformedBy,published_pending_review,One record declares the dependency and an exact reviewed handoff grounds a pending-review link.
manual-dependency-0438-d16b8777e9,ICPEES-CNRS-Unistra-Exp-clsm-acidic-supported-electrodes,ULEI-FZJ-IET-3-Mod-fitting-version-hierachical-model,manual-icpees-cnrs-unistra-exp-clsm-acidic-supported-electrodes,fitting-version-of-the-hierachical-model,manual-icpees-cnrs-unistra-exp-clsm-acidic-supported-electrodes::method,fitting-version-of-the-hierachical-model::n9,output_method,ungrounded_one_sided,,,http://www.w3.org/ns/prov#wasInformedBy,audit_only,One-sided declaration lacks an exact reviewed handoff and is retained for audit only.
manual-dependency-0439-b79ed231c7,ICPEES-CNRS-Unistra-Exp-clsm-acidic-unsupported-electrodes,ULEI-FZJ-IET-3-Mod-fitting-version-hierachical-model,confocal-laser-scanning-microscope-clsm-and-fluorescent-probes-for-local-ph-assessment-in-acidic-med,fitting-version-of-the-hierachical-model,confocal-laser-scanning-microscope-clsm-and-fluorescent-probes-for-local-ph-assessment-in-acidic-med::n7,fitting-version-of-the-hierachical-model::n9,input_method; output_method,confirmed_dependency_without_exact_handoff,,,http://www.w3.org/ns/prov#wasInformedBy,published_confirmed,"Both records declare the dependency; no exact handoff is asserted, so only PROV dependency is published."
manual-dependency-0440-614d33c11a,ICPEES-CNRS-Unistra-Exp-development-fluorescent-probes-alkaline,confocal-laser-scanning-microscope-clsm-and-fluorescent-probes-for-local-ph-assessment-in-alkaline-m,development-of-ratiometric-fluorescent-probes-for-local-ph-assessement-in-alkaline-media,confocal-laser-scanning-microscope-clsm-and-fluorescent-probes-for-local-ph-assessment-in-alkaline-m,development-of-ratiometric-fluorescent-probes-for-local-ph-assessement-in-alkaline-media::n3,confocal-laser-scanning-microscope-clsm-and-fluorescent-probes-for-local-ph-assessment-in-alkaline-m::n7,output_method,grounded_one_sided,Molecular fluorescent probe (alkaline),https://w3id.org/h2kg/decode/workflow/anchor/molecular-fluorescent-probe-alkaline-material,http://www.w3.org/ns/prov#wasInformedBy,published_pending_review,One record declares the dependency and an exact reviewed handoff grounds a pending-review link.
manual-dependency-0441-3ac6753f76,ICPEES-CNRS-Unistra-Exp-development-fluorescent-probes-alkaline,confocal-laser-scanning-microscope-clsm-and-fluorescent-probes-for-local-ph-assessment-in-alkaline-m2,development-of-ratiometric-fluorescent-probes-for-local-ph-assessement-in-alkaline-media,confocal-laser-scanning-microscope-clsm-and-fluorescent-probes-for-local-ph-assessment-in-alkaline-m2,development-of-ratiometric-fluorescent-probes-for-local-ph-assessement-in-alkaline-media::n3,confocal-laser-scanning-microscope-clsm-and-fluorescent-probes-for-local-ph-assessment-in-alkaline-m2::n10,output_method,grounded_one_sided,Molecular fluorescent probe (alkaline),https://w3id.org/h2kg/decode/workflow/anchor/molecular-fluorescent-probe-alkaline-material,http://www.w3.org/ns/prov#wasInformedBy,published_pending_review,One record declares the dependency and an exact reviewed handoff grounds a pending-review link.
manual-dependency-0442-0ba7058d31,ICPEES-CNRS-Unistra-Exp-n2-adsorption-ex-situ,FZJ-IET-3-Mod-ink-composition,manual-icpees-cnrs-unistra-exp-n2-adsorption-ex-situ,iet-ink-to-composition-model,manual-icpees-cnrs-unistra-exp-n2-adsorption-ex-situ::method,iet-ink-to-composition-model::n22,output_method,grounded_one_sided,Catalyst pore size distribution,https://w3id.org/h2kg/decode/workflow/anchor/catalyst-pore-size-distribution-material,http://www.w3.org/ns/prov#wasInformedBy,published_pending_review,One record declares the dependency and an exact reviewed handoff grounds a pending-review link.
manual-dependency-0443-34cdc9c57d,ICPEES-CNRS-Unistra-Exp-transparent-electrodes-clsm,ICPEES-CNRS-Unistra-Exp-clsm-acidic-unsupported-electrodes,transparent-electrodes-for-clsm-applications,confocal-laser-scanning-microscope-clsm-and-fluorescent-probes-for-local-ph-assessment-in-acidic-med,transparent-electrodes-for-clsm-applications::n4,confocal-laser-scanning-microscope-clsm-and-fluorescent-probes-for-local-ph-assessment-in-acidic-med::n7,input_method; output_method,confirmed_reciprocal,Transparent electrode for CLSM,https://w3id.org/h2kg/decode/workflow/anchor/transparent-electrode-for-clsm-component,http://www.w3.org/ns/prov#wasInformedBy,published_confirmed,Both method records declare the dependency and exact reviewed input/output handoff labels are shared.
manual-dependency-0444-6e1f6a860a,ICPEES-CNRS-Unistra-Exp-transparent-electrodes-clsm,confocal-laser-scanning-microscope-clsm-and-fluorescent-probes-for-local-ph-assessment-in-alkaline-m,transparent-electrodes-for-clsm-applications,confocal-laser-scanning-microscope-clsm-and-fluorescent-probes-for-local-ph-assessment-in-alkaline-m,transparent-electrodes-for-clsm-applications::n4,confocal-laser-scanning-microscope-clsm-and-fluorescent-probes-for-local-ph-assessment-in-alkaline-m::n7,output_method,grounded_one_sided,Transparent electrode for CLSM,https://w3id.org/h2kg/decode/workflow/anchor/transparent-electrode-for-clsm-component,http://www.w3.org/ns/prov#wasInformedBy,published_pending_review,One record declares the dependency and an exact reviewed handoff grounds a pending-review link.
manual-dependency-0445-bfa9c932f9,ICPEES-CNRS-Unistra-PSI-Exp-dropcasted-ink-gc-tips,ICPEES-CNRS-Unistra-Exp-eis-nanostructured-electrodes,dropcasted-ink-on-gc-tips,eis-on-nanostructured-electrodes,dropcasted-ink-on-gc-tips::n7,eis-on-nanostructured-electrodes::n7,input_method; output_method,confirmed_reciprocal,RDE electrode (nanostructured),https://w3id.org/h2kg/decode/workflow/anchor/rde-electrode-nanostructured-component,http://www.w3.org/ns/prov#wasInformedBy,published_confirmed,Both method records declare the dependency and exact reviewed input/output handoff labels are shared.
manual-dependency-0446-e83b77e1c4,ICPEES-CNRS-Unistra-PSI-Exp-dropcasted-ink-gc-tips,ICPEES-CNRS-Unistra-Exp-rde-nanostructured-electrodes,dropcasted-ink-on-gc-tips,rde-on-nanostructured-electrodes,dropcasted-ink-on-gc-tips::n7,rde-on-nanostructured-electrodes::n6,input_method; output_method,confirmed_reciprocal,RDE electrode (nanostructured),https://w3id.org/h2kg/decode/workflow/anchor/rde-electrode-nanostructured-component,http://www.w3.org/ns/prov#wasInformedBy,published_confirmed,Both method records declare the dependency and exact reviewed input/output handoff labels are shared.
manual-dependency-0447-6c527f9bc8,ICPEES-CNRS-Unistra-PSI-Exp-dropcasted-ink-gc-tips,accelerated-stress-test-ast-on-nanostructured-electrodes,dropcasted-ink-on-gc-tips,accelerated-stress-test-ast-on-nanostructured-electrodes,dropcasted-ink-on-gc-tips::n7,accelerated-stress-test-ast-on-nanostructured-electrodes::n7,output_method,grounded_one_sided,RDE electrode (nanostructured),https://w3id.org/h2kg/decode/workflow/anchor/rde-electrode-nanostructured-component,http://www.w3.org/ns/prov#wasInformedBy,published_pending_review,One record declares the dependency and an exact reviewed handoff grounds a pending-review link.
manual-dependency-0448-c170f1d6fa,ICPEES-CNRS-Unistra-PSI-Exp-gde-catalytic-layer-preparation,HTE-Mod-pemfc-4-fold-cell-benchtop-test,gde-catalytic-layer-preparation,manual-hte-mod-pemfc-4-fold-cell-benchtop-test,gde-catalytic-layer-preparation::n7,manual-hte-mod-pemfc-4-fold-cell-benchtop-test::method,input_method,ungrounded_one_sided,,,http://www.w3.org/ns/prov#wasInformedBy,audit_only,One-sided declaration lacks an exact reviewed handoff and is retained for audit only.
manual-dependency-0449-36cc62e584,ICPEES-CNRS-Unistra-PSI-Exp-gde-catalytic-layer-preparation,ICPEES-CNRS-Unistra-PSI-Exp-gde-cell-electrochemical-studies,gde-catalytic-layer-preparation,gde-cell-for-electrochemical-studies,gde-catalytic-layer-preparation::n7,gde-cell-for-electrochemical-studies::n10,input_method; output_method,confirmed_reciprocal,GDE,https://w3id.org/h2kg/decode/workflow/anchor/gde-component,http://www.w3.org/ns/prov#wasInformedBy,published_confirmed,Both method records declare the dependency and exact reviewed input/output handoff labels are shared.
manual-dependency-0450-64c869383c,ICPEES-CNRS-Unistra-PSI-Exp-gde-catalytic-layer-preparation,NEL-Exp-large-scale-durability-test,gde-catalytic-layer-preparation,manual-nel-exp-large-scale-durability-test,gde-catalytic-layer-preparation::n7,manual-nel-exp-large-scale-durability-test::method,input_method,ungrounded_one_sided,,,http://www.w3.org/ns/prov#wasInformedBy,audit_only,One-sided declaration lacks an exact reviewed handoff and is retained for audit only.
manual-dependency-0451-5dba8b9e08,ICPEES-CNRS-Unistra-PSI-Exp-gde-catalytic-layer-preparation,NEL-Exp-pewe-single-cell-benchtop-test,gde-catalytic-layer-preparation,manual-nel-exp-pewe-single-cell-benchtop-test,gde-catalytic-layer-preparation::n7,manual-nel-exp-pewe-single-cell-benchtop-test::method,input_method,ungrounded_one_sided,,,http://www.w3.org/ns/prov#wasInformedBy,audit_only,One-sided declaration lacks an exact reviewed handoff and is retained for audit only.
manual-dependency-0452-b41db78dba,ICPEES-CNRS-Unistra-PSI-Exp-gde-catalytic-layer-preparation,confocal-laser-scanning-microscope-clsm-and-fluorescent-probes-for-local-ph-assessment-in-acidic-med2,gde-catalytic-layer-preparation,confocal-laser-scanning-microscope-clsm-and-fluorescent-probes-for-local-ph-assessment-in-acidic-med2,gde-catalytic-layer-preparation::n7,confocal-laser-scanning-microscope-clsm-and-fluorescent-probes-for-local-ph-assessment-in-acidic-med2::n9,output_method,grounded_one_sided,GDE,https://w3id.org/h2kg/decode/workflow/anchor/gde-component,http://www.w3.org/ns/prov#wasInformedBy,published_pending_review,One record declares the dependency and an exact reviewed handoff grounds a pending-review link.
manual-dependency-0453-0c868f2cc3,ICPEES-CNRS-Unistra-PSI-Exp-gde-catalytic-layer-preparation,confocal-laser-scanning-microscope-clsm-and-fluorescent-probes-for-local-ph-assessment-in-alkaline-m2,gde-catalytic-layer-preparation,confocal-laser-scanning-microscope-clsm-and-fluorescent-probes-for-local-ph-assessment-in-alkaline-m2,gde-catalytic-layer-preparation::n7,confocal-laser-scanning-microscope-clsm-and-fluorescent-probes-for-local-ph-assessment-in-alkaline-m2::n10,output_method,grounded_one_sided,GDE,https://w3id.org/h2kg/decode/workflow/anchor/gde-component,http://www.w3.org/ns/prov#wasInformedBy,published_pending_review,One record declares the dependency and an exact reviewed handoff grounds a pending-review link.
manual-dependency-0454-273664f11b,ICPEES-CNRS-Unistra-PSI-Exp-in-situ-ftir-atr-configuration,DTU-Mod-dft-idealized-surfaces,in-situ-fourier-transformed-ir-in-atr-configuration,dft-onto-idealized-surfaces,in-situ-fourier-transformed-ir-in-atr-configuration::n11,dft-onto-idealized-surfaces::n9,input_method; output_method,confirmed_reciprocal,Adsorbate types on electrode (idealized),https://w3id.org/h2kg/decode/workflow/anchor/adsorbate-types-on-electrode-idealized-lre,http://www.w3.org/ns/prov#wasInformedBy,published_confirmed,Both method records declare the dependency and exact reviewed input/output handoff labels are shared.
manual-dependency-0455-a1f71c9eac,ICPEES-CNRS-Unistra-PSI-Exp-in-situ-ftir-atr-configuration,FZJ-IET-3-Mod-ink-composition,in-situ-fourier-transformed-ir-in-atr-configuration,iet-ink-to-composition-model,in-situ-fourier-transformed-ir-in-atr-configuration::n11,iet-ink-to-composition-model::n22,input_method; output_method,confirmed_reciprocal,Ionomer contact angles,https://w3id.org/h2kg/decode/workflow/anchor/ionomer-contact-angles-material,http://www.w3.org/ns/prov#wasInformedBy,published_confirmed,Both method records declare the dependency and exact reviewed input/output handoff labels are shared.
manual-dependency-0456-b117fa0302,ICPEES-CNRS-Unistra-PSI-Exp-in-situ-ftir-atr-configuration-nanostructured,FZJ-IET-3-Mod-ink-composition,manual-icpees-cnrs-unistra-psi-exp-in-situ-ftir-atr-configuration-nanostructured,iet-ink-to-composition-model,manual-icpees-cnrs-unistra-psi-exp-in-situ-ftir-atr-configuration-nanostructured::method,iet-ink-to-composition-model::n22,output_method,grounded_one_sided,Ionomer contact angles,https://w3id.org/h2kg/decode/workflow/anchor/ionomer-contact-angles-material,http://www.w3.org/ns/prov#wasInformedBy,published_pending_review,One record declares the dependency and an exact reviewed handoff grounds a pending-review link.
manual-dependency-0457-d11e694125,ICPEES-CNRS-Unistra-PSI-Exp-prism-preparation-atr-ftir,ICPEES-CNRS-Unistra-PSI-Exp-in-situ-ftir-atr-configuration,prism-preparation-for-atr-ftir,in-situ-fourier-transformed-ir-in-atr-configuration,prism-preparation-for-atr-ftir::n8,in-situ-fourier-transformed-ir-in-atr-configuration::n11,input_method; output_method,confirmed_reciprocal,ATR-FTIR electrode,https://w3id.org/h2kg/decode/workflow/anchor/atr-ftir-electrode-component,http://www.w3.org/ns/prov#wasInformedBy,published_confirmed,Both method records declare the dependency and exact reviewed input/output handoff labels are shared.
manual-dependency-0458-a3550d469b,ICPEES-CNRS-Unistra-PSI-Exp-prism-preparation-atr-ftir,ICPEES-CNRS-Unistra-PSI-Exp-in-situ-ftir-atr-configuration-nanostructured,prism-preparation-for-atr-ftir,manual-icpees-cnrs-unistra-psi-exp-in-situ-ftir-atr-configuration-nanostructured,prism-preparation-for-atr-ftir::n8,manual-icpees-cnrs-unistra-psi-exp-in-situ-ftir-atr-configuration-nanostructured::method,input_method,grounded_one_sided,ATR-FTIR electrode,https://w3id.org/h2kg/decode/workflow/anchor/atr-ftir-electrode-component,http://www.w3.org/ns/prov#wasInformedBy,published_pending_review,One record declares the dependency and an exact reviewed handoff grounds a pending-review link.
manual-dependency-0459-9a0f6eeb01,INPT-Mod-distribution-contact-angles-ccl-fib-sem-image,CEA-Mod-europium-2d-mea-model,distribution-of-contact-angles-in-ccl-fib-sem-image-from-ionomer-reconstruction,cea-mea-model-europium-2d,distribution-of-contact-angles-in-ccl-fib-sem-image-from-ionomer-reconstruction::n4,cea-mea-model-europium-2d::n72,input_method; output_method,confirmed_reciprocal,CCL water retention curve,https://w3id.org/h2kg/decode/workflow/anchor/ccl-water-retention-curve-component,http://www.w3.org/ns/prov#wasInformedBy,published_confirmed,Both method records declare the dependency and exact reviewed input/output handoff labels are shared.
manual-dependency-0460-f99c468892,INPT-Mod-distribution-contact-angles-ccl-fib-sem-image,CEA-Mod-europium-model-fitting,distribution-of-contact-angles-in-ccl-fib-sem-image-from-ionomer-reconstruction,fitting-of-the-europium-model,distribution-of-contact-angles-in-ccl-fib-sem-image-from-ionomer-reconstruction::n4,fitting-of-the-europium-model::n61,input_method; output_method,confirmed_reciprocal,CCL water retention curve,https://w3id.org/h2kg/decode/workflow/anchor/ccl-water-retention-curve-component,http://www.w3.org/ns/prov#wasInformedBy,published_confirmed,Both method records declare the dependency and exact reviewed input/output handoff labels are shared.
manual-dependency-0461-a86389af9c,INPT-Mod-distribution-contact-angles-ccl-fib-sem-image,FZJ-IET-3-Mod-performance-model-mea-prediction,distribution-of-contact-angles-in-ccl-fib-sem-image-from-ionomer-reconstruction,iet-1d-performance-model-for-mea-prediction,distribution-of-contact-angles-in-ccl-fib-sem-image-from-ionomer-reconstruction::n4,iet-1d-performance-model-for-mea-prediction::n28,input_method; output_method,confirmed_reciprocal,CCL water retention curve,https://w3id.org/h2kg/decode/workflow/anchor/ccl-water-retention-curve-component,http://www.w3.org/ns/prov#wasInformedBy,published_confirmed,Both method records declare the dependency and exact reviewed input/output handoff labels are shared.
manual-dependency-0462-97ddb32e03,INPT-Mod-distribution-contact-angles-ccl-fib-sem-image,iet-1d-mea-with-water-transport-eis-model,distribution-of-contact-angles-in-ccl-fib-sem-image-from-ionomer-reconstruction,iet-1d-mea-with-water-transport-eis-model,distribution-of-contact-angles-in-ccl-fib-sem-image-from-ionomer-reconstruction::n4,iet-1d-mea-with-water-transport-eis-model::n24,output_method,grounded_one_sided,CCL water retention curve,https://w3id.org/h2kg/decode/workflow/anchor/ccl-water-retention-curve-component,http://www.w3.org/ns/prov#wasInformedBy,published_pending_review,One record declares the dependency and an exact reviewed handoff grounds a pending-review link.
manual-dependency-0463-7152fc4b56,INPT-Mod-distribution-contact-angles-ccl-fib-sem-image,iet-1d-mea-with-water-transport-in-ccl-eis-model,distribution-of-contact-angles-in-ccl-fib-sem-image-from-ionomer-reconstruction,iet-1d-mea-with-water-transport-in-ccl-eis-model,distribution-of-contact-angles-in-ccl-fib-sem-image-from-ionomer-reconstruction::n4,iet-1d-mea-with-water-transport-in-ccl-eis-model::n19,output_method,grounded_one_sided,CCL water retention curve,https://w3id.org/h2kg/decode/workflow/anchor/ccl-water-retention-curve-component,http://www.w3.org/ns/prov#wasInformedBy,published_pending_review,One record declares the dependency and an exact reviewed handoff grounds a pending-review link.
manual-dependency-0464-90778b81f2,INPT-Mod-ionomer-reconstruction-ccl-3d,HZB-Mod-image-parameter-extraction-3d-tem,ionomer-reconstruction-in-ccl-3d-images,image-tem-data-parameter-extraction-3d,ionomer-reconstruction-in-ccl-3d-images::n5,image-tem-data-parameter-extraction-3d::n10,input_method; output_method,confirmed_reciprocal,CCL 3D voxel data classified with ionomer and Pt,https://w3id.org/h2kg/decode/workflow/anchor/ccl-3d-voxel-data-classified-with-ionomer-and-pt-meso,http://www.w3.org/ns/prov#wasInformedBy,published_confirmed,Both method records declare the dependency and exact reviewed input/output handoff labels are shared.
manual-dependency-0465-cd55bfd06c,INPT-Mod-ionomer-reconstruction-ccl-3d,INPT-Mod-distribution-contact-angles-ccl-fib-sem-image,ionomer-reconstruction-in-ccl-3d-images,distribution-of-contact-angles-in-ccl-fib-sem-image-from-ionomer-reconstruction,ionomer-reconstruction-in-ccl-3d-images::n5,distribution-of-contact-angles-in-ccl-fib-sem-image-from-ionomer-reconstruction::n4,input_method; output_method,confirmed_reciprocal,CCL 3D voxel data classified with ionomer and Pt,https://w3id.org/h2kg/decode/workflow/anchor/ccl-3d-voxel-data-classified-with-ionomer-and-pt-meso,http://www.w3.org/ns/prov#wasInformedBy,published_confirmed,Both method records declare the dependency and exact reviewed input/output handoff labels are shared.
manual-dependency-0466-feeb39beac,INPT-Mod-ionomer-reconstruction-ccl-3d,image-based-ccl-effective-transport-property-computation-from-numerical-simulations,ionomer-reconstruction-in-ccl-3d-images,image-based-ccl-effective-transport-property-computation-from-numerical-simulations,ionomer-reconstruction-in-ccl-3d-images::n5,image-based-ccl-effective-transport-property-computation-from-numerical-simulations::n6,output_method,grounded_one_sided,CCL 3D voxel data classified with ionomer and Pt,https://w3id.org/h2kg/decode/workflow/anchor/ccl-3d-voxel-data-classified-with-ionomer-and-pt-meso,http://www.w3.org/ns/prov#wasInformedBy,published_pending_review,One record declares the dependency and an exact reviewed handoff grounds a pending-review link.
manual-dependency-0467-80c488effa,NEL-Exp-large-scale-durability-test,CEA-Mod-europium-model-fitting,manual-nel-exp-large-scale-durability-test,fitting-of-the-europium-model,manual-nel-exp-large-scale-durability-test::method,fitting-of-the-europium-model::n61,output_method,grounded_one_sided,Cell polarization curve,https://w3id.org/h2kg/decode/workflow/anchor/cell-polarization-curve-device,http://www.w3.org/ns/prov#wasInformedBy,published_pending_review,One record declares the dependency and an exact reviewed handoff grounds a pending-review link.
manual-dependency-0468-7c6ac82485,NEL-Exp-large-scale-durability-test,CIEMAT-Exp-effective-proton-conductivity,manual-nel-exp-large-scale-durability-test,manual-ciemat-exp-effective-proton-conductivity,manual-nel-exp-large-scale-durability-test::method,manual-ciemat-exp-effective-proton-conductivity::method,input_method; output_method,confirmed_reciprocal,Cell EIS,https://w3id.org/h2kg/decode/workflow/anchor/cell-eis-device,http://www.w3.org/ns/prov#wasInformedBy,published_confirmed,Both method records declare the dependency and exact reviewed input/output handoff labels are shared.
manual-dependency-0469-cbf9f84824,NEL-Exp-large-scale-durability-test,FZJ-IET-3-Mod-performance-model-mea-fitting,manual-nel-exp-large-scale-durability-test,iet-1d-performance-model-for-mea-fitting,manual-nel-exp-large-scale-durability-test::method,iet-1d-performance-model-for-mea-fitting::n13,output_method,grounded_one_sided,Cell polarization curve,https://w3id.org/h2kg/decode/workflow/anchor/cell-polarization-curve-device,http://www.w3.org/ns/prov#wasInformedBy,published_pending_review,One record declares the dependency and an exact reviewed handoff grounds a pending-review link.
manual-dependency-0470-705a4e7993,NEL-Exp-large-scale-durability-test,FZJ-IET-4-Exp-data-extraction-pewe-u-i-t,manual-nel-exp-large-scale-durability-test,data-extraction-from-existing-pewe-measurements-u-i-t,manual-nel-exp-large-scale-durability-test::method,data-extraction-from-existing-pewe-measurements-u-i-t::n6,output_method,grounded_one_sided,Time series of cell voltage,https://w3id.org/h2kg/decode/workflow/anchor/time-series-of-cell-voltage-device,http://www.w3.org/ns/prov#wasInformedBy,published_pending_review,One record declares the dependency and an exact reviewed handoff grounds a pending-review link.
manual-dependency-0471-d040b73391,NEL-Exp-large-scale-durability-test,0d-particle-population-degradation-model-coupled-with-performance-model-fitting,manual-nel-exp-large-scale-durability-test,0d-particle-population-degradation-model-coupled-with-performance-model-fitting,manual-nel-exp-large-scale-durability-test::method,0d-particle-population-degradation-model-coupled-with-performance-model-fitting::n15,output_method,grounded_one_sided,Time series of cell voltage,https://w3id.org/h2kg/decode/workflow/anchor/time-series-of-cell-voltage-device,http://www.w3.org/ns/prov#wasInformedBy,published_pending_review,One record declares the dependency and an exact reviewed handoff grounds a pending-review link.
manual-dependency-0472-69c9976d88,NEL-Exp-large-scale-durability-test,eis-on-pewe-cells,manual-nel-exp-large-scale-durability-test,eis-on-pewe-cells,manual-nel-exp-large-scale-durability-test::method,eis-on-pewe-cells::n5,output_method,ungrounded_one_sided,,,http://www.w3.org/ns/prov#wasInformedBy,audit_only,One-sided declaration lacks an exact reviewed handoff and is retained for audit only.
manual-dependency-0473-e205492f68,NEL-Exp-pewe-single-cell-benchtop-test,CEA-Mod-europium-model-fitting,manual-nel-exp-pewe-single-cell-benchtop-test,fitting-of-the-europium-model,manual-nel-exp-pewe-single-cell-benchtop-test::method,fitting-of-the-europium-model::n61,output_method,grounded_one_sided,Cell polarization curve,https://w3id.org/h2kg/decode/workflow/anchor/cell-polarization-curve-device,http://www.w3.org/ns/prov#wasInformedBy,published_pending_review,One record declares the dependency and an exact reviewed handoff grounds a pending-review link.
manual-dependency-0474-8685d44b4b,NEL-Exp-pewe-single-cell-benchtop-test,CIEMAT-Exp-effective-proton-conductivity,manual-nel-exp-pewe-single-cell-benchtop-test,manual-ciemat-exp-effective-proton-conductivity,manual-nel-exp-pewe-single-cell-benchtop-test::method,manual-ciemat-exp-effective-proton-conductivity::method,input_method; output_method,confirmed_reciprocal,Cell EIS,https://w3id.org/h2kg/decode/workflow/anchor/cell-eis-device,http://www.w3.org/ns/prov#wasInformedBy,published_confirmed,Both method records declare the dependency and exact reviewed input/output handoff labels are shared.
manual-dependency-0475-4124889967,NEL-Exp-pewe-single-cell-benchtop-test,FZJ-IET-3-Mod-performance-model-mea-fitting,manual-nel-exp-pewe-single-cell-benchtop-test,iet-1d-performance-model-for-mea-fitting,manual-nel-exp-pewe-single-cell-benchtop-test::method,iet-1d-performance-model-for-mea-fitting::n13,output_method,grounded_one_sided,Cell polarization curve,https://w3id.org/h2kg/decode/workflow/anchor/cell-polarization-curve-device,http://www.w3.org/ns/prov#wasInformedBy,published_pending_review,One record declares the dependency and an exact reviewed handoff grounds a pending-review link.
manual-dependency-0476-484673560d,NEL-Exp-pewe-single-cell-benchtop-test,FZJ-IET-4-Exp-data-extraction-pewe-u-i-t,manual-nel-exp-pewe-single-cell-benchtop-test,data-extraction-from-existing-pewe-measurements-u-i-t,manual-nel-exp-pewe-single-cell-benchtop-test::method,data-extraction-from-existing-pewe-measurements-u-i-t::n6,output_method,grounded_one_sided,Time series of cell voltage,https://w3id.org/h2kg/decode/workflow/anchor/time-series-of-cell-voltage-device,http://www.w3.org/ns/prov#wasInformedBy,published_pending_review,One record declares the dependency and an exact reviewed handoff grounds a pending-review link.
manual-dependency-0477-3a461d71df,NEL-Exp-pewe-single-cell-benchtop-test,0d-particle-population-degradation-model-coupled-with-performance-model-fitting,manual-nel-exp-pewe-single-cell-benchtop-test,0d-particle-population-degradation-model-coupled-with-performance-model-fitting,manual-nel-exp-pewe-single-cell-benchtop-test::method,0d-particle-population-degradation-model-coupled-with-performance-model-fitting::n15,output_method,grounded_one_sided,Time series of cell voltage,https://w3id.org/h2kg/decode/workflow/anchor/time-series-of-cell-voltage-device,http://www.w3.org/ns/prov#wasInformedBy,published_pending_review,One record declares the dependency and an exact reviewed handoff grounds a pending-review link.
manual-dependency-0478-54beab8153,NEL-Exp-pewe-single-cell-benchtop-test,eis-on-pewe-cells,manual-nel-exp-pewe-single-cell-benchtop-test,eis-on-pewe-cells,manual-nel-exp-pewe-single-cell-benchtop-test::method,eis-on-pewe-cells::n5,output_method,ungrounded_one_sided,,,http://www.w3.org/ns/prov#wasInformedBy,audit_only,One-sided declaration lacks an exact reviewed handoff and is retained for audit only.
manual-dependency-0479-46079980e5,PSI-Exp-cl-saturation-determination-saxs-sans,CEA-Mod-europium-2d-mea-model,determination-of-cl-saturation-by-saxs-or-sans,cea-mea-model-europium-2d,determination-of-cl-saturation-by-saxs-or-sans::n24,cea-mea-model-europium-2d::n72,input_method; output_method,confirmed_reciprocal,Ionomer water sorption properties,https://w3id.org/h2kg/decode/workflow/anchor/ionomer-water-sorption-properties-component,http://www.w3.org/ns/prov#wasInformedBy,published_confirmed,Both method records declare the dependency and exact reviewed input/output handoff labels are shared.
manual-dependency-0480-61a4880529,PSI-Exp-cl-saturation-determination-saxs-sans,CEA-Mod-europium-model-fitting,determination-of-cl-saturation-by-saxs-or-sans,fitting-of-the-europium-model,determination-of-cl-saturation-by-saxs-or-sans::n24,fitting-of-the-europium-model::n61,input_method; output_method,confirmed_reciprocal,Ionomer water sorption properties,https://w3id.org/h2kg/decode/workflow/anchor/ionomer-water-sorption-properties-component,http://www.w3.org/ns/prov#wasInformedBy,published_confirmed,Both method records declare the dependency and exact reviewed input/output handoff labels are shared.
manual-dependency-0481-1b7f08f332,PSI-Exp-cl-saturation-determination-saxs-sans,HZB-Mod-image-parameter-extraction-3d-tem,determination-of-cl-saturation-by-saxs-or-sans,image-tem-data-parameter-extraction-3d,determination-of-cl-saturation-by-saxs-or-sans::n24,image-tem-data-parameter-extraction-3d::n10,input_method; output_method,confirmed_reciprocal,CCL 3D voxel data classified with ionomer and Pt,https://w3id.org/h2kg/decode/workflow/anchor/ccl-3d-voxel-data-classified-with-ionomer-and-pt-meso,http://www.w3.org/ns/prov#wasInformedBy,published_confirmed,Both method records declare the dependency and exact reviewed input/output handoff labels are shared.
manual-dependency-0482-a0a677b21f,PSI-Exp-cl-saturation-determination-saxs-sans,INPT-Mod-distribution-contact-angles-ccl-fib-sem-image,determination-of-cl-saturation-by-saxs-or-sans,distribution-of-contact-angles-in-ccl-fib-sem-image-from-ionomer-reconstruction,determination-of-cl-saturation-by-saxs-or-sans::n24,distribution-of-contact-angles-in-ccl-fib-sem-image-from-ionomer-reconstruction::n4,input_method; output_method,confirmed_reciprocal,CCL 3D voxel data classified with ionomer and Pt,https://w3id.org/h2kg/decode/workflow/anchor/ccl-3d-voxel-data-classified-with-ionomer-and-pt-meso,http://www.w3.org/ns/prov#wasInformedBy,published_confirmed,Both method records declare the dependency and exact reviewed input/output handoff labels are shared.
manual-dependency-0483-e13ca46fea,PSI-Exp-cl-saturation-determination-saxs-sans,image-based-ccl-effective-transport-property-computation-from-numerical-simulations,determination-of-cl-saturation-by-saxs-or-sans,image-based-ccl-effective-transport-property-computation-from-numerical-simulations,determination-of-cl-saturation-by-saxs-or-sans::n24,image-based-ccl-effective-transport-property-computation-from-numerical-simulations::n6,output_method,grounded_one_sided,CCL 3D voxel data classified with ionomer and Pt,https://w3id.org/h2kg/decode/workflow/anchor/ccl-3d-voxel-data-classified-with-ionomer-and-pt-meso,http://www.w3.org/ns/prov#wasInformedBy,published_pending_review,One record declares the dependency and an exact reviewed handoff grounds a pending-review link.
manual-dependency-0484-71412fc2aa,PSI-Exp-contact-angle-extraction-ct-data,HZB-Mod-image-classification-x-ray-tomography,contact-angle-extraction-of-ct-data,image-classification-of-x-ray-tomography-data,contact-angle-extraction-of-ct-data::n6,image-classification-of-x-ray-tomography-data::n12,input_method; output_method,confirmed_reciprocal,GDL substrate 3D voxel data wet raw,https://w3id.org/h2kg/decode/workflow/anchor/gdl-substrate-3d-voxel-data-wet-raw-meso,http://www.w3.org/ns/prov#wasInformedBy,published_confirmed,Both method records declare the dependency and exact reviewed input/output handoff labels are shared.
manual-dependency-0485-aa7ffef5bc,PSI-Exp-ct-based-capillary-pressure-saturation,CEA-Mod-europium-2d-mea-model,ct-based-capillary-pressure-saturation-curves,cea-mea-model-europium-2d,ct-based-capillary-pressure-saturation-curves::n11,cea-mea-model-europium-2d::n72,input_method; output_method,confirmed_reciprocal,GDL substrate water retention curve; MPL water retention curve,https://w3id.org/h2kg/decode/workflow/anchor/gdl-substrate-water-retention-curve-component; https://w3id.org/h2kg/decode/workflow/anchor/mpl-water-retention-curve-component,http://www.w3.org/ns/prov#wasInformedBy,published_confirmed,Both method records declare the dependency and exact reviewed input/output handoff labels are shared.
manual-dependency-0486-6c4c322705,PSI-Exp-ct-based-capillary-pressure-saturation,CEA-Mod-europium-model-fitting,ct-based-capillary-pressure-saturation-curves,fitting-of-the-europium-model,ct-based-capillary-pressure-saturation-curves::n11,fitting-of-the-europium-model::n61,input_method; output_method,confirmed_reciprocal,GDL substrate water retention curve; MPL water retention curve,https://w3id.org/h2kg/decode/workflow/anchor/gdl-substrate-water-retention-curve-component; https://w3id.org/h2kg/decode/workflow/anchor/mpl-water-retention-curve-component,http://www.w3.org/ns/prov#wasInformedBy,published_confirmed,Both method records declare the dependency and exact reviewed input/output handoff labels are shared.
manual-dependency-0487-e82b71cb81,PSI-Exp-ct-based-capillary-pressure-saturation,FZJ-IET-3-Mod-performance-model-mea-prediction,ct-based-capillary-pressure-saturation-curves,iet-1d-performance-model-for-mea-prediction,ct-based-capillary-pressure-saturation-curves::n11,iet-1d-performance-model-for-mea-prediction::n28,input_method; output_method,confirmed_reciprocal,GDL substrate water retention curve,https://w3id.org/h2kg/decode/workflow/anchor/gdl-substrate-water-retention-curve-component,http://www.w3.org/ns/prov#wasInformedBy,published_confirmed,Both method records declare the dependency and exact reviewed input/output handoff labels are shared.
manual-dependency-0488-6ace6ac919,PSI-Exp-ct-based-capillary-pressure-saturation,HZB-Mod-image-classification-x-ray-tomography,ct-based-capillary-pressure-saturation-curves,image-classification-of-x-ray-tomography-data,ct-based-capillary-pressure-saturation-curves::n11,image-classification-of-x-ray-tomography-data::n12,input_method; output_method,confirmed_reciprocal,GDL substrate 3D voxel data raw; GDL substrate 3D voxel data wet raw; MPL X-ray 3D voxel data raw; MPL X-ray 3D voxel data wet raw,https://w3id.org/h2kg/decode/workflow/anchor/gdl-substrate-3d-voxel-data-raw-meso; https://w3id.org/h2kg/decode/workflow/anchor/gdl-substrate-3d-voxel-data-wet-raw-meso; https://w3id.org/h2kg/decode/workflow/anchor/mpl-x-ray-3d-voxel-data-raw-meso; https://w3id.org/h2kg/decode/workflow/anchor/mpl-x-ray-3d-voxel-data-wet-raw-meso,http://www.w3.org/ns/prov#wasInformedBy,published_confirmed,Both method records declare the dependency and exact reviewed input/output handoff labels are shared.
manual-dependency-0489-38a67fa56d,PSI-Exp-ct-based-capillary-pressure-saturation,iet-1d-mea-with-water-transport-eis-model,ct-based-capillary-pressure-saturation-curves,iet-1d-mea-with-water-transport-eis-model,ct-based-capillary-pressure-saturation-curves::n11,iet-1d-mea-with-water-transport-eis-model::n24,output_method,grounded_one_sided,GDL substrate water retention curve,https://w3id.org/h2kg/decode/workflow/anchor/gdl-substrate-water-retention-curve-component,http://www.w3.org/ns/prov#wasInformedBy,published_pending_review,One record declares the dependency and an exact reviewed handoff grounds a pending-review link.
manual-dependency-0490-812329b1f5,PSI-Exp-hg-porosimetry-gdl,BOSCH-Mod-mpl-parameter-estimation-gdl-substrate,hg-porosimetry-gdl,mpl-parameter-estimation-from-gdl-and-substrate-data,hg-porosimetry-gdl::n7,mpl-parameter-estimation-from-gdl-and-substrate-data::n20,input_method; output_method,confirmed_reciprocal,GDL pore size distribution; GDL substrate pore size distribution; GDL porosity; GDL substrate porosity,https://w3id.org/h2kg/decode/workflow/anchor/gdl-pore-size-distribution-component; https://w3id.org/h2kg/decode/workflow/anchor/gdl-substrate-pore-size-distribution-component; https://w3id.org/h2kg/decode/workflow/anchor/gdl-substrate-porosity-component; https://w3id.org/h2kg/hydrogen-ontology#GasDiffusionLayerPorosity,http://www.w3.org/ns/prov#wasInformedBy,published_confirmed,Both method records declare the dependency and exact reviewed input/output handoff labels are shared.
manual-dependency-0491-af217e9a47,PSI-Exp-hg-porosimetry-gdl,CEA-Mod-europium-2d-mea-model,hg-porosimetry-gdl,cea-mea-model-europium-2d,hg-porosimetry-gdl::n7,cea-mea-model-europium-2d::n72,input_method; output_method,confirmed_reciprocal,GDL substrate average pore radius; GDL substrate porosity,https://w3id.org/h2kg/decode/workflow/anchor/gdl-substrate-average-pore-radius-component; https://w3id.org/h2kg/decode/workflow/anchor/gdl-substrate-porosity-component,http://www.w3.org/ns/prov#wasInformedBy,published_confirmed,Both method records declare the dependency and exact reviewed input/output handoff labels are shared.
manual-dependency-0492-4fb3d0a683,PSI-Exp-hg-porosimetry-gdl,CEA-Mod-europium-model-fitting,hg-porosimetry-gdl,fitting-of-the-europium-model,hg-porosimetry-gdl::n7,fitting-of-the-europium-model::n61,input_method; output_method,confirmed_reciprocal,GDL substrate average pore radius; GDL substrate porosity,https://w3id.org/h2kg/decode/workflow/anchor/gdl-substrate-average-pore-radius-component; https://w3id.org/h2kg/decode/workflow/anchor/gdl-substrate-porosity-component,http://www.w3.org/ns/prov#wasInformedBy,published_confirmed,Both method records declare the dependency and exact reviewed input/output handoff labels are shared.
manual-dependency-0493-6dd69bed59,PSI-Exp-hg-porosimetry-gdl,CIEMAT-Exp-current-modulated-hydrogen-flow-rate-spectroscopy,hg-porosimetry-gdl,current-modulated-hydrogen-flow-rate-spectroscopy-ch2s,hg-porosimetry-gdl::n7,current-modulated-hydrogen-flow-rate-spectroscopy-ch2s::n14,input_method; output_method,confirmed_reciprocal,GDL substrate porosity,https://w3id.org/h2kg/decode/workflow/anchor/gdl-substrate-porosity-component,http://www.w3.org/ns/prov#wasInformedBy,published_confirmed,Both method records declare the dependency and exact reviewed input/output handoff labels are shared.
manual-dependency-0494-bdaa67ceaa,PSI-Exp-hg-porosimetry-gdl,FZJ-IET-3-Mod-diffusivities-tortuosities,hg-porosimetry-gdl,diffusivities-from-tortuosities,hg-porosimetry-gdl::n7,diffusivities-from-tortuosities::n13,output_method,grounded_one_sided,GDL substrate porosity,https://w3id.org/h2kg/decode/workflow/anchor/gdl-substrate-porosity-component,http://www.w3.org/ns/prov#wasInformedBy,published_pending_review,One record declares the dependency and an exact reviewed handoff grounds a pending-review link.
manual-dependency-0495-37b4395950,PSI-Exp-hg-porosimetry-gdl,FZJ-IET-3-Mod-performance-model-mea-prediction,hg-porosimetry-gdl,iet-1d-performance-model-for-mea-prediction,hg-porosimetry-gdl::n7,iet-1d-performance-model-for-mea-prediction::n28,input_method; output_method,confirmed_reciprocal,GDL porosity,https://w3id.org/h2kg/hydrogen-ontology#GasDiffusionLayerPorosity,http://www.w3.org/ns/prov#wasInformedBy,published_confirmed,Both method records declare the dependency and exact reviewed input/output handoff labels are shared.
manual-dependency-0496-be638de08b,PSI-Exp-mpl-saturation-determination-x-ray-ct,CEA-Mod-simulation-3d-properties-single-phase,mpl-saturation-determination-from-x-ray-ct-data,simulation-of-single-phase-3d-apparent-properties,mpl-saturation-determination-from-x-ray-ct-data::n19,simulation-of-single-phase-3d-apparent-properties::n18,input_method; output_method,confirmed_reciprocal,GDL substrate 3D voxel data classified,https://w3id.org/h2kg/decode/workflow/anchor/gdl-substrate-3d-voxel-data-classified,http://www.w3.org/ns/prov#wasInformedBy,published_confirmed,Both method records declare the dependency and exact reviewed input/output handoff labels are shared.
manual-dependency-0497-866229c896,PSI-Exp-mpl-saturation-determination-x-ray-ct,CEA-Mod-simulation-3d-properties-two-phase,mpl-saturation-determination-from-x-ray-ct-data,simulation-of-two-phase-3d-apparent-properties,mpl-saturation-determination-from-x-ray-ct-data::n19,simulation-of-two-phase-3d-apparent-properties::n17,input_method; output_method,confirmed_reciprocal,GDL substrate 3D voxel data classified,https://w3id.org/h2kg/decode/workflow/anchor/gdl-substrate-3d-voxel-data-classified,http://www.w3.org/ns/prov#wasInformedBy,published_confirmed,Both method records declare the dependency and exact reviewed input/output handoff labels are shared.
manual-dependency-0498-063767012a,PSI-Exp-mpl-saturation-determination-x-ray-ct,HZB-Mod-image-classification-x-ray-tomography,mpl-saturation-determination-from-x-ray-ct-data,image-classification-of-x-ray-tomography-data,mpl-saturation-determination-from-x-ray-ct-data::n19,image-classification-of-x-ray-tomography-data::n12,input_method; output_method,confirmed_reciprocal,GDL substrate 3D voxel data raw; GDL substrate 3D voxel data wet raw; MPL X-ray 3D voxel data raw; MPL X-ray 3D voxel data wet raw,https://w3id.org/h2kg/decode/workflow/anchor/gdl-substrate-3d-voxel-data-raw-meso; https://w3id.org/h2kg/decode/workflow/anchor/gdl-substrate-3d-voxel-data-wet-raw-meso; https://w3id.org/h2kg/decode/workflow/anchor/mpl-x-ray-3d-voxel-data-raw-meso; https://w3id.org/h2kg/decode/workflow/anchor/mpl-x-ray-3d-voxel-data-wet-raw-meso,http://www.w3.org/ns/prov#wasInformedBy,published_confirmed,Both method records declare the dependency and exact reviewed input/output handoff labels are shared.
manual-dependency-0499-9ee46b6e51,PSI-Exp-mpl-saturation-determination-x-ray-ct,HZB-Mod-image-parameter-extraction-3d-x-ray-tomography,mpl-saturation-determination-from-x-ray-ct-data,image-x-ray-tomography-data-parameter-extraction-3d,mpl-saturation-determination-from-x-ray-ct-data::n19,image-x-ray-tomography-data-parameter-extraction-3d::n17,input_method; output_method,confirmed_reciprocal,GDL substrate 3D voxel data classified; GDL substrate 3D voxel data wet classified; MPL X-ray 3D voxel data classified; MPL X-ray 3D voxel data wet classified,https://w3id.org/h2kg/decode/workflow/anchor/gdl-substrate-3d-voxel-data-classified; https://w3id.org/h2kg/decode/workflow/anchor/gdl-substrate-3d-voxel-data-wet-classified-meso; https://w3id.org/h2kg/decode/workflow/anchor/mpl-x-ray-3d-voxel-data-classified-meso; https://w3id.org/h2kg/decode/workflow/anchor/mpl-x-ray-3d-voxel-data-wet-classified-meso,http://www.w3.org/ns/prov#wasInformedBy,published_confirmed,Both method records declare the dependency and exact reviewed input/output handoff labels are shared.
manual-dependency-0500-fefa01b685,PSI-Exp-mpl-saturation-determination-x-ray-ct,HZB-Mod-structural-digital-twins-multi-scale-tomographies,mpl-saturation-determination-from-x-ray-ct-data,ai-based-generation-of-structural-digital-twins-of-multi-scale-tomographies,mpl-saturation-determination-from-x-ray-ct-data::n19,ai-based-generation-of-structural-digital-twins-of-multi-scale-tomographies::n8,input_method; output_method,confirmed_reciprocal,GDL substrate 3D voxel data classified; GDL substrate 3D voxel data wet classified; MPL X-ray 3D voxel data classified; MPL X-ray 3D voxel data wet classified,https://w3id.org/h2kg/decode/workflow/anchor/gdl-substrate-3d-voxel-data-classified; https://w3id.org/h2kg/decode/workflow/anchor/gdl-substrate-3d-voxel-data-wet-classified-meso; https://w3id.org/h2kg/decode/workflow/anchor/mpl-x-ray-3d-voxel-data-classified-meso; https://w3id.org/h2kg/decode/workflow/anchor/mpl-x-ray-3d-voxel-data-wet-classified-meso,http://www.w3.org/ns/prov#wasInformedBy,published_confirmed,Both method records declare the dependency and exact reviewed input/output handoff labels are shared.
manual-dependency-0501-6539984a1c,PSI-Exp-mpl-saturation-determination-x-ray-ct,ICPEES-CNRS-Unistra-Exp-n2-adsorption-ex-situ,mpl-saturation-determination-from-x-ray-ct-data,manual-icpees-cnrs-unistra-exp-n2-adsorption-ex-situ,mpl-saturation-determination-from-x-ray-ct-data::n19,manual-icpees-cnrs-unistra-exp-n2-adsorption-ex-situ::method,input_method,ungrounded_one_sided,,,http://www.w3.org/ns/prov#wasInformedBy,audit_only,One-sided declaration lacks an exact reviewed handoff and is retained for audit only.
manual-dependency-0502-16a7b764df,PSI-Exp-mpl-saturation-determination-x-ray-ct,PSI-Mod-voxel-3d-diffusivity-simulation,mpl-saturation-determination-from-x-ray-ct-data,voxel-based-3d-effective-diffusivity-simulation,mpl-saturation-determination-from-x-ray-ct-data::n19,voxel-based-3d-effective-diffusivity-simulation::n13,input_method; output_method,confirmed_reciprocal,GDL substrate 3D voxel data classified,https://w3id.org/h2kg/decode/workflow/anchor/gdl-substrate-3d-voxel-data-classified,http://www.w3.org/ns/prov#wasInformedBy,published_confirmed,Both method records declare the dependency and exact reviewed input/output handoff labels are shared.
manual-dependency-0503-77d3905ffb,PSI-Exp-mpl-saturation-determination-x-ray-ct,PSI-Mod-voxel-3d-electric-conductivity-simulation,mpl-saturation-determination-from-x-ray-ct-data,voxel-based-3d-electric-conductiviy-simulation,mpl-saturation-determination-from-x-ray-ct-data::n19,voxel-based-3d-electric-conductiviy-simulation::n9,input_method; output_method,confirmed_reciprocal,GDL substrate 3D voxel data classified,https://w3id.org/h2kg/decode/workflow/anchor/gdl-substrate-3d-voxel-data-classified,http://www.w3.org/ns/prov#wasInformedBy,published_confirmed,Both method records declare the dependency and exact reviewed input/output handoff labels are shared.
manual-dependency-0504-928d08de80,PSI-Exp-mpl-saturation-determination-x-ray-ct,PSI-Mod-voxel-3d-permability-simulation,mpl-saturation-determination-from-x-ray-ct-data,voxel-based-3d-permability-simulation,mpl-saturation-determination-from-x-ray-ct-data::n19,voxel-based-3d-permability-simulation::n9,input_method; output_method,confirmed_reciprocal,GDL substrate 3D voxel data classified,https://w3id.org/h2kg/decode/workflow/anchor/gdl-substrate-3d-voxel-data-classified,http://www.w3.org/ns/prov#wasInformedBy,published_confirmed,Both method records declare the dependency and exact reviewed input/output handoff labels are shared.
manual-dependency-0505-323522860f,PSI-Exp-mpl-saturation-determination-x-ray-ct,PSI-Mod-voxel-3d-thermal-conductivity-simulation,mpl-saturation-determination-from-x-ray-ct-data,voxel-based-3d-thermal-conductivity-simulation,mpl-saturation-determination-from-x-ray-ct-data::n19,voxel-based-3d-thermal-conductivity-simulation::n9,input_method; output_method,confirmed_reciprocal,GDL substrate 3D voxel data classified,https://w3id.org/h2kg/decode/workflow/anchor/gdl-substrate-3d-voxel-data-classified,http://www.w3.org/ns/prov#wasInformedBy,published_confirmed,Both method records declare the dependency and exact reviewed input/output handoff labels are shared.
manual-dependency-0506-005f89283e,PSI-Exp-mpl-saturation-determination-x-ray-ct,PSI-Mod-water-retention-simulation,mpl-saturation-determination-from-x-ray-ct-data,water-retention-curve-simulation,mpl-saturation-determination-from-x-ray-ct-data::n19,water-retention-curve-simulation::n16,input_method; output_method,confirmed_reciprocal,GDL substrate 3D voxel data classified,https://w3id.org/h2kg/decode/workflow/anchor/gdl-substrate-3d-voxel-data-classified,http://www.w3.org/ns/prov#wasInformedBy,published_confirmed,Both method records declare the dependency and exact reviewed input/output handoff labels are shared.
manual-dependency-0507-a7da09f595,PSI-Exp-mpl-saturation-determination-x-ray-ct,modeling-of-mpl-coating-of-gdl,mpl-saturation-determination-from-x-ray-ct-data,modeling-of-mpl-coating-of-gdl,mpl-saturation-determination-from-x-ray-ct-data::n19,modeling-of-mpl-coating-of-gdl::n4,output_method,grounded_one_sided,GDL substrate 3D voxel data classified,https://w3id.org/h2kg/decode/workflow/anchor/gdl-substrate-3d-voxel-data-classified,http://www.w3.org/ns/prov#wasInformedBy,published_pending_review,One record declares the dependency and an exact reviewed handoff grounds a pending-review link.
manual-dependency-0508-551bcd04ae,PSI-Exp-pulsed-gas-analysis,CEA-Mod-europium-model-fitting,pulsed-gas-analysis,fitting-of-the-europium-model,pulsed-gas-analysis::n6,fitting-of-the-europium-model::n61,input_method; output_method,confirmed_reciprocal,Cell polarization curve,https://w3id.org/h2kg/decode/workflow/anchor/cell-polarization-curve-device,http://www.w3.org/ns/prov#wasInformedBy,published_confirmed,Both method records declare the dependency and exact reviewed input/output handoff labels are shared.
manual-dependency-0509-00c633d3e4,PSI-Exp-pulsed-gas-analysis,FZJ-IET-3-Mod-performance-model-mea-fitting,pulsed-gas-analysis,iet-1d-performance-model-for-mea-fitting,pulsed-gas-analysis::n6,iet-1d-performance-model-for-mea-fitting::n13,input_method; output_method,confirmed_reciprocal,Cell polarization curve,https://w3id.org/h2kg/decode/workflow/anchor/cell-polarization-curve-device,http://www.w3.org/ns/prov#wasInformedBy,published_confirmed,Both method records declare the dependency and exact reviewed input/output handoff labels are shared.
manual-dependency-0510-ddaa2a76ca,PSI-Mod-voxel-3d-diffusivity-simulation,BOSCH-Mod-mpl-parameter-estimation-gdl-substrate,voxel-based-3d-effective-diffusivity-simulation,mpl-parameter-estimation-from-gdl-and-substrate-data,voxel-based-3d-effective-diffusivity-simulation::n13,mpl-parameter-estimation-from-gdl-and-substrate-data::n20,input_method; output_method,confirmed_reciprocal,GDL substrate porosity,https://w3id.org/h2kg/decode/workflow/anchor/gdl-substrate-porosity-component,http://www.w3.org/ns/prov#wasInformedBy,published_confirmed,Both method records declare the dependency and exact reviewed input/output handoff labels are shared.
manual-dependency-0511-3b82854114,PSI-Mod-voxel-3d-diffusivity-simulation,CEA-Mod-europium-2d-mea-model,voxel-based-3d-effective-diffusivity-simulation,cea-mea-model-europium-2d,voxel-based-3d-effective-diffusivity-simulation::n13,cea-mea-model-europium-2d::n72,input_method; output_method,confirmed_reciprocal,CCL tortuosity; MPL tortuosity; GDL substrate in-plane tortuosity; GDL substrate through-plane tortuosity; CCL porosity; MPL porosity; GDL substrate porosity,https://w3id.org/h2kg/decode/workflow/anchor/ccl-porosity-component; https://w3id.org/h2kg/decode/workflow/anchor/ccl-tortuosity-component; https://w3id.org/h2kg/decode/workflow/anchor/gdl-substrate-in-plane-tortuosity-component; https://w3id.org/h2kg/decode/workflow/anchor/gdl-substrate-porosity-component; https://w3id.org/h2kg/decode/workflow/anchor/gdl-substrate-through-plane-tortuosity-component; https://w3id.org/h2kg/decode/workflow/anchor/mpl-tortuosity-component; https://w3id.org/h2kg/hydrogen-ontology#MicroporousLayerPorosity,http://www.w3.org/ns/prov#wasInformedBy,published_confirmed,Both method records declare the dependency and exact reviewed input/output handoff labels are shared.
manual-dependency-0512-0d09afab60,PSI-Mod-voxel-3d-diffusivity-simulation,CEA-Mod-europium-model-fitting,voxel-based-3d-effective-diffusivity-simulation,fitting-of-the-europium-model,voxel-based-3d-effective-diffusivity-simulation::n13,fitting-of-the-europium-model::n61,input_method; output_method,confirmed_reciprocal,CCL tortuosity; MPL tortuosity; GDL substrate in-plane tortuosity; GDL substrate through-plane tortuosity; CCL porosity; MPL porosity; GDL substrate porosity,https://w3id.org/h2kg/decode/workflow/anchor/ccl-porosity-component; https://w3id.org/h2kg/decode/workflow/anchor/ccl-tortuosity-component; https://w3id.org/h2kg/decode/workflow/anchor/gdl-substrate-in-plane-tortuosity-component; https://w3id.org/h2kg/decode/workflow/anchor/gdl-substrate-porosity-component; https://w3id.org/h2kg/decode/workflow/anchor/gdl-substrate-through-plane-tortuosity-component; https://w3id.org/h2kg/decode/workflow/anchor/mpl-tortuosity-component; https://w3id.org/h2kg/hydrogen-ontology#MicroporousLayerPorosity,http://www.w3.org/ns/prov#wasInformedBy,published_confirmed,Both method records declare the dependency and exact reviewed input/output handoff labels are shared.
manual-dependency-0513-dcff13b2eb,PSI-Mod-voxel-3d-diffusivity-simulation,CIEMAT-Exp-current-modulated-hydrogen-flow-rate-spectroscopy,voxel-based-3d-effective-diffusivity-simulation,current-modulated-hydrogen-flow-rate-spectroscopy-ch2s,voxel-based-3d-effective-diffusivity-simulation::n13,current-modulated-hydrogen-flow-rate-spectroscopy-ch2s::n14,input_method; output_method,confirmed_reciprocal,MPL porosity; GDL substrate porosity,https://w3id.org/h2kg/decode/workflow/anchor/gdl-substrate-porosity-component; https://w3id.org/h2kg/hydrogen-ontology#MicroporousLayerPorosity,http://www.w3.org/ns/prov#wasInformedBy,published_confirmed,Both method records declare the dependency and exact reviewed input/output handoff labels are shared.
manual-dependency-0514-68a5c2ead8,PSI-Mod-voxel-3d-diffusivity-simulation,FZJ-IET-3-Mod-diffusivities-tortuosities,voxel-based-3d-effective-diffusivity-simulation,diffusivities-from-tortuosities,voxel-based-3d-effective-diffusivity-simulation::n13,diffusivities-from-tortuosities::n13,input_method; output_method,confirmed_reciprocal,CCL tortuosity; MPL tortuosity; GDL substrate through-plane tortuosity; CCL porosity; MPL porosity; GDL substrate porosity,https://w3id.org/h2kg/decode/workflow/anchor/ccl-porosity-component; https://w3id.org/h2kg/decode/workflow/anchor/ccl-tortuosity-component; https://w3id.org/h2kg/decode/workflow/anchor/gdl-substrate-porosity-component; https://w3id.org/h2kg/decode/workflow/anchor/gdl-substrate-through-plane-tortuosity-component; https://w3id.org/h2kg/decode/workflow/anchor/mpl-tortuosity-component; https://w3id.org/h2kg/hydrogen-ontology#MicroporousLayerPorosity,http://www.w3.org/ns/prov#wasInformedBy,published_confirmed,Both method records declare the dependency and exact reviewed input/output handoff labels are shared.
manual-dependency-0515-ad0ae85a50,PSI-Mod-voxel-3d-diffusivity-simulation,FZJ-IET-3-Mod-performance-model-mea-prediction,voxel-based-3d-effective-diffusivity-simulation,iet-1d-performance-model-for-mea-prediction,voxel-based-3d-effective-diffusivity-simulation::n13,iet-1d-performance-model-for-mea-prediction::n28,input_method; output_method,confirmed_reciprocal,CCL porosity,https://w3id.org/h2kg/decode/workflow/anchor/ccl-porosity-component,http://www.w3.org/ns/prov#wasInformedBy,published_confirmed,Both method records declare the dependency and exact reviewed input/output handoff labels are shared.
manual-dependency-0516-66f58326f4,PSI-Mod-voxel-3d-diffusivity-simulation,0d-particle-population-degradation-model-coupled-with-performance-model-prediction,voxel-based-3d-effective-diffusivity-simulation,0d-particle-population-degradation-model-coupled-with-performance-model-prediction,voxel-based-3d-effective-diffusivity-simulation::n13,0d-particle-population-degradation-model-coupled-with-performance-model-prediction::n32,output_method,grounded_one_sided,CCL porosity,https://w3id.org/h2kg/decode/workflow/anchor/ccl-porosity-component,http://www.w3.org/ns/prov#wasInformedBy,published_pending_review,One record declares the dependency and an exact reviewed handoff grounds a pending-review link.
manual-dependency-0517-989fe60114,PSI-Mod-voxel-3d-electric-conductivity-simulation,BOSCH-Mod-mpl-parameter-estimation-gdl-substrate,voxel-based-3d-electric-conductiviy-simulation,mpl-parameter-estimation-from-gdl-and-substrate-data,voxel-based-3d-electric-conductiviy-simulation::n9,mpl-parameter-estimation-from-gdl-and-substrate-data::n20,input_method; output_method,confirmed_reciprocal,GDL substrate in-plane conductivity; GDL substrate through-plane conductivity,https://w3id.org/h2kg/decode/workflow/anchor/gdl-substrate-in-plane-conductivity-component; https://w3id.org/h2kg/decode/workflow/anchor/gdl-substrate-through-plane-conductivity-component,http://www.w3.org/ns/prov#wasInformedBy,published_confirmed,Both method records declare the dependency and exact reviewed input/output handoff labels are shared.
manual-dependency-0518-ddd6ca2c49,PSI-Mod-voxel-3d-electric-conductivity-simulation,CEA-Mod-europium-2d-mea-model,voxel-based-3d-electric-conductiviy-simulation,cea-mea-model-europium-2d,voxel-based-3d-electric-conductiviy-simulation::n9,cea-mea-model-europium-2d::n72,input_method; output_method,confirmed_reciprocal,CCL conductivity; MPL conductivity; GDL substrate in-plane conductivity; GDL substrate through-plane conductivity,https://w3id.org/h2kg/decode/workflow/anchor/ccl-conductivity-component; https://w3id.org/h2kg/decode/workflow/anchor/gdl-substrate-in-plane-conductivity-component; https://w3id.org/h2kg/decode/workflow/anchor/gdl-substrate-through-plane-conductivity-component; https://w3id.org/h2kg/decode/workflow/anchor/mpl-conductivity-component,http://www.w3.org/ns/prov#wasInformedBy,published_confirmed,Both method records declare the dependency and exact reviewed input/output handoff labels are shared.
manual-dependency-0519-f5f830dfc3,PSI-Mod-voxel-3d-electric-conductivity-simulation,CEA-Mod-europium-model-fitting,voxel-based-3d-electric-conductiviy-simulation,fitting-of-the-europium-model,voxel-based-3d-electric-conductiviy-simulation::n9,fitting-of-the-europium-model::n61,input_method; output_method,confirmed_reciprocal,CCL conductivity; MPL conductivity; GDL substrate in-plane conductivity; GDL substrate through-plane conductivity,https://w3id.org/h2kg/decode/workflow/anchor/ccl-conductivity-component; https://w3id.org/h2kg/decode/workflow/anchor/gdl-substrate-in-plane-conductivity-component; https://w3id.org/h2kg/decode/workflow/anchor/gdl-substrate-through-plane-conductivity-component; https://w3id.org/h2kg/decode/workflow/anchor/mpl-conductivity-component,http://www.w3.org/ns/prov#wasInformedBy,published_confirmed,Both method records declare the dependency and exact reviewed input/output handoff labels are shared.
manual-dependency-0520-af6e634917,PSI-Mod-voxel-3d-permability-simulation,BOSCH-Mod-mpl-parameter-estimation-gdl-substrate,voxel-based-3d-permability-simulation,mpl-parameter-estimation-from-gdl-and-substrate-data,voxel-based-3d-permability-simulation::n9,mpl-parameter-estimation-from-gdl-and-substrate-data::n20,input_method; output_method,confirmed_reciprocal,GDL substrate in-plane permeability; GDL substrate through-plane permeability,https://w3id.org/h2kg/decode/workflow/anchor/gdl-substrate-in-plane-permeability-component; https://w3id.org/h2kg/decode/workflow/anchor/gdl-substrate-through-plane-permeability-component,http://www.w3.org/ns/prov#wasInformedBy,published_confirmed,Both method records declare the dependency and exact reviewed input/output handoff labels are shared.
manual-dependency-0521-f9e48be187,PSI-Mod-voxel-3d-permability-simulation,CEA-Mod-europium-2d-mea-model,voxel-based-3d-permability-simulation,cea-mea-model-europium-2d,voxel-based-3d-permability-simulation::n9,cea-mea-model-europium-2d::n72,input_method; output_method,confirmed_reciprocal,CCL permeability; MPL permeability; GDL substrate in-plane permeability; GDL substrate through-plane permeability,https://w3id.org/h2kg/decode/workflow/anchor/ccl-permeability-component; https://w3id.org/h2kg/decode/workflow/anchor/gdl-substrate-in-plane-permeability-component; https://w3id.org/h2kg/decode/workflow/anchor/gdl-substrate-through-plane-permeability-component; https://w3id.org/h2kg/hydrogen-ontology#MicroporousLayerPermeability,http://www.w3.org/ns/prov#wasInformedBy,published_confirmed,Both method records declare the dependency and exact reviewed input/output handoff labels are shared.
manual-dependency-0522-997de77bd4,PSI-Mod-voxel-3d-permability-simulation,CEA-Mod-europium-model-fitting,voxel-based-3d-permability-simulation,fitting-of-the-europium-model,voxel-based-3d-permability-simulation::n9,fitting-of-the-europium-model::n61,input_method; output_method,confirmed_reciprocal,CCL permeability; MPL permeability; GDL substrate in-plane permeability; GDL substrate through-plane permeability,https://w3id.org/h2kg/decode/workflow/anchor/ccl-permeability-component; https://w3id.org/h2kg/decode/workflow/anchor/gdl-substrate-in-plane-permeability-component; https://w3id.org/h2kg/decode/workflow/anchor/gdl-substrate-through-plane-permeability-component; https://w3id.org/h2kg/hydrogen-ontology#MicroporousLayerPermeability,http://www.w3.org/ns/prov#wasInformedBy,published_confirmed,Both method records declare the dependency and exact reviewed input/output handoff labels are shared.
manual-dependency-0523-0135cce198,PSI-Mod-voxel-3d-permability-simulation,HTE-Mod-pemfc-4-fold-cell-benchtop-test,voxel-based-3d-permability-simulation,manual-hte-mod-pemfc-4-fold-cell-benchtop-test,voxel-based-3d-permability-simulation::n9,manual-hte-mod-pemfc-4-fold-cell-benchtop-test::method,input_method,ungrounded_one_sided,,,http://www.w3.org/ns/prov#wasInformedBy,audit_only,One-sided declaration lacks an exact reviewed handoff and is retained for audit only.
manual-dependency-0524-dbca6bfa15,PSI-Mod-voxel-3d-permability-simulation,NEL-Exp-pewe-single-cell-benchtop-test,voxel-based-3d-permability-simulation,manual-nel-exp-pewe-single-cell-benchtop-test,voxel-based-3d-permability-simulation::n9,manual-nel-exp-pewe-single-cell-benchtop-test::method,input_method,ungrounded_one_sided,,,http://www.w3.org/ns/prov#wasInformedBy,audit_only,One-sided declaration lacks an exact reviewed handoff and is retained for audit only.
manual-dependency-0525-30b60a99f3,PSI-Mod-voxel-3d-thermal-conductivity-simulation,CEA-Mod-europium-2d-mea-model,voxel-based-3d-thermal-conductivity-simulation,cea-mea-model-europium-2d,voxel-based-3d-thermal-conductivity-simulation::n9,cea-mea-model-europium-2d::n72,input_method; output_method,confirmed_reciprocal,CCL thermal conductivity; MPL thermal conductivity; GDL substrate in-plane thermal conductivity; GDL substrate through-plane thermal conductivity,https://w3id.org/h2kg/decode/workflow/anchor/ccl-thermal-conductivity-component; https://w3id.org/h2kg/decode/workflow/anchor/gdl-substrate-in-plane-thermal-conductivity-component; https://w3id.org/h2kg/decode/workflow/anchor/gdl-substrate-through-plane-thermal-conductivity-component; https://w3id.org/h2kg/decode/workflow/anchor/mpl-thermal-conductivity-component,http://www.w3.org/ns/prov#wasInformedBy,published_confirmed,Both method records declare the dependency and exact reviewed input/output handoff labels are shared.
manual-dependency-0526-54fe004761,PSI-Mod-voxel-3d-thermal-conductivity-simulation,CEA-Mod-europium-model-fitting,voxel-based-3d-thermal-conductivity-simulation,fitting-of-the-europium-model,voxel-based-3d-thermal-conductivity-simulation::n9,fitting-of-the-europium-model::n61,input_method; output_method,confirmed_reciprocal,CCL thermal conductivity; MPL thermal conductivity; GDL substrate in-plane thermal conductivity; GDL substrate through-plane thermal conductivity,https://w3id.org/h2kg/decode/workflow/anchor/ccl-thermal-conductivity-component; https://w3id.org/h2kg/decode/workflow/anchor/gdl-substrate-in-plane-thermal-conductivity-component; https://w3id.org/h2kg/decode/workflow/anchor/gdl-substrate-through-plane-thermal-conductivity-component; https://w3id.org/h2kg/decode/workflow/anchor/mpl-thermal-conductivity-component,http://www.w3.org/ns/prov#wasInformedBy,published_confirmed,Both method records declare the dependency and exact reviewed input/output handoff labels are shared.
manual-dependency-0527-7508aeb6c6,PSI-Mod-water-retention-simulation,CEA-Mod-europium-2d-mea-model,water-retention-curve-simulation,cea-mea-model-europium-2d,water-retention-curve-simulation::n16,cea-mea-model-europium-2d::n72,input_method; output_method,confirmed_reciprocal,CCL water retention curve; MPL water retention curve; GDL substrate water retention curve,https://w3id.org/h2kg/decode/workflow/anchor/ccl-water-retention-curve-component; https://w3id.org/h2kg/decode/workflow/anchor/gdl-substrate-water-retention-curve-component; https://w3id.org/h2kg/decode/workflow/anchor/mpl-water-retention-curve-component,http://www.w3.org/ns/prov#wasInformedBy,published_confirmed,Both method records declare the dependency and exact reviewed input/output handoff labels are shared.
manual-dependency-0528-9c28ab31a5,PSI-Mod-water-retention-simulation,CEA-Mod-europium-model-fitting,water-retention-curve-simulation,fitting-of-the-europium-model,water-retention-curve-simulation::n16,fitting-of-the-europium-model::n61,input_method; output_method,confirmed_reciprocal,CCL water retention curve; MPL water retention curve; GDL substrate water retention curve,https://w3id.org/h2kg/decode/workflow/anchor/ccl-water-retention-curve-component; https://w3id.org/h2kg/decode/workflow/anchor/gdl-substrate-water-retention-curve-component; https://w3id.org/h2kg/decode/workflow/anchor/mpl-water-retention-curve-component,http://www.w3.org/ns/prov#wasInformedBy,published_confirmed,Both method records declare the dependency and exact reviewed input/output handoff labels are shared.
manual-dependency-0529-10439b018a,PSI-Mod-water-retention-simulation,FZJ-IET-3-Mod-performance-model-mea-prediction,water-retention-curve-simulation,iet-1d-performance-model-for-mea-prediction,water-retention-curve-simulation::n16,iet-1d-performance-model-for-mea-prediction::n28,input_method; output_method,confirmed_reciprocal,CCL water retention curve; GDL substrate water retention curve,https://w3id.org/h2kg/decode/workflow/anchor/ccl-water-retention-curve-component; https://w3id.org/h2kg/decode/workflow/anchor/gdl-substrate-water-retention-curve-component,http://www.w3.org/ns/prov#wasInformedBy,published_confirmed,Both method records declare the dependency and exact reviewed input/output handoff labels are shared.
manual-dependency-0530-1f38dd72d0,PSI-Mod-water-retention-simulation,iet-1d-mea-with-water-transport-eis-model,water-retention-curve-simulation,iet-1d-mea-with-water-transport-eis-model,water-retention-curve-simulation::n16,iet-1d-mea-with-water-transport-eis-model::n24,output_method,grounded_one_sided,CCL water retention curve; GDL substrate water retention curve,https://w3id.org/h2kg/decode/workflow/anchor/ccl-water-retention-curve-component; https://w3id.org/h2kg/decode/workflow/anchor/gdl-substrate-water-retention-curve-component,http://www.w3.org/ns/prov#wasInformedBy,published_pending_review,One record declares the dependency and an exact reviewed handoff grounds a pending-review link.
manual-dependency-0531-d33534bd85,PSI-Mod-water-retention-simulation,iet-1d-mea-with-water-transport-in-ccl-eis-model,water-retention-curve-simulation,iet-1d-mea-with-water-transport-in-ccl-eis-model,water-retention-curve-simulation::n16,iet-1d-mea-with-water-transport-in-ccl-eis-model::n19,output_method,grounded_one_sided,CCL water retention curve,https://w3id.org/h2kg/decode/workflow/anchor/ccl-water-retention-curve-component,http://www.w3.org/ns/prov#wasInformedBy,published_pending_review,One record declares the dependency and an exact reviewed handoff grounds a pending-review link.
manual-dependency-0532-92b8d2eb1a,ULEI-Exp-rde-mono-polycrystalline-electrodes,CIEMAT-Mod-adsorbate-surface-diffusion-electrocatalyst-support,rde-on-mono-or-polycrystalline-electrodes,adsorbate-surface-diffusion-on-electrocatalyst-support,rde-on-mono-or-polycrystalline-electrodes::n7,adsorbate-surface-diffusion-on-electrocatalyst-support::n10,input_method; output_method,confirmed_reciprocal,RDE electrochemical response (idealized),https://w3id.org/h2kg/decode/workflow/anchor/rde-electrochemical-response-idealized-lre,http://www.w3.org/ns/prov#wasInformedBy,published_confirmed,Both method records declare the dependency and exact reviewed input/output handoff labels are shared.
manual-dependency-0533-6462f91490,ULEI-Exp-rde-mono-polycrystalline-electrodes,ULEI-FZJ-IET-3-Mod-fitting-version-hierachical-model,rde-on-mono-or-polycrystalline-electrodes,fitting-version-of-the-hierachical-model,rde-on-mono-or-polycrystalline-electrodes::n7,fitting-version-of-the-hierachical-model::n9,input_method; output_method,confirmed_dependency_without_exact_handoff,,,http://www.w3.org/ns/prov#wasInformedBy,published_confirmed,"Both records declare the dependency; no exact handoff is asserted, so only PROV dependency is published."
manual-dependency-0534-c6562aa12c,ULEI-Exp-rde-mono-polycrystalline-electrodes,diffusion-theory,rde-on-mono-or-polycrystalline-electrodes,diffusion-theory,rde-on-mono-or-polycrystalline-electrodes::n7,diffusion-theory::n6,output_method,grounded_one_sided,RDE electrochemical response (idealized),https://w3id.org/h2kg/decode/workflow/anchor/rde-electrochemical-response-idealized-lre,http://www.w3.org/ns/prov#wasInformedBy,published_pending_review,One record declares the dependency and an exact reviewed handoff grounds a pending-review link.
manual-dependency-0535-c57913a03b,ULEI-Exp-rde-mono-polycrystalline-electrodes,rrde-theory,rde-on-mono-or-polycrystalline-electrodes,rrde-theory,rde-on-mono-or-polycrystalline-electrodes::n7,rrde-theory::n7,output_method,grounded_one_sided,RDE electrochemical response (idealized),https://w3id.org/h2kg/decode/workflow/anchor/rde-electrochemical-response-idealized-lre,http://www.w3.org/ns/prov#wasInformedBy,published_pending_review,One record declares the dependency and an exact reviewed handoff grounds a pending-review link.
manual-dependency-0536-7b26ec33aa,ULEI-FZJ-IET-3-Mod-fitting-version-hierachical-model,FZJ-IET-3-Mod-hierarchical-electrocatalytic-reactions,fitting-version-of-the-hierachical-model,hierarchical-model-for-electrocatalytic-reactions,fitting-version-of-the-hierachical-model::n9,hierarchical-model-for-electrocatalytic-reactions::n19,input_method; output_method,confirmed_dependency_without_exact_handoff,,,http://www.w3.org/ns/prov#wasInformedBy,published_confirmed,"Both records declare the dependency; no exact handoff is asserted, so only PROV dependency is published."
manual-dependency-0537-d92cadb5cc,0d-particle-population-degradation-model-coupled-with-performance-model-prediction,CEA-Exp-differential-cell-testing,0d-particle-population-degradation-model-coupled-with-performance-model-prediction,differential-cell-testing,0d-particle-population-degradation-model-coupled-with-performance-model-prediction::n32,differential-cell-testing::n15,input_method,grounded_one_sided,CCL thickness,https://w3id.org/h2kg/hydrogen-ontology#CathodeCatalystLayerThickness,http://www.w3.org/ns/prov#wasInformedBy,published_pending_review,One record declares the dependency and an exact reviewed handoff grounds a pending-review link.
manual-dependency-0538-1ddeb0e934,0d-particle-population-degradation-model-coupled-with-performance-model-prediction,CEA-Mod-europium-2d-mea-model,0d-particle-population-degradation-model-coupled-with-performance-model-prediction,cea-mea-model-europium-2d,0d-particle-population-degradation-model-coupled-with-performance-model-prediction::n32,cea-mea-model-europium-2d::n72,input_method,grounded_one_sided,CCL thickness,https://w3id.org/h2kg/hydrogen-ontology#CathodeCatalystLayerThickness,http://www.w3.org/ns/prov#wasInformedBy,published_pending_review,One record declares the dependency and an exact reviewed handoff grounds a pending-review link.
manual-dependency-0539-32bf4e72bb,0d-particle-population-degradation-model-coupled-with-performance-model-prediction,CEA-Mod-europium-model-fitting,0d-particle-population-degradation-model-coupled-with-performance-model-prediction,fitting-of-the-europium-model,0d-particle-population-degradation-model-coupled-with-performance-model-prediction::n32,fitting-of-the-europium-model::n61,input_method,grounded_one_sided,CCL thickness,https://w3id.org/h2kg/hydrogen-ontology#CathodeCatalystLayerThickness,http://www.w3.org/ns/prov#wasInformedBy,published_pending_review,One record declares the dependency and an exact reviewed handoff grounds a pending-review link.
manual-dependency-0540-75f0367adc,0d-particle-population-degradation-model-coupled-with-performance-model-prediction,FZJ-IET-3-Mod-diffusivities-tortuosities,0d-particle-population-degradation-model-coupled-with-performance-model-prediction,diffusivities-from-tortuosities,0d-particle-population-degradation-model-coupled-with-performance-model-prediction::n32,diffusivities-from-tortuosities::n13,input_method,ungrounded_one_sided,,,http://www.w3.org/ns/prov#wasInformedBy,audit_only,One-sided declaration lacks an exact reviewed handoff and is retained for audit only.
manual-dependency-0541-c16cf45c93,0d-particle-population-degradation-model-coupled-with-performance-model-prediction,FZJ-IET-3-Mod-performance-model-mea-prediction,0d-particle-population-degradation-model-coupled-with-performance-model-prediction,iet-1d-performance-model-for-mea-prediction,0d-particle-population-degradation-model-coupled-with-performance-model-prediction::n32,iet-1d-performance-model-for-mea-prediction::n28,input_method,grounded_one_sided,CCL thickness,https://w3id.org/h2kg/hydrogen-ontology#CathodeCatalystLayerThickness,http://www.w3.org/ns/prov#wasInformedBy,published_pending_review,One record declares the dependency and an exact reviewed handoff grounds a pending-review link.
manual-dependency-0542-1a37f7a729,cl-for-rde,CEA-Exp-tem-eds-analysis-CL,cl-for-rde,manual-cea-exp-tem-eds-analysis-cl,cl-for-rde::n9,manual-cea-exp-tem-eds-analysis-cl::method,input_method,ungrounded_one_sided,,,http://www.w3.org/ns/prov#wasInformedBy,audit_only,One-sided declaration lacks an exact reviewed handoff and is retained for audit only.
manual-dependency-0543-9fd9d97ce2,cl-for-rde,FZJ-IET-4-Exp-sheet-resistance-measurement,cl-for-rde,sheet-resistance-measurement,cl-for-rde::n9,sheet-resistance-measurement::n7,input_method,grounded_one_sided,CL on GDL,https://w3id.org/h2kg/decode/workflow/anchor/cl-on-gdl-component,http://www.w3.org/ns/prov#wasInformedBy,published_pending_review,One record declares the dependency and an exact reviewed handoff grounds a pending-review link.
manual-dependency-0544-3e3ffccb83,cl-for-rde,HZB-Exp-fib-gdl-mpl-catalyst,cl-for-rde,fib-measurements-on-gdl-or-mpl-and-catalyst-materials,cl-for-rde::n9,fib-measurements-on-gdl-or-mpl-and-catalyst-materials::n10,input_method,grounded_one_sided,CL on GDL,https://w3id.org/h2kg/decode/workflow/anchor/cl-on-gdl-component,http://www.w3.org/ns/prov#wasInformedBy,published_pending_review,One record declares the dependency and an exact reviewed handoff grounds a pending-review link.
manual-dependency-0545-1a43d9a93a,confocal-laser-scanning-microscope-clsm-and-fluorescent-probes-for-local-ph-assessment-in-alkaline-m,ULEI-FZJ-IET-3-Mod-fitting-version-hierachical-model,confocal-laser-scanning-microscope-clsm-and-fluorescent-probes-for-local-ph-assessment-in-alkaline-m,fitting-version-of-the-hierachical-model,confocal-laser-scanning-microscope-clsm-and-fluorescent-probes-for-local-ph-assessment-in-alkaline-m::n7,fitting-version-of-the-hierachical-model::n9,input_method,ungrounded_one_sided,,,http://www.w3.org/ns/prov#wasInformedBy,audit_only,One-sided declaration lacks an exact reviewed handoff and is retained for audit only.
manual-dependency-0546-4c0ca6b58a,diffusion-theory,FZJ-IET-3-Mod-hierarchical-electrocatalytic-reactions,diffusion-theory,hierarchical-model-for-electrocatalytic-reactions,diffusion-theory::n6,hierarchical-model-for-electrocatalytic-reactions::n19,input_method,grounded_one_sided,Diffusion layer thickness,https://w3id.org/h2kg/decode/workflow/anchor/diffusion-layer-thickness-lre,http://www.w3.org/ns/prov#wasInformedBy,published_pending_review,One record declares the dependency and an exact reviewed handoff grounds a pending-review link.
manual-dependency-0547-310740b4f4,dip-and-pull-operando-or-in-situ-xps,DTU-Mod-aimd-solid-liquid-pt-electrode,dip-and-pull-operando-or-in-situ-xps,ab-initio-molecular-dynamics-aimd-of-the-solid-liquid-interface-at-a-pt-electrode,dip-and-pull-operando-or-in-situ-xps::n6,ab-initio-molecular-dynamics-aimd-of-the-solid-liquid-interface-at-a-pt-electrode::n5,input_method,grounded_one_sided,Electrode chemistry,https://w3id.org/h2kg/decode/workflow/anchor/electrode-chemistry-material,http://www.w3.org/ns/prov#wasInformedBy,published_pending_review,One record declares the dependency and an exact reviewed handoff grounds a pending-review link.
manual-dependency-0548-1ae64e1012,dip-and-pull-operando-or-in-situ-xps,DTU-Mod-dft-idealized-surfaces,dip-and-pull-operando-or-in-situ-xps,dft-onto-idealized-surfaces,dip-and-pull-operando-or-in-situ-xps::n6,dft-onto-idealized-surfaces::n9,input_method,grounded_one_sided,Electrode chemistry; Adsorbate types on electrode (idealized),https://w3id.org/h2kg/decode/workflow/anchor/adsorbate-types-on-electrode-idealized-lre; https://w3id.org/h2kg/decode/workflow/anchor/electrode-chemistry-material,http://www.w3.org/ns/prov#wasInformedBy,published_pending_review,One record declares the dependency and an exact reviewed handoff grounds a pending-review link.
manual-dependency-0549-b09cd8c2d4,dip-and-pull-operando-or-in-situ-xps,DTU-Mod-machine-learning-force-fields,dip-and-pull-operando-or-in-situ-xps,manual-dtu-mod-machine-learning-force-fields,dip-and-pull-operando-or-in-situ-xps::n6,manual-dtu-mod-machine-learning-force-fields::method,input_method,grounded_one_sided,Electrode chemistry,https://w3id.org/h2kg/decode/workflow/anchor/electrode-chemistry-material,http://www.w3.org/ns/prov#wasInformedBy,published_pending_review,One record declares the dependency and an exact reviewed handoff grounds a pending-review link.
manual-dependency-0550-ae14cb3a82,eis-on-pewe-cells,CEA-Mod-europium-model-fitting,eis-on-pewe-cells,fitting-of-the-europium-model,eis-on-pewe-cells::n5,fitting-of-the-europium-model::n61,input_method,grounded_one_sided,Cell high-frequency resistance,https://w3id.org/h2kg/decode/workflow/anchor/cell-high-frequency-resistance-device,http://www.w3.org/ns/prov#wasInformedBy,published_pending_review,One record declares the dependency and an exact reviewed handoff grounds a pending-review link.
manual-dependency-0551-31a6f6b17a,eis-on-pewe-cells,FZJ-IET-3-Mod-performance-model-mea-fitting,eis-on-pewe-cells,iet-1d-performance-model-for-mea-fitting,eis-on-pewe-cells::n5,iet-1d-performance-model-for-mea-fitting::n13,input_method,grounded_one_sided,Cell high-frequency resistance,https://w3id.org/h2kg/decode/workflow/anchor/cell-high-frequency-resistance-device,http://www.w3.org/ns/prov#wasInformedBy,published_pending_review,One record declares the dependency and an exact reviewed handoff grounds a pending-review link.
manual-dependency-0552-7b2126c4ad,electrical-conductivity,BOSCH-Mod-mpl-parameter-estimation-gdl-substrate,electrical-conductivity,mpl-parameter-estimation-from-gdl-and-substrate-data,electrical-conductivity::n10,mpl-parameter-estimation-from-gdl-and-substrate-data::n20,input_method,grounded_one_sided,GDL in-plane conductivity; GDL through-plane conductivity,https://w3id.org/h2kg/decode/workflow/anchor/gdl-in-plane-conductivity-component; https://w3id.org/h2kg/decode/workflow/anchor/gdl-through-plane-conductivity-component,http://www.w3.org/ns/prov#wasInformedBy,published_pending_review,One record declares the dependency and an exact reviewed handoff grounds a pending-review link.
manual-dependency-0553-9ede1d4f52,electrical-conductivity,CEA-Mod-europium-2d-mea-model,electrical-conductivity,cea-mea-model-europium-2d,electrical-conductivity::n10,cea-mea-model-europium-2d::n72,input_method,ungrounded_one_sided,,,http://www.w3.org/ns/prov#wasInformedBy,audit_only,One-sided declaration lacks an exact reviewed handoff and is retained for audit only.
manual-dependency-0554-3fb5a82c57,electrical-conductivity,CEA-Mod-europium-model-fitting,electrical-conductivity,fitting-of-the-europium-model,electrical-conductivity::n10,fitting-of-the-europium-model::n61,input_method,ungrounded_one_sided,,,http://www.w3.org/ns/prov#wasInformedBy,audit_only,One-sided declaration lacks an exact reviewed handoff and is retained for audit only.
manual-dependency-0555-209824ce4e,electrical-contact-resistance,BOSCH-Mod-mpl-parameter-estimation-gdl-substrate,electrical-contact-resistance,mpl-parameter-estimation-from-gdl-and-substrate-data,electrical-contact-resistance::n11,mpl-parameter-estimation-from-gdl-and-substrate-data::n20,input_method,grounded_one_sided,GDL through-plane conductivity,https://w3id.org/h2kg/decode/workflow/anchor/gdl-through-plane-conductivity-component,http://www.w3.org/ns/prov#wasInformedBy,published_pending_review,One record declares the dependency and an exact reviewed handoff grounds a pending-review link.
manual-dependency-0556-b1fb879e0a,electrical-contact-resistance,CEA-Mod-europium-2d-mea-model,electrical-contact-resistance,cea-mea-model-europium-2d,electrical-contact-resistance::n11,cea-mea-model-europium-2d::n72,input_method,ungrounded_one_sided,,,http://www.w3.org/ns/prov#wasInformedBy,audit_only,One-sided declaration lacks an exact reviewed handoff and is retained for audit only.
manual-dependency-0557-776a69243b,electrical-contact-resistance,CEA-Mod-europium-model-fitting,electrical-contact-resistance,fitting-of-the-europium-model,electrical-contact-resistance::n11,fitting-of-the-europium-model::n61,input_method,ungrounded_one_sided,,,http://www.w3.org/ns/prov#wasInformedBy,audit_only,One-sided declaration lacks an exact reviewed handoff and is retained for audit only.
manual-dependency-0558-8590099884,hg-porosimetry-gdl,FZJ-IET-3-Mod-diffusivities-tortuosities,hg-porosimetry-gdl,diffusivities-from-tortuosities,hg-porosimetry-gdl::n7,diffusivities-from-tortuosities::n13,input_method,ungrounded_one_sided,,,http://www.w3.org/ns/prov#wasInformedBy,audit_only,One-sided declaration lacks an exact reviewed handoff and is retained for audit only.
manual-dependency-0559-b3c72f843e,image-based-ccl-effective-transport-property-computation-from-numerical-simulations,CEA-Mod-europium-2d-mea-model,image-based-ccl-effective-transport-property-computation-from-numerical-simulations,cea-mea-model-europium-2d,image-based-ccl-effective-transport-property-computation-from-numerical-simulations::n6,cea-mea-model-europium-2d::n72,input_method,grounded_one_sided,CCL porosity; CCL tortuosity; CCL effective proton conductivity,https://w3id.org/h2kg/decode/workflow/anchor/ccl-effective-proton-conductivity-component; https://w3id.org/h2kg/decode/workflow/anchor/ccl-porosity-component; https://w3id.org/h2kg/decode/workflow/anchor/ccl-tortuosity-component,http://www.w3.org/ns/prov#wasInformedBy,published_pending_review,One record declares the dependency and an exact reviewed handoff grounds a pending-review link.
manual-dependency-0560-f40b90c567,image-based-ccl-effective-transport-property-computation-from-numerical-simulations,CEA-Mod-europium-model-fitting,image-based-ccl-effective-transport-property-computation-from-numerical-simulations,fitting-of-the-europium-model,image-based-ccl-effective-transport-property-computation-from-numerical-simulations::n6,fitting-of-the-europium-model::n61,input_method,grounded_one_sided,CCL porosity; CCL tortuosity; CCL effective proton conductivity,https://w3id.org/h2kg/decode/workflow/anchor/ccl-effective-proton-conductivity-component; https://w3id.org/h2kg/decode/workflow/anchor/ccl-porosity-component; https://w3id.org/h2kg/decode/workflow/anchor/ccl-tortuosity-component,http://www.w3.org/ns/prov#wasInformedBy,published_pending_review,One record declares the dependency and an exact reviewed handoff grounds a pending-review link.
manual-dependency-0561-b85e088c08,image-based-ccl-effective-transport-property-computation-from-numerical-simulations,FZJ-IET-3-Mod-composition-property,image-based-ccl-effective-transport-property-computation-from-numerical-simulations,iet-composition-to-property-model,image-based-ccl-effective-transport-property-computation-from-numerical-simulations::n6,iet-composition-to-property-model::n12,input_method,grounded_one_sided,CCL structural parameters,https://w3id.org/h2kg/decode/workflow/anchor/ccl-structural-parameters-component,http://www.w3.org/ns/prov#wasInformedBy,published_pending_review,One record declares the dependency and an exact reviewed handoff grounds a pending-review link.
manual-dependency-0562-0421fc54f0,image-based-ccl-effective-transport-property-computation-from-numerical-simulations,FZJ-IET-3-Mod-diffusivities-tortuosities,image-based-ccl-effective-transport-property-computation-from-numerical-simulations,diffusivities-from-tortuosities,image-based-ccl-effective-transport-property-computation-from-numerical-simulations::n6,diffusivities-from-tortuosities::n13,input_method,grounded_one_sided,CCL porosity; CCL tortuosity,https://w3id.org/h2kg/decode/workflow/anchor/ccl-porosity-component; https://w3id.org/h2kg/decode/workflow/anchor/ccl-tortuosity-component,http://www.w3.org/ns/prov#wasInformedBy,published_pending_review,One record declares the dependency and an exact reviewed handoff grounds a pending-review link.
manual-dependency-0563-5ecbb35a65,image-based-ccl-effective-transport-property-computation-from-numerical-simulations,FZJ-IET-3-Mod-performance-model-mea-prediction,image-based-ccl-effective-transport-property-computation-from-numerical-simulations,iet-1d-performance-model-for-mea-prediction,image-based-ccl-effective-transport-property-computation-from-numerical-simulations::n6,iet-1d-performance-model-for-mea-prediction::n28,input_method,grounded_one_sided,CCL porosity; CCL effective proton conductivity,https://w3id.org/h2kg/decode/workflow/anchor/ccl-effective-proton-conductivity-component; https://w3id.org/h2kg/decode/workflow/anchor/ccl-porosity-component,http://www.w3.org/ns/prov#wasInformedBy,published_pending_review,One record declares the dependency and an exact reviewed handoff grounds a pending-review link.
manual-dependency-0564-9cb6d28f7b,inpt-cl-process-model,HZB-Mod-image-parameter-extraction-3d-fib-tomography,inpt-cl-process-model,image-fib-tomography-dataparameter-extraction-3d,inpt-cl-process-model::n4,image-fib-tomography-dataparameter-extraction-3d::n11,input_method,grounded_one_sided,CCL 3D voxel data classified,https://w3id.org/h2kg/decode/workflow/anchor/ccl-3d-voxel-data-classified,http://www.w3.org/ns/prov#wasInformedBy,published_pending_review,One record declares the dependency and an exact reviewed handoff grounds a pending-review link.
manual-dependency-0565-193e2ede5a,inpt-cl-process-model,HZB-Mod-image-parameter-extraction-3d-tem,inpt-cl-process-model,image-tem-data-parameter-extraction-3d,inpt-cl-process-model::n4,image-tem-data-parameter-extraction-3d::n10,input_method,grounded_one_sided,CCL 3D voxel data classified with ionomer and Pt,https://w3id.org/h2kg/decode/workflow/anchor/ccl-3d-voxel-data-classified-with-ionomer-and-pt-meso,http://www.w3.org/ns/prov#wasInformedBy,published_pending_review,One record declares the dependency and an exact reviewed handoff grounds a pending-review link.
manual-dependency-0566-ebec078164,inpt-cl-process-model,HZB-Mod-structural-digital-twins-multi-scale-tomographies,inpt-cl-process-model,ai-based-generation-of-structural-digital-twins-of-multi-scale-tomographies,inpt-cl-process-model::n4,ai-based-generation-of-structural-digital-twins-of-multi-scale-tomographies::n8,input_method,grounded_one_sided,CCL 3D voxel data classified,https://w3id.org/h2kg/decode/workflow/anchor/ccl-3d-voxel-data-classified,http://www.w3.org/ns/prov#wasInformedBy,published_pending_review,One record declares the dependency and an exact reviewed handoff grounds a pending-review link.
manual-dependency-0567-7a2c2dec5d,inpt-cl-process-model,INPT-Mod-distribution-contact-angles-ccl-fib-sem-image,inpt-cl-process-model,distribution-of-contact-angles-in-ccl-fib-sem-image-from-ionomer-reconstruction,inpt-cl-process-model::n4,distribution-of-contact-angles-in-ccl-fib-sem-image-from-ionomer-reconstruction::n4,input_method,grounded_one_sided,CCL 3D voxel data classified with ionomer and Pt,https://w3id.org/h2kg/decode/workflow/anchor/ccl-3d-voxel-data-classified-with-ionomer-and-pt-meso,http://www.w3.org/ns/prov#wasInformedBy,published_pending_review,One record declares the dependency and an exact reviewed handoff grounds a pending-review link.
manual-dependency-0568-42bd4159d0,inpt-cl-process-model,INPT-Mod-ionomer-reconstruction-ccl-3d,inpt-cl-process-model,ionomer-reconstruction-in-ccl-3d-images,inpt-cl-process-model::n4,ionomer-reconstruction-in-ccl-3d-images::n5,input_method,grounded_one_sided,CCL 3D voxel data classified,https://w3id.org/h2kg/decode/workflow/anchor/ccl-3d-voxel-data-classified,http://www.w3.org/ns/prov#wasInformedBy,published_pending_review,One record declares the dependency and an exact reviewed handoff grounds a pending-review link.
manual-dependency-0569-560b930d71,inpt-cl-process-model,PSI-Mod-voxel-3d-diffusivity-simulation,inpt-cl-process-model,voxel-based-3d-effective-diffusivity-simulation,inpt-cl-process-model::n4,voxel-based-3d-effective-diffusivity-simulation::n13,input_method,grounded_one_sided,CCL 3D voxel data classified,https://w3id.org/h2kg/decode/workflow/anchor/ccl-3d-voxel-data-classified,http://www.w3.org/ns/prov#wasInformedBy,published_pending_review,One record declares the dependency and an exact reviewed handoff grounds a pending-review link.
manual-dependency-0570-cff306dedc,inpt-cl-process-model,PSI-Mod-voxel-3d-electric-conductivity-simulation,inpt-cl-process-model,voxel-based-3d-electric-conductiviy-simulation,inpt-cl-process-model::n4,voxel-based-3d-electric-conductiviy-simulation::n9,input_method,grounded_one_sided,CCL 3D voxel data classified,https://w3id.org/h2kg/decode/workflow/anchor/ccl-3d-voxel-data-classified,http://www.w3.org/ns/prov#wasInformedBy,published_pending_review,One record declares the dependency and an exact reviewed handoff grounds a pending-review link.
manual-dependency-0571-9c8e6a95fb,inpt-cl-process-model,PSI-Mod-voxel-3d-permability-simulation,inpt-cl-process-model,voxel-based-3d-permability-simulation,inpt-cl-process-model::n4,voxel-based-3d-permability-simulation::n9,input_method,grounded_one_sided,CCL 3D voxel data classified,https://w3id.org/h2kg/decode/workflow/anchor/ccl-3d-voxel-data-classified,http://www.w3.org/ns/prov#wasInformedBy,published_pending_review,One record declares the dependency and an exact reviewed handoff grounds a pending-review link.
manual-dependency-0572-fdc7a2b204,inpt-cl-process-model,PSI-Mod-voxel-3d-thermal-conductivity-simulation,inpt-cl-process-model,voxel-based-3d-thermal-conductivity-simulation,inpt-cl-process-model::n4,voxel-based-3d-thermal-conductivity-simulation::n9,input_method,grounded_one_sided,CCL 3D voxel data classified,https://w3id.org/h2kg/decode/workflow/anchor/ccl-3d-voxel-data-classified,http://www.w3.org/ns/prov#wasInformedBy,published_pending_review,One record declares the dependency and an exact reviewed handoff grounds a pending-review link.
manual-dependency-0573-1705ad010a,inpt-cl-process-model,PSI-Mod-water-retention-simulation,inpt-cl-process-model,water-retention-curve-simulation,inpt-cl-process-model::n4,water-retention-curve-simulation::n16,input_method,grounded_one_sided,CCL 3D voxel data classified,https://w3id.org/h2kg/decode/workflow/anchor/ccl-3d-voxel-data-classified,http://www.w3.org/ns/prov#wasInformedBy,published_pending_review,One record declares the dependency and an exact reviewed handoff grounds a pending-review link.
manual-dependency-0574-914cee33f7,irras-operando-or-in-situ-ftir,DTU-Mod-aimd-solid-liquid-pt-electrode,irras-operando-or-in-situ-ftir,ab-initio-molecular-dynamics-aimd-of-the-solid-liquid-interface-at-a-pt-electrode,irras-operando-or-in-situ-ftir::n8,ab-initio-molecular-dynamics-aimd-of-the-solid-liquid-interface-at-a-pt-electrode::n5,input_method,grounded_one_sided,Electrode chemistry,https://w3id.org/h2kg/decode/workflow/anchor/electrode-chemistry-material,http://www.w3.org/ns/prov#wasInformedBy,published_pending_review,One record declares the dependency and an exact reviewed handoff grounds a pending-review link.
manual-dependency-0575-087f229b5d,irras-operando-or-in-situ-ftir,DTU-Mod-dft-idealized-surfaces,irras-operando-or-in-situ-ftir,dft-onto-idealized-surfaces,irras-operando-or-in-situ-ftir::n8,dft-onto-idealized-surfaces::n9,input_method,grounded_one_sided,Electrode chemistry,https://w3id.org/h2kg/decode/workflow/anchor/electrode-chemistry-material,http://www.w3.org/ns/prov#wasInformedBy,published_pending_review,One record declares the dependency and an exact reviewed handoff grounds a pending-review link.
manual-dependency-0576-c2708f3c6a,irras-operando-or-in-situ-ftir,DTU-Mod-machine-learning-force-fields,irras-operando-or-in-situ-ftir,manual-dtu-mod-machine-learning-force-fields,irras-operando-or-in-situ-ftir::n8,manual-dtu-mod-machine-learning-force-fields::method,input_method,grounded_one_sided,Electrode chemistry,https://w3id.org/h2kg/decode/workflow/anchor/electrode-chemistry-material,http://www.w3.org/ns/prov#wasInformedBy,published_pending_review,One record declares the dependency and an exact reviewed handoff grounds a pending-review link.
manual-dependency-0577-e76fdb0f77,modeling-of-mpl-coating-of-gdl,CEA-Mod-simulation-3d-properties-single-phase,modeling-of-mpl-coating-of-gdl,simulation-of-single-phase-3d-apparent-properties,modeling-of-mpl-coating-of-gdl::n4,simulation-of-single-phase-3d-apparent-properties::n18,input_method,grounded_one_sided,GDL substrate 3D voxel data classified; MPL 3D voxel data classified,https://w3id.org/h2kg/decode/workflow/anchor/gdl-substrate-3d-voxel-data-classified; https://w3id.org/h2kg/decode/workflow/anchor/mpl-3d-voxel-data-classified,http://www.w3.org/ns/prov#wasInformedBy,published_pending_review,One record declares the dependency and an exact reviewed handoff grounds a pending-review link.
manual-dependency-0578-5ca6f8d926,modeling-of-mpl-coating-of-gdl,CEA-Mod-simulation-3d-properties-two-phase,modeling-of-mpl-coating-of-gdl,simulation-of-two-phase-3d-apparent-properties,modeling-of-mpl-coating-of-gdl::n4,simulation-of-two-phase-3d-apparent-properties::n17,input_method,grounded_one_sided,GDL substrate 3D voxel data classified; MPL 3D voxel data classified,https://w3id.org/h2kg/decode/workflow/anchor/gdl-substrate-3d-voxel-data-classified; https://w3id.org/h2kg/decode/workflow/anchor/mpl-3d-voxel-data-classified,http://www.w3.org/ns/prov#wasInformedBy,published_pending_review,One record declares the dependency and an exact reviewed handoff grounds a pending-review link.
manual-dependency-0579-4c32932cc5,modeling-of-mpl-coating-of-gdl,HZB-Mod-image-parameter-extraction-3d-fib-tomography,modeling-of-mpl-coating-of-gdl,image-fib-tomography-dataparameter-extraction-3d,modeling-of-mpl-coating-of-gdl::n4,image-fib-tomography-dataparameter-extraction-3d::n11,input_method,grounded_one_sided,MPL 3D voxel data classified,https://w3id.org/h2kg/decode/workflow/anchor/mpl-3d-voxel-data-classified,http://www.w3.org/ns/prov#wasInformedBy,published_pending_review,One record declares the dependency and an exact reviewed handoff grounds a pending-review link.
manual-dependency-0580-e77bf3a9f8,modeling-of-mpl-coating-of-gdl,HZB-Mod-image-parameter-extraction-3d-x-ray-tomography,modeling-of-mpl-coating-of-gdl,image-x-ray-tomography-data-parameter-extraction-3d,modeling-of-mpl-coating-of-gdl::n4,image-x-ray-tomography-data-parameter-extraction-3d::n17,input_method,grounded_one_sided,GDL substrate 3D voxel data classified,https://w3id.org/h2kg/decode/workflow/anchor/gdl-substrate-3d-voxel-data-classified,http://www.w3.org/ns/prov#wasInformedBy,published_pending_review,One record declares the dependency and an exact reviewed handoff grounds a pending-review link.
manual-dependency-0581-1009581bca,modeling-of-mpl-coating-of-gdl,HZB-Mod-structural-digital-twins-multi-scale-tomographies,modeling-of-mpl-coating-of-gdl,ai-based-generation-of-structural-digital-twins-of-multi-scale-tomographies,modeling-of-mpl-coating-of-gdl::n4,ai-based-generation-of-structural-digital-twins-of-multi-scale-tomographies::n8,input_method,grounded_one_sided,GDL substrate 3D voxel data classified; MPL 3D voxel data classified,https://w3id.org/h2kg/decode/workflow/anchor/gdl-substrate-3d-voxel-data-classified; https://w3id.org/h2kg/decode/workflow/anchor/mpl-3d-voxel-data-classified,http://www.w3.org/ns/prov#wasInformedBy,published_pending_review,One record declares the dependency and an exact reviewed handoff grounds a pending-review link.
manual-dependency-0582-2cd70a692f,modeling-of-mpl-coating-of-gdl,PSI-Mod-voxel-3d-diffusivity-simulation,modeling-of-mpl-coating-of-gdl,voxel-based-3d-effective-diffusivity-simulation,modeling-of-mpl-coating-of-gdl::n4,voxel-based-3d-effective-diffusivity-simulation::n13,input_method,grounded_one_sided,GDL substrate 3D voxel data classified; MPL 3D voxel data classified,https://w3id.org/h2kg/decode/workflow/anchor/gdl-substrate-3d-voxel-data-classified; https://w3id.org/h2kg/decode/workflow/anchor/mpl-3d-voxel-data-classified,http://www.w3.org/ns/prov#wasInformedBy,published_pending_review,One record declares the dependency and an exact reviewed handoff grounds a pending-review link.
manual-dependency-0583-1e048b10b4,modeling-of-mpl-coating-of-gdl,PSI-Mod-voxel-3d-electric-conductivity-simulation,modeling-of-mpl-coating-of-gdl,voxel-based-3d-electric-conductiviy-simulation,modeling-of-mpl-coating-of-gdl::n4,voxel-based-3d-electric-conductiviy-simulation::n9,input_method,grounded_one_sided,GDL substrate 3D voxel data classified; MPL 3D voxel data classified,https://w3id.org/h2kg/decode/workflow/anchor/gdl-substrate-3d-voxel-data-classified; https://w3id.org/h2kg/decode/workflow/anchor/mpl-3d-voxel-data-classified,http://www.w3.org/ns/prov#wasInformedBy,published_pending_review,One record declares the dependency and an exact reviewed handoff grounds a pending-review link.
manual-dependency-0584-29452b021c,modeling-of-mpl-coating-of-gdl,PSI-Mod-voxel-3d-permability-simulation,modeling-of-mpl-coating-of-gdl,voxel-based-3d-permability-simulation,modeling-of-mpl-coating-of-gdl::n4,voxel-based-3d-permability-simulation::n9,input_method,grounded_one_sided,GDL substrate 3D voxel data classified; MPL 3D voxel data classified,https://w3id.org/h2kg/decode/workflow/anchor/gdl-substrate-3d-voxel-data-classified; https://w3id.org/h2kg/decode/workflow/anchor/mpl-3d-voxel-data-classified,http://www.w3.org/ns/prov#wasInformedBy,published_pending_review,One record declares the dependency and an exact reviewed handoff grounds a pending-review link.
manual-dependency-0585-1391aebc9e,modeling-of-mpl-coating-of-gdl,PSI-Mod-voxel-3d-thermal-conductivity-simulation,modeling-of-mpl-coating-of-gdl,voxel-based-3d-thermal-conductivity-simulation,modeling-of-mpl-coating-of-gdl::n4,voxel-based-3d-thermal-conductivity-simulation::n9,input_method,grounded_one_sided,GDL substrate 3D voxel data classified; MPL 3D voxel data classified,https://w3id.org/h2kg/decode/workflow/anchor/gdl-substrate-3d-voxel-data-classified; https://w3id.org/h2kg/decode/workflow/anchor/mpl-3d-voxel-data-classified,http://www.w3.org/ns/prov#wasInformedBy,published_pending_review,One record declares the dependency and an exact reviewed handoff grounds a pending-review link.
manual-dependency-0586-706e192924,modeling-of-mpl-coating-of-gdl,PSI-Mod-water-retention-simulation,modeling-of-mpl-coating-of-gdl,water-retention-curve-simulation,modeling-of-mpl-coating-of-gdl::n4,water-retention-curve-simulation::n16,input_method,grounded_one_sided,GDL substrate 3D voxel data classified; MPL 3D voxel data classified,https://w3id.org/h2kg/decode/workflow/anchor/gdl-substrate-3d-voxel-data-classified; https://w3id.org/h2kg/decode/workflow/anchor/mpl-3d-voxel-data-classified,http://www.w3.org/ns/prov#wasInformedBy,published_pending_review,One record declares the dependency and an exact reviewed handoff grounds a pending-review link.
manual-dependency-0587-42d5442274,molecular-dynamics-for-the-electrode-electrolyte-interface-in-presence-of-ionomer,DTU-Mod-dft-idealized-surfaces,molecular-dynamics-for-the-electrode-electrolyte-interface-in-presence-of-ionomer,dft-onto-idealized-surfaces,molecular-dynamics-for-the-electrode-electrolyte-interface-in-presence-of-ionomer::n13,dft-onto-idealized-surfaces::n9,input_method,grounded_one_sided,Adsorbate types on electrode (idealized),https://w3id.org/h2kg/decode/workflow/anchor/adsorbate-types-on-electrode-idealized-lre,http://www.w3.org/ns/prov#wasInformedBy,published_pending_review,One record declares the dependency and an exact reviewed handoff grounds a pending-review link.
manual-dependency-0588-eff3d371f7,molecular-dynamics-for-the-electrode-electrolyte-interface-in-presence-of-ionomer,FZJ-IET-3-Mod-ink-composition,molecular-dynamics-for-the-electrode-electrolyte-interface-in-presence-of-ionomer,iet-ink-to-composition-model,molecular-dynamics-for-the-electrode-electrolyte-interface-in-presence-of-ionomer::n13,iet-ink-to-composition-model::n22,input_method,grounded_one_sided,Ionomer contact angles,https://w3id.org/h2kg/decode/workflow/anchor/ionomer-contact-angles-material,http://www.w3.org/ns/prov#wasInformedBy,published_pending_review,One record declares the dependency and an exact reviewed handoff grounds a pending-review link.
manual-dependency-0589-70803d25d8,molecular-dynamics-for-the-electrode-electrolyte-interface-metalwalls,FZJ-IET-3-Mod-hierarchical-electrocatalytic-reactions,molecular-dynamics-for-the-electrode-electrolyte-interface-metalwalls,hierarchical-model-for-electrocatalytic-reactions,molecular-dynamics-for-the-electrode-electrolyte-interface-metalwalls::n7,hierarchical-model-for-electrocatalytic-reactions::n19,input_method,grounded_one_sided,Effective size of solvated ions,https://w3id.org/h2kg/decode/workflow/anchor/effective-size-of-solvated-ions-lre,http://www.w3.org/ns/prov#wasInformedBy,published_pending_review,One record declares the dependency and an exact reviewed handoff grounds a pending-review link.
manual-dependency-0590-42f3e23dfd,operando-or-in-situ-xas-photon-out,DTU-Mod-aimd-solid-liquid-pt-electrode,operando-or-in-situ-xas-photon-out,ab-initio-molecular-dynamics-aimd-of-the-solid-liquid-interface-at-a-pt-electrode,operando-or-in-situ-xas-photon-out::n6,ab-initio-molecular-dynamics-aimd-of-the-solid-liquid-interface-at-a-pt-electrode::n5,input_method,grounded_one_sided,Electrode chemistry,https://w3id.org/h2kg/decode/workflow/anchor/electrode-chemistry-material,http://www.w3.org/ns/prov#wasInformedBy,published_pending_review,One record declares the dependency and an exact reviewed handoff grounds a pending-review link.
manual-dependency-0591-73195c35cf,operando-or-in-situ-xas-photon-out,DTU-Mod-dft-idealized-surfaces,operando-or-in-situ-xas-photon-out,dft-onto-idealized-surfaces,operando-or-in-situ-xas-photon-out::n6,dft-onto-idealized-surfaces::n9,input_method,grounded_one_sided,Electrode chemistry,https://w3id.org/h2kg/decode/workflow/anchor/electrode-chemistry-material,http://www.w3.org/ns/prov#wasInformedBy,published_pending_review,One record declares the dependency and an exact reviewed handoff grounds a pending-review link.
manual-dependency-0592-ec257988d9,operando-or-in-situ-xas-photon-out,DTU-Mod-machine-learning-force-fields,operando-or-in-situ-xas-photon-out,manual-dtu-mod-machine-learning-force-fields,operando-or-in-situ-xas-photon-out::n6,manual-dtu-mod-machine-learning-force-fields::method,input_method,grounded_one_sided,Electrode chemistry,https://w3id.org/h2kg/decode/workflow/anchor/electrode-chemistry-material,http://www.w3.org/ns/prov#wasInformedBy,published_pending_review,One record declares the dependency and an exact reviewed handoff grounds a pending-review link.
manual-dependency-0593-01dd2ac5e1,operando-saxs-or-waxs-small-or-wide-angle-x-ray-spectroscopy,DTU-Mod-aimd-solid-liquid-pt-electrode,operando-saxs-or-waxs-small-or-wide-angle-x-ray-spectroscopy,ab-initio-molecular-dynamics-aimd-of-the-solid-liquid-interface-at-a-pt-electrode,operando-saxs-or-waxs-small-or-wide-angle-x-ray-spectroscopy::n7,ab-initio-molecular-dynamics-aimd-of-the-solid-liquid-interface-at-a-pt-electrode::n5,input_method,grounded_one_sided,Electrode chemistry,https://w3id.org/h2kg/decode/workflow/anchor/electrode-chemistry-material,http://www.w3.org/ns/prov#wasInformedBy,published_pending_review,One record declares the dependency and an exact reviewed handoff grounds a pending-review link.
manual-dependency-0594-84c652a2ab,operando-saxs-or-waxs-small-or-wide-angle-x-ray-spectroscopy,DTU-Mod-dft-idealized-surfaces,operando-saxs-or-waxs-small-or-wide-angle-x-ray-spectroscopy,dft-onto-idealized-surfaces,operando-saxs-or-waxs-small-or-wide-angle-x-ray-spectroscopy::n7,dft-onto-idealized-surfaces::n9,input_method,grounded_one_sided,Electrode chemistry,https://w3id.org/h2kg/decode/workflow/anchor/electrode-chemistry-material,http://www.w3.org/ns/prov#wasInformedBy,published_pending_review,One record declares the dependency and an exact reviewed handoff grounds a pending-review link.
manual-dependency-0595-5dfeca323e,operando-saxs-or-waxs-small-or-wide-angle-x-ray-spectroscopy,DTU-Mod-machine-learning-force-fields,operando-saxs-or-waxs-small-or-wide-angle-x-ray-spectroscopy,manual-dtu-mod-machine-learning-force-fields,operando-saxs-or-waxs-small-or-wide-angle-x-ray-spectroscopy::n7,manual-dtu-mod-machine-learning-force-fields::method,input_method,grounded_one_sided,Electrode chemistry,https://w3id.org/h2kg/decode/workflow/anchor/electrode-chemistry-material,http://www.w3.org/ns/prov#wasInformedBy,published_pending_review,One record declares the dependency and an exact reviewed handoff grounds a pending-review link.
manual-dependency-0596-7c0f39dc42,rde-simulation-in-comsol,CIEMAT-Mod-adsorbate-surface-diffusion-electrocatalyst-support,rde-simulation-in-comsol,adsorbate-surface-diffusion-on-electrocatalyst-support,rde-simulation-in-comsol::n9,adsorbate-surface-diffusion-on-electrocatalyst-support::n10,input_method,grounded_one_sided,RDE electrochemical response (idealized),https://w3id.org/h2kg/decode/workflow/anchor/rde-electrochemical-response-idealized-lre,http://www.w3.org/ns/prov#wasInformedBy,published_pending_review,One record declares the dependency and an exact reviewed handoff grounds a pending-review link.
manual-dependency-0597-08c617c7f6,rde-simulation-in-comsol,ULEI-FZJ-IET-3-Mod-fitting-version-hierachical-model,rde-simulation-in-comsol,fitting-version-of-the-hierachical-model,rde-simulation-in-comsol::n9,fitting-version-of-the-hierachical-model::n9,input_method,ungrounded_one_sided,,,http://www.w3.org/ns/prov#wasInformedBy,audit_only,One-sided declaration lacks an exact reviewed handoff and is retained for audit only.
manual-dependency-0598-2d5318f28f,rrde-on-model-electrodes-in-acidic-solutions,CIEMAT-Mod-adsorbate-surface-diffusion-electrocatalyst-support,rrde-on-model-electrodes-in-acidic-solutions,adsorbate-surface-diffusion-on-electrocatalyst-support,rrde-on-model-electrodes-in-acidic-solutions::n11,adsorbate-surface-diffusion-on-electrocatalyst-support::n10,input_method,grounded_one_sided,RDE electrochemical response (idealized),https://w3id.org/h2kg/decode/workflow/anchor/rde-electrochemical-response-idealized-lre,http://www.w3.org/ns/prov#wasInformedBy,published_pending_review,One record declares the dependency and an exact reviewed handoff grounds a pending-review link.
manual-dependency-0599-cd1ab869c6,rrde-on-model-electrodes-in-acidic-solutions,ULEI-FZJ-IET-3-Mod-fitting-version-hierachical-model,rrde-on-model-electrodes-in-acidic-solutions,fitting-version-of-the-hierachical-model,rrde-on-model-electrodes-in-acidic-solutions::n11,fitting-version-of-the-hierachical-model::n9,input_method,ungrounded_one_sided,,,http://www.w3.org/ns/prov#wasInformedBy,audit_only,One-sided declaration lacks an exact reviewed handoff and is retained for audit only.
manual-dependency-0600-d7870e02da,rrde-on-model-electrodes-in-alkaline-solutions,CIEMAT-Mod-adsorbate-surface-diffusion-electrocatalyst-support,rrde-on-model-electrodes-in-alkaline-solutions,adsorbate-surface-diffusion-on-electrocatalyst-support,rrde-on-model-electrodes-in-alkaline-solutions::n11,adsorbate-surface-diffusion-on-electrocatalyst-support::n10,input_method,grounded_one_sided,RDE electrochemical response (idealized),https://w3id.org/h2kg/decode/workflow/anchor/rde-electrochemical-response-idealized-lre,http://www.w3.org/ns/prov#wasInformedBy,published_pending_review,One record declares the dependency and an exact reviewed handoff grounds a pending-review link.
manual-dependency-0601-a6640b7eb9,rrde-on-model-electrodes-in-alkaline-solutions,ULEI-FZJ-IET-3-Mod-fitting-version-hierachical-model,rrde-on-model-electrodes-in-alkaline-solutions,fitting-version-of-the-hierachical-model,rrde-on-model-electrodes-in-alkaline-solutions::n11,fitting-version-of-the-hierachical-model::n9,input_method,ungrounded_one_sided,,,http://www.w3.org/ns/prov#wasInformedBy,audit_only,One-sided declaration lacks an exact reviewed handoff and is retained for audit only.
manual-dependency-0602-d44453fae9,rrde-simulation-in-comsol,CIEMAT-Mod-adsorbate-surface-diffusion-electrocatalyst-support,rrde-simulation-in-comsol,adsorbate-surface-diffusion-on-electrocatalyst-support,rrde-simulation-in-comsol::n13,adsorbate-surface-diffusion-on-electrocatalyst-support::n10,input_method,grounded_one_sided,RDE electrochemical response (idealized),https://w3id.org/h2kg/decode/workflow/anchor/rde-electrochemical-response-idealized-lre,http://www.w3.org/ns/prov#wasInformedBy,published_pending_review,One record declares the dependency and an exact reviewed handoff grounds a pending-review link.
manual-dependency-0603-de4186ffca,rrde-simulation-in-comsol,ULEI-FZJ-IET-3-Mod-fitting-version-hierachical-model,rrde-simulation-in-comsol,fitting-version-of-the-hierachical-model,rrde-simulation-in-comsol::n13,fitting-version-of-the-hierachical-model::n9,input_method,ungrounded_one_sided,,,http://www.w3.org/ns/prov#wasInformedBy,audit_only,One-sided declaration lacks an exact reviewed handoff and is retained for audit only.
manual-dependency-0604-400e1ec27d,rrde-theory,ULEI-FZJ-IET-3-Mod-fitting-version-hierachical-model,rrde-theory,fitting-version-of-the-hierachical-model,rrde-theory::n7,fitting-version-of-the-hierachical-model::n9,input_method,ungrounded_one_sided,,,http://www.w3.org/ns/prov#wasInformedBy,audit_only,One-sided declaration lacks an exact reviewed handoff and is retained for audit only.
manual-dependency-0605-10f7d8e0cc,thin-windows-operando-or-in-situ-xps,DTU-Mod-aimd-solid-liquid-pt-electrode,thin-windows-operando-or-in-situ-xps,ab-initio-molecular-dynamics-aimd-of-the-solid-liquid-interface-at-a-pt-electrode,thin-windows-operando-or-in-situ-xps::n7,ab-initio-molecular-dynamics-aimd-of-the-solid-liquid-interface-at-a-pt-electrode::n5,input_method,grounded_one_sided,Electrode chemistry,https://w3id.org/h2kg/decode/workflow/anchor/electrode-chemistry-material,http://www.w3.org/ns/prov#wasInformedBy,published_pending_review,One record declares the dependency and an exact reviewed handoff grounds a pending-review link.
manual-dependency-0606-96c3a3fd5e,thin-windows-operando-or-in-situ-xps,DTU-Mod-dft-idealized-surfaces,thin-windows-operando-or-in-situ-xps,dft-onto-idealized-surfaces,thin-windows-operando-or-in-situ-xps::n7,dft-onto-idealized-surfaces::n9,input_method,grounded_one_sided,Electrode chemistry,https://w3id.org/h2kg/decode/workflow/anchor/electrode-chemistry-material,http://www.w3.org/ns/prov#wasInformedBy,published_pending_review,One record declares the dependency and an exact reviewed handoff grounds a pending-review link.
manual-dependency-0607-a8ea00c935,thin-windows-operando-or-in-situ-xps,DTU-Mod-machine-learning-force-fields,thin-windows-operando-or-in-situ-xps,manual-dtu-mod-machine-learning-force-fields,thin-windows-operando-or-in-situ-xps::n7,manual-dtu-mod-machine-learning-force-fields::method,input_method,grounded_one_sided,Electrode chemistry,https://w3id.org/h2kg/decode/workflow/anchor/electrode-chemistry-material,http://www.w3.org/ns/prov#wasInformedBy,published_pending_review,One record declares the dependency and an exact reviewed handoff grounds a pending-review link.
manual-dependency-0608-ab95283493,ultrasonic-spray-deposition-for-catalytic-layers,CEA-Exp-electron-tomography-pt-c-ionomer-cl,ultrasonic-spray-deposition-for-catalytic-layers,electron-tomography-for-pt-c-and-ionomer-distribution-in-cl,ultrasonic-spray-deposition-for-catalytic-layers::n6,electron-tomography-for-pt-c-and-ionomer-distribution-in-cl::n3,input_method,grounded_one_sided,CCM,https://w3id.org/h2kg/hydrogen-ontology#CatalystCoatedMembrane,http://www.w3.org/ns/prov#wasInformedBy,published_pending_review,One record declares the dependency and an exact reviewed handoff grounds a pending-review link.
manual-dependency-0609-c2f1683b82,ultrasonic-spray-deposition-for-catalytic-layers,CEA-Exp-electron-tomography-pt-ionomer-distribution-carbon-aggregate,ultrasonic-spray-deposition-for-catalytic-layers,high-resolution-electron-tomography-for-accessing-pt-and-ionomer-distribution-on-carbon-aggregate,ultrasonic-spray-deposition-for-catalytic-layers::n6,high-resolution-electron-tomography-for-accessing-pt-and-ionomer-distribution-on-carbon-aggregate::n4,input_method,grounded_one_sided,CCM,https://w3id.org/h2kg/hydrogen-ontology#CatalystCoatedMembrane,http://www.w3.org/ns/prov#wasInformedBy,published_pending_review,One record declares the dependency and an exact reviewed handoff grounds a pending-review link.
manual-dependency-0610-d76f5a589a,ultrasonic-spray-deposition-for-catalytic-layers,CEA-Exp-fib-sem-cl,ultrasonic-spray-deposition-for-catalytic-layers,fib-sem-on-cl-material,ultrasonic-spray-deposition-for-catalytic-layers::n6,fib-sem-on-cl-material::n3,input_method,grounded_one_sided,CCM,https://w3id.org/h2kg/hydrogen-ontology#CatalystCoatedMembrane,http://www.w3.org/ns/prov#wasInformedBy,published_pending_review,One record declares the dependency and an exact reviewed handoff grounds a pending-review link.
manual-dependency-0611-8094abcdbb,ultrasonic-spray-deposition-for-catalytic-layers,CEA-Exp-mea-assembly-pefc-ref-mea,ultrasonic-spray-deposition-for-catalytic-layers,mea-assembly-for-pefc-ref-mea,ultrasonic-spray-deposition-for-catalytic-layers::n6,mea-assembly-for-pefc-ref-mea::n4,input_method,grounded_one_sided,CCM,https://w3id.org/h2kg/hydrogen-ontology#CatalystCoatedMembrane,http://www.w3.org/ns/prov#wasInformedBy,published_pending_review,One record declares the dependency and an exact reviewed handoff grounds a pending-review link.
manual-dependency-0612-d3a148bb3e,ultrasonic-spray-deposition-for-catalytic-layers,CEA-Exp-tem-eds-analysis-CL,ultrasonic-spray-deposition-for-catalytic-layers,manual-cea-exp-tem-eds-analysis-cl,ultrasonic-spray-deposition-for-catalytic-layers::n6,manual-cea-exp-tem-eds-analysis-cl::method,input_method,grounded_one_sided,CCM,https://w3id.org/h2kg/hydrogen-ontology#CatalystCoatedMembrane,http://www.w3.org/ns/prov#wasInformedBy,published_pending_review,One record declares the dependency and an exact reviewed handoff grounds a pending-review link.
manual-dependency-0613-32aefc9175,ultrasonic-spray-deposition-for-catalytic-layers,CEA-Exp-tem-eds-analysis-mea,ultrasonic-spray-deposition-for-catalytic-layers,tem-and-eds-analysis-of-mea,ultrasonic-spray-deposition-for-catalytic-layers::n6,tem-and-eds-analysis-of-mea::n4,input_method,grounded_one_sided,CCM,https://w3id.org/h2kg/hydrogen-ontology#CatalystCoatedMembrane,http://www.w3.org/ns/prov#wasInformedBy,published_pending_review,One record declares the dependency and an exact reviewed handoff grounds a pending-review link.
manual-dependency-0614-7f2a59ce5d,ultrasonic-spray-deposition-for-catalytic-layers,CIEMAT-Exp-NANOINDENTATION_layer,ultrasonic-spray-deposition-for-catalytic-layers,mechanical-properties-of-catalyst-layers-gdls-and-meas-by-small-punch-and-nanoindentation,ultrasonic-spray-deposition-for-catalytic-layers::n6,mechanical-properties-of-catalyst-layers-gdls-and-meas-by-small-punch-and-nanoindentation::n9,input_method,ungrounded_one_sided,,,http://www.w3.org/ns/prov#wasInformedBy,audit_only,One-sided declaration lacks an exact reviewed handoff and is retained for audit only.
manual-dependency-0615-819ea55903,ultrasonic-spray-deposition-for-catalytic-layers,CIEMAT-Exp-sem-fib-layer,ultrasonic-spray-deposition-for-catalytic-layers,sem-and-fib-layer,ultrasonic-spray-deposition-for-catalytic-layers::n6,sem-and-fib-layer::n8,input_method,grounded_one_sided,CCM,https://w3id.org/h2kg/hydrogen-ontology#CatalystCoatedMembrane,http://www.w3.org/ns/prov#wasInformedBy,published_pending_review,One record declares the dependency and an exact reviewed handoff grounds a pending-review link.
manual-dependency-0616-549bcc55a5,ultrasonic-spray-deposition-for-catalytic-layers,FZJ-IET-4-Exp-sheet-resistance-measurement,ultrasonic-spray-deposition-for-catalytic-layers,sheet-resistance-measurement,ultrasonic-spray-deposition-for-catalytic-layers::n6,sheet-resistance-measurement::n7,input_method,grounded_one_sided,CCM,https://w3id.org/h2kg/hydrogen-ontology#CatalystCoatedMembrane,http://www.w3.org/ns/prov#wasInformedBy,published_pending_review,One record declares the dependency and an exact reviewed handoff grounds a pending-review link.
manual-dependency-0617-14710c6051,ultrasonic-spray-deposition-for-catalytic-layers,HZB-Exp-fib-gdl-mpl-catalyst,ultrasonic-spray-deposition-for-catalytic-layers,fib-measurements-on-gdl-or-mpl-and-catalyst-materials,ultrasonic-spray-deposition-for-catalytic-layers::n6,fib-measurements-on-gdl-or-mpl-and-catalyst-materials::n10,input_method,grounded_one_sided,CCM,https://w3id.org/h2kg/hydrogen-ontology#CatalystCoatedMembrane,http://www.w3.org/ns/prov#wasInformedBy,published_pending_review,One record declares the dependency and an exact reviewed handoff grounds a pending-review link.
manual-dependency-0618-f7ddac35f2,ultrasonic-spray-deposition-for-catalytic-layers,NEL-Exp-large-scale-durability-test,ultrasonic-spray-deposition-for-catalytic-layers,manual-nel-exp-large-scale-durability-test,ultrasonic-spray-deposition-for-catalytic-layers::n6,manual-nel-exp-large-scale-durability-test::method,input_method,grounded_one_sided,CCM,https://w3id.org/h2kg/hydrogen-ontology#CatalystCoatedMembrane,http://www.w3.org/ns/prov#wasInformedBy,published_pending_review,One record declares the dependency and an exact reviewed handoff grounds a pending-review link.
manual-dependency-0619-29aa77acfc,ultrasonic-spray-deposition-for-catalytic-layers,PSI-Exp-cl-saturation-determination-saxs-sans,ultrasonic-spray-deposition-for-catalytic-layers,determination-of-cl-saturation-by-saxs-or-sans,ultrasonic-spray-deposition-for-catalytic-layers::n6,determination-of-cl-saturation-by-saxs-or-sans::n24,input_method,grounded_one_sided,CCM,https://w3id.org/h2kg/hydrogen-ontology#CatalystCoatedMembrane,http://www.w3.org/ns/prov#wasInformedBy,published_pending_review,One record declares the dependency and an exact reviewed handoff grounds a pending-review link.
manual-dependency-0620-e945de9cbf,ultrasonic-spray-deposition-for-catalytic-layers,PSI-Exp-development-zero-gap-cell-gde-based-spectroscopy,ultrasonic-spray-deposition-for-catalytic-layers,development-of-a-zero-gap-cell-for-gde-based-spectrocopy-measurement,ultrasonic-spray-deposition-for-catalytic-layers::n6,development-of-a-zero-gap-cell-for-gde-based-spectrocopy-measurement::n15,input_method,grounded_one_sided,CCM,https://w3id.org/h2kg/hydrogen-ontology#CatalystCoatedMembrane,http://www.w3.org/ns/prov#wasInformedBy,published_pending_review,One record declares the dependency and an exact reviewed handoff grounds a pending-review link.
manual-dependency-0621-67486df43a,ultrasonic-spray-deposition-for-catalytic-layers,PSI-Exp-mpl-saturation-determination-x-ray-ct,ultrasonic-spray-deposition-for-catalytic-layers,mpl-saturation-determination-from-x-ray-ct-data,ultrasonic-spray-deposition-for-catalytic-layers::n6,mpl-saturation-determination-from-x-ray-ct-data::n19,input_method,grounded_one_sided,CCM,https://w3id.org/h2kg/hydrogen-ontology#CatalystCoatedMembrane,http://www.w3.org/ns/prov#wasInformedBy,published_pending_review,One record declares the dependency and an exact reviewed handoff grounds a pending-review link.
manual-dependency-0622-59c07ee712,ultrasonic-spray-deposition-for-catalytic-layers,PSI-Exp-pulsed-gas-analysis,ultrasonic-spray-deposition-for-catalytic-layers,pulsed-gas-analysis,ultrasonic-spray-deposition-for-catalytic-layers::n6,pulsed-gas-analysis::n6,input_method,grounded_one_sided,CCM,https://w3id.org/h2kg/hydrogen-ontology#CatalystCoatedMembrane,http://www.w3.org/ns/prov#wasInformedBy,published_pending_review,One record declares the dependency and an exact reviewed handoff grounds a pending-review link.
