concept_id,source_label,native_category,semantic_role,canonical_role_iri,occurrence_count,workflow_ids,mapping_state,current_decision,current_anchor_iri,proposed_definition,source_evidence_excerpt,definition_basis,recommended_review_action,definition_status,reviewer_definition,reviewer_decision,review_notes,candidate_h2kg_terms,neighbor_context
https://w3id.org/h2kg/decode/workflow/concept/0d-particle-population-degradation-model-fitting-model,0D Particle population degradation model (fitting),,Process,https://w3id.org/h2kg/hydrogen-ontology#Process,3,0d-particle-population-degradation-model-coupled-with-performance-model-prediction; 0d-particle-population-degradation-model-fitting; 0d-particle-population-degradation-model-prediction,reviewed_decode,reviewed_decode_anchor,https://w3id.org/h2kg/decode/workflow/anchor/0d-particle-population-degradation-model-fitting-model,"A computational, analytical, transformation, or generic workflow process denoted ""0D Particle population degradation model (fitting)"" in DECODE hydrogen-electrochemistry workflows. Source context: Considers only catalyst particles; Degradation rates only valid for one specific Test protocol (e. g. one specific Accelerated Stress Test)",Considers only catalyst particles; Degradation rates only valid for one specific Test protocol (e. g. one specific Accelerated Stress Test),"Reviewed DECODE semantic role, source label, source workflow context, and direct-neighbor context. This is a draft for expert review, not an authoritative ontology definition.","Decide: strict H2KG alias, existing H2KG mapping, new reusable H2KG term, or retain reviewed DECODE anchor.",needs_human_review,,,,"[{""iri"": ""https://w3id.org/h2kg/hydrogen-ontology#DegradationPredictionEvaluationMeasurement"", ""label"": ""Degradation Prediction Evaluation Measurement"", ""score"": 0.581}, {""iri"": ""https://w3id.org/h2kg/hydrogen-ontology#PolarizationPointDuration"", ""label"": ""Polarization Point Duration"", ""score"": 0.56}, {""iri"": ""https://w3id.org/h2kg/hydrogen-ontology#CriticalConcentrationOfParticlesPerVolume"", ""label"": ""Critical Concentration Of Particles Per Volume"", ""score"": 0.553}]",Catalyst active particle radius distribution (aged); Catalyst coagulation rate constant; Catalyst deactivation rate constant; Catalyst dissolution rate constant; Catalyst re-deposition rate constant; Catalyst surface tension; ECSA (aged); Time series of electrode potential
https://w3id.org/h2kg/decode/workflow/concept/0d-particle-population-degradation-model-prediction-model,0D Particle population degradation model (prediction),,Process,https://w3id.org/h2kg/hydrogen-ontology#Process,5,0d-particle-population-degradation-model-coupled-with-performance-model-fitting; 0d-particle-population-degradation-model-fitting; 0d-particle-population-degradation-model-prediction; image-tem-data-parameter-extraction-3d; tem-and-eds-analysis-of-mea,reviewed_decode,reviewed_decode_anchor,https://w3id.org/h2kg/decode/workflow/anchor/0d-particle-population-degradation-model-prediction-model,"A computational, analytical, transformation, or generic workflow process denoted ""0D Particle population degradation model (prediction)"" in DECODE hydrogen-electrochemistry workflows. Source context: Considers only catalyst particles; Degradation rates only valid for one specific Test protocol (e. g. one specific Accelerated Stress Test)",Considers only catalyst particles; Degradation rates only valid for one specific Test protocol (e. g. one specific Accelerated Stress Test),"Reviewed DECODE semantic role, source label, source workflow context, and direct-neighbor context. This is a draft for expert review, not an authoritative ontology definition.","Decide: strict H2KG alias, existing H2KG mapping, new reusable H2KG term, or retain reviewed DECODE anchor.",needs_human_review,,,,"[{""iri"": ""https://w3id.org/h2kg/hydrogen-ontology#DegradationPredictionEvaluationMeasurement"", ""label"": ""Degradation Prediction Evaluation Measurement"", ""score"": 0.667}, {""iri"": ""https://w3id.org/h2kg/hydrogen-ontology#PhotocatalyticDegradationMeasurement"", ""label"": ""Photocatalytic Degradation Measurement"", ""score"": 0.562}, {""iri"": ""https://w3id.org/h2kg/hydrogen-ontology#FabricationDesignSpecification"", ""label"": ""Fabrication Design Specification"", ""score"": 0.554}]",Catalyst active particle radius distribution; Catalyst active particle radius distribution (aged); Catalyst coagulation rate constant; Catalyst deactivation rate constant; Catalyst dissolution rate constant; Catalyst loading (aged); Catalyst re-deposition rate constant; Catalyst surface tension; ECSA (aged)
https://w3id.org/h2kg/decode/workflow/concept/0d-particle-population-degradation-model-coupled-with-performance-model-fitting-model,0D Particle population degradation model coupled with performance model (fitting),,Process,https://w3id.org/h2kg/hydrogen-ontology#Process,11,0d-particle-population-degradation-model-coupled-with-performance-model-fitting; 0d-particle-population-degradation-model-coupled-with-performance-model-prediction; 0d-particle-population-degradation-model-prediction; differential-cell-testing; fib-measurements-on-gdl-or-mpl-and-catalyst-materials; iet-ink-to-composition-model; image-fib-tomography-dataparameter-extraction-3d; image-parameter-extraction-2d; microscopy-sem-and-optical-in-mea-cross-section; sem-and-edx; sem-and-fib-layer,reviewed_decode,reviewed_decode_anchor,https://w3id.org/h2kg/decode/workflow/anchor/0d-particle-population-degradation-model-coupled-with-performance-model-fitting-model,"A computational, analytical, transformation, or generic workflow process denoted ""0D Particle population degradation model coupled with performance model (fitting)"" in DECODE hydrogen-electrochemistry workflows. Source context: Considers influence of degradation on exchange current density, validation in progress. Prediction of mass transport losses and ohmic losses due to degradation is under developement","Considers influence of degradation on exchange current density, validation in progress. Prediction of mass transport losses and ohmic losses due to degradation is under developement","Reviewed DECODE semantic role, source label, source workflow context, and direct-neighbor context. This is a draft for expert review, not an authoritative ontology definition.","Decide: strict H2KG alias, existing H2KG mapping, new reusable H2KG term, or retain reviewed DECODE anchor.",needs_human_review,,,,[],CCL thickness; CCL thickness (aged); Catalyst active particle radius distribution (aged); Catalyst coagulation rate constant; Catalyst deactivation rate constant; Catalyst dissolution rate constant; Catalyst re-deposition rate constant; Catalyst surface tension; Cell crossover current density; Cell high-frequency resistance (aged); Cell operation conditions; ECSA (aged); Mass of Pt in the membrane (aged); Time series of cell voltage; Time series of current density
https://w3id.org/h2kg/decode/workflow/concept/0d-particle-population-degradation-model-coupled-with-performance-model-prediction-model,0D Particle population degradation model coupled with performance model (prediction),,Process,https://w3id.org/h2kg/hydrogen-ontology#Process,44,0d-particle-population-degradation-model-coupled-with-performance-model-fitting; 0d-particle-population-degradation-model-coupled-with-performance-model-prediction; 0d-particle-population-degradation-model-coupled-with-performance-model-prediction-without-fitting-methods; 0d-particle-population-degradation-model-fitting; cea-mea-model-europium-2d; differential-cell-testing; diffusivities-from-tortuosities; fib-measurements-on-gdl-or-mpl-and-catalyst-materials; fitting-of-the-europium-model; gdl-compressability; iet-1d-mea-with-water-transport-eis-model; iet-1d-mea-with-water-transport-in-ccl-eis-model; iet-1d-performance-model-for-mea-fitting; iet-1d-performance-model-for-mea-prediction; iet-composition-to-property-model; iet-ink-to-composition-model; image-based-ccl-effective-transport-property-computation-from-numerical-simulations; image-fib-tomography-dataparameter-extraction-3d; image-parameter-extraction-2d; image-tem-data-parameter-extraction-3d; microscopy-sem-and-optical-in-mea-cross-section; sem-and-edx; sem-and-fib-layer; tem-and-eds-analysis-of-mea; voxel-based-3d-effective-diffusivity-simulation,reviewed_decode,reviewed_decode_anchor,https://w3id.org/h2kg/decode/workflow/anchor/0d-particle-population-degradation-model-coupled-with-performance-model-prediction-model,"A computational, analytical, transformation, or generic workflow process denoted ""0D Particle population degradation model coupled with performance model (prediction)"" in DECODE hydrogen-electrochemistry workflows. Source context: Considers influence of degradation on exchange current density, validation in progress. Prediction of mass transport losses and ohmic losses due to degradation is under developement Considers influence of degradation on exchange current density, validation in progress. Prediction of mass transport losses and ohmic losses due to degradation is under developement","Considers influence of degradation on exchange current density, validation in progress. Prediction of mass transport losses and ohmic losses due to degradation is under developement Considers influence of degradation on exchange current density, validation in progress. Prediction of mass transport losses and ohmic losses due to degradation is under developement","Reviewed DECODE semantic role, source label, source workflow context, and direct-neighbor context. This is a draft for expert review, not an authoritative ontology definition.","Decide: strict H2KG alias, existing H2KG mapping, new reusable H2KG term, or retain reviewed DECODE anchor.",needs_human_review,,,,[],CCL ORR apparent Tafel slope(s); CCL ORR effective exchange current density; CCL ORR effective exchange current density (aged); CCL effective O2 diffusivity (aged); CCL effective proton conductivity (aged); CCL porosity; CCL thickness; Catalyst active particle density; Catalyst active particle radius distribution; Catalyst active particle radius distribution (aged); Catalyst coagulation rate constant; Catalyst deactivation rate constant; Catalyst dissolution rate constant; Catalyst loading; Catalyst loading (aged); Catalyst re-deposition rate constant; Catalyst support density; Catalyst surface tension; Catalyst-support ratio; Cell crossover current density
https://w3id.org/h2kg/decode/workflow/concept/ab-initio-molecular-dynamics-aimd-of-the-solid-liquid-interface-at-a-pt-electrode-method,Ab-initio molecular dynamics (AIMD) of the solid-liquid interface at a Pt electrode,,Process,https://w3id.org/h2kg/hydrogen-ontology#Process,6,ab-initio-molecular-dynamics-aimd-of-the-solid-liquid-interface-at-a-pt-electrode; dip-and-pull-operando-or-in-situ-xps; irras-operando-or-in-situ-ftir; operando-or-in-situ-xas-photon-out; operando-saxs-or-waxs-small-or-wide-angle-x-ray-spectroscopy; thin-windows-operando-or-in-situ-xps,reviewed_decode,reviewed_decode_anchor,https://w3id.org/h2kg/decode/workflow/anchor/ab-initio-molecular-dynamics-aimd-of-the-solid-liquid-interface-at-a-pt-electrode-method,"A computational, analytical, transformation, or generic workflow process denoted ""Ab-initio molecular dynamics (AIMD) of the solid-liquid interface at a Pt electrode"" in DECODE hydrogen-electrochemistry workflows. Source context: General limitations and accuracy of density functional theory apply; model system size and possible size effects",General limitations and accuracy of density functional theory apply; model system size and possible size effects,"Reviewed DECODE semantic role, source label, source workflow context, and direct-neighbor context. This is a draft for expert review, not an authoritative ontology definition.","Decide: strict H2KG alias, existing H2KG mapping, new reusable H2KG term, or retain reviewed DECODE anchor.",needs_human_review,,,,[],Electrode chemistry; Electrode morphology; Electrolyte composition; LRE capacitance (idealized); LRE species distribution (idealized)
https://w3id.org/h2kg/decode/workflow/concept/accelerated-stress-test-ast-on-nanostructured-electrodes-method,Accelerated Stress Test (AST) on Nanostructured Electrodes,,Property,https://w3id.org/h2kg/hydrogen-ontology#Property,8,accelerated-stress-test-ast-on-nanostructured-electrodes; dropcasted-ink-on-gc-tips; image-fib-tomography-dataparameter-extraction-3d; image-parameter-extraction-2d,reviewed_decode,reviewed_decode_anchor,https://w3id.org/h2kg/decode/workflow/anchor/accelerated-stress-test-ast-on-nanostructured-electrodes-method,"A measurable, calculated, or derived scientific characteristic denoted ""Accelerated Stress Test (AST) on Nanostructured Electrodes"" in DECODE hydrogen-electrochemistry workflows. Source context: Act as screening method for the real durability in real systems, and thus is an approximation for all systems it is investigated into - but it should be valid for all DECODE system if the AST is correctly chosen Act as screening method for the real durability in real systems, and thus is an approximation for all systems it is investigated into - but it should be valid for all DECODE system if the AST is correctly chosen","Act as screening method for the real durability in real systems, and thus is an approximation for all systems it is investigated into - but it should be valid for all DECODE system if the AST is correctly chosen Act as screening method for the real durability in real systems, and thus is an approximation for all systems it is investigated into - but it should be valid for all DECODE system if the AST is correctly chosen","Reviewed DECODE semantic role, source label, source workflow context, and direct-neighbor context. This is a draft for expert review, not an authoritative ontology definition.","Decide: strict H2KG alias, existing H2KG mapping, new reusable H2KG term, or retain reviewed DECODE anchor.",needs_human_review,,,,"[{""iri"": ""https://w3id.org/h2kg/hydrogen-ontology#ASTDataset"", ""label"": ""AST Dataset"", ""score"": 0.667}, {""iri"": ""https://w3id.org/h2kg/hydrogen-ontology#AcceleratedStressTestVoltageCycling"", ""label"": ""Accelerated Stress Test Voltage Cycling"", ""score"": 0.568}]",Catalyst loading; Electrolyte; Electrolyte composition; EoT RDE electrochemical response (nanostructured); I/C-ratio; Monomer concentration in the electrolyte; RDE electrode (nanostructured)
https://w3id.org/h2kg/decode/workflow/concept/activation-barriers-of-elementary-steps-lre,Activation barriers of elementary steps,LRE,Property,https://w3id.org/h2kg/hydrogen-ontology#Property,3,dft-onto-idealized-surfaces; fitting-version-of-the-hierachical-model; hierarchical-model-for-electrocatalytic-reactions,reviewed_decode,reviewed_decode_anchor,https://w3id.org/h2kg/decode/workflow/anchor/activation-barriers-of-elementary-steps-lre,"A measurable, calculated, or derived scientific characteristic denoted ""Activation barriers of elementary steps"" in DECODE hydrogen-electrochemistry workflows.",,"Reviewed DECODE semantic role, source label, source workflow context, and direct-neighbor context. This is a draft for expert review, not an authoritative ontology definition.","Decide: strict H2KG alias, existing H2KG mapping, new reusable H2KG term, or retain reviewed DECODE anchor.",needs_human_review,,,,"[{""iri"": ""https://w3id.org/h2kg/hydrogen-ontology#ActivationMechanismTimeScale"", ""label"": ""Activation Mechanism Time Scale"", ""score"": 0.571}, {""iri"": ""https://w3id.org/h2kg/hydrogen-ontology#KOHImmersionActivation"", ""label"": ""KOH Immersion Activation"", ""score"": 0.571}, {""iri"": ""https://w3id.org/h2kg/hydrogen-ontology#SteamActivationProcess"", ""label"": ""Steam Activation Process"", ""score"": 0.571}]",DFT onto idealized surfaces; Fitting Version of the Hierachical Model; Hierarchical model for electrocatalytic reactions
https://w3id.org/h2kg/decode/workflow/concept/active-material-density-in-the-electrode-material,Active material density in the electrode,material,Property,https://w3id.org/h2kg/hydrogen-ontology#Property,1,adsorbate-surface-diffusion-on-electrocatalyst-support,reviewed_decode,reviewed_decode_anchor,https://w3id.org/h2kg/decode/workflow/anchor/active-material-density-in-the-electrode-material,"A measurable, calculated, or derived scientific characteristic denoted ""Active material density in the electrode"" in DECODE hydrogen-electrochemistry workflows.",,"Reviewed DECODE semantic role, source label, source workflow context, and direct-neighbor context. This is a draft for expert review, not an authoritative ontology definition.","Decide: strict H2KG alias, existing H2KG mapping, new reusable H2KG term, or retain reviewed DECODE anchor.",needs_human_review,,,,"[{""iri"": ""https://w3id.org/h2kg/hydrogen-ontology#InterdigitatedElectrodeArray"", ""label"": ""Interdigitated Electrode Array"", ""score"": 0.629}, {""iri"": ""https://w3id.org/h2kg/hydrogen-ontology#FeN4SiteDensity"", ""label"": ""Fe N 4 Site Density"", ""score"": 0.61}, {""iri"": ""https://w3id.org/h2kg/hydrogen-ontology#DensityFunctionalTheoryCalculation"", ""label"": ""Density Functional Theory Calculation"", ""score"": 0.597}]",Adsorbate Surface Diffusion on Electrocatalyst Support
https://w3id.org/h2kg/decode/workflow/concept/active-material-macroscopic-distribution-material,Active material macroscopic distribution,material,Matter,https://w3id.org/h2kg/hydrogen-ontology#Matter,1,adsorbate-surface-diffusion-on-electrocatalyst-support,reviewed_decode,reviewed_decode_anchor,https://w3id.org/h2kg/decode/workflow/anchor/active-material-macroscopic-distribution-material,"A material, component, chemical species, phase, specimen, or assembly denoted ""Active material macroscopic distribution"" in DECODE hydrogen-electrochemistry workflows.",,"Reviewed DECODE semantic role, source label, source workflow context, and direct-neighbor context. This is a draft for expert review, not an authoritative ontology definition.","Decide: strict H2KG alias, existing H2KG mapping, new reusable H2KG term, or retain reviewed DECODE anchor.",needs_human_review,,,,"[{""iri"": ""https://w3id.org/h2kg/hydrogen-ontology#PoreSizeDistributionDataset"", ""label"": ""Pore Size Distribution Dataset"", ""score"": 0.613}, {""iri"": ""https://w3id.org/h2kg/hydrogen-ontology#AgglomerateSizeDistributionDataset"", ""label"": ""Agglomerate Size Distribution Dataset"", ""score"": 0.58}, {""iri"": ""https://w3id.org/h2kg/hydrogen-ontology#PoreSizeDistributionPeakDiameter"", ""label"": ""Pore Size Distribution Peak Diameter"", ""score"": 0.579}]",Adsorbate Surface Diffusion on Electrocatalyst Support
https://w3id.org/h2kg/decode/workflow/concept/active-phase-lre,Active phase,LRE,Matter,https://w3id.org/h2kg/hydrogen-ontology#Matter,2,development-of-a-zero-gap-cell-for-gde-based-spectrocopy-measurement; three-electrode-cell-assesement-of-cl-by-xas-xanes-exafs-xrd,reviewed_decode,reviewed_decode_anchor,https://w3id.org/h2kg/decode/workflow/anchor/active-phase-lre,"A material, component, chemical species, phase, specimen, or assembly denoted ""Active phase"" in DECODE hydrogen-electrochemistry workflows.",,"Reviewed DECODE semantic role, source label, source workflow context, and direct-neighbor context. This is a draft for expert review, not an authoritative ontology definition.","Decide: strict H2KG alias, existing H2KG mapping, new reusable H2KG term, or retain reviewed DECODE anchor.",needs_human_review,,,,"[{""iri"": ""https://w3id.org/h2kg/hydrogen-ontology#CellActiveArea"", ""label"": ""Cell Active Area"", ""score"": 0.783}, {""iri"": ""https://w3id.org/h2kg/hydrogen-ontology#GeometricArea"", ""label"": ""Geometric Area"", ""score"": 0.783}, {""iri"": ""https://w3id.org/h2kg/hydrogen-ontology#ReactionLayer"", ""label"": ""Reaction Layer"", ""score"": 0.75}]","Development of a zero gap cell for GDE based spectrocopy measurement; Three electrode cell assesement of CL by XAS, XANES, EXAFS, XRD"
https://w3id.org/h2kg/decode/workflow/concept/additional-measurements-on-pewe-during-operation-method,Additional measurements on PEWE during operation,,Parameter,https://w3id.org/h2kg/hydrogen-ontology#Parameter,1,additional-measurements-on-pewe-during-operation,reviewed_decode,reviewed_decode_anchor,https://w3id.org/h2kg/decode/workflow/anchor/additional-measurements-on-pewe-during-operation-method,"A specified, controlled, reported, or model-input condition or quantity denoted ""Additional measurements on PEWE during operation"" in DECODE hydrogen-electrochemistry workflows.",,"Reviewed DECODE semantic role, source label, source workflow context, and direct-neighbor context. This is a draft for expert review, not an authoritative ontology definition.","Decide: strict H2KG alias, existing H2KG mapping, new reusable H2KG term, or retain reviewed DECODE anchor.",needs_human_review,,,,"[{""iri"": ""https://w3id.org/h2kg/hydrogen-ontology#DegradationPredictionEvaluationMeasurement"", ""label"": ""Degradation Prediction Evaluation Measurement"", ""score"": 0.645}, {""iri"": ""https://w3id.org/h2kg/hydrogen-ontology#IonomerAdsorptionIsothermMeasurement"", ""label"": ""Ionomer Adsorption Isotherm Measurement"", ""score"": 0.632}, {""iri"": ""https://w3id.org/h2kg/hydrogen-ontology#InkFormulationSpecificationMeasurement"", ""label"": ""Ink Formulation Specification Measurement"", ""score"": 0.629}]",CL (aged); CL structure (aged); CL thickness (aged); Information on corrosion; Membrane (aged); Membrane thickness (aged); Operating PEWE cell; Process water samples taken during operation
https://w3id.org/h2kg/decode/workflow/concept/adsorbate-adsorption-energies-idealized-lre,Adsorbate adsorption energies (idealized),LRE,Property,https://w3id.org/h2kg/hydrogen-ontology#Property,2,adsorbate-surface-diffusion-on-electrocatalyst-support; dft-onto-idealized-surfaces,reviewed_decode,reviewed_decode_anchor,https://w3id.org/h2kg/decode/workflow/anchor/adsorbate-adsorption-energies-idealized-lre,"A measurable, calculated, or derived scientific characteristic denoted ""Adsorbate adsorption energies (idealized)"" in DECODE hydrogen-electrochemistry workflows.",,"Reviewed DECODE semantic role, source label, source workflow context, and direct-neighbor context. This is a draft for expert review, not an authoritative ontology definition.","Decide: strict H2KG alias, existing H2KG mapping, new reusable H2KG term, or retain reviewed DECODE anchor.",needs_human_review,,,,"[{""iri"": ""https://w3id.org/h2kg/hydrogen-ontology#AdsorbedAggregateLateralSize"", ""label"": ""Adsorbed Aggregate Lateral Size"", ""score"": 0.571}, {""iri"": ""https://w3id.org/h2kg/hydrogen-ontology#AgglomerateSizeDistributionDataset"", ""label"": ""Agglomerate Size Distribution Dataset"", ""score"": 0.559}, {""iri"": ""https://w3id.org/h2kg/hydrogen-ontology#PhosphoricAcidAdsorptionEnergyOnPt"", ""label"": ""Phosphoric Acid Adsorption Energy On Pt"", ""score"": 0.554}]",Adsorbate Surface Diffusion on Electrocatalyst Support; DFT onto idealized surfaces
https://w3id.org/h2kg/decode/workflow/concept/adsorbate-conformation-on-electrode-idealized-lre,Adsorbate conformation on electrode (idealized),LRE,Data,https://w3id.org/h2kg/hydrogen-ontology#Data,4,dft-onto-idealized-surfaces; hierarchical-model-for-electrocatalytic-reactions; in-situ-fourier-transformed-ir-in-atr-configuration; molecular-dynamics-for-the-electrode-electrolyte-interface-in-presence-of-ionomer,reviewed_decode,reviewed_decode_anchor,https://w3id.org/h2kg/decode/workflow/anchor/adsorbate-conformation-on-electrode-idealized-lre,"A recorded, calculated, image-based, or otherwise structured data artifact denoted ""Adsorbate conformation on electrode (idealized)"" in DECODE hydrogen-electrochemistry workflows.",,"Reviewed DECODE semantic role, source label, source workflow context, and direct-neighbor context. This is a draft for expert review, not an authoritative ontology definition.","Decide: strict H2KG alias, existing H2KG mapping, new reusable H2KG term, or retain reviewed DECODE anchor.",needs_human_review,,,,"[{""iri"": ""https://w3id.org/h2kg/hydrogen-ontology#ThermalDecompositionElectrodePreparation"", ""label"": ""Thermal Decomposition Electrode Preparation"", ""score"": 0.568}]",DFT onto idealized surfaces; Hierarchical model for electrocatalytic reactions; In Situ Fourier Transformed IR in ATR configuration; Molecular Dynamics for the Electrode | Electrolyte Interface in presence of ionomer
https://w3id.org/h2kg/decode/workflow/concept/adsorbate-coverage-on-electrode-idealized-lre,Adsorbate coverage on electrode (idealized),LRE,Property,https://w3id.org/h2kg/hydrogen-ontology#Property,4,dip-and-pull-operando-or-in-situ-xps; hierarchical-model-for-electrocatalytic-reactions; in-situ-fourier-transformed-ir-in-atr-configuration; molecular-dynamics-for-the-electrode-electrolyte-interface-in-presence-of-ionomer,reviewed_decode,reviewed_decode_anchor,https://w3id.org/h2kg/decode/workflow/anchor/adsorbate-coverage-on-electrode-idealized-lre,"A measurable, calculated, or derived scientific characteristic denoted ""Adsorbate coverage on electrode (idealized)"" in DECODE hydrogen-electrochemistry workflows.",,"Reviewed DECODE semantic role, source label, source workflow context, and direct-neighbor context. This is a draft for expert review, not an authoritative ontology definition.","Decide: strict H2KG alias, existing H2KG mapping, new reusable H2KG term, or retain reviewed DECODE anchor.",needs_human_review,,,,"[{""iri"": ""https://w3id.org/h2kg/hydrogen-ontology#PtCounterElectrode"", ""label"": ""Pt Counter Electrode"", ""score"": 0.58}, {""iri"": ""https://w3id.org/h2kg/hydrogen-ontology#SprayDistance"", ""label"": ""Spray Distance"", ""score"": 0.58}, {""iri"": ""https://w3id.org/h2kg/hydrogen-ontology#CoverageRelaxationRateConstant"", ""label"": ""Coverage Relaxation Rate Constant"", ""score"": 0.568}]",Hierarchical model for electrocatalytic reactions; In Situ Fourier Transformed IR in ATR configuration; Molecular Dynamics for the Electrode | Electrolyte Interface in presence of ionomer; dip-and-pull operando/in-situ XPS
https://w3id.org/h2kg/decode/workflow/concept/adsorbate-coverage-on-electrode-nanostructured-lre,Adsorbate coverage on electrode (nanostructured),LRE,Property,https://w3id.org/h2kg/hydrogen-ontology#Property,1,thin-windows-operando-or-in-situ-xps,reviewed_decode,reviewed_decode_anchor,https://w3id.org/h2kg/decode/workflow/anchor/adsorbate-coverage-on-electrode-nanostructured-lre,"A measurable, calculated, or derived scientific characteristic denoted ""Adsorbate coverage on electrode (nanostructured)"" in DECODE hydrogen-electrochemistry workflows.",,"Reviewed DECODE semantic role, source label, source workflow context, and direct-neighbor context. This is a draft for expert review, not an authoritative ontology definition.","Decide: strict H2KG alias, existing H2KG mapping, new reusable H2KG term, or retain reviewed DECODE anchor.",needs_human_review,,,,"[{""iri"": ""https://w3id.org/h2kg/hydrogen-ontology#MicrostructureImageDataset"", ""label"": ""Microstructure Image Dataset"", ""score"": 0.568}, {""iri"": ""https://w3id.org/h2kg/hydrogen-ontology#SprayDistance"", ""label"": ""Spray Distance"", ""score"": 0.568}, {""iri"": ""https://w3id.org/h2kg/hydrogen-ontology#IonomerCoverageOnCarbon"", ""label"": ""Ionomer Coverage On Carbon"", ""score"": 0.556}]",thin windows operando/in-situ XPS
https://w3id.org/h2kg/decode/workflow/concept/adsorbate-dipole-moments-lre,Adsorbate dipole moments,LRE,Property,https://w3id.org/h2kg/hydrogen-ontology#Property,2,dft-onto-idealized-surfaces; hierarchical-model-for-electrocatalytic-reactions,reviewed_decode,reviewed_decode_anchor,https://w3id.org/h2kg/decode/workflow/anchor/adsorbate-dipole-moments-lre,"A measurable, calculated, or derived scientific characteristic denoted ""Adsorbate dipole moments"" in DECODE hydrogen-electrochemistry workflows.",,"Reviewed DECODE semantic role, source label, source workflow context, and direct-neighbor context. This is a draft for expert review, not an authoritative ontology definition.","Decide: strict H2KG alias, existing H2KG mapping, new reusable H2KG term, or retain reviewed DECODE anchor.",needs_human_review,,,,"[{""iri"": ""https://w3id.org/h2kg/hydrogen-ontology#IonomerAdsorptionIsothermMeasurement"", ""label"": ""Ionomer Adsorption Isotherm Measurement"", ""score"": 0.582}, {""iri"": ""https://w3id.org/h2kg/hydrogen-ontology#DipCoaterInstrument"", ""label"": ""Dip Coater Instrument"", ""score"": 0.578}, {""iri"": ""https://w3id.org/h2kg/hydrogen-ontology#IonomerAdsorptionRatio"", ""label"": ""Ionomer Adsorption Ratio"", ""score"": 0.571}]",DFT onto idealized surfaces; Hierarchical model for electrocatalytic reactions
https://w3id.org/h2kg/decode/workflow/concept/adsorbate-surface-diffusion-on-electrocatalyst-support-method,Adsorbate Surface Diffusion on Electrocatalyst Support,,Property,https://w3id.org/h2kg/hydrogen-ontology#Property,7,adsorbate-surface-diffusion-on-electrocatalyst-support; dft-onto-idealized-surfaces; rde-on-mono-or-polycrystalline-electrodes; rde-simulation-in-comsol; rrde-on-model-electrodes-in-acidic-solutions; rrde-on-model-electrodes-in-alkaline-solutions; rrde-simulation-in-comsol,reviewed_decode,reviewed_decode_anchor,https://w3id.org/h2kg/decode/workflow/anchor/adsorbate-surface-diffusion-on-electrocatalyst-support-method,"A measurable, calculated, or derived scientific characteristic denoted ""Adsorbate Surface Diffusion on Electrocatalyst Support"" in DECODE hydrogen-electrochemistry workflows. Source context: Applicable to two dimensional catalyst dispersions of centers embedded in a support",Applicable to two dimensional catalyst dispersions of centers embedded in a support,"Reviewed DECODE semantic role, source label, source workflow context, and direct-neighbor context. This is a draft for expert review, not an authoritative ontology definition.","Decide: strict H2KG alias, existing H2KG mapping, new reusable H2KG term, or retain reviewed DECODE anchor.",needs_human_review,,,,"[{""iri"": ""https://w3id.org/h2kg/hydrogen-ontology#PhosphoricAcidAdsorptionEnergyOnPt"", ""label"": ""Phosphoric Acid Adsorption Energy On Pt"", ""score"": 0.659}, {""iri"": ""https://w3id.org/h2kg/hydrogen-ontology#IonomerAdsorptionCapacityPerSurfaceArea"", ""label"": ""Ionomer Adsorption Capacity Per Surface Area"", ""score"": 0.592}, {""iri"": ""https://w3id.org/h2kg/hydrogen-ontology#BETSurfaceAreaOctaneAdsorption"", ""label"": ""BET Surface Area Octane Adsorption"", ""score"": 0.591}]",Active material density in the electrode; Active material macroscopic distribution; Adsorbate adsorption energies (idealized); Diffusion coefficients of species; Electrolyte viscosity; LRE relevance of surface diffusion on support; LRE surface diffusivity of rate-determining species on support; ORR charge transfer coefficient; RDE electrochemical response (idealized); RRDE ring electrochemical response (idealized)
https://w3id.org/h2kg/decode/workflow/concept/adsorbate-types-on-electrode-idealized-lre,Adsorbate types on electrode (idealized),LRE,Matter,https://w3id.org/h2kg/hydrogen-ontology#Matter,5,dft-onto-idealized-surfaces; dip-and-pull-operando-or-in-situ-xps; hierarchical-model-for-electrocatalytic-reactions; in-situ-fourier-transformed-ir-in-atr-configuration; molecular-dynamics-for-the-electrode-electrolyte-interface-in-presence-of-ionomer,reviewed_decode,reviewed_decode_anchor,https://w3id.org/h2kg/decode/workflow/anchor/adsorbate-types-on-electrode-idealized-lre,"A material, component, chemical species, phase, specimen, or assembly denoted ""Adsorbate types on electrode (idealized)"" in DECODE hydrogen-electrochemistry workflows.",,"Reviewed DECODE semantic role, source label, source workflow context, and direct-neighbor context. This is a draft for expert review, not an authoritative ontology definition.","Decide: strict H2KG alias, existing H2KG mapping, new reusable H2KG term, or retain reviewed DECODE anchor.",needs_human_review,,,,"[{""iri"": ""https://w3id.org/h2kg/hydrogen-ontology#CarbonFeltElectrode"", ""label"": ""Carbon Felt Electrode"", ""score"": 0.576}, {""iri"": ""https://w3id.org/h2kg/hydrogen-ontology#PtCounterElectrode"", ""label"": ""Pt Counter Electrode"", ""score"": 0.576}, {""iri"": ""https://w3id.org/h2kg/hydrogen-ontology#SprayDistance"", ""label"": ""Spray Distance"", ""score"": 0.576}]",DFT onto idealized surfaces; Hierarchical model for electrocatalytic reactions; In Situ Fourier Transformed IR in ATR configuration; Molecular Dynamics for the Electrode | Electrolyte Interface in presence of ionomer; dip-and-pull operando/in-situ XPS
https://w3id.org/h2kg/decode/workflow/concept/adsorbate-types-on-electrode-nanostructured-lre,Adsorbate types on electrode (nanostructured),LRE,Matter,https://w3id.org/h2kg/hydrogen-ontology#Matter,2,operando-or-in-situ-xas-photon-out; thin-windows-operando-or-in-situ-xps,reviewed_decode,reviewed_decode_anchor,https://w3id.org/h2kg/decode/workflow/anchor/adsorbate-types-on-electrode-nanostructured-lre,"A material, component, chemical species, phase, specimen, or assembly denoted ""Adsorbate types on electrode (nanostructured)"" in DECODE hydrogen-electrochemistry workflows.",,"Reviewed DECODE semantic role, source label, source workflow context, and direct-neighbor context. This is a draft for expert review, not an authoritative ontology definition.","Decide: strict H2KG alias, existing H2KG mapping, new reusable H2KG term, or retain reviewed DECODE anchor.",needs_human_review,,,,"[{""iri"": ""https://w3id.org/h2kg/hydrogen-ontology#SCE"", ""label"": ""SCE"", ""score"": 0.571}, {""iri"": ""https://w3id.org/h2kg/hydrogen-ontology#SprayDistance"", ""label"": ""Spray Distance"", ""score"": 0.563}, {""iri"": ""https://w3id.org/h2kg/hydrogen-ontology#NiFe2O4Nanostructure"", ""label"": ""Ni Fe 2 O 4 Nanostructure"", ""score"": 0.559}]",operando/in-situ XAS (photon-out); thin windows operando/in-situ XPS
https://w3id.org/h2kg/decode/workflow/concept/ai-based-generation-of-structural-digital-twins-of-multi-scale-tomographies-model,AI-based generation of structural digital twins of multi-scale tomographies,,Parameter,https://w3id.org/h2kg/hydrogen-ontology#Parameter,55,ai-based-generation-of-structural-digital-twins-of-multi-scale-tomographies; fib-sem-on-cl-material; image-classification-of-fib-tomography-data; image-classification-of-x-ray-tomography-data; image-classification-on-nm-scale; image-fib-tomography-dataparameter-extraction-3d; image-x-ray-tomography-data-parameter-extraction-3d; inpt-cl-process-model; ionomer-reconstruction-in-ccl-3d-images; modeling-of-hydrophobic-treatment-of-gdl; modeling-of-mpl-coating-of-gdl; mpl-saturation-determination-from-x-ray-ct-data; simulation-of-single-phase-3d-apparent-properties; simulation-of-two-phase-3d-apparent-properties; voxel-based-3d-effective-diffusivity-simulation; voxel-based-3d-electric-conductiviy-simulation; voxel-based-3d-permability-simulation; voxel-based-3d-thermal-conductivity-simulation; water-retention-curve-simulation,reviewed_decode,reviewed_decode_anchor,https://w3id.org/h2kg/decode/workflow/anchor/ai-based-generation-of-structural-digital-twins-of-multi-scale-tomographies-model,"A specified, controlled, reported, or model-input condition or quantity denoted ""AI-based generation of structural digital twins of multi-scale tomographies"" in DECODE hydrogen-electrochemistry workflows.",,"Reviewed DECODE semantic role, source label, source workflow context, and direct-neighbor context. This is a draft for expert review, not an authoritative ontology definition.","Decide: strict H2KG alias, existing H2KG mapping, new reusable H2KG term, or retain reviewed DECODE anchor.",needs_human_review,,,,[],CCL 3D voxel data classified; GDL substrate 3D voxel data classified; GDL substrate 3D voxel data wet classified; GDL substrate 3D voxel data wet operando classified; MPL 3D voxel data classified; MPL X-ray 3D voxel data classified; MPL X-ray 3D voxel data wet classified; MPL X-ray 3D voxel data wet operando classified
https://w3id.org/h2kg/decode/workflow/concept/atr-ftir-cell-temperature-device,ATR-FTIR cell temperature,device,Parameter,https://w3id.org/h2kg/hydrogen-ontology#Parameter,1,in-situ-fourier-transformed-ir-in-atr-configuration,reviewed_decode,reviewed_decode_anchor,https://w3id.org/h2kg/decode/workflow/anchor/atr-ftir-cell-temperature-device,"A specified, controlled, reported, or model-input condition or quantity denoted ""ATR-FTIR cell temperature"" in DECODE hydrogen-electrochemistry workflows.",,"Reviewed DECODE semantic role, source label, source workflow context, and direct-neighbor context. This is a draft for expert review, not an authoritative ontology definition.","Decide: strict H2KG alias, existing H2KG mapping, new reusable H2KG term, or retain reviewed DECODE anchor.",needs_human_review,,,,"[{""iri"": ""https://w3id.org/h2kg/hydrogen-ontology#OperatingTemperature"", ""label"": ""Operating Temperature"", ""score"": 0.78}, {""iri"": ""https://w3id.org/h2kg/hydrogen-ontology#Temperature"", ""label"": ""Temperature"", ""score"": 0.78}, {""iri"": ""https://w3id.org/h2kg/hydrogen-ontology#HoldTime"", ""label"": ""Hold Time"", ""score"": 0.727}]",In Situ Fourier Transformed IR in ATR configuration
https://w3id.org/h2kg/decode/workflow/concept/atr-ftir-electrochemical-protocol-component,ATR-FTIR electrochemical protocol,component,Process,https://w3id.org/h2kg/hydrogen-ontology#Process,1,in-situ-fourier-transformed-ir-in-atr-configuration,reviewed_decode,reviewed_decode_anchor,https://w3id.org/h2kg/decode/workflow/anchor/atr-ftir-electrochemical-protocol-component,"A computational, analytical, transformation, or generic workflow process denoted ""ATR-FTIR electrochemical protocol"" in DECODE hydrogen-electrochemistry workflows.",,"Reviewed DECODE semantic role, source label, source workflow context, and direct-neighbor context. This is a draft for expert review, not an authoritative ontology definition.","Decide: strict H2KG alias, existing H2KG mapping, new reusable H2KG term, or retain reviewed DECODE anchor.",needs_human_review,,,,"[{""iri"": ""https://w3id.org/h2kg/hydrogen-ontology#ElectrochemicalImpedanceSpectroscopyPotentiostatic"", ""label"": ""Electrochemical Impedance Spectroscopy Potentiostatic"", ""score"": 0.648}, {""iri"": ""https://w3id.org/h2kg/hydrogen-ontology#ElectrochemicalWorkstation"", ""label"": ""Electrochemical Workstation"", ""score"": 0.633}, {""iri"": ""https://w3id.org/h2kg/hydrogen-ontology#ElectrochemicallyActiveSurfaceArea"", ""label"": ""Electrochemically Active Surface Area"", ""score"": 0.629}]",In Situ Fourier Transformed IR in ATR configuration
https://w3id.org/h2kg/decode/workflow/concept/atr-ftir-electrochemical-response-component,ATR-FTIR electrochemical response,component,Data,https://w3id.org/h2kg/hydrogen-ontology#Data,1,in-situ-fourier-transformed-ir-in-atr-configuration,reviewed_decode,reviewed_decode_anchor,https://w3id.org/h2kg/decode/workflow/anchor/atr-ftir-electrochemical-response-component,"A recorded, calculated, image-based, or otherwise structured data artifact denoted ""ATR-FTIR electrochemical response"" in DECODE hydrogen-electrochemistry workflows.",,"Reviewed DECODE semantic role, source label, source workflow context, and direct-neighbor context. This is a draft for expert review, not an authoritative ontology definition.","Decide: strict H2KG alias, existing H2KG mapping, new reusable H2KG term, or retain reviewed DECODE anchor.",needs_human_review,,,,"[{""iri"": ""https://w3id.org/h2kg/hydrogen-ontology#ElectrochemicalWorkstation"", ""label"": ""Electrochemical Workstation"", ""score"": 0.667}, {""iri"": ""https://w3id.org/h2kg/hydrogen-ontology#ElectrochemicalReactionSimulation"", ""label"": ""Electrochemical Reaction Simulation"", ""score"": 0.647}, {""iri"": ""https://w3id.org/h2kg/hydrogen-ontology#ElectrochemicallyActiveSurfaceArea"", ""label"": ""Electrochemically Active Surface Area"", ""score"": 0.629}]",In Situ Fourier Transformed IR in ATR configuration
https://w3id.org/h2kg/decode/workflow/concept/atr-ftir-electrode-component,ATR-FTIR electrode,component,Instrument,https://w3id.org/h2kg/hydrogen-ontology#Instrument,2,in-situ-fourier-transformed-ir-in-atr-configuration; prism-preparation-for-atr-ftir,reviewed_decode,reviewed_decode_anchor,https://w3id.org/h2kg/decode/workflow/anchor/atr-ftir-electrode-component,"An apparatus, device, or experimental platform denoted ""ATR-FTIR electrode"" in DECODE hydrogen-electrochemistry workflows.",,"Reviewed DECODE semantic role, source label, source workflow context, and direct-neighbor context. This is a draft for expert review, not an authoritative ontology definition.","Decide: strict H2KG alias, existing H2KG mapping, new reusable H2KG term, or retain reviewed DECODE anchor.",needs_human_review,,,,"[{""iri"": ""https://w3id.org/h2kg/hydrogen-ontology#CarbonFeltElectrode"", ""label"": ""Carbon Felt Electrode"", ""score"": 0.769}, {""iri"": ""https://w3id.org/h2kg/hydrogen-ontology#PlatinumWireCounterElectrode"", ""label"": ""Platinum Wire Counter Electrode"", ""score"": 0.744}, {""iri"": ""https://w3id.org/h2kg/hydrogen-ontology#PtCounterElectrode"", ""label"": ""Pt Counter Electrode"", ""score"": 0.737}]",In Situ Fourier Transformed IR in ATR configuration; Prism Preparation for ATR-FTIR
https://w3id.org/h2kg/decode/workflow/concept/binder-distribution-component,Binder distribution,component,Data,https://w3id.org/h2kg/hydrogen-ontology#Data,2,image-parameter-extraction-2d; modeling-of-hydrophobic-treatment-of-gdl,reviewed_decode,reviewed_decode_anchor,https://w3id.org/h2kg/decode/workflow/anchor/binder-distribution-component,"A recorded, calculated, image-based, or otherwise structured data artifact denoted ""Binder distribution"" in DECODE hydrogen-electrochemistry workflows.",,"Reviewed DECODE semantic role, source label, source workflow context, and direct-neighbor context. This is a draft for expert review, not an authoritative ontology definition.","Decide: strict H2KG alias, existing H2KG mapping, new reusable H2KG term, or retain reviewed DECODE anchor.",needs_human_review,,,,"[{""iri"": ""https://w3id.org/h2kg/hydrogen-ontology#AgglomerateSizeDistributionDataset"", ""label"": ""Agglomerate Size Distribution Dataset"", ""score"": 0.667}, {""iri"": ""https://w3id.org/h2kg/hydrogen-ontology#IonomerSolution"", ""label"": ""Ionomer Solution"", ""score"": 0.629}, {""iri"": ""https://w3id.org/h2kg/hydrogen-ontology#BinderMassFraction"", ""label"": ""Binder Mass Fraction"", ""score"": 0.615}]",Image parameter extraction 2D; Modeling of Hydrophobic Treatment of GDL
https://w3id.org/h2kg/decode/workflow/concept/binding-energies-of-intermediates-lre,Binding energies of intermediates,LRE,Property,https://w3id.org/h2kg/hydrogen-ontology#Property,3,dft-onto-idealized-surfaces; fitting-version-of-the-hierachical-model; hierarchical-model-for-electrocatalytic-reactions,reviewed_decode,reviewed_decode_anchor,https://w3id.org/h2kg/decode/workflow/anchor/binding-energies-of-intermediates-lre,"A measurable, calculated, or derived scientific characteristic denoted ""Binding energies of intermediates"" in DECODE hydrogen-electrochemistry workflows.",,"Reviewed DECODE semantic role, source label, source workflow context, and direct-neighbor context. This is a draft for expert review, not an authoritative ontology definition.","Decide: strict H2KG alias, existing H2KG mapping, new reusable H2KG term, or retain reviewed DECODE anchor.",needs_human_review,,,,"[{""iri"": ""https://w3id.org/h2kg/hydrogen-ontology#BindingEnergy"", ""label"": ""Binding Energy"", ""score"": 0.607}, {""iri"": ""https://w3id.org/h2kg/hydrogen-ontology#PhosphoricAcidBindingEnergy"", ""label"": ""Phosphoric Acid Binding Energy"", ""score"": 0.6}, {""iri"": ""https://w3id.org/h2kg/hydrogen-ontology#InterdigitatedElectrodeArray"", ""label"": ""Interdigitated Electrode Array"", ""score"": 0.552}]",DFT onto idealized surfaces; Fitting Version of the Hierachical Model; Hierarchical model for electrocatalytic reactions
https://w3id.org/h2kg/decode/workflow/concept/blade-coating-and-decal-transfer-for-ref-pefc-ccm-process,Blade coating and Decal transfer for ref PEFC CCM,,Manufacturing,https://w3id.org/h2kg/hydrogen-ontology#Manufacturing,19,blade-coating-and-decal-transfer-for-ref-pefc-ccm; determination-of-cl-saturation-by-saxs-or-sans; development-of-a-zero-gap-cell-for-gde-based-spectrocopy-measurement; electron-tomography-for-pt-c-and-ionomer-distribution-in-cl; fib-measurements-on-gdl-or-mpl-and-catalyst-materials; fib-sem-on-cl-material; high-resolution-electron-tomography-for-accessing-pt-and-ionomer-distribution-on-carbon-aggregate; ink-preparation-for-deposition-of-catalytic-layers; mea-assembly-for-pefc-ref-mea; mechanical-properties-of-catalyst-layers-gdls-and-meas-by-small-punch-and-nanoindentation; mpl-saturation-determination-from-x-ray-ct-data; neutron-imaging; pulsed-gas-analysis; roller-mixer-and-zirconia-beads-for-ref-pefc-inks; rotating-ring-disk-electrode-rrde; sem-and-fib-layer; sheet-resistance-measurement; tem-and-eds-analysis-of-mea; three-electrode-cell-assesement-of-cl-by-xas-xanes-exafs-xrd,reviewed_decode,reviewed_decode_anchor,https://w3id.org/h2kg/decode/workflow/anchor/blade-coating-and-decal-transfer-for-ref-pefc-ccm-process,"A fabrication, preparation, deposition, assembly, or conditioning operation denoted ""Blade coating and Decal transfer for ref PEFC CCM"" in DECODE hydrogen-electrochemistry workflows.",,"Reviewed DECODE semantic role, source label, source workflow context, and direct-neighbor context. This is a draft for expert review, not an authoritative ontology definition.","Decide: strict H2KG alias, existing H2KG mapping, new reusable H2KG term, or retain reviewed DECODE anchor.",needs_human_review,,,,"[{""iri"": ""https://w3id.org/h2kg/hydrogen-ontology#DoctorBladeCoating"", ""label"": ""Doctor Blade Coating"", ""score"": 0.551}]",CCM; Catalyst ink; Inert substrate; Membrane
https://w3id.org/h2kg/decode/workflow/concept/bpp-material-material,BPP material,material,Matter,https://w3id.org/h2kg/hydrogen-ontology#Matter,1,electrical-contact-resistance,reviewed_decode,reviewed_decode_anchor,https://w3id.org/h2kg/decode/workflow/anchor/bpp-material-material,"A material, component, chemical species, phase, specimen, or assembly denoted ""BPP material"" in DECODE hydrogen-electrochemistry workflows.",,"Reviewed DECODE semantic role, source label, source workflow context, and direct-neighbor context. This is a draft for expert review, not an authoritative ontology definition.","Decide: strict H2KG alias, existing H2KG mapping, new reusable H2KG term, or retain reviewed DECODE anchor.",needs_human_review,,,,"[{""iri"": ""https://w3id.org/h2kg/hydrogen-ontology#hasInputMaterial"", ""label"": ""hasInputMaterial"", ""score"": 0.643}, {""iri"": ""https://w3id.org/h2kg/hydrogen-ontology#hasOutputMaterial"", ""label"": ""hasOutputMaterial"", ""score"": 0.621}, {""iri"": ""https://w3id.org/h2kg/hydrogen-ontology#SupportMaterial"", ""label"": ""Support Material"", ""score"": 0.571}]",Electrical contact resistance
https://w3id.org/h2kg/decode/workflow/concept/catalyst-active-particle-contact-angle-material,Catalyst active particle contact angle,material,Property,https://w3id.org/h2kg/hydrogen-ontology#Property,1,iet-ink-to-composition-model,reviewed_decode,reviewed_decode_anchor,https://w3id.org/h2kg/decode/workflow/anchor/catalyst-active-particle-contact-angle-material,"A measurable, calculated, or derived scientific characteristic denoted ""Catalyst active particle contact angle"" in DECODE hydrogen-electrochemistry workflows.",,"Reviewed DECODE semantic role, source label, source workflow context, and direct-neighbor context. This is a draft for expert review, not an authoritative ontology definition.","Decide: strict H2KG alias, existing H2KG mapping, new reusable H2KG term, or retain reviewed DECODE anchor.",needs_human_review,,,,"[{""iri"": ""https://w3id.org/h2kg/hydrogen-ontology#IronIronOxideCatalystNanoparticle"", ""label"": ""Iron Iron Oxide Catalyst Nanoparticle"", ""score"": 0.687}, {""iri"": ""https://w3id.org/h2kg/hydrogen-ontology#SteamActivatedFeNCCatalyst"", ""label"": ""Steam Activated Fe NC Catalyst"", ""score"": 0.647}, {""iri"": ""https://w3id.org/h2kg/hydrogen-ontology#NonPtCatalystVolumetricActivity"", ""label"": ""Non Pt Catalyst Volumetric Activity"", ""score"": 0.63}]",IET ink to composition model
https://w3id.org/h2kg/decode/workflow/concept/catalyst-active-particle-density-material,Catalyst active particle density,material,Property,https://w3id.org/h2kg/hydrogen-ontology#Property,6,0d-particle-population-degradation-model-coupled-with-performance-model-prediction; 0d-particle-population-degradation-model-coupled-with-performance-model-prediction-without-fitting-methods; iet-ink-to-composition-model; image-fib-tomography-dataparameter-extraction-3d; image-parameter-extraction-2d; image-tem-data-parameter-extraction-3d,reviewed_decode,reviewed_decode_anchor,https://w3id.org/h2kg/decode/workflow/anchor/catalyst-active-particle-density-material,"A measurable, calculated, or derived scientific characteristic denoted ""Catalyst active particle density"" in DECODE hydrogen-electrochemistry workflows.",,"Reviewed DECODE semantic role, source label, source workflow context, and direct-neighbor context. This is a draft for expert review, not an authoritative ontology definition.","Decide: strict H2KG alias, existing H2KG mapping, new reusable H2KG term, or retain reviewed DECODE anchor.",needs_human_review,,,,"[{""iri"": ""https://w3id.org/h2kg/hydrogen-ontology#CatalystParticleDiameter"", ""label"": ""Catalyst Particle Diameter"", ""score"": 0.724}, {""iri"": ""https://w3id.org/h2kg/hydrogen-ontology#IronIronOxideCatalystNanoparticle"", ""label"": ""Iron Iron Oxide Catalyst Nanoparticle"", ""score"": 0.721}, {""iri"": ""https://w3id.org/h2kg/hydrogen-ontology#PtOnCarbonCatalyst"", ""label"": ""Pt On Carbon Catalyst"", ""score"": 0.68}]",0D Particle population degradation model coupled with performance model (prediction); IET ink to composition model; Image FIB tomography dataparameter extraction 3D; Image TEM data parameter extraction 3D; Image parameter extraction 2D
https://w3id.org/h2kg/decode/workflow/concept/catalyst-active-particle-diameter-material,Catalyst active particle diameter,material,Matter,https://w3id.org/h2kg/hydrogen-ontology#Matter,4,iet-ink-to-composition-model; image-tem-data-parameter-extraction-3d; sem-and-fib-powder; tem-and-eds-analysis-of-mea,reviewed_decode,reviewed_decode_anchor,https://w3id.org/h2kg/decode/workflow/anchor/catalyst-active-particle-diameter-material,"A material, component, chemical species, phase, specimen, or assembly denoted ""Catalyst active particle diameter"" in DECODE hydrogen-electrochemistry workflows.",,"Reviewed DECODE semantic role, source label, source workflow context, and direct-neighbor context. This is a draft for expert review, not an authoritative ontology definition.","Decide: strict H2KG alias, existing H2KG mapping, new reusable H2KG term, or retain reviewed DECODE anchor.",needs_human_review,,,,"[{""iri"": ""https://w3id.org/h2kg/hydrogen-ontology#CatalystParticleDiameter"", ""label"": ""Catalyst Particle Diameter"", ""score"": 0.881}, {""iri"": ""https://w3id.org/h2kg/hydrogen-ontology#IronIronOxideCatalystNanoparticle"", ""label"": ""Iron Iron Oxide Catalyst Nanoparticle"", ""score"": 0.742}, {""iri"": ""https://w3id.org/h2kg/hydrogen-ontology#CarbonBlackParticleSize"", ""label"": ""Carbon Black Particle Size"", ""score"": 0.702}]",IET ink to composition model; Image TEM data parameter extraction 3D; SEM and FIB (powder); TEM and EDS analysis of MEA
https://w3id.org/h2kg/decode/workflow/concept/catalyst-active-particle-radius-distribution-material,Catalyst active particle radius distribution,material,Property,https://w3id.org/h2kg/hydrogen-ontology#Property,5,0d-particle-population-degradation-model-coupled-with-performance-model-prediction; 0d-particle-population-degradation-model-coupled-with-performance-model-prediction-without-fitting-methods; 0d-particle-population-degradation-model-prediction; image-tem-data-parameter-extraction-3d; tem-and-eds-analysis-of-mea,reviewed_decode,reviewed_decode_anchor,https://w3id.org/h2kg/decode/workflow/anchor/catalyst-active-particle-radius-distribution-material,"A measurable, calculated, or derived scientific characteristic denoted ""Catalyst active particle radius distribution"" in DECODE hydrogen-electrochemistry workflows.",,"Reviewed DECODE semantic role, source label, source workflow context, and direct-neighbor context. This is a draft for expert review, not an authoritative ontology definition.","Decide: strict H2KG alias, existing H2KG mapping, new reusable H2KG term, or retain reviewed DECODE anchor.",needs_human_review,,,,"[{""iri"": ""https://w3id.org/h2kg/hydrogen-ontology#IronIronOxideCatalystNanoparticle"", ""label"": ""Iron Iron Oxide Catalyst Nanoparticle"", ""score"": 0.712}, {""iri"": ""https://w3id.org/h2kg/hydrogen-ontology#CatalystLayerAcidLoadingDetermination"", ""label"": ""Catalyst Layer Acid Loading Determination"", ""score"": 0.659}, {""iri"": ""https://w3id.org/h2kg/hydrogen-ontology#AgglomerateSizeDistributionDataset"", ""label"": ""Agglomerate Size Distribution Dataset"", ""score"": 0.657}]",0D Particle population degradation model (prediction); 0D Particle population degradation model coupled with performance model (prediction); Image TEM data parameter extraction 3D; TEM and EDS analysis of MEA
https://w3id.org/h2kg/decode/workflow/concept/catalyst-active-particle-radius-distribution-aged-component,Catalyst active particle radius distribution (aged),component,Data,https://w3id.org/h2kg/hydrogen-ontology#Data,5,0d-particle-population-degradation-model-coupled-with-performance-model-fitting; 0d-particle-population-degradation-model-coupled-with-performance-model-prediction; 0d-particle-population-degradation-model-coupled-with-performance-model-prediction-without-fitting-methods; 0d-particle-population-degradation-model-fitting; 0d-particle-population-degradation-model-prediction,reviewed_decode,reviewed_decode_anchor,https://w3id.org/h2kg/decode/workflow/anchor/catalyst-active-particle-radius-distribution-aged-component,"A recorded, calculated, image-based, or otherwise structured data artifact denoted ""Catalyst active particle radius distribution (aged)"" in DECODE hydrogen-electrochemistry workflows.",,"Reviewed DECODE semantic role, source label, source workflow context, and direct-neighbor context. This is a draft for expert review, not an authoritative ontology definition.","Decide: strict H2KG alias, existing H2KG mapping, new reusable H2KG term, or retain reviewed DECODE anchor.",needs_human_review,,,,"[{""iri"": ""https://w3id.org/h2kg/hydrogen-ontology#IronIronOxideCatalystNanoparticle"", ""label"": ""Iron Iron Oxide Catalyst Nanoparticle"", ""score"": 0.692}, {""iri"": ""https://w3id.org/h2kg/hydrogen-ontology#CatalystLayerAcidLoadingDetermination"", ""label"": ""Catalyst Layer Acid Loading Determination"", ""score"": 0.644}, {""iri"": ""https://w3id.org/h2kg/hydrogen-ontology#PoreSizeDistributionDataset"", ""label"": ""Pore Size Distribution Dataset"", ""score"": 0.633}]",0D Particle population degradation model (fitting); 0D Particle population degradation model (prediction); 0D Particle population degradation model coupled with performance model (fitting); 0D Particle population degradation model coupled with performance model (prediction)
https://w3id.org/h2kg/decode/workflow/concept/catalyst-coagulation-rate-constant-component,Catalyst coagulation rate constant,component,Property,https://w3id.org/h2kg/hydrogen-ontology#Property,5,0d-particle-population-degradation-model-coupled-with-performance-model-fitting; 0d-particle-population-degradation-model-coupled-with-performance-model-prediction; 0d-particle-population-degradation-model-coupled-with-performance-model-prediction-without-fitting-methods; 0d-particle-population-degradation-model-fitting; 0d-particle-population-degradation-model-prediction,reviewed_decode,reviewed_decode_anchor,https://w3id.org/h2kg/decode/workflow/anchor/catalyst-coagulation-rate-constant-component,"A measurable, calculated, or derived scientific characteristic denoted ""Catalyst coagulation rate constant"" in DECODE hydrogen-electrochemistry workflows.",,"Reviewed DECODE semantic role, source label, source workflow context, and direct-neighbor context. This is a draft for expert review, not an authoritative ontology definition.","Decide: strict H2KG alias, existing H2KG mapping, new reusable H2KG term, or retain reviewed DECODE anchor.",needs_human_review,,,,"[{""iri"": ""https://w3id.org/h2kg/hydrogen-ontology#CatalystCoatedSubstrate"", ""label"": ""Catalyst Coated Substrate"", ""score"": 0.678}, {""iri"": ""https://w3id.org/h2kg/hydrogen-ontology#PtNCNTFsCatalyst"", ""label"": ""Pt NCNT Fs Catalyst"", ""score"": 0.633}, {""iri"": ""https://w3id.org/h2kg/hydrogen-ontology#CatalystPlatinumMassFraction"", ""label"": ""Catalyst Platinum Mass Fraction"", ""score"": 0.632}]",0D Particle population degradation model (fitting); 0D Particle population degradation model (prediction); 0D Particle population degradation model coupled with performance model (fitting); 0D Particle population degradation model coupled with performance model (prediction)
https://w3id.org/h2kg/decode/workflow/concept/catalyst-deactivation-rate-constant-component,Catalyst deactivation rate constant,component,Property,https://w3id.org/h2kg/hydrogen-ontology#Property,5,0d-particle-population-degradation-model-coupled-with-performance-model-fitting; 0d-particle-population-degradation-model-coupled-with-performance-model-prediction; 0d-particle-population-degradation-model-coupled-with-performance-model-prediction-without-fitting-methods; 0d-particle-population-degradation-model-fitting; 0d-particle-population-degradation-model-prediction,reviewed_decode,reviewed_decode_anchor,https://w3id.org/h2kg/decode/workflow/anchor/catalyst-deactivation-rate-constant-component,"A measurable, calculated, or derived scientific characteristic denoted ""Catalyst deactivation rate constant"" in DECODE hydrogen-electrochemistry workflows.",,"Reviewed DECODE semantic role, source label, source workflow context, and direct-neighbor context. This is a draft for expert review, not an authoritative ontology definition.","Decide: strict H2KG alias, existing H2KG mapping, new reusable H2KG term, or retain reviewed DECODE anchor.",needs_human_review,,,,"[{""iri"": ""https://w3id.org/h2kg/hydrogen-ontology#PtMassFractionInCatalyst"", ""label"": ""Pt Mass Fraction In Catalyst"", ""score"": 0.702}, {""iri"": ""https://w3id.org/h2kg/hydrogen-ontology#PtOnCarbonCatalystMassFractionInInk"", ""label"": ""Pt On Carbon Catalyst Mass Fraction In Ink"", ""score"": 0.677}, {""iri"": ""https://w3id.org/h2kg/hydrogen-ontology#PrecursorConcentration"", ""label"": ""Precursor Concentration"", ""score"": 0.656}]",0D Particle population degradation model (fitting); 0D Particle population degradation model (prediction); 0D Particle population degradation model coupled with performance model (fitting); 0D Particle population degradation model coupled with performance model (prediction)
https://w3id.org/h2kg/decode/workflow/concept/catalyst-dissolution-rate-constant-component,Catalyst dissolution rate constant,component,Property,https://w3id.org/h2kg/hydrogen-ontology#Property,5,0d-particle-population-degradation-model-coupled-with-performance-model-fitting; 0d-particle-population-degradation-model-coupled-with-performance-model-prediction; 0d-particle-population-degradation-model-coupled-with-performance-model-prediction-without-fitting-methods; 0d-particle-population-degradation-model-fitting; 0d-particle-population-degradation-model-prediction,reviewed_decode,reviewed_decode_anchor,https://w3id.org/h2kg/decode/workflow/anchor/catalyst-dissolution-rate-constant-component,"A measurable, calculated, or derived scientific characteristic denoted ""Catalyst dissolution rate constant"" in DECODE hydrogen-electrochemistry workflows.",,"Reviewed DECODE semantic role, source label, source workflow context, and direct-neighbor context. This is a draft for expert review, not an authoritative ontology definition.","Decide: strict H2KG alias, existing H2KG mapping, new reusable H2KG term, or retain reviewed DECODE anchor.",needs_human_review,,,,"[{""iri"": ""https://w3id.org/h2kg/hydrogen-ontology#PtMassFractionInCatalyst"", ""label"": ""Pt Mass Fraction In Catalyst"", ""score"": 0.714}, {""iri"": ""https://w3id.org/h2kg/hydrogen-ontology#CatalystCoatedSubstrate"", ""label"": ""Catalyst Coated Substrate"", ""score"": 0.712}, {""iri"": ""https://w3id.org/h2kg/hydrogen-ontology#HydrophilicCatalystInk"", ""label"": ""Hydrophilic Catalyst Ink"", ""score"": 0.679}]",0D Particle population degradation model (fitting); 0D Particle population degradation model (prediction); 0D Particle population degradation model coupled with performance model (fitting); 0D Particle population degradation model coupled with performance model (prediction)
https://w3id.org/h2kg/decode/workflow/concept/catalyst-elemental-composition-material,Catalyst elemental composition,material,Matter,https://w3id.org/h2kg/hydrogen-ontology#Matter,3,image-fib-tomography-dataparameter-extraction-3d; image-parameter-extraction-2d; sem-and-fib-powder,reviewed_decode,reviewed_decode_anchor,https://w3id.org/h2kg/decode/workflow/anchor/catalyst-elemental-composition-material,"A material, component, chemical species, phase, specimen, or assembly denoted ""Catalyst elemental composition"" in DECODE hydrogen-electrochemistry workflows.",,"Reviewed DECODE semantic role, source label, source workflow context, and direct-neighbor context. This is a draft for expert review, not an authoritative ontology definition.","Decide: strict H2KG alias, existing H2KG mapping, new reusable H2KG term, or retain reviewed DECODE anchor.",needs_human_review,,,,"[{""iri"": ""https://w3id.org/h2kg/hydrogen-ontology#InkCompositionSpecification"", ""label"": ""Ink Composition Specification"", ""score"": 0.815}, {""iri"": ""https://w3id.org/h2kg/hydrogen-ontology#XPSDataset"", ""label"": ""XPS Dataset"", ""score"": 0.764}, {""iri"": ""https://w3id.org/h2kg/hydrogen-ontology#CatalystLayerCompositionSpecification"", ""label"": ""Catalyst Layer Composition Specification"", ""score"": 0.714}]",Image FIB tomography dataparameter extraction 3D; Image parameter extraction 2D; SEM and FIB (powder)
https://w3id.org/h2kg/decode/workflow/concept/catalyst-ink-material,Catalyst ink,material,Matter,https://w3id.org/h2kg/hydrogen-ontology#Matter,6,blade-coating-and-decal-transfer-for-ref-pefc-ccm; electrospray-deposition-of-catalyst-layers; ink-preparation-for-deposition-of-catalytic-layers; rheology; roller-mixer-and-zirconia-beads-for-ref-pefc-inks; turbiscan-transmission-and-backscattering-stability-testing,approved_h2kg,existing_h2kg_mapping,https://w3id.org/h2kg/hydrogen-ontology#CatalystInk,"A material, component, chemical species, phase, specimen, or assembly denoted ""Catalyst ink"" in DECODE hydrogen-electrochemistry workflows.",,"Reviewed DECODE semantic role, source label, source workflow context, and direct-neighbor context. This is a draft for expert review, not an authoritative ontology definition.",Verify against the canonical H2KG definition and retain only a true synonym.,needs_human_review,,,,"[{""iri"": ""https://w3id.org/h2kg/hydrogen-ontology#CatalystInk"", ""label"": ""Catalyst Ink"", ""score"": 1.0}, {""iri"": ""https://w3id.org/h2kg/hydrogen-ontology#CatalystInkPreparation"", ""label"": ""Catalyst Ink Preparation"", ""score"": 1.0}, {""iri"": ""https://w3id.org/h2kg/hydrogen-ontology#CatalystLoading"", ""label"": ""Catalyst Loading"", ""score"": 0.786}]",Blade coating and Decal transfer for ref PEFC CCM; Electrospray deposition of Catalyst Layers; Ink preparation for deposition of catalytic layers; Rheology; Roller mixer and zirconia beads for ref PEFC inks; Turbiscan Transmission and Backscattering stability testing
https://w3id.org/h2kg/decode/workflow/concept/catalyst-ink-composition-material,Catalyst ink composition,material,Matter,https://w3id.org/h2kg/hydrogen-ontology#Matter,8,cl-for-rde; dropcasted-ink-on-gc-tips; gde-catalytic-layer-preparation; ink-preparation-for-deposition-of-catalytic-layers; inpt-cl-process-model; irras-operando-or-in-situ-ftir; prism-preparation-for-atr-ftir; roller-mixer-and-zirconia-beads-for-ref-pefc-inks,reviewed_decode,reviewed_decode_anchor,https://w3id.org/h2kg/decode/workflow/anchor/catalyst-ink-composition-material,"A material, component, chemical species, phase, specimen, or assembly denoted ""Catalyst ink composition"" in DECODE hydrogen-electrochemistry workflows.",,"Reviewed DECODE semantic role, source label, source workflow context, and direct-neighbor context. This is a draft for expert review, not an authoritative ontology definition.","Decide: strict H2KG alias, existing H2KG mapping, new reusable H2KG term, or retain reviewed DECODE anchor.",needs_human_review,,,,"[{""iri"": ""https://w3id.org/h2kg/hydrogen-ontology#InkCompositionSpecification"", ""label"": ""Ink Composition Specification"", ""score"": 1.0}, {""iri"": ""https://w3id.org/h2kg/hydrogen-ontology#PrecursorConcentration"", ""label"": ""Precursor Concentration"", ""score"": 0.76}, {""iri"": ""https://w3id.org/h2kg/hydrogen-ontology#CIFeCompositeCatalyst"", ""label"": ""CI Fe Composite Catalyst"", ""score"": 0.75}]",CL for RDE; Dropcasted Ink on GC Tips; GDE Catalytic Layer Preparation; INPT CL process model; IRRAS operando/in-situ FTIR; Ink preparation for deposition of catalytic layers; Prism Preparation for ATR-FTIR; Roller mixer and zirconia beads for ref PEFC inks
https://w3id.org/h2kg/decode/workflow/concept/catalyst-ink-rheologic-properties-material,Catalyst ink rheologic properties,material,Matter,https://w3id.org/h2kg/hydrogen-ontology#Matter,1,rheology,reviewed_decode,reviewed_decode_anchor,https://w3id.org/h2kg/decode/workflow/anchor/catalyst-ink-rheologic-properties-material,"A material, component, chemical species, phase, specimen, or assembly denoted ""Catalyst ink rheologic properties"" in DECODE hydrogen-electrochemistry workflows.",,"Reviewed DECODE semantic role, source label, source workflow context, and direct-neighbor context. This is a draft for expert review, not an authoritative ontology definition.","Decide: strict H2KG alias, existing H2KG mapping, new reusable H2KG term, or retain reviewed DECODE anchor.",needs_human_review,,,,"[{""iri"": ""https://w3id.org/h2kg/hydrogen-ontology#CatalystInkPreparation"", ""label"": ""Catalyst Ink Preparation"", ""score"": 0.702}, {""iri"": ""https://w3id.org/h2kg/hydrogen-ontology#CatalystWeightPercentInOil"", ""label"": ""Catalyst Weight Percent In Oil"", ""score"": 0.635}, {""iri"": ""https://w3id.org/h2kg/hydrogen-ontology#IronIronOxideCatalystNanoparticle"", ""label"": ""Iron Iron Oxide Catalyst Nanoparticle"", ""score"": 0.629}]",Rheology
https://w3id.org/h2kg/decode/workflow/concept/catalyst-ink-stability-material,Catalyst ink stability,material,Matter,https://w3id.org/h2kg/hydrogen-ontology#Matter,1,rheology,reviewed_decode,reviewed_decode_anchor,https://w3id.org/h2kg/decode/workflow/anchor/catalyst-ink-stability-material,"A material, component, chemical species, phase, specimen, or assembly denoted ""Catalyst ink stability"" in DECODE hydrogen-electrochemistry workflows.",,"Reviewed DECODE semantic role, source label, source workflow context, and direct-neighbor context. This is a draft for expert review, not an authoritative ontology definition.","Decide: strict H2KG alias, existing H2KG mapping, new reusable H2KG term, or retain reviewed DECODE anchor.",needs_human_review,,,,"[{""iri"": ""https://w3id.org/h2kg/hydrogen-ontology#InkStorageStabilityDuration"", ""label"": ""Ink Storage Stability Duration"", ""score"": 0.743}, {""iri"": ""https://w3id.org/h2kg/hydrogen-ontology#CatalystInkStructureDataset"", ""label"": ""Catalyst Ink Structure Dataset"", ""score"": 0.727}, {""iri"": ""https://w3id.org/h2kg/hydrogen-ontology#HydrophilicCatalystInk"", ""label"": ""Hydrophilic Catalyst Ink"", ""score"": 0.727}]",Rheology
https://w3id.org/h2kg/decode/workflow/concept/catalyst-ink-stability-turbiscan-factor-material,Catalyst ink stability (turbiscan factor),material,Matter,https://w3id.org/h2kg/hydrogen-ontology#Matter,1,turbiscan-transmission-and-backscattering-stability-testing,reviewed_decode,reviewed_decode_anchor,https://w3id.org/h2kg/decode/workflow/anchor/catalyst-ink-stability-turbiscan-factor-material,"A material, component, chemical species, phase, specimen, or assembly denoted ""Catalyst ink stability (turbiscan factor)"" in DECODE hydrogen-electrochemistry workflows.",,"Reviewed DECODE semantic role, source label, source workflow context, and direct-neighbor context. This is a draft for expert review, not an authoritative ontology definition.","Decide: strict H2KG alias, existing H2KG mapping, new reusable H2KG term, or retain reviewed DECODE anchor.",needs_human_review,,,,"[{""iri"": ""https://w3id.org/h2kg/hydrogen-ontology#CatalystMassFractionInInkSolids"", ""label"": ""Catalyst Mass Fraction In Ink Solids"", ""score"": 0.657}, {""iri"": ""https://w3id.org/h2kg/hydrogen-ontology#PtMassFractionInCatalyst"", ""label"": ""Pt Mass Fraction In Catalyst"", ""score"": 0.63}, {""iri"": ""https://w3id.org/h2kg/hydrogen-ontology#CatalystMassFractionInInk"", ""label"": ""Catalyst Mass Fraction In Ink"", ""score"": 0.618}]",Turbiscan Transmission and Backscattering stability testing
https://w3id.org/h2kg/decode/workflow/concept/catalyst-loading-component,Catalyst loading,component,Parameter,https://w3id.org/h2kg/hydrogen-ontology#Parameter,15,0d-particle-population-degradation-model-coupled-with-performance-model-prediction; 0d-particle-population-degradation-model-coupled-with-performance-model-prediction-without-fitting-methods; accelerated-stress-test-ast-on-nanostructured-electrodes; cea-mea-model-europium-2d; differential-cell-testing; eis-on-nanostructured-electrodes; fitting-of-the-europium-model; iet-ink-to-composition-model; image-fib-tomography-dataparameter-extraction-3d; image-parameter-extraction-2d; ionomer-reconstruction-in-ccl-3d-images; irras-operando-or-in-situ-ftir; model-electrochemistry-in-a-rde-cell; prism-preparation-for-atr-ftir; rotating-ring-disk-electrode-rrde,approved_h2kg,existing_h2kg_mapping,https://w3id.org/h2kg/hydrogen-ontology#CatalystLoading,"A specified, controlled, reported, or model-input condition or quantity denoted ""Catalyst loading"" in DECODE hydrogen-electrochemistry workflows.",,"Reviewed DECODE semantic role, source label, source workflow context, and direct-neighbor context. This is a draft for expert review, not an authoritative ontology definition.",Verify against the canonical H2KG definition and retain only a true synonym.,needs_human_review,,,,"[{""iri"": ""https://w3id.org/h2kg/hydrogen-ontology#CatalystLoading"", ""label"": ""Catalyst Loading"", ""score"": 1.0}, {""iri"": ""https://w3id.org/h2kg/hydrogen-ontology#PtLoading"", ""label"": ""Pt Loading"", ""score"": 0.914}, {""iri"": ""https://w3id.org/h2kg/hydrogen-ontology#AnodeCatalystLoading"", ""label"": ""Anode Catalyst Loading"", ""score"": 0.842}]","0D Particle population degradation model coupled with performance model (prediction); Accelerated Stress Test (AST) on Nanostructured Electrodes; CEA MEA model (Europium 2D); Differential Cell Testing; EIS on nanostructured electrodes; Fitting of the Europium model; IET ink to composition model; IRRAS operando/in-situ FTIR; Image FIB tomography dataparameter extraction 3D; Image parameter extraction 2D; Ionomer reconstruction in CCL 3D images; Model Electrochemistry in a RDE Cell; Prism Preparation for ATR-FTIR; Rotating Ring Disk Electrode (RRDE); Single cell test bench: polarization, EIS"
https://w3id.org/h2kg/decode/workflow/concept/catalyst-loading-aged-component,Catalyst loading (aged),component,Parameter,https://w3id.org/h2kg/hydrogen-ontology#Parameter,3,0d-particle-population-degradation-model-coupled-with-performance-model-prediction; 0d-particle-population-degradation-model-coupled-with-performance-model-prediction-without-fitting-methods; 0d-particle-population-degradation-model-prediction,reviewed_decode,reviewed_decode_anchor,https://w3id.org/h2kg/decode/workflow/anchor/catalyst-loading-aged-component,"A specified, controlled, reported, or model-input condition or quantity denoted ""Catalyst loading (aged)"" in DECODE hydrogen-electrochemistry workflows.",,"Reviewed DECODE semantic role, source label, source workflow context, and direct-neighbor context. This is a draft for expert review, not an authoritative ontology definition.","Decide: strict H2KG alias, existing H2KG mapping, new reusable H2KG term, or retain reviewed DECODE anchor.",needs_human_review,,,,"[{""iri"": ""https://w3id.org/h2kg/hydrogen-ontology#AnodeCatalystLoading"", ""label"": ""Anode Catalyst Loading"", ""score"": 0.884}, {""iri"": ""https://w3id.org/h2kg/hydrogen-ontology#CatalystLoading"", ""label"": ""Catalyst Loading"", ""score"": 0.865}, {""iri"": ""https://w3id.org/h2kg/hydrogen-ontology#PtLoading"", ""label"": ""Pt Loading"", ""score"": 0.8}]",0D Particle population degradation model (prediction); 0D Particle population degradation model coupled with performance model (prediction)
https://w3id.org/h2kg/decode/workflow/concept/catalyst-morphology-material,Catalyst morphology,material,Property,https://w3id.org/h2kg/hydrogen-ontology#Property,2,image-tem-data-parameter-extraction-3d; sem-and-fib-powder,reviewed_decode,reviewed_decode_anchor,https://w3id.org/h2kg/decode/workflow/anchor/catalyst-morphology-material,"A measurable, calculated, or derived scientific characteristic denoted ""Catalyst morphology"" in DECODE hydrogen-electrochemistry workflows.",,"Reviewed DECODE semantic role, source label, source workflow context, and direct-neighbor context. This is a draft for expert review, not an authoritative ontology definition.","Decide: strict H2KG alias, existing H2KG mapping, new reusable H2KG term, or retain reviewed DECODE anchor.",needs_human_review,,,,"[{""iri"": ""https://w3id.org/h2kg/hydrogen-ontology#CatalystLayerMorphology"", ""label"": ""Catalyst Layer Morphology"", ""score"": 0.864}, {""iri"": ""https://w3id.org/h2kg/hydrogen-ontology#RheologyDataset"", ""label"": ""Rheology Dataset"", ""score"": 0.743}, {""iri"": ""https://w3id.org/h2kg/hydrogen-ontology#CatalystLoading"", ""label"": ""Catalyst Loading"", ""score"": 0.686}]",Image TEM data parameter extraction 3D; SEM and FIB (powder)
https://w3id.org/h2kg/decode/workflow/concept/catalyst-pore-size-distribution-material,Catalyst pore size distribution,material,Property,https://w3id.org/h2kg/hydrogen-ontology#Property,1,iet-ink-to-composition-model,reviewed_decode,reviewed_decode_anchor,https://w3id.org/h2kg/decode/workflow/anchor/catalyst-pore-size-distribution-material,"A measurable, calculated, or derived scientific characteristic denoted ""Catalyst pore size distribution"" in DECODE hydrogen-electrochemistry workflows.",,"Reviewed DECODE semantic role, source label, source workflow context, and direct-neighbor context. This is a draft for expert review, not an authoritative ontology definition.","Decide: strict H2KG alias, existing H2KG mapping, new reusable H2KG term, or retain reviewed DECODE anchor.",needs_human_review,,,,"[{""iri"": ""https://w3id.org/h2kg/hydrogen-ontology#PoreSizeDistributionDataset"", ""label"": ""Pore Size Distribution Dataset"", ""score"": 0.918}, {""iri"": ""https://w3id.org/h2kg/hydrogen-ontology#PoreSizeDistribution"", ""label"": ""Pore Size Distribution"", ""score"": 0.83}, {""iri"": ""https://w3id.org/h2kg/hydrogen-ontology#PoreSizeDistributionPeakDiameter"", ""label"": ""Pore Size Distribution Peak Diameter"", ""score"": 0.759}]",IET ink to composition model
https://w3id.org/h2kg/decode/workflow/concept/catalyst-powder-material,Catalyst powder,material,Matter,https://w3id.org/h2kg/hydrogen-ontology#Matter,14,cl-for-rde; dip-and-pull-operando-or-in-situ-xps; dropcasted-ink-on-gc-tips; gde-catalytic-layer-preparation; ink-preparation-for-deposition-of-catalytic-layers; irras-operando-or-in-situ-ftir; operando-or-in-situ-xas-photon-out; operando-saxs-or-waxs-small-or-wide-angle-x-ray-spectroscopy; prism-preparation-for-atr-ftir; roller-mixer-and-zirconia-beads-for-ref-pefc-inks; rotating-ring-disk-electrode-rrde; sem-and-fib-powder; thin-windows-operando-or-in-situ-xps; ultrasonic-spray-deposition-for-catalytic-layers,approved_h2kg,existing_h2kg_mapping,https://w3id.org/h2kg/hydrogen-ontology#CatalystPowder,"A material, component, chemical species, phase, specimen, or assembly denoted ""Catalyst powder"" in DECODE hydrogen-electrochemistry workflows.",,"Reviewed DECODE semantic role, source label, source workflow context, and direct-neighbor context. This is a draft for expert review, not an authoritative ontology definition.",Verify against the canonical H2KG definition and retain only a true synonym.,needs_human_review,,,,"[{""iri"": ""https://w3id.org/h2kg/hydrogen-ontology#CatalystPowder"", ""label"": ""Catalyst Powder"", ""score"": 1.0}, {""iri"": ""https://w3id.org/h2kg/hydrogen-ontology#PtRuBlackCatalyst"", ""label"": ""Pt Ru Black Catalyst"", ""score"": 0.786}, {""iri"": ""https://w3id.org/h2kg/hydrogen-ontology#PlatinumBlackCatalyst"", ""label"": ""Platinum Black Catalyst"", ""score"": 0.774}]",CL for RDE; Dropcasted Ink on GC Tips; GDE Catalytic Layer Preparation; IRRAS operando/in-situ FTIR; Ink preparation for deposition of catalytic layers; Prism Preparation for ATR-FTIR; Roller mixer and zirconia beads for ref PEFC inks; Rotating Ring Disk Electrode (RRDE); SEM and FIB (powder); Ultrasonic spray deposition for catalytic layers; dip-and-pull operando/in-situ XPS; operando SAXS/WAXS (small/wide angle X-ray spectroscopy); operando/in-situ XAS (photon-out); thin windows operando/in-situ XPS
https://w3id.org/h2kg/decode/workflow/concept/catalyst-re-deposition-rate-constant-component,Catalyst re-deposition rate constant,component,Property,https://w3id.org/h2kg/hydrogen-ontology#Property,5,0d-particle-population-degradation-model-coupled-with-performance-model-fitting; 0d-particle-population-degradation-model-coupled-with-performance-model-prediction; 0d-particle-population-degradation-model-coupled-with-performance-model-prediction-without-fitting-methods; 0d-particle-population-degradation-model-fitting; 0d-particle-population-degradation-model-prediction,reviewed_decode,reviewed_decode_anchor,https://w3id.org/h2kg/decode/workflow/anchor/catalyst-re-deposition-rate-constant-component,"A measurable, calculated, or derived scientific characteristic denoted ""Catalyst re-deposition rate constant"" in DECODE hydrogen-electrochemistry workflows.",,"Reviewed DECODE semantic role, source label, source workflow context, and direct-neighbor context. This is a draft for expert review, not an authoritative ontology definition.","Decide: strict H2KG alias, existing H2KG mapping, new reusable H2KG term, or retain reviewed DECODE anchor.",needs_human_review,,,,"[{""iri"": ""https://w3id.org/h2kg/hydrogen-ontology#PtMassFractionInCatalyst"", ""label"": ""Pt Mass Fraction In Catalyst"", ""score"": 0.69}, {""iri"": ""https://w3id.org/h2kg/hydrogen-ontology#InkCompositionSpecification"", ""label"": ""Ink Composition Specification"", ""score"": 0.667}, {""iri"": ""https://w3id.org/h2kg/hydrogen-ontology#CatalystCoatedSubstrate"", ""label"": ""Catalyst Coated Substrate"", ""score"": 0.656}]",0D Particle population degradation model (fitting); 0D Particle population degradation model (prediction); 0D Particle population degradation model coupled with performance model (fitting); 0D Particle population degradation model coupled with performance model (prediction)
https://w3id.org/h2kg/decode/workflow/concept/catalyst-support-contact-angle-material,Catalyst support contact angle,material,Property,https://w3id.org/h2kg/hydrogen-ontology#Property,1,iet-ink-to-composition-model,reviewed_decode,reviewed_decode_anchor,https://w3id.org/h2kg/decode/workflow/anchor/catalyst-support-contact-angle-material,"A measurable, calculated, or derived scientific characteristic denoted ""Catalyst support contact angle"" in DECODE hydrogen-electrochemistry workflows.",,"Reviewed DECODE semantic role, source label, source workflow context, and direct-neighbor context. This is a draft for expert review, not an authoritative ontology definition.","Decide: strict H2KG alias, existing H2KG mapping, new reusable H2KG term, or retain reviewed DECODE anchor.",needs_human_review,,,,"[{""iri"": ""https://w3id.org/h2kg/hydrogen-ontology#NickelOnCarbonCatalyst"", ""label"": ""Nickel On Carbon Catalyst"", ""score"": 0.73}, {""iri"": ""https://w3id.org/h2kg/hydrogen-ontology#ElectrocatalystSupportStabilityPercent"", ""label"": ""Electrocatalyst Support Stability Percent"", ""score"": 0.698}, {""iri"": ""https://w3id.org/h2kg/hydrogen-ontology#CoAAPyrCatalyst"", ""label"": ""Co AA Pyr Catalyst"", ""score"": 0.667}]",IET ink to composition model
https://w3id.org/h2kg/decode/workflow/concept/catalyst-support-density-material,Catalyst support density,material,Property,https://w3id.org/h2kg/hydrogen-ontology#Property,4,0d-particle-population-degradation-model-coupled-with-performance-model-prediction; 0d-particle-population-degradation-model-coupled-with-performance-model-prediction-without-fitting-methods; image-fib-tomography-dataparameter-extraction-3d; image-parameter-extraction-2d,reviewed_decode,reviewed_decode_anchor,https://w3id.org/h2kg/decode/workflow/anchor/catalyst-support-density-material,"A measurable, calculated, or derived scientific characteristic denoted ""Catalyst support density"" in DECODE hydrogen-electrochemistry workflows.",,"Reviewed DECODE semantic role, source label, source workflow context, and direct-neighbor context. This is a draft for expert review, not an authoritative ontology definition.","Decide: strict H2KG alias, existing H2KG mapping, new reusable H2KG term, or retain reviewed DECODE anchor.",needs_human_review,,,,"[{""iri"": ""https://w3id.org/h2kg/hydrogen-ontology#ElectrocatalystSupportStabilityPercent"", ""label"": ""Electrocatalyst Support Stability Percent"", ""score"": 0.737}, {""iri"": ""https://w3id.org/h2kg/hydrogen-ontology#CatalystPowder"", ""label"": ""Catalyst Powder"", ""score"": 0.696}, {""iri"": ""https://w3id.org/h2kg/hydrogen-ontology#NiPBCatalyst"", ""label"": ""Ni PB Catalyst"", ""score"": 0.684}]",0D Particle population degradation model coupled with performance model (prediction); Image FIB tomography dataparameter extraction 3D; Image parameter extraction 2D
https://w3id.org/h2kg/decode/workflow/concept/catalyst-support-particle-diameter-material,Catalyst support particle diameter,material,Matter,https://w3id.org/h2kg/hydrogen-ontology#Matter,2,image-tem-data-parameter-extraction-3d; sem-and-fib-powder,reviewed_decode,reviewed_decode_anchor,https://w3id.org/h2kg/decode/workflow/anchor/catalyst-support-particle-diameter-material,"A material, component, chemical species, phase, specimen, or assembly denoted ""Catalyst support particle diameter"" in DECODE hydrogen-electrochemistry workflows.",,"Reviewed DECODE semantic role, source label, source workflow context, and direct-neighbor context. This is a draft for expert review, not an authoritative ontology definition.","Decide: strict H2KG alias, existing H2KG mapping, new reusable H2KG term, or retain reviewed DECODE anchor.",needs_human_review,,,,"[{""iri"": ""https://w3id.org/h2kg/hydrogen-ontology#CatalystParticleDiameter"", ""label"": ""Catalyst Particle Diameter"", ""score"": 0.867}, {""iri"": ""https://w3id.org/h2kg/hydrogen-ontology#PtParticleSize"", ""label"": ""Pt Particle Size"", ""score"": 0.741}, {""iri"": ""https://w3id.org/h2kg/hydrogen-ontology#CarbonPrimaryParticleDiameter"", ""label"": ""Carbon Primary Particle Diameter"", ""score"": 0.697}]",Image TEM data parameter extraction 3D; SEM and FIB (powder)
https://w3id.org/h2kg/decode/workflow/concept/catalyst-surface-tension-component,Catalyst surface tension,component,Property,https://w3id.org/h2kg/hydrogen-ontology#Property,5,0d-particle-population-degradation-model-coupled-with-performance-model-fitting; 0d-particle-population-degradation-model-coupled-with-performance-model-prediction; 0d-particle-population-degradation-model-coupled-with-performance-model-prediction-without-fitting-methods; 0d-particle-population-degradation-model-fitting; 0d-particle-population-degradation-model-prediction,reviewed_decode,reviewed_decode_anchor,https://w3id.org/h2kg/decode/workflow/anchor/catalyst-surface-tension-component,"A measurable, calculated, or derived scientific characteristic denoted ""Catalyst surface tension"" in DECODE hydrogen-electrochemistry workflows.",,"Reviewed DECODE semantic role, source label, source workflow context, and direct-neighbor context. This is a draft for expert review, not an authoritative ontology definition.","Decide: strict H2KG alias, existing H2KG mapping, new reusable H2KG term, or retain reviewed DECODE anchor.",needs_human_review,,,,"[{""iri"": ""https://w3id.org/h2kg/hydrogen-ontology#SurfaceTension"", ""label"": ""Surface Tension"", ""score"": 0.769}, {""iri"": ""https://w3id.org/h2kg/hydrogen-ontology#SolventPropertyMeasurement"", ""label"": ""Solvent Property Measurement"", ""score"": 0.745}, {""iri"": ""https://w3id.org/h2kg/hydrogen-ontology#CatalystInk"", ""label"": ""Catalyst Ink"", ""score"": 0.732}]",0D Particle population degradation model (fitting); 0D Particle population degradation model (prediction); 0D Particle population degradation model coupled with performance model (fitting); 0D Particle population degradation model coupled with performance model (prediction)
https://w3id.org/h2kg/decode/workflow/concept/catalyst-support-ratio-component,Catalyst-support ratio,component,Parameter,https://w3id.org/h2kg/hydrogen-ontology#Parameter,7,0d-particle-population-degradation-model-coupled-with-performance-model-prediction; 0d-particle-population-degradation-model-coupled-with-performance-model-prediction-without-fitting-methods; iet-composition-to-property-model; iet-ink-to-composition-model; image-fib-tomography-dataparameter-extraction-3d; image-parameter-extraction-2d; image-tem-data-parameter-extraction-3d,reviewed_decode,reviewed_decode_anchor,https://w3id.org/h2kg/decode/workflow/anchor/catalyst-support-ratio-component,"A specified, controlled, reported, or model-input condition or quantity denoted ""Catalyst-support ratio"" in DECODE hydrogen-electrochemistry workflows.",,"Reviewed DECODE semantic role, source label, source workflow context, and direct-neighbor context. This is a draft for expert review, not an authoritative ontology definition.","Decide: strict H2KG alias, existing H2KG mapping, new reusable H2KG term, or retain reviewed DECODE anchor.",needs_human_review,,,,"[{""iri"": ""https://w3id.org/h2kg/hydrogen-ontology#CatalystPlatinumMassFraction"", ""label"": ""Catalyst Platinum Mass Fraction"", ""score"": 0.756}, {""iri"": ""https://w3id.org/h2kg/hydrogen-ontology#PDMSBaseToCatalystWeightRatio"", ""label"": ""PDMS Base To Catalyst Weight Ratio"", ""score"": 0.727}, {""iri"": ""https://w3id.org/h2kg/hydrogen-ontology#PtAlloyCatalyst"", ""label"": ""Pt Alloy Catalyst"", ""score"": 0.722}]",0D Particle population degradation model coupled with performance model (prediction); IET composition to property model; IET ink to composition model; Image FIB tomography dataparameter extraction 3D; Image TEM data parameter extraction 3D; Image parameter extraction 2D
https://w3id.org/h2kg/decode/workflow/concept/catalysts-for-molecular-probe-synthesis-material,Catalysts for molecular probe synthesis,material,Matter,https://w3id.org/h2kg/hydrogen-ontology#Matter,1,development-of-ratiometric-fluorescent-probes-for-local-ph-assessement-in-alkaline-media,reviewed_decode,reviewed_decode_anchor,https://w3id.org/h2kg/decode/workflow/anchor/catalysts-for-molecular-probe-synthesis-material,"A material, component, chemical species, phase, specimen, or assembly denoted ""Catalysts for molecular probe synthesis"" in DECODE hydrogen-electrochemistry workflows.",,"Reviewed DECODE semantic role, source label, source workflow context, and direct-neighbor context. This is a draft for expert review, not an authoritative ontology definition.","Decide: strict H2KG alias, existing H2KG mapping, new reusable H2KG term, or retain reviewed DECODE anchor.",needs_human_review,,,,"[{""iri"": ""https://w3id.org/h2kg/hydrogen-ontology#ColloidalSynthesisProcess"", ""label"": ""Colloidal Synthesis Process"", ""score"": 0.606}, {""iri"": ""https://w3id.org/h2kg/hydrogen-ontology#FluorineWeightPercentInCatalystLayer"", ""label"": ""Fluorine Weight Percent In Catalyst Layer"", ""score"": 0.6}, {""iri"": ""https://w3id.org/h2kg/hydrogen-ontology#CatalystLayerThicknessMeasurement"", ""label"": ""Catalyst Layer Thickness Measurement"", ""score"": 0.587}]",Development of ratiometric fluorescent probes for local pH assessement in alkaline media
https://w3id.org/h2kg/decode/workflow/concept/cathode-eis-device,Cathode EIS,device,Data,https://w3id.org/h2kg/hydrogen-ontology#Data,2,iet-1d-mea-with-water-transport-eis-model; iet-1d-mea-with-water-transport-in-ccl-eis-model,reviewed_decode,reviewed_decode_anchor,https://w3id.org/h2kg/decode/workflow/anchor/cathode-eis-device,"A recorded, calculated, image-based, or otherwise structured data artifact denoted ""Cathode EIS"" in DECODE hydrogen-electrochemistry workflows.",,"Reviewed DECODE semantic role, source label, source workflow context, and direct-neighbor context. This is a draft for expert review, not an authoritative ontology definition.","Decide: strict H2KG alias, existing H2KG mapping, new reusable H2KG term, or retain reviewed DECODE anchor.",needs_human_review,,,,"[{""iri"": ""https://w3id.org/h2kg/hydrogen-ontology#CathodeGDE"", ""label"": ""Cathode GDE"", ""score"": 0.818}, {""iri"": ""https://w3id.org/h2kg/hydrogen-ontology#CathodeStoichiometricRatio"", ""label"": ""Cathode Stoichiometric Ratio"", ""score"": 0.778}, {""iri"": ""https://w3id.org/h2kg/hydrogen-ontology#CathodeResistance"", ""label"": ""Cathode Resistance"", ""score"": 0.759}]",IET 1D MEA with water transport EIS model; IET 1D MEA with water transport in CCL EIS model
https://w3id.org/h2kg/decode/workflow/concept/ccl-3d-tem-voxel-data-raw-meso,CCL 3D TEM voxel data raw,meso,Data,https://w3id.org/h2kg/hydrogen-ontology#Data,3,electron-tomography-for-pt-c-and-ionomer-distribution-in-cl; high-resolution-electron-tomography-for-accessing-pt-and-ionomer-distribution-on-carbon-aggregate; image-classification-on-tem-data,reviewed_decode,reviewed_decode_anchor,https://w3id.org/h2kg/decode/workflow/anchor/ccl-3d-tem-voxel-data-raw-meso,"A recorded, calculated, image-based, or otherwise structured data artifact denoted ""CCL 3D TEM voxel data raw"" in DECODE hydrogen-electrochemistry workflows.",,"Reviewed DECODE semantic role, source label, source workflow context, and direct-neighbor context. This is a draft for expert review, not an authoritative ontology definition.","Decide: strict H2KG alias, existing H2KG mapping, new reusable H2KG term, or retain reviewed DECODE anchor.",needs_human_review,,,,[],"Electron tomography for Pt, C and ionomer distribution in CL; High resolution electron tomography for accessing Pt and ionomer distribution on carbon aggregate; Image classification on TEM data"
https://w3id.org/h2kg/decode/workflow/concept/ccl-3d-voxel-data-classified-meso,CCL 3D voxel data classified,meso,Data,https://w3id.org/h2kg/hydrogen-ontology#Data,12,ai-based-generation-of-structural-digital-twins-of-multi-scale-tomographies; fib-sem-on-cl-material; image-classification-of-fib-tomography-data; image-classification-on-nm-scale; image-fib-tomography-dataparameter-extraction-3d; inpt-cl-process-model; ionomer-reconstruction-in-ccl-3d-images; voxel-based-3d-effective-diffusivity-simulation; voxel-based-3d-electric-conductiviy-simulation; voxel-based-3d-permability-simulation; voxel-based-3d-thermal-conductivity-simulation; water-retention-curve-simulation,reviewed_decode,reviewed_decode_anchor,https://w3id.org/h2kg/decode/workflow/anchor/ccl-3d-voxel-data-classified,"A recorded, calculated, image-based, or otherwise structured data artifact denoted ""CCL 3D voxel data classified"" in DECODE hydrogen-electrochemistry workflows.",,"Reviewed DECODE semantic role, source label, source workflow context, and direct-neighbor context. This is a draft for expert review, not an authoritative ontology definition.","Decide: strict H2KG alias, existing H2KG mapping, new reusable H2KG term, or retain reviewed DECODE anchor.",needs_human_review,,,,[],AI-based generation of structural digital twins of multi-scale tomographies; FIB-SEM on CL material; INPT CL process model; Image FIB tomography dataparameter extraction 3D; Image classification of FIB tomography data; Image classification on nm scale; Ionomer reconstruction in CCL 3D images; Voxel based 3D Effective Diffusivity simulation; Voxel based 3D Electric conductiviy simulation; Voxel based 3D Permability simulation; Voxel based 3D Thermal conductivity simulation; Water retention curve simulation
https://w3id.org/h2kg/decode/workflow/concept/ccl-3d-voxel-data-classified-with-ionomer-and-pt-meso,CCL 3D voxel data classified with ionomer and Pt,meso,Data,https://w3id.org/h2kg/hydrogen-ontology#Data,9,determination-of-cl-saturation-by-saxs-or-sans; distribution-of-contact-angles-in-ccl-fib-sem-image-from-ionomer-reconstruction; electron-tomography-for-pt-c-and-ionomer-distribution-in-cl; high-resolution-electron-tomography-for-accessing-pt-and-ionomer-distribution-on-carbon-aggregate; image-based-ccl-effective-transport-property-computation-from-numerical-simulations; image-classification-on-tem-data; image-tem-data-parameter-extraction-3d; inpt-cl-process-model; ionomer-reconstruction-in-ccl-3d-images,reviewed_decode,reviewed_decode_anchor,https://w3id.org/h2kg/decode/workflow/anchor/ccl-3d-voxel-data-classified-with-ionomer-and-pt-meso,"A recorded, calculated, image-based, or otherwise structured data artifact denoted ""CCL 3D voxel data classified with ionomer and Pt"" in DECODE hydrogen-electrochemistry workflows.",,"Reviewed DECODE semantic role, source label, source workflow context, and direct-neighbor context. This is a draft for expert review, not an authoritative ontology definition.","Decide: strict H2KG alias, existing H2KG mapping, new reusable H2KG term, or retain reviewed DECODE anchor.",needs_human_review,,,,[],"Determination of CL saturation by SAXS/SANS; Distribution of contact angles in CCL FIB-SEM image from ionomer reconstruction; Electron tomography for Pt, C and ionomer distribution in CL; High resolution electron tomography for accessing Pt and ionomer distribution on carbon aggregate; INPT CL process model; Image TEM data parameter extraction 3D; Image based CCL effective transport property computation from numerical simulations; Image classification on TEM data; Ionomer reconstruction in CCL 3D images"
https://w3id.org/h2kg/decode/workflow/concept/ccl-3d-voxel-data-raw-meso,CCL 3D voxel data raw,meso,Data,https://w3id.org/h2kg/hydrogen-ontology#Data,4,fib-measurements-on-gdl-or-mpl-and-catalyst-materials; fib-sem-on-cl-material; image-classification-of-fib-tomography-data; image-classification-on-nm-scale,reviewed_decode,reviewed_decode_anchor,https://w3id.org/h2kg/decode/workflow/anchor/ccl-3d-voxel-data-raw-meso,"A recorded, calculated, image-based, or otherwise structured data artifact denoted ""CCL 3D voxel data raw"" in DECODE hydrogen-electrochemistry workflows.",,"Reviewed DECODE semantic role, source label, source workflow context, and direct-neighbor context. This is a draft for expert review, not an authoritative ontology definition.","Decide: strict H2KG alias, existing H2KG mapping, new reusable H2KG term, or retain reviewed DECODE anchor.",needs_human_review,,,,[],FIB measurements on GDL/MPL and catalyst materials.; FIB-SEM on CL material; Image classification of FIB tomography data; Image classification on nm scale
https://w3id.org/h2kg/decode/workflow/concept/ccl-3d-voxel-data-wet-classified-meso,CCL 3D voxel data wet classified,meso,Data,https://w3id.org/h2kg/hydrogen-ontology#Data,1,determination-of-cl-saturation-by-saxs-or-sans,reviewed_decode,reviewed_decode_anchor,https://w3id.org/h2kg/decode/workflow/anchor/ccl-3d-voxel-data-wet-classified-meso,"A recorded, calculated, image-based, or otherwise structured data artifact denoted ""CCL 3D voxel data wet classified"" in DECODE hydrogen-electrochemistry workflows.",,"Reviewed DECODE semantic role, source label, source workflow context, and direct-neighbor context. This is a draft for expert review, not an authoritative ontology definition.","Decide: strict H2KG alias, existing H2KG mapping, new reusable H2KG term, or retain reviewed DECODE anchor.",needs_human_review,,,,[],Determination of CL saturation by SAXS/SANS
https://w3id.org/h2kg/decode/workflow/concept/ccl-average-pore-radius-component,CCL average pore radius,component,Property,https://w3id.org/h2kg/hydrogen-ontology#Property,3,cea-mea-model-europium-2d; fitting-of-the-europium-model; microscopy-sem-and-optical-in-mea-cross-section,reviewed_decode,reviewed_decode_anchor,https://w3id.org/h2kg/decode/workflow/anchor/ccl-average-pore-radius-component,"A measurable, calculated, or derived scientific characteristic denoted ""CCL average pore radius"" in DECODE hydrogen-electrochemistry workflows.",,"Reviewed DECODE semantic role, source label, source workflow context, and direct-neighbor context. This is a draft for expert review, not an authoritative ontology definition.","Decide: strict H2KG alias, existing H2KG mapping, new reusable H2KG term, or retain reviewed DECODE anchor.",needs_human_review,,,,"[{""iri"": ""https://w3id.org/h2kg/hydrogen-ontology#AveragePoreDiameter"", ""label"": ""Average Pore Diameter"", ""score"": 0.7}, {""iri"": ""https://w3id.org/h2kg/hydrogen-ontology#AveragePoreSize"", ""label"": ""Average Pore Size"", ""score"": 0.7}, {""iri"": ""https://w3id.org/h2kg/hydrogen-ontology#InterAgglomeratePoreSize"", ""label"": ""Inter Agglomerate Pore Size"", ""score"": 0.7}]",CEA MEA model (Europium 2D); Fitting of the Europium model; Microscopy (SEM and optical) in MEA cross section
https://w3id.org/h2kg/decode/workflow/concept/ccl-breakthrough-pressure-component,CCL breakthrough pressure,component,Parameter,https://w3id.org/h2kg/hydrogen-ontology#Parameter,1,water-retention-curve-simulation,reviewed_decode,reviewed_decode_anchor,https://w3id.org/h2kg/decode/workflow/anchor/ccl-breakthrough-pressure-component,"A specified, controlled, reported, or model-input condition or quantity denoted ""CCL breakthrough pressure"" in DECODE hydrogen-electrochemistry workflows.",,"Reviewed DECODE semantic role, source label, source workflow context, and direct-neighbor context. This is a draft for expert review, not an authoritative ontology definition.","Decide: strict H2KG alias, existing H2KG mapping, new reusable H2KG term, or retain reviewed DECODE anchor.",needs_human_review,,,,"[{""iri"": ""https://w3id.org/h2kg/hydrogen-ontology#CellPressure"", ""label"": ""Cell Pressure"", ""score"": 0.652}, {""iri"": ""https://w3id.org/h2kg/hydrogen-ontology#AmbientPressureChemicalVaporDepositionSynthesis"", ""label"": ""Ambient Pressure Chemical Vapor Deposition Synthesis"", ""score"": 0.622}, {""iri"": ""https://w3id.org/h2kg/hydrogen-ontology#SprayAirPressure"", ""label"": ""Spray Air Pressure"", ""score"": 0.619}]",Water retention curve simulation
https://w3id.org/h2kg/decode/workflow/concept/ccl-coating-process-parameters-process,CCL coating process parameters,process,Parameter,https://w3id.org/h2kg/hydrogen-ontology#Parameter,1,inpt-cl-process-model,reviewed_decode,reviewed_decode_anchor,https://w3id.org/h2kg/decode/workflow/anchor/ccl-coating-process-parameters-process,"A specified, controlled, reported, or model-input condition or quantity denoted ""CCL coating process parameters"" in DECODE hydrogen-electrochemistry workflows.",,"Reviewed DECODE semantic role, source label, source workflow context, and direct-neighbor context. This is a draft for expert review, not an authoritative ontology definition.","Decide: strict H2KG alias, existing H2KG mapping, new reusable H2KG term, or retain reviewed DECODE anchor.",needs_human_review,,,,"[{""iri"": ""https://w3id.org/h2kg/hydrogen-ontology#SprayCoatingParameterSpecification"", ""label"": ""Spray Coating Parameter Specification"", ""score"": 0.778}, {""iri"": ""https://w3id.org/h2kg/hydrogen-ontology#DipCoatingProcess"", ""label"": ""Dip Coating Process"", ""score"": 0.694}, {""iri"": ""https://w3id.org/h2kg/hydrogen-ontology#MembraneCastingProcess"", ""label"": ""Membrane Casting Process"", ""score"": 0.667}]",INPT CL process model
https://w3id.org/h2kg/decode/workflow/concept/ccl-conductivity-component,CCL conductivity,component,Property,https://w3id.org/h2kg/hydrogen-ontology#Property,3,cea-mea-model-europium-2d; fitting-of-the-europium-model; voxel-based-3d-electric-conductiviy-simulation,reviewed_decode,reviewed_decode_anchor,https://w3id.org/h2kg/decode/workflow/anchor/ccl-conductivity-component,"A measurable, calculated, or derived scientific characteristic denoted ""CCL conductivity"" in DECODE hydrogen-electrochemistry workflows.",,"Reviewed DECODE semantic role, source label, source workflow context, and direct-neighbor context. This is a draft for expert review, not an authoritative ontology definition.","Decide: strict H2KG alias, existing H2KG mapping, new reusable H2KG term, or retain reviewed DECODE anchor.",needs_human_review,,,,"[{""iri"": ""https://w3id.org/h2kg/hydrogen-ontology#ConductivityDataset"", ""label"": ""Conductivity Dataset"", ""score"": 0.727}, {""iri"": ""https://w3id.org/h2kg/hydrogen-ontology#ElectronicConductivityLossPercent"", ""label"": ""Electronic Conductivity Loss Percent"", ""score"": 0.727}, {""iri"": ""https://w3id.org/h2kg/hydrogen-ontology#CatalystLayerConductivityExponentB"", ""label"": ""Catalyst Layer Conductivity Exponent B"", ""score"": 0.714}]",CEA MEA model (Europium 2D); Fitting of the Europium model; Voxel based 3D Electric conductiviy simulation
https://w3id.org/h2kg/decode/workflow/concept/ccl-contact-angle-distribution-image-meso,CCL contact angle distribution image,meso,Data,https://w3id.org/h2kg/hydrogen-ontology#Data,1,distribution-of-contact-angles-in-ccl-fib-sem-image-from-ionomer-reconstruction,reviewed_decode,reviewed_decode_anchor,https://w3id.org/h2kg/decode/workflow/anchor/ccl-contact-angle-distribution-image-meso,"A recorded, calculated, image-based, or otherwise structured data artifact denoted ""CCL contact angle distribution image"" in DECODE hydrogen-electrochemistry workflows.",,"Reviewed DECODE semantic role, source label, source workflow context, and direct-neighbor context. This is a draft for expert review, not an authoritative ontology definition.","Decide: strict H2KG alias, existing H2KG mapping, new reusable H2KG term, or retain reviewed DECODE anchor.",needs_human_review,,,,"[{""iri"": ""https://w3id.org/h2kg/hydrogen-ontology#AgglomerateSizeDistributionDataset"", ""label"": ""Agglomerate Size Distribution Dataset"", ""score"": 0.677}, {""iri"": ""https://w3id.org/h2kg/hydrogen-ontology#ContactAngle"", ""label"": ""Contact Angle"", ""score"": 0.667}, {""iri"": ""https://w3id.org/h2kg/hydrogen-ontology#ContactAngleGoniometer"", ""label"": ""Contact Angle Goniometer"", ""score"": 0.633}]",Distribution of contact angles in CCL FIB-SEM image from ionomer reconstruction
https://w3id.org/h2kg/decode/workflow/concept/ccl-contact-angle-distribution-statistics-component,CCL contact angle distribution statistics,component,Data,https://w3id.org/h2kg/hydrogen-ontology#Data,1,distribution-of-contact-angles-in-ccl-fib-sem-image-from-ionomer-reconstruction,reviewed_decode,reviewed_decode_anchor,https://w3id.org/h2kg/decode/workflow/anchor/ccl-contact-angle-distribution-statistics-component,"A recorded, calculated, image-based, or otherwise structured data artifact denoted ""CCL contact angle distribution statistics"" in DECODE hydrogen-electrochemistry workflows.",,"Reviewed DECODE semantic role, source label, source workflow context, and direct-neighbor context. This is a draft for expert review, not an authoritative ontology definition.","Decide: strict H2KG alias, existing H2KG mapping, new reusable H2KG term, or retain reviewed DECODE anchor.",needs_human_review,,,,"[{""iri"": ""https://w3id.org/h2kg/hydrogen-ontology#AgglomerateSizeDistributionDataset"", ""label"": ""Agglomerate Size Distribution Dataset"", ""score"": 0.629}, {""iri"": ""https://w3id.org/h2kg/hydrogen-ontology#ContactAngle"", ""label"": ""Contact Angle"", ""score"": 0.613}, {""iri"": ""https://w3id.org/h2kg/hydrogen-ontology#ContactAngleMeasurement"", ""label"": ""Contact Angle Measurement"", ""score"": 0.576}]",Distribution of contact angles in CCL FIB-SEM image from ionomer reconstruction
https://w3id.org/h2kg/decode/workflow/concept/ccl-cross-section-component,CCL cross section,component,Matter,https://w3id.org/h2kg/hydrogen-ontology#Matter,2,microscopy-sem-and-optical-in-mea-cross-section; sem-and-edx,reviewed_decode,reviewed_decode_anchor,https://w3id.org/h2kg/decode/workflow/anchor/ccl-cross-section-component,"A material, component, chemical species, phase, specimen, or assembly denoted ""CCL cross section"" in DECODE hydrogen-electrochemistry workflows.",,"Reviewed DECODE semantic role, source label, source workflow context, and direct-neighbor context. This is a draft for expert review, not an authoritative ontology definition.","Decide: strict H2KG alias, existing H2KG mapping, new reusable H2KG term, or retain reviewed DECODE anchor.",needs_human_review,,,,"[{""iri"": ""https://w3id.org/h2kg/hydrogen-ontology#CoReductionProcess"", ""label"": ""Co Reduction Process"", ""score"": 0.703}, {""iri"": ""https://w3id.org/h2kg/hydrogen-ontology#CatalystLayerCompositionSpecification"", ""label"": ""Catalyst Layer Composition Specification"", ""score"": 0.622}, {""iri"": ""https://w3id.org/h2kg/hydrogen-ontology#ProjectionNumber"", ""label"": ""Projection Number"", ""score"": 0.606}]",Microscopy (SEM and optical) in MEA cross section; SEM and EDX
https://w3id.org/h2kg/decode/workflow/concept/ccl-cross-section-2d-pixel-data-containing-surface-information-of-element-distributions-meso,CCL cross section 2D pixel data containing surface information of element distributions,meso,Data,https://w3id.org/h2kg/hydrogen-ontology#Data,2,image-parameter-extraction-2d; sem-and-edx,reviewed_decode,reviewed_decode_anchor,https://w3id.org/h2kg/decode/workflow/anchor/ccl-cross-section-2d-pixel-data-containing-surface-information-of-element-distributions-meso,"A recorded, calculated, image-based, or otherwise structured data artifact denoted ""CCL cross section 2D pixel data containing surface information of element distributions"" in DECODE hydrogen-electrochemistry workflows.",,"Reviewed DECODE semantic role, source label, source workflow context, and direct-neighbor context. This is a draft for expert review, not an authoritative ontology definition.","Decide: strict H2KG alias, existing H2KG mapping, new reusable H2KG term, or retain reviewed DECODE anchor.",needs_human_review,,,,[],Image parameter extraction 2D; SEM and EDX
https://w3id.org/h2kg/decode/workflow/concept/ccl-current-density-distribution-macrohomogeneous-local,CCL current density distribution,macrohomogeneous local,Property,https://w3id.org/h2kg/hydrogen-ontology#Property,1,cea-mea-model-europium-2d,reviewed_decode,reviewed_decode_anchor,https://w3id.org/h2kg/decode/workflow/anchor/ccl-current-density-distribution-macrohomogeneous-local,"A measurable, calculated, or derived scientific characteristic denoted ""CCL current density distribution"" in DECODE hydrogen-electrochemistry workflows.",,"Reviewed DECODE semantic role, source label, source workflow context, and direct-neighbor context. This is a draft for expert review, not an authoritative ontology definition.","Decide: strict H2KG alias, existing H2KG mapping, new reusable H2KG term, or retain reviewed DECODE anchor.",needs_human_review,,,,"[{""iri"": ""https://w3id.org/h2kg/hydrogen-ontology#LimitingCurrentDensity"", ""label"": ""Limiting Current Density"", ""score"": 0.75}, {""iri"": ""https://w3id.org/h2kg/hydrogen-ontology#MaximumCurrentDensity"", ""label"": ""Maximum Current Density"", ""score"": 0.721}, {""iri"": ""https://w3id.org/h2kg/hydrogen-ontology#ShortCircuitCurrentDensity"", ""label"": ""Short Circuit Current Density"", ""score"": 0.721}]",CEA MEA model (Europium 2D)
https://w3id.org/h2kg/decode/workflow/concept/ccl-effective-catalyst-utilization-component,CCL effective catalyst utilization,component,Property,https://w3id.org/h2kg/hydrogen-ontology#Property,1,iet-1d-performance-model-for-mea-prediction,reviewed_decode,reviewed_decode_anchor,https://w3id.org/h2kg/decode/workflow/anchor/ccl-effective-catalyst-utilization-component,"A measurable, calculated, or derived scientific characteristic denoted ""CCL effective catalyst utilization"" in DECODE hydrogen-electrochemistry workflows.",,"Reviewed DECODE semantic role, source label, source workflow context, and direct-neighbor context. This is a draft for expert review, not an authoritative ontology definition.","Decide: strict H2KG alias, existing H2KG mapping, new reusable H2KG term, or retain reviewed DECODE anchor.",needs_human_review,,,,"[{""iri"": ""https://w3id.org/h2kg/hydrogen-ontology#PtUtilization"", ""label"": ""Pt Utilization"", ""score"": 0.741}, {""iri"": ""https://w3id.org/h2kg/hydrogen-ontology#PtUtilizationRelativeIncrease"", ""label"": ""Pt Utilization Relative Increase"", ""score"": 0.667}, {""iri"": ""https://w3id.org/h2kg/hydrogen-ontology#CatalystLayerMicrostructureSimulation"", ""label"": ""Catalyst Layer Microstructure Simulation"", ""score"": 0.644}]",IET 1D Performance model for MEA (prediction)
https://w3id.org/h2kg/decode/workflow/concept/ccl-effective-double-layer-capacitance-component,CCL effective double-layer capacitance,component,Property,https://w3id.org/h2kg/hydrogen-ontology#Property,5,cea-mea-model-europium-2d; differential-cell-testing; fitting-of-the-europium-model; iet-1d-mea-with-water-transport-eis-model; iet-1d-mea-with-water-transport-in-ccl-eis-model,reviewed_decode,reviewed_decode_anchor,https://w3id.org/h2kg/decode/workflow/anchor/ccl-effective-double-layer-capacitance-component,"A measurable, calculated, or derived scientific characteristic denoted ""CCL effective double-layer capacitance"" in DECODE hydrogen-electrochemistry workflows.",,"Reviewed DECODE semantic role, source label, source workflow context, and direct-neighbor context. This is a draft for expert review, not an authoritative ontology definition.","Decide: strict H2KG alias, existing H2KG mapping, new reusable H2KG term, or retain reviewed DECODE anchor.",needs_human_review,,,,"[{""iri"": ""https://w3id.org/h2kg/hydrogen-ontology#DoubleLayerCapacitance"", ""label"": ""Double Layer Capacitance"", ""score"": 0.774}, {""iri"": ""https://w3id.org/h2kg/hydrogen-ontology#ECSAByDoubleLayerCapacitance"", ""label"": ""ECSA by Double-Layer Capacitance"", ""score"": 0.771}, {""iri"": ""https://w3id.org/h2kg/hydrogen-ontology#DoubleLayerCapacitanceRatio"", ""label"": ""Double Layer Capacitance Ratio"", ""score"": 0.706}]","CEA MEA model (Europium 2D); Differential Cell Testing; Fitting of the Europium model; IET 1D MEA with water transport EIS model; IET 1D MEA with water transport in CCL EIS model; Single cell test bench: polarization, EIS"
https://w3id.org/h2kg/decode/workflow/concept/ccl-effective-gas-transport-equation-and-coefficients-in-presence-of-electrochemistry-component,CCL effective gas transport equation and coefficients in presence of electrochemistry,component,Property,https://w3id.org/h2kg/hydrogen-ontology#Property,1,cea-mea-model-europium-2d,reviewed_decode,reviewed_decode_anchor,https://w3id.org/h2kg/decode/workflow/anchor/ccl-effective-gas-transport-equation-and-coefficients-in-presence-of-electrochemistry-component,"A measurable, calculated, or derived scientific characteristic denoted ""CCL effective gas transport equation and coefficients in presence of electrochemistry"" in DECODE hydrogen-electrochemistry workflows.",,"Reviewed DECODE semantic role, source label, source workflow context, and direct-neighbor context. This is a draft for expert review, not an authoritative ontology definition.","Decide: strict H2KG alias, existing H2KG mapping, new reusable H2KG term, or retain reviewed DECODE anchor.",needs_human_review,,,,[],CEA MEA model (Europium 2D)
https://w3id.org/h2kg/decode/workflow/concept/ccl-effective-ionomer-coverage-component,CCL effective ionomer coverage,component,Property,https://w3id.org/h2kg/hydrogen-ontology#Property,1,iet-ink-to-composition-model,reviewed_decode,reviewed_decode_anchor,https://w3id.org/h2kg/decode/workflow/anchor/ccl-effective-ionomer-coverage-component,"A measurable, calculated, or derived scientific characteristic denoted ""CCL effective ionomer coverage"" in DECODE hydrogen-electrochemistry workflows.",,"Reviewed DECODE semantic role, source label, source workflow context, and direct-neighbor context. This is a draft for expert review, not an authoritative ontology definition.","Decide: strict H2KG alias, existing H2KG mapping, new reusable H2KG term, or retain reviewed DECODE anchor.",needs_human_review,,,,"[{""iri"": ""https://w3id.org/h2kg/hydrogen-ontology#IonomerPatchSurfaceCoverage"", ""label"": ""Ionomer Patch Surface Coverage"", ""score"": 0.737}, {""iri"": ""https://w3id.org/h2kg/hydrogen-ontology#IonomerCoverageIntercept"", ""label"": ""Ionomer Coverage Intercept"", ""score"": 0.714}, {""iri"": ""https://w3id.org/h2kg/hydrogen-ontology#IonomerCoverageOnCarbon"", ""label"": ""Ionomer Coverage On Carbon"", ""score"": 0.706}]",IET ink to composition model
https://w3id.org/h2kg/decode/workflow/concept/ccl-effective-mass-activity-component,CCL effective mass activity,component,Parameter,https://w3id.org/h2kg/hydrogen-ontology#Parameter,1,iet-1d-performance-model-for-mea-prediction,reviewed_decode,reviewed_decode_anchor,https://w3id.org/h2kg/decode/workflow/anchor/ccl-effective-mass-activity-component,"A specified, controlled, reported, or model-input condition or quantity denoted ""CCL effective mass activity"" in DECODE hydrogen-electrochemistry workflows.",,"Reviewed DECODE semantic role, source label, source workflow context, and direct-neighbor context. This is a draft for expert review, not an authoritative ontology definition.","Decide: strict H2KG alias, existing H2KG mapping, new reusable H2KG term, or retain reviewed DECODE anchor.",needs_human_review,,,,"[{""iri"": ""https://w3id.org/h2kg/hydrogen-ontology#MassActivityLossPercent"", ""label"": ""Mass Activity Loss Percent"", ""score"": 0.667}, {""iri"": ""https://w3id.org/h2kg/hydrogen-ontology#EffectiveIonicConductivity"", ""label"": ""Effective Ionic Conductivity"", ""score"": 0.655}, {""iri"": ""https://w3id.org/h2kg/hydrogen-ontology#MassActivity"", ""label"": ""Mass Activity"", ""score"": 0.65}]",IET 1D Performance model for MEA (prediction)
https://w3id.org/h2kg/decode/workflow/concept/ccl-effective-o2-diffusivity-component,CCL effective O2 diffusivity,component,Property,https://w3id.org/h2kg/hydrogen-ontology#Property,6,diffusivities-from-tortuosities; iet-1d-mea-with-water-transport-eis-model; iet-1d-mea-with-water-transport-in-ccl-eis-model; iet-1d-performance-model-for-mea-fitting; iet-1d-performance-model-for-mea-prediction; iet-composition-to-property-model,reviewed_decode,reviewed_decode_anchor,https://w3id.org/h2kg/decode/workflow/anchor/ccl-effective-o2-diffusivity-component,"A measurable, calculated, or derived scientific characteristic denoted ""CCL effective O2 diffusivity"" in DECODE hydrogen-electrochemistry workflows.",,"Reviewed DECODE semantic role, source label, source workflow context, and direct-neighbor context. This is a draft for expert review, not an authoritative ontology definition.","Decide: strict H2KG alias, existing H2KG mapping, new reusable H2KG term, or retain reviewed DECODE anchor.",needs_human_review,,,,"[{""iri"": ""https://w3id.org/h2kg/hydrogen-ontology#EffectiveIonicConductivity"", ""label"": ""Effective Ionic Conductivity"", ""score"": 0.714}, {""iri"": ""https://w3id.org/h2kg/hydrogen-ontology#CarbonAggregateEffectiveDensity"", ""label"": ""Carbon Aggregate Effective Density"", ""score"": 0.667}, {""iri"": ""https://w3id.org/h2kg/hydrogen-ontology#EffectiveOxygenDiffusionCoefficient"", ""label"": ""Effective Oxygen Diffusion Coefficient"", ""score"": 0.667}]",Diffusivities from tortuosities; IET 1D MEA with water transport EIS model; IET 1D MEA with water transport in CCL EIS model; IET 1D Performance model for MEA (fitting); IET 1D Performance model for MEA (prediction); IET composition to property model
https://w3id.org/h2kg/decode/workflow/concept/ccl-effective-o2-diffusivity-aged-component,CCL effective O2 diffusivity (aged),component,Property,https://w3id.org/h2kg/hydrogen-ontology#Property,2,0d-particle-population-degradation-model-coupled-with-performance-model-prediction; 0d-particle-population-degradation-model-coupled-with-performance-model-prediction-without-fitting-methods,reviewed_decode,reviewed_decode_anchor,https://w3id.org/h2kg/decode/workflow/anchor/ccl-effective-o2-diffusivity-aged-component,"A measurable, calculated, or derived scientific characteristic denoted ""CCL effective O2 diffusivity (aged)"" in DECODE hydrogen-electrochemistry workflows.",,"Reviewed DECODE semantic role, source label, source workflow context, and direct-neighbor context. This is a draft for expert review, not an authoritative ontology definition.","Decide: strict H2KG alias, existing H2KG mapping, new reusable H2KG term, or retain reviewed DECODE anchor.",needs_human_review,,,,"[{""iri"": ""https://w3id.org/h2kg/hydrogen-ontology#EffectiveIonicConductivity"", ""label"": ""Effective Ionic Conductivity"", ""score"": 0.656}, {""iri"": ""https://w3id.org/h2kg/hydrogen-ontology#CarbonAggregateEffectiveDensity"", ""label"": ""Carbon Aggregate Effective Density"", ""score"": 0.627}, {""iri"": ""https://w3id.org/h2kg/hydrogen-ontology#EffectiveOxygenDiffusionCoefficient"", ""label"": ""Effective Oxygen Diffusion Coefficient"", ""score"": 0.62}]",0D Particle population degradation model coupled with performance model (prediction)
https://w3id.org/h2kg/decode/workflow/concept/ccl-effective-proton-conductivity-component,CCL effective proton conductivity,component,Property,https://w3id.org/h2kg/hydrogen-ontology#Property,10,cea-mea-model-europium-2d; differential-cell-testing; fitting-of-the-europium-model; iet-1d-mea-with-water-transport-eis-model; iet-1d-mea-with-water-transport-in-ccl-eis-model; iet-1d-performance-model-for-mea-fitting; iet-1d-performance-model-for-mea-prediction; iet-composition-to-property-model; iet-ink-to-composition-model; image-based-ccl-effective-transport-property-computation-from-numerical-simulations,reviewed_decode,reviewed_decode_anchor,https://w3id.org/h2kg/decode/workflow/anchor/ccl-effective-proton-conductivity-component,"A measurable, calculated, or derived scientific characteristic denoted ""CCL effective proton conductivity"" in DECODE hydrogen-electrochemistry workflows.",,"Reviewed DECODE semantic role, source label, source workflow context, and direct-neighbor context. This is a draft for expert review, not an authoritative ontology definition.","Decide: strict H2KG alias, existing H2KG mapping, new reusable H2KG term, or retain reviewed DECODE anchor.",needs_human_review,,,,"[{""iri"": ""https://w3id.org/h2kg/hydrogen-ontology#EffectiveIonicConductivity"", ""label"": ""Effective Ionic Conductivity"", ""score"": 0.935}, {""iri"": ""https://w3id.org/h2kg/hydrogen-ontology#ProtonConductivityMeasurement"", ""label"": ""Proton Conductivity Measurement"", ""score"": 0.731}, {""iri"": ""https://w3id.org/h2kg/hydrogen-ontology#SolutionConductivity"", ""label"": ""Solution Conductivity"", ""score"": 0.702}]","CEA MEA model (Europium 2D); Differential Cell Testing; Fitting of the Europium model; IET 1D MEA with water transport EIS model; IET 1D MEA with water transport in CCL EIS model; IET 1D Performance model for MEA (fitting); IET 1D Performance model for MEA (prediction); IET composition to property model; IET ink to composition model; Image based CCL effective transport property computation from numerical simulations; Single cell test bench: polarization, EIS"
https://w3id.org/h2kg/decode/workflow/concept/ccl-effective-proton-conductivity-aged-component,CCL effective proton conductivity (aged),component,Property,https://w3id.org/h2kg/hydrogen-ontology#Property,2,0d-particle-population-degradation-model-coupled-with-performance-model-prediction; 0d-particle-population-degradation-model-coupled-with-performance-model-prediction-without-fitting-methods,reviewed_decode,reviewed_decode_anchor,https://w3id.org/h2kg/decode/workflow/anchor/ccl-effective-proton-conductivity-aged-component,"A measurable, calculated, or derived scientific characteristic denoted ""CCL effective proton conductivity (aged)"" in DECODE hydrogen-electrochemistry workflows.",,"Reviewed DECODE semantic role, source label, source workflow context, and direct-neighbor context. This is a draft for expert review, not an authoritative ontology definition.","Decide: strict H2KG alias, existing H2KG mapping, new reusable H2KG term, or retain reviewed DECODE anchor.",needs_human_review,,,,"[{""iri"": ""https://w3id.org/h2kg/hydrogen-ontology#EffectiveIonicConductivity"", ""label"": ""Effective Ionic Conductivity"", ""score"": 0.866}, {""iri"": ""https://w3id.org/h2kg/hydrogen-ontology#ProtonConductivityMeasurement"", ""label"": ""Proton Conductivity Measurement"", ""score"": 0.667}, {""iri"": ""https://w3id.org/h2kg/hydrogen-ontology#CatalystLayerConductivityExponentB"", ""label"": ""Catalyst Layer Conductivity Exponent B"", ""score"": 0.656}]",0D Particle population degradation model coupled with performance model (prediction)
https://w3id.org/h2kg/decode/workflow/concept/ccl-effective-vapor-diffusivity-component,CCL effective vapor diffusivity,component,Property,https://w3id.org/h2kg/hydrogen-ontology#Property,4,diffusivities-from-tortuosities; iet-1d-mea-with-water-transport-eis-model; iet-1d-mea-with-water-transport-in-ccl-eis-model; iet-composition-to-property-model,reviewed_decode,reviewed_decode_anchor,https://w3id.org/h2kg/decode/workflow/anchor/ccl-effective-vapor-diffusivity-component,"A measurable, calculated, or derived scientific characteristic denoted ""CCL effective vapor diffusivity"" in DECODE hydrogen-electrochemistry workflows.",,"Reviewed DECODE semantic role, source label, source workflow context, and direct-neighbor context. This is a draft for expert review, not an authoritative ontology definition.","Decide: strict H2KG alias, existing H2KG mapping, new reusable H2KG term, or retain reviewed DECODE anchor.",needs_human_review,,,,"[{""iri"": ""https://w3id.org/h2kg/hydrogen-ontology#EffectiveIonicConductivity"", ""label"": ""Effective Ionic Conductivity"", ""score"": 0.7}, {""iri"": ""https://w3id.org/h2kg/hydrogen-ontology#InPlaneEffectiveDiffusivityMeasurement"", ""label"": ""In Plane Effective Diffusivity Measurement"", ""score"": 0.658}, {""iri"": ""https://w3id.org/h2kg/hydrogen-ontology#EffectiveOxygenDiffusionCoefficient"", ""label"": ""Effective Oxygen Diffusion Coefficient"", ""score"": 0.638}]",Diffusivities from tortuosities; IET 1D MEA with water transport EIS model; IET 1D MEA with water transport in CCL EIS model; IET composition to property model
https://w3id.org/h2kg/decode/workflow/concept/ccl-effective-water-permeability-component,CCL effective water permeability,component,Property,https://w3id.org/h2kg/hydrogen-ontology#Property,5,cea-mea-model-europium-2d; fitting-of-the-europium-model; iet-1d-mea-with-water-transport-eis-model; iet-1d-mea-with-water-transport-in-ccl-eis-model; iet-composition-to-property-model,reviewed_decode,reviewed_decode_anchor,https://w3id.org/h2kg/decode/workflow/anchor/ccl-effective-water-permeability-component,"A measurable, calculated, or derived scientific characteristic denoted ""CCL effective water permeability"" in DECODE hydrogen-electrochemistry workflows.",,"Reviewed DECODE semantic role, source label, source workflow context, and direct-neighbor context. This is a draft for expert review, not an authoritative ontology definition.","Decide: strict H2KG alias, existing H2KG mapping, new reusable H2KG term, or retain reviewed DECODE anchor.",needs_human_review,,,,"[{""iri"": ""https://w3id.org/h2kg/hydrogen-ontology#IonomerThinFilmPermeability"", ""label"": ""Ionomer Thin Film Permeability"", ""score"": 0.613}, {""iri"": ""https://w3id.org/h2kg/hydrogen-ontology#RelativeOxygenPermeability"", ""label"": ""Relative Oxygen Permeability"", ""score"": 0.6}, {""iri"": ""https://w3id.org/h2kg/hydrogen-ontology#OxygenPermeabilityFactorVsNafion"", ""label"": ""Oxygen Permeability Factor Vs Nafion"", ""score"": 0.593}]",CEA MEA model (Europium 2D); Fitting of the Europium model; IET 1D MEA with water transport EIS model; IET 1D MEA with water transport in CCL EIS model; IET composition to property model
https://w3id.org/h2kg/decode/workflow/concept/ccl-fraction-of-hydrophobic-pores-component,CCL fraction of hydrophobic pores,component,Parameter,https://w3id.org/h2kg/hydrogen-ontology#Parameter,1,iet-ink-to-composition-model,reviewed_decode,reviewed_decode_anchor,https://w3id.org/h2kg/decode/workflow/anchor/ccl-fraction-of-hydrophobic-pores-component,"A specified, controlled, reported, or model-input condition or quantity denoted ""CCL fraction of hydrophobic pores"" in DECODE hydrogen-electrochemistry workflows.",,"Reviewed DECODE semantic role, source label, source workflow context, and direct-neighbor context. This is a draft for expert review, not an authoritative ontology definition.","Decide: strict H2KG alias, existing H2KG mapping, new reusable H2KG term, or retain reviewed DECODE anchor.",needs_human_review,,,,"[{""iri"": ""https://w3id.org/h2kg/hydrogen-ontology#C1sPeakFraction_O_CeqO"", ""label"": ""C 1 s Peak Fraction O Ceq O"", ""score"": 0.654}, {""iri"": ""https://w3id.org/h2kg/hydrogen-ontology#C1sPeakFraction_C_O"", ""label"": ""C 1 s Peak Fraction C O"", ""score"": 0.607}, {""iri"": ""https://w3id.org/h2kg/hydrogen-ontology#GraphiticCarbonFractionPercent"", ""label"": ""Graphitic Carbon Fraction Percent"", ""score"": 0.606}]",IET ink to composition model
https://w3id.org/h2kg/decode/workflow/concept/ccl-generalized-darcy-law-and-gas-transport-coefficients-component,CCL generalized Darcy law and gas transport coefficients,component,Property,https://w3id.org/h2kg/hydrogen-ontology#Property,1,cea-mea-model-europium-2d,reviewed_decode,reviewed_decode_anchor,https://w3id.org/h2kg/decode/workflow/anchor/ccl-generalized-darcy-law-and-gas-transport-coefficients-component,"A measurable, calculated, or derived scientific characteristic denoted ""CCL generalized Darcy law and gas transport coefficients"" in DECODE hydrogen-electrochemistry workflows.",,"Reviewed DECODE semantic role, source label, source workflow context, and direct-neighbor context. This is a draft for expert review, not an authoritative ontology definition.","Decide: strict H2KG alias, existing H2KG mapping, new reusable H2KG term, or retain reviewed DECODE anchor.",needs_human_review,,,,[],CEA MEA model (Europium 2D)
https://w3id.org/h2kg/decode/workflow/concept/ccl-internal-contact-angle-component,CCL internal contact angle,component,Property,https://w3id.org/h2kg/hydrogen-ontology#Property,1,water-retention-curve-simulation,reviewed_decode,reviewed_decode_anchor,https://w3id.org/h2kg/decode/workflow/anchor/ccl-internal-contact-angle-component,"A measurable, calculated, or derived scientific characteristic denoted ""CCL internal contact angle"" in DECODE hydrogen-electrochemistry workflows.",,"Reviewed DECODE semantic role, source label, source workflow context, and direct-neighbor context. This is a draft for expert review, not an authoritative ontology definition.","Decide: strict H2KG alias, existing H2KG mapping, new reusable H2KG term, or retain reviewed DECODE anchor.",needs_human_review,,,,"[{""iri"": ""https://w3id.org/h2kg/hydrogen-ontology#ContactAngle"", ""label"": ""Contact Angle"", ""score"": 0.809}, {""iri"": ""https://w3id.org/h2kg/hydrogen-ontology#ContactAngleMeasurement"", ""label"": ""Contact Angle Measurement"", ""score"": 0.727}, {""iri"": ""https://w3id.org/h2kg/hydrogen-ontology#ContactAngleGoniometer"", ""label"": ""Contact Angle Goniometer"", ""score"": 0.72}]",Water retention curve simulation
https://w3id.org/h2kg/decode/workflow/concept/ccl-ionomer-distribution-statistics-component,CCL ionomer distribution statistics,component,Data,https://w3id.org/h2kg/hydrogen-ontology#Data,3,determination-of-cl-saturation-by-saxs-or-sans; image-tem-data-parameter-extraction-3d; ionomer-reconstruction-in-ccl-3d-images,reviewed_decode,reviewed_decode_anchor,https://w3id.org/h2kg/decode/workflow/anchor/ccl-ionomer-distribution-statistics-component,"A recorded, calculated, image-based, or otherwise structured data artifact denoted ""CCL ionomer distribution statistics"" in DECODE hydrogen-electrochemistry workflows.",,"Reviewed DECODE semantic role, source label, source workflow context, and direct-neighbor context. This is a draft for expert review, not an authoritative ontology definition.","Decide: strict H2KG alias, existing H2KG mapping, new reusable H2KG term, or retain reviewed DECODE anchor.",needs_human_review,,,,"[{""iri"": ""https://w3id.org/h2kg/hydrogen-ontology#IonomerUniformity"", ""label"": ""Ionomer Uniformity"", ""score"": 0.698}, {""iri"": ""https://w3id.org/h2kg/hydrogen-ontology#IonomerAdsorptionRatio"", ""label"": ""Ionomer Adsorption Ratio"", ""score"": 0.644}, {""iri"": ""https://w3id.org/h2kg/hydrogen-ontology#IonomerDispersionPropertyCompilation"", ""label"": ""Ionomer Dispersion Property Compilation"", ""score"": 0.635}]",Determination of CL saturation by SAXS/SANS; Image TEM data parameter extraction 3D; Ionomer reconstruction in CCL 3D images
https://w3id.org/h2kg/decode/workflow/concept/ccl-ionomer-effective-film-thickness-component,CCL ionomer effective film thickness,component,Property,https://w3id.org/h2kg/hydrogen-ontology#Property,3,cea-mea-model-europium-2d; fitting-of-the-europium-model; iet-ink-to-composition-model,reviewed_decode,reviewed_decode_anchor,https://w3id.org/h2kg/decode/workflow/anchor/ccl-ionomer-effective-film-thickness-component,"A measurable, calculated, or derived scientific characteristic denoted ""CCL ionomer effective film thickness"" in DECODE hydrogen-electrochemistry workflows.",,"Reviewed DECODE semantic role, source label, source workflow context, and direct-neighbor context. This is a draft for expert review, not an authoritative ontology definition.","Decide: strict H2KG alias, existing H2KG mapping, new reusable H2KG term, or retain reviewed DECODE anchor.",needs_human_review,,,,"[{""iri"": ""https://w3id.org/h2kg/hydrogen-ontology#EquivalentIonomerFilmThickness"", ""label"": ""Equivalent Ionomer Film Thickness"", ""score"": 0.783}, {""iri"": ""https://w3id.org/h2kg/hydrogen-ontology#IonomerFilmThickness"", ""label"": ""Ionomer Film Thickness"", ""score"": 0.759}, {""iri"": ""https://w3id.org/h2kg/hydrogen-ontology#IonomerThinFilmThickness"", ""label"": ""Ionomer Thin Film Thickness"", ""score"": 0.698}]",CEA MEA model (Europium 2D); Fitting of the Europium model; IET ink to composition model
https://w3id.org/h2kg/decode/workflow/concept/ccl-ionomer-saturation-component,CCL ionomer saturation,component,Parameter,https://w3id.org/h2kg/hydrogen-ontology#Parameter,2,cea-mea-model-europium-2d; determination-of-cl-saturation-by-saxs-or-sans,reviewed_decode,reviewed_decode_anchor,https://w3id.org/h2kg/decode/workflow/anchor/ccl-ionomer-saturation-component,"A specified, controlled, reported, or model-input condition or quantity denoted ""CCL ionomer saturation"" in DECODE hydrogen-electrochemistry workflows.",,"Reviewed DECODE semantic role, source label, source workflow context, and direct-neighbor context. This is a draft for expert review, not an authoritative ontology definition.","Decide: strict H2KG alias, existing H2KG mapping, new reusable H2KG term, or retain reviewed DECODE anchor.",needs_human_review,,,,"[{""iri"": ""https://w3id.org/h2kg/hydrogen-ontology#IonomerSolution"", ""label"": ""Ionomer Solution"", ""score"": 0.737}, {""iri"": ""https://w3id.org/h2kg/hydrogen-ontology#IonomerCoatingSimulation"", ""label"": ""Ionomer Coating Simulation"", ""score"": 0.708}, {""iri"": ""https://w3id.org/h2kg/hydrogen-ontology#IonomerToCatalystMassRatio"", ""label"": ""Ionomer To Catalyst Mass Ratio"", ""score"": 0.681}]",CEA MEA model (Europium 2D); Determination of CL saturation by SAXS/SANS
https://w3id.org/h2kg/decode/workflow/concept/ccl-ionomer-volume-fraction-dry-component,CCL ionomer volume fraction (dry),component,Parameter,https://w3id.org/h2kg/hydrogen-ontology#Parameter,2,cea-mea-model-europium-2d; fitting-of-the-europium-model,reviewed_decode,reviewed_decode_anchor,https://w3id.org/h2kg/decode/workflow/anchor/ccl-ionomer-volume-fraction-dry-component,"A specified, controlled, reported, or model-input condition or quantity denoted ""CCL ionomer volume fraction (dry)"" in DECODE hydrogen-electrochemistry workflows.",,"Reviewed DECODE semantic role, source label, source workflow context, and direct-neighbor context. This is a draft for expert review, not an authoritative ontology definition.","Decide: strict H2KG alias, existing H2KG mapping, new reusable H2KG term, or retain reviewed DECODE anchor.",needs_human_review,,,,"[{""iri"": ""https://w3id.org/h2kg/hydrogen-ontology#IonomerVolumeFraction"", ""label"": ""Ionomer Volume Fraction"", ""score"": 0.852}, {""iri"": ""https://w3id.org/h2kg/hydrogen-ontology#FiberIonomerVolumeFraction"", ""label"": ""Fiber Ionomer Volume Fraction"", ""score"": 0.833}, {""iri"": ""https://w3id.org/h2kg/hydrogen-ontology#RheologicalPercolationThresholdVolumeFraction"", ""label"": ""Rheological Percolation Threshold Volume Fraction"", ""score"": 0.737}]",CEA MEA model (Europium 2D); Fitting of the Europium model
https://w3id.org/h2kg/decode/workflow/concept/ccl-orr-apparent-tafel-slope-s-component,CCL ORR apparent Tafel slope(s),component,Property,https://w3id.org/h2kg/hydrogen-ontology#Property,7,0d-particle-population-degradation-model-coupled-with-performance-model-prediction; 0d-particle-population-degradation-model-coupled-with-performance-model-prediction-without-fitting-methods; cea-mea-model-europium-2d; fitting-of-the-europium-model; iet-1d-mea-with-water-transport-eis-model; iet-1d-mea-with-water-transport-in-ccl-eis-model; iet-1d-performance-model-for-mea-prediction,reviewed_decode,reviewed_decode_anchor,https://w3id.org/h2kg/decode/workflow/anchor/ccl-orr-apparent-tafel-slope-s-component,"A measurable, calculated, or derived scientific characteristic denoted ""CCL ORR apparent Tafel slope(s)"" in DECODE hydrogen-electrochemistry workflows.",,"Reviewed DECODE semantic role, source label, source workflow context, and direct-neighbor context. This is a draft for expert review, not an authoritative ontology definition.","Decide: strict H2KG alias, existing H2KG mapping, new reusable H2KG term, or retain reviewed DECODE anchor.",needs_human_review,,,,"[{""iri"": ""https://w3id.org/h2kg/hydrogen-ontology#TafelSlopeStepAnalysis"", ""label"": ""Tafel Slope Step Analysis"", ""score"": 0.64}, {""iri"": ""https://w3id.org/h2kg/hydrogen-ontology#TafelSlope"", ""label"": ""Tafel Slope"", ""score"": 0.625}, {""iri"": ""https://w3id.org/h2kg/hydrogen-ontology#CellCapacitance"", ""label"": ""Cell Capacitance"", ""score"": 0.56}]",0D Particle population degradation model coupled with performance model (prediction); CEA MEA model (Europium 2D); Fitting of the Europium model; IET 1D MEA with water transport EIS model; IET 1D MEA with water transport in CCL EIS model; IET 1D Performance model for MEA (prediction)
https://w3id.org/h2kg/decode/workflow/concept/ccl-orr-effective-exchange-current-density-component,CCL ORR effective exchange current density,component,Property,https://w3id.org/h2kg/hydrogen-ontology#Property,9,0d-particle-population-degradation-model-coupled-with-performance-model-prediction; 0d-particle-population-degradation-model-coupled-with-performance-model-prediction-without-fitting-methods; cea-mea-model-europium-2d; fitting-of-the-europium-model; iet-1d-mea-with-water-transport-eis-model; iet-1d-mea-with-water-transport-in-ccl-eis-model; iet-1d-performance-model-for-mea-fitting; iet-1d-performance-model-for-mea-prediction; iet-composition-to-property-model,reviewed_decode,reviewed_decode_anchor,https://w3id.org/h2kg/decode/workflow/anchor/ccl-orr-effective-exchange-current-density-component,"A measurable, calculated, or derived scientific characteristic denoted ""CCL ORR effective exchange current density"" in DECODE hydrogen-electrochemistry workflows.",,"Reviewed DECODE semantic role, source label, source workflow context, and direct-neighbor context. This is a draft for expert review, not an authoritative ontology definition.","Decide: strict H2KG alias, existing H2KG mapping, new reusable H2KG term, or retain reviewed DECODE anchor.",needs_human_review,,,,"[{""iri"": ""https://w3id.org/h2kg/hydrogen-ontology#ExchangeCurrentDensity"", ""label"": ""Exchange Current Density"", ""score"": 0.727}, {""iri"": ""https://w3id.org/h2kg/hydrogen-ontology#ReferenceCurrentDensity"", ""label"": ""Reference Current Density"", ""score"": 0.657}, {""iri"": ""https://w3id.org/h2kg/hydrogen-ontology#RelativeCurrentDensityChange"", ""label"": ""Relative Current Density Change"", ""score"": 0.63}]",0D Particle population degradation model coupled with performance model (prediction); CEA MEA model (Europium 2D); Fitting of the Europium model; IET 1D MEA with water transport EIS model; IET 1D MEA with water transport in CCL EIS model; IET 1D Performance model for MEA (fitting); IET 1D Performance model for MEA (prediction); IET composition to property model
https://w3id.org/h2kg/decode/workflow/concept/ccl-orr-effective-exchange-current-density-aged-component,CCL ORR effective exchange current density (aged),component,Property,https://w3id.org/h2kg/hydrogen-ontology#Property,2,0d-particle-population-degradation-model-coupled-with-performance-model-prediction; 0d-particle-population-degradation-model-coupled-with-performance-model-prediction-without-fitting-methods,reviewed_decode,reviewed_decode_anchor,https://w3id.org/h2kg/decode/workflow/anchor/ccl-orr-effective-exchange-current-density-aged-component,"A measurable, calculated, or derived scientific characteristic denoted ""CCL ORR effective exchange current density (aged)"" in DECODE hydrogen-electrochemistry workflows.",,"Reviewed DECODE semantic role, source label, source workflow context, and direct-neighbor context. This is a draft for expert review, not an authoritative ontology definition.","Decide: strict H2KG alias, existing H2KG mapping, new reusable H2KG term, or retain reviewed DECODE anchor.",needs_human_review,,,,"[{""iri"": ""https://w3id.org/h2kg/hydrogen-ontology#ExchangeCurrentDensity"", ""label"": ""Exchange Current Density"", ""score"": 0.676}, {""iri"": ""https://w3id.org/h2kg/hydrogen-ontology#RelativeCurrentDensityChange"", ""label"": ""Relative Current Density Change"", ""score"": 0.641}, {""iri"": ""https://w3id.org/h2kg/hydrogen-ontology#CarbonAggregateEffectiveDensity"", ""label"": ""Carbon Aggregate Effective Density"", ""score"": 0.617}]",0D Particle population degradation model coupled with performance model (prediction)
https://w3id.org/h2kg/decode/workflow/concept/ccl-orr-effective-reaction-order-s-component,CCL ORR effective reaction order(s),component,Matter,https://w3id.org/h2kg/hydrogen-ontology#Matter,2,cea-mea-model-europium-2d; fitting-of-the-europium-model,reviewed_decode,reviewed_decode_anchor,https://w3id.org/h2kg/decode/workflow/anchor/ccl-orr-effective-reaction-order-s-component,"A material, component, chemical species, phase, specimen, or assembly denoted ""CCL ORR effective reaction order(s)"" in DECODE hydrogen-electrochemistry workflows.",,"Reviewed DECODE semantic role, source label, source workflow context, and direct-neighbor context. This is a draft for expert review, not an authoritative ontology definition.","Decide: strict H2KG alias, existing H2KG mapping, new reusable H2KG term, or retain reviewed DECODE anchor.",needs_human_review,,,,"[{""iri"": ""https://w3id.org/h2kg/hydrogen-ontology#EffectiveIonicConductivity"", ""label"": ""Effective Ionic Conductivity"", ""score"": 0.571}, {""iri"": ""https://w3id.org/h2kg/hydrogen-ontology#FiberOrientationAngleStdDev"", ""label"": ""Fiber Orientation Angle Std Dev"", ""score"": 0.554}, {""iri"": ""https://w3id.org/h2kg/hydrogen-ontology#CoverageRelaxationRateConstant"", ""label"": ""Coverage Relaxation Rate Constant"", ""score"": 0.551}]",CEA MEA model (Europium 2D); Fitting of the Europium model
https://w3id.org/h2kg/decode/workflow/concept/ccl-orr-rate-prefactor-component,CCL ORR rate prefactor,component,Property,https://w3id.org/h2kg/hydrogen-ontology#Property,4,cea-mea-model-europium-2d; fitting-of-the-europium-model; iet-1d-performance-model-for-mea-fitting; iet-1d-performance-model-for-mea-prediction,reviewed_decode,reviewed_decode_anchor,https://w3id.org/h2kg/decode/workflow/anchor/ccl-orr-rate-prefactor-component,"A measurable, calculated, or derived scientific characteristic denoted ""CCL ORR rate prefactor"" in DECODE hydrogen-electrochemistry workflows.",,"Reviewed DECODE semantic role, source label, source workflow context, and direct-neighbor context. This is a draft for expert review, not an authoritative ontology definition.","Decide: strict H2KG alias, existing H2KG mapping, new reusable H2KG term, or retain reviewed DECODE anchor.",needs_human_review,,,,"[{""iri"": ""https://w3id.org/h2kg/hydrogen-ontology#IonomerFilmResistancePrefactorC"", ""label"": ""Ionomer Film Resistance Prefactor C"", ""score"": 0.667}, {""iri"": ""https://w3id.org/h2kg/hydrogen-ontology#ReferenceCurrentDensity"", ""label"": ""Reference Current Density"", ""score"": 0.653}, {""iri"": ""https://w3id.org/h2kg/hydrogen-ontology#FixedBedReactor"", ""label"": ""Fixed Bed Reactor"", ""score"": 0.585}]",CEA MEA model (Europium 2D); Fitting of the Europium model; IET 1D Performance model for MEA (fitting); IET 1D Performance model for MEA (prediction)
https://w3id.org/h2kg/decode/workflow/concept/ccl-permeability-component,CCL permeability,component,Property,https://w3id.org/h2kg/hydrogen-ontology#Property,3,cea-mea-model-europium-2d; fitting-of-the-europium-model; voxel-based-3d-permability-simulation,reviewed_decode,reviewed_decode_anchor,https://w3id.org/h2kg/decode/workflow/anchor/ccl-permeability-component,"A measurable, calculated, or derived scientific characteristic denoted ""CCL permeability"" in DECODE hydrogen-electrochemistry workflows.",,"Reviewed DECODE semantic role, source label, source workflow context, and direct-neighbor context. This is a draft for expert review, not an authoritative ontology definition.","Decide: strict H2KG alias, existing H2KG mapping, new reusable H2KG term, or retain reviewed DECODE anchor.",needs_human_review,,,,"[{""iri"": ""https://w3id.org/h2kg/hydrogen-ontology#MicroporousLayerPermeability"", ""label"": ""Microporous Layer Permeability"", ""score"": 0.875}, {""iri"": ""https://w3id.org/h2kg/hydrogen-ontology#HydrogenPermeability"", ""label"": ""Hydrogen Permeability"", ""score"": 0.867}, {""iri"": ""https://w3id.org/h2kg/hydrogen-ontology#OxygenPermeability"", ""label"": ""Oxygen Permeability"", ""score"": 0.867}]",CEA MEA model (Europium 2D); Fitting of the Europium model; Voxel based 3D Permability simulation
https://w3id.org/h2kg/decode/workflow/concept/ccl-porosity-component,CCL porosity,component,Property,https://w3id.org/h2kg/hydrogen-ontology#Property,8,0d-particle-population-degradation-model-coupled-with-performance-model-prediction; 0d-particle-population-degradation-model-coupled-with-performance-model-prediction-without-fitting-methods; cea-mea-model-europium-2d; diffusivities-from-tortuosities; fitting-of-the-europium-model; iet-1d-performance-model-for-mea-prediction; image-based-ccl-effective-transport-property-computation-from-numerical-simulations; voxel-based-3d-effective-diffusivity-simulation,reviewed_decode,reviewed_decode_anchor,https://w3id.org/h2kg/decode/workflow/anchor/ccl-porosity-component,"A measurable, calculated, or derived scientific characteristic denoted ""CCL porosity"" in DECODE hydrogen-electrochemistry workflows.",,"Reviewed DECODE semantic role, source label, source workflow context, and direct-neighbor context. This is a draft for expert review, not an authoritative ontology definition.","Decide: strict H2KG alias, existing H2KG mapping, new reusable H2KG term, or retain reviewed DECODE anchor.",needs_human_review,,,,"[{""iri"": ""https://w3id.org/h2kg/hydrogen-ontology#CatalystLayerPorosity"", ""label"": ""Catalyst Layer Porosity"", ""score"": 0.957}, {""iri"": ""https://w3id.org/h2kg/hydrogen-ontology#GasDiffusionLayerPorosity"", ""label"": ""Gas Diffusion Layer Porosity"", ""score"": 0.833}, {""iri"": ""https://w3id.org/h2kg/hydrogen-ontology#MicroporousLayerPorosity"", ""label"": ""Microporous Layer Porosity"", ""score"": 0.833}]",0D Particle population degradation model coupled with performance model (prediction); CEA MEA model (Europium 2D); Diffusivities from tortuosities; Fitting of the Europium model; IET 1D Performance model for MEA (prediction); Image based CCL effective transport property computation from numerical simulations; Voxel based 3D Effective Diffusivity simulation
https://w3id.org/h2kg/decode/workflow/concept/ccl-refined-pore-size-distribution-with-contact-angle-distribution-component,CCL refined pore size distribution (with contact angle distribution),component,Data,https://w3id.org/h2kg/hydrogen-ontology#Data,2,iet-composition-to-property-model; iet-ink-to-composition-model,reviewed_decode,reviewed_decode_anchor,https://w3id.org/h2kg/decode/workflow/anchor/ccl-refined-pore-size-distribution-with-contact-angle-distribution-component,"A recorded, calculated, image-based, or otherwise structured data artifact denoted ""CCL refined pore size distribution (with contact angle distribution)"" in DECODE hydrogen-electrochemistry workflows.",,"Reviewed DECODE semantic role, source label, source workflow context, and direct-neighbor context. This is a draft for expert review, not an authoritative ontology definition.","Decide: strict H2KG alias, existing H2KG mapping, new reusable H2KG term, or retain reviewed DECODE anchor.",needs_human_review,,,,"[{""iri"": ""https://w3id.org/h2kg/hydrogen-ontology#PoreSizeDistributionDataset"", ""label"": ""Pore Size Distribution Dataset"", ""score"": 0.583}]",IET composition to property model; IET ink to composition model
https://w3id.org/h2kg/decode/workflow/concept/ccl-saturation-component,CCL saturation,component,Parameter,https://w3id.org/h2kg/hydrogen-ontology#Parameter,3,cea-mea-model-europium-2d; determination-of-cl-saturation-by-saxs-or-sans; iet-1d-performance-model-for-mea-prediction,reviewed_decode,reviewed_decode_anchor,https://w3id.org/h2kg/decode/workflow/anchor/ccl-saturation-component,"A specified, controlled, reported, or model-input condition or quantity denoted ""CCL saturation"" in DECODE hydrogen-electrochemistry workflows.",,"Reviewed DECODE semantic role, source label, source workflow context, and direct-neighbor context. This is a draft for expert review, not an authoritative ontology definition.","Decide: strict H2KG alias, existing H2KG mapping, new reusable H2KG term, or retain reviewed DECODE anchor.",needs_human_review,,,,"[{""iri"": ""https://w3id.org/h2kg/hydrogen-ontology#PhosphoricAcidSaturationInCracks"", ""label"": ""Phosphoric Acid Saturation In Cracks"", ""score"": 0.718}, {""iri"": ""https://w3id.org/h2kg/hydrogen-ontology#AgAgCl"", ""label"": ""Ag/AgCl"", ""score"": 0.645}, {""iri"": ""https://w3id.org/h2kg/hydrogen-ontology#PEMFCCFDSimulation"", ""label"": ""PEMFCCFD Simulation"", ""score"": 0.643}]",CEA MEA model (Europium 2D); Determination of CL saturation by SAXS/SANS; IET 1D Performance model for MEA (prediction)
https://w3id.org/h2kg/decode/workflow/concept/ccl-saturation-profiles-macrohomogeneous-local,CCL saturation profiles,macrohomogeneous local,Parameter,https://w3id.org/h2kg/hydrogen-ontology#Parameter,3,cea-mea-model-europium-2d; determination-of-cl-saturation-by-saxs-or-sans; iet-1d-performance-model-for-mea-prediction,reviewed_decode,reviewed_decode_anchor,https://w3id.org/h2kg/decode/workflow/anchor/ccl-saturation-profiles-macrohomogeneous-local,"A specified, controlled, reported, or model-input condition or quantity denoted ""CCL saturation profiles"" in DECODE hydrogen-electrochemistry workflows.",,"Reviewed DECODE semantic role, source label, source workflow context, and direct-neighbor context. This is a draft for expert review, not an authoritative ontology definition.","Decide: strict H2KG alias, existing H2KG mapping, new reusable H2KG term, or retain reviewed DECODE anchor.",needs_human_review,,,,"[{""iri"": ""https://w3id.org/h2kg/hydrogen-ontology#PhosphoricAcidSaturationInCracks"", ""label"": ""Phosphoric Acid Saturation In Cracks"", ""score"": 0.667}, {""iri"": ""https://w3id.org/h2kg/hydrogen-ontology#OpticalSurfaceProfiler"", ""label"": ""Optical Surface Profiler"", ""score"": 0.638}, {""iri"": ""https://w3id.org/h2kg/hydrogen-ontology#ColdStartTest"", ""label"": ""Cold Start Test"", ""score"": 0.634}]",CEA MEA model (Europium 2D); Determination of CL saturation by SAXS/SANS; IET 1D Performance model for MEA (prediction)
https://w3id.org/h2kg/decode/workflow/concept/ccl-sheet-resistance-component,CCL sheet resistance,component,Property,https://w3id.org/h2kg/hydrogen-ontology#Property,1,sheet-resistance-measurement,reviewed_decode,reviewed_decode_anchor,https://w3id.org/h2kg/decode/workflow/anchor/ccl-sheet-resistance-component,"A measurable, calculated, or derived scientific characteristic denoted ""CCL sheet resistance"" in DECODE hydrogen-electrochemistry workflows.",,"Reviewed DECODE semantic role, source label, source workflow context, and direct-neighbor context. This is a draft for expert review, not an authoritative ontology definition.","Decide: strict H2KG alias, existing H2KG mapping, new reusable H2KG term, or retain reviewed DECODE anchor.",needs_human_review,,,,"[{""iri"": ""https://w3id.org/h2kg/hydrogen-ontology#SheetResistance"", ""label"": ""Sheet Resistance"", ""score"": 0.889}, {""iri"": ""https://w3id.org/h2kg/hydrogen-ontology#HighFrequencyResistance"", ""label"": ""High Frequency Resistance"", ""score"": 0.762}, {""iri"": ""https://w3id.org/h2kg/hydrogen-ontology#SurfaceFilmResistance"", ""label"": ""Surface Film Resistance"", ""score"": 0.698}]",Sheet resistance measurement
https://w3id.org/h2kg/decode/workflow/concept/ccl-sheet-resistance-homogeneity-component,CCL sheet resistance homogeneity,component,Property,https://w3id.org/h2kg/hydrogen-ontology#Property,1,sheet-resistance-measurement,reviewed_decode,reviewed_decode_anchor,https://w3id.org/h2kg/decode/workflow/anchor/ccl-sheet-resistance-homogeneity-component,"A measurable, calculated, or derived scientific characteristic denoted ""CCL sheet resistance homogeneity"" in DECODE hydrogen-electrochemistry workflows.",,"Reviewed DECODE semantic role, source label, source workflow context, and direct-neighbor context. This is a draft for expert review, not an authoritative ontology definition.","Decide: strict H2KG alias, existing H2KG mapping, new reusable H2KG term, or retain reviewed DECODE anchor.",needs_human_review,,,,"[{""iri"": ""https://w3id.org/h2kg/hydrogen-ontology#SheetResistance"", ""label"": ""Sheet Resistance"", ""score"": 0.678}, {""iri"": ""https://w3id.org/h2kg/hydrogen-ontology#ProtonicCatalystLayerResistance"", ""label"": ""Protonic Catalyst Layer Resistance"", ""score"": 0.667}, {""iri"": ""https://w3id.org/h2kg/hydrogen-ontology#LocalOxygenTransportResistance"", ""label"": ""Local Oxygen Transport Resistance"", ""score"": 0.646}]",Sheet resistance measurement
https://w3id.org/h2kg/decode/workflow/concept/ccl-structural-parameters-component,CCL structural parameters,component,Matter,https://w3id.org/h2kg/hydrogen-ontology#Matter,5,iet-composition-to-property-model; iet-ink-to-composition-model; image-based-ccl-effective-transport-property-computation-from-numerical-simulations; image-tem-data-parameter-extraction-3d; microscopy-sem-and-optical-in-mea-cross-section,reviewed_decode,reviewed_decode_anchor,https://w3id.org/h2kg/decode/workflow/anchor/ccl-structural-parameters-component,"A material, component, chemical species, phase, specimen, or assembly denoted ""CCL structural parameters"" in DECODE hydrogen-electrochemistry workflows.",,"Reviewed DECODE semantic role, source label, source workflow context, and direct-neighbor context. This is a draft for expert review, not an authoritative ontology definition.","Decide: strict H2KG alias, existing H2KG mapping, new reusable H2KG term, or retain reviewed DECODE anchor.",needs_human_review,,,,"[{""iri"": ""https://w3id.org/h2kg/hydrogen-ontology#CatalystInkStructureDataset"", ""label"": ""Catalyst Ink Structure Dataset"", ""score"": 0.815}, {""iri"": ""https://w3id.org/h2kg/hydrogen-ontology#SprayCoatingParameterSpecification"", ""label"": ""Spray Coating Parameter Specification"", ""score"": 0.653}, {""iri"": ""https://w3id.org/h2kg/hydrogen-ontology#PrintedGridStructure"", ""label"": ""Printed Grid Structure"", ""score"": 0.605}]",IET composition to property model; IET ink to composition model; Image TEM data parameter extraction 3D; Image based CCL effective transport property computation from numerical simulations; Microscopy (SEM and optical) in MEA cross section
https://w3id.org/h2kg/decode/workflow/concept/ccl-thermal-conductivity-component,CCL thermal conductivity,component,Property,https://w3id.org/h2kg/hydrogen-ontology#Property,3,cea-mea-model-europium-2d; fitting-of-the-europium-model; voxel-based-3d-thermal-conductivity-simulation,reviewed_decode,reviewed_decode_anchor,https://w3id.org/h2kg/decode/workflow/anchor/ccl-thermal-conductivity-component,"A measurable, calculated, or derived scientific characteristic denoted ""CCL thermal conductivity"" in DECODE hydrogen-electrochemistry workflows.",,"Reviewed DECODE semantic role, source label, source workflow context, and direct-neighbor context. This is a draft for expert review, not an authoritative ontology definition.","Decide: strict H2KG alias, existing H2KG mapping, new reusable H2KG term, or retain reviewed DECODE anchor.",needs_human_review,,,,"[{""iri"": ""https://w3id.org/h2kg/hydrogen-ontology#ThermalConductivity"", ""label"": ""Thermal Conductivity"", ""score"": 0.909}, {""iri"": ""https://w3id.org/h2kg/hydrogen-ontology#ThroughPlaneThermalConductivityMeasurement"", ""label"": ""Through Plane Thermal Conductivity Measurement"", ""score"": 0.778}, {""iri"": ""https://w3id.org/h2kg/hydrogen-ontology#ConductivityDataset"", ""label"": ""Conductivity Dataset"", ""score"": 0.732}]",CEA MEA model (Europium 2D); Fitting of the Europium model; Voxel based 3D Thermal conductivity simulation
https://w3id.org/h2kg/decode/workflow/concept/ccl-thickness-component,CCL thickness,component,Property,https://w3id.org/h2kg/hydrogen-ontology#Property,17,0d-particle-population-degradation-model-coupled-with-performance-model-fitting; 0d-particle-population-degradation-model-coupled-with-performance-model-prediction; 0d-particle-population-degradation-model-coupled-with-performance-model-prediction-without-fitting-methods; cea-mea-model-europium-2d; differential-cell-testing; fib-measurements-on-gdl-or-mpl-and-catalyst-materials; fitting-of-the-europium-model; iet-1d-mea-with-water-transport-eis-model; iet-1d-mea-with-water-transport-in-ccl-eis-model; iet-1d-performance-model-for-mea-fitting; iet-1d-performance-model-for-mea-prediction; iet-ink-to-composition-model; image-fib-tomography-dataparameter-extraction-3d; image-parameter-extraction-2d; microscopy-sem-and-optical-in-mea-cross-section; sem-and-edx; sem-and-fib-layer,approved_h2kg,strict_alt_label,https://w3id.org/h2kg/hydrogen-ontology#CathodeCatalystLayerThickness,"A measurable, calculated, or derived scientific characteristic denoted ""CCL thickness"" in DECODE hydrogen-electrochemistry workflows.",,"Reviewed DECODE semantic role, source label, source workflow context, and direct-neighbor context. This is a draft for expert review, not an authoritative ontology definition.",Verify against the canonical H2KG definition and retain only a true synonym.,needs_human_review,,,,"[{""iri"": ""https://w3id.org/h2kg/hydrogen-ontology#CathodeCatalystLayerThickness"", ""label"": ""Cathode Catalyst Layer Thickness"", ""score"": 1.0}, {""iri"": ""https://w3id.org/h2kg/hydrogen-ontology#CatalystLayerThickness_2"", ""label"": ""Catalyst Layer Thickness"", ""score"": 0.96}, {""iri"": ""https://w3id.org/h2kg/hydrogen-ontology#CutThickness"", ""label"": ""Cut Thickness"", ""score"": 0.846}]","0D Particle population degradation model coupled with performance model (fitting); 0D Particle population degradation model coupled with performance model (prediction); CEA MEA model (Europium 2D); Differential Cell Testing; FIB measurements on GDL/MPL and catalyst materials.; Fitting of the Europium model; IET 1D MEA with water transport EIS model; IET 1D MEA with water transport in CCL EIS model; IET 1D Performance model for MEA (fitting); IET 1D Performance model for MEA (prediction); IET ink to composition model; Image FIB tomography dataparameter extraction 3D; Image parameter extraction 2D; Microscopy (SEM and optical) in MEA cross section; SEM and EDX; SEM and FIB (layer); Single cell test bench: polarization, EIS"
https://w3id.org/h2kg/decode/workflow/concept/ccl-thickness-aged-component,CCL thickness (aged),component,Property,https://w3id.org/h2kg/hydrogen-ontology#Property,1,0d-particle-population-degradation-model-coupled-with-performance-model-fitting,reviewed_decode,reviewed_decode_anchor,https://w3id.org/h2kg/decode/workflow/anchor/ccl-thickness-aged-component,"A measurable, calculated, or derived scientific characteristic denoted ""CCL thickness (aged)"" in DECODE hydrogen-electrochemistry workflows.",,"Reviewed DECODE semantic role, source label, source workflow context, and direct-neighbor context. This is a draft for expert review, not an authoritative ontology definition.","Decide: strict H2KG alias, existing H2KG mapping, new reusable H2KG term, or retain reviewed DECODE anchor.",needs_human_review,,,,"[{""iri"": ""https://w3id.org/h2kg/hydrogen-ontology#CathodeCatalystLayerThickness"", ""label"": ""Cathode Catalyst Layer Thickness"", ""score"": 0.839}, {""iri"": ""https://w3id.org/h2kg/hydrogen-ontology#GasDiffusionLayerThickness"", ""label"": ""Gas Diffusion Layer Thickness"", ""score"": 0.839}, {""iri"": ""https://w3id.org/h2kg/hydrogen-ontology#CatalystLayerThickness_2"", ""label"": ""Catalyst Layer Thickness"", ""score"": 0.8}]",0D Particle population degradation model coupled with performance model (fitting)
https://w3id.org/h2kg/decode/workflow/concept/ccl-tortuosity-component,CCL tortuosity,component,Property,https://w3id.org/h2kg/hydrogen-ontology#Property,5,cea-mea-model-europium-2d; diffusivities-from-tortuosities; fitting-of-the-europium-model; image-based-ccl-effective-transport-property-computation-from-numerical-simulations; voxel-based-3d-effective-diffusivity-simulation,reviewed_decode,reviewed_decode_anchor,https://w3id.org/h2kg/decode/workflow/anchor/ccl-tortuosity-component,"A measurable, calculated, or derived scientific characteristic denoted ""CCL tortuosity"" in DECODE hydrogen-electrochemistry workflows.",,"Reviewed DECODE semantic role, source label, source workflow context, and direct-neighbor context. This is a draft for expert review, not an authoritative ontology definition.","Decide: strict H2KG alias, existing H2KG mapping, new reusable H2KG term, or retain reviewed DECODE anchor.",needs_human_review,,,,"[{""iri"": ""https://w3id.org/h2kg/hydrogen-ontology#CatalystLayerPorosity"", ""label"": ""Catalyst Layer Porosity"", ""score"": 0.8}, {""iri"": ""https://w3id.org/h2kg/hydrogen-ontology#TortuosityCalculation"", ""label"": ""Tortuosity Calculation"", ""score"": 0.778}, {""iri"": ""https://w3id.org/h2kg/hydrogen-ontology#TortuosityFactor"", ""label"": ""Tortuosity Factor"", ""score"": 0.774}]",CEA MEA model (Europium 2D); Diffusivities from tortuosities; Fitting of the Europium model; Image based CCL effective transport property computation from numerical simulations; Voxel based 3D Effective Diffusivity simulation
https://w3id.org/h2kg/decode/workflow/concept/ccl-vaporization-interfacial-area-factor-component,CCL vaporization interfacial area factor,component,Parameter,https://w3id.org/h2kg/hydrogen-ontology#Parameter,3,iet-1d-mea-with-water-transport-eis-model; iet-1d-mea-with-water-transport-in-ccl-eis-model; iet-composition-to-property-model,reviewed_decode,reviewed_decode_anchor,https://w3id.org/h2kg/decode/workflow/anchor/ccl-vaporization-interfacial-area-factor-component,"A specified, controlled, reported, or model-input condition or quantity denoted ""CCL vaporization interfacial area factor"" in DECODE hydrogen-electrochemistry workflows.",,"Reviewed DECODE semantic role, source label, source workflow context, and direct-neighbor context. This is a draft for expert review, not an authoritative ontology definition.","Decide: strict H2KG alias, existing H2KG mapping, new reusable H2KG term, or retain reviewed DECODE anchor.",needs_human_review,,,,"[{""iri"": ""https://w3id.org/h2kg/hydrogen-ontology#ElectronBeamEvaporationDeposition"", ""label"": ""Electron Beam Evaporation Deposition"", ""score"": 0.585}, {""iri"": ""https://w3id.org/h2kg/hydrogen-ontology#CarbothermalGraphitizationAnnealing"", ""label"": ""Carbothermal Graphitization Annealing"", ""score"": 0.571}, {""iri"": ""https://w3id.org/h2kg/hydrogen-ontology#PolarizationPointDuration"", ""label"": ""Polarization Point Duration"", ""score"": 0.567}]",IET 1D MEA with water transport EIS model; IET 1D MEA with water transport in CCL EIS model; IET composition to property model
https://w3id.org/h2kg/decode/workflow/concept/ccl-vaporization-rate-constant-component,CCL vaporization rate constant,component,Property,https://w3id.org/h2kg/hydrogen-ontology#Property,2,iet-1d-mea-with-water-transport-eis-model; iet-1d-mea-with-water-transport-in-ccl-eis-model,reviewed_decode,reviewed_decode_anchor,https://w3id.org/h2kg/decode/workflow/anchor/ccl-vaporization-rate-constant-component,"A measurable, calculated, or derived scientific characteristic denoted ""CCL vaporization rate constant"" in DECODE hydrogen-electrochemistry workflows.",,"Reviewed DECODE semantic role, source label, source workflow context, and direct-neighbor context. This is a draft for expert review, not an authoritative ontology definition.","Decide: strict H2KG alias, existing H2KG mapping, new reusable H2KG term, or retain reviewed DECODE anchor.",needs_human_review,,,,"[{""iri"": ""https://w3id.org/h2kg/hydrogen-ontology#HydrogenOxidationChargeConstant"", ""label"": ""Hydrogen Oxidation Charge Constant"", ""score"": 0.656}, {""iri"": ""https://w3id.org/h2kg/hydrogen-ontology#RelativeVariationPercent"", ""label"": ""Relative Variation Percent"", ""score"": 0.643}, {""iri"": ""https://w3id.org/h2kg/hydrogen-ontology#CoverageRelaxationRateConstant"", ""label"": ""Coverage Relaxation Rate Constant"", ""score"": 0.635}]",IET 1D MEA with water transport EIS model; IET 1D MEA with water transport in CCL EIS model
https://w3id.org/h2kg/decode/workflow/concept/ccl-water-retention-curve-component,CCL water retention curve,component,Data,https://w3id.org/h2kg/hydrogen-ontology#Data,8,cea-mea-model-europium-2d; distribution-of-contact-angles-in-ccl-fib-sem-image-from-ionomer-reconstruction; fitting-of-the-europium-model; iet-1d-mea-with-water-transport-eis-model; iet-1d-mea-with-water-transport-in-ccl-eis-model; iet-1d-performance-model-for-mea-prediction; iet-ink-to-composition-model; water-retention-curve-simulation,reviewed_decode,reviewed_decode_anchor,https://w3id.org/h2kg/decode/workflow/anchor/ccl-water-retention-curve-component,"A recorded, calculated, image-based, or otherwise structured data artifact denoted ""CCL water retention curve"" in DECODE hydrogen-electrochemistry workflows.",,"Reviewed DECODE semantic role, source label, source workflow context, and direct-neighbor context. This is a draft for expert review, not an authoritative ontology definition.","Decide: strict H2KG alias, existing H2KG mapping, new reusable H2KG term, or retain reviewed DECODE anchor.",needs_human_review,,,,"[{""iri"": ""https://w3id.org/h2kg/hydrogen-ontology#CurrentRetentionPercentAfterChronoamperometry"", ""label"": ""Current Retention Percent After Chronoamperometry"", ""score"": 0.667}, {""iri"": ""https://w3id.org/h2kg/hydrogen-ontology#DoubleBondConversionRate"", ""label"": ""Double Bond Conversion Rate"", ""score"": 0.636}, {""iri"": ""https://w3id.org/h2kg/hydrogen-ontology#FuelCellTestStation"", ""label"": ""Fuel Cell Test Station"", ""score"": 0.596}]",CEA MEA model (Europium 2D); Distribution of contact angles in CCL FIB-SEM image from ionomer reconstruction; Fitting of the Europium model; IET 1D MEA with water transport EIS model; IET 1D MEA with water transport in CCL EIS model; IET 1D Performance model for MEA (prediction); IET ink to composition model; Water retention curve simulation
https://w3id.org/h2kg/decode/workflow/concept/ccm-component,CCM,component,Matter,https://w3id.org/h2kg/hydrogen-ontology#Matter,19,blade-coating-and-decal-transfer-for-ref-pefc-ccm; determination-of-cl-saturation-by-saxs-or-sans; development-of-a-zero-gap-cell-for-gde-based-spectrocopy-measurement; electron-tomography-for-pt-c-and-ionomer-distribution-in-cl; electrospray-deposition-of-catalyst-layers; fib-measurements-on-gdl-or-mpl-and-catalyst-materials; fib-sem-on-cl-material; high-resolution-electron-tomography-for-accessing-pt-and-ionomer-distribution-on-carbon-aggregate; mea-assembly-for-pefc-ref-mea; mechanical-properties-of-catalyst-layers-gdls-and-meas-by-small-punch-and-nanoindentation; mpl-saturation-determination-from-x-ray-ct-data; neutron-imaging; pulsed-gas-analysis; rotating-ring-disk-electrode-rrde; sem-and-fib-layer; sheet-resistance-measurement; tem-and-eds-analysis-of-mea; three-electrode-cell-assesement-of-cl-by-xas-xanes-exafs-xrd; ultrasonic-spray-deposition-for-catalytic-layers,approved_h2kg,existing_h2kg_mapping,https://w3id.org/h2kg/hydrogen-ontology#CatalystCoatedMembrane,"A material, component, chemical species, phase, specimen, or assembly denoted ""CCM"" in DECODE hydrogen-electrochemistry workflows.",,"Reviewed DECODE semantic role, source label, source workflow context, and direct-neighbor context. This is a draft for expert review, not an authoritative ontology definition.",Verify against the canonical H2KG definition and retain only a true synonym.,needs_human_review,,,,"[{""iri"": ""https://w3id.org/h2kg/hydrogen-ontology#CatalystCoatedMembrane"", ""label"": ""Catalyst Coated Membrane"", ""score"": 1.0}, {""iri"": ""https://w3id.org/h2kg/hydrogen-ontology#CarbonClothSubstrate"", ""label"": ""Carbon Cloth Substrate"", ""score"": 0.8}, {""iri"": ""https://w3id.org/h2kg/hydrogen-ontology#CathodeCapacitance"", ""label"": ""Cathode Capacitance"", ""score"": 0.8}]","Blade coating and Decal transfer for ref PEFC CCM; Determination of CL saturation by SAXS/SANS; Development of a zero gap cell for GDE based spectrocopy measurement; Electron tomography for Pt, C and ionomer distribution in CL; Electrospray deposition of Catalyst Layers; FIB measurements on GDL/MPL and catalyst materials.; FIB-SEM on CL material; High resolution electron tomography for accessing Pt and ionomer distribution on carbon aggregate; MEA assembly for PEFC ref MEA; MPL saturation determination from X-ray CT-data; Mechanical properties of catalyst layers, GDLs, and MEAs by small-punch and nanoindentation; Neutron Imaging; Pulsed gas analysis; Rotating Ring Disk Electrode (RRDE); SEM and FIB (layer); Sheet resistance measurement; TEM and EDS analysis of MEA; Three electrode cell assesement of CL by XAS, XANES, EXAFS, XRD; Ultrasonic spray deposition for catalytic layers"
https://w3id.org/h2kg/decode/workflow/concept/ccm-area-component,CCM area,component,Parameter,https://w3id.org/h2kg/hydrogen-ontology#Parameter,2,development-of-a-zero-gap-cell-for-gde-based-spectrocopy-measurement; three-electrode-cell-assesement-of-cl-by-xas-xanes-exafs-xrd,reviewed_decode,reviewed_decode_anchor,https://w3id.org/h2kg/decode/workflow/anchor/ccm-area-component,"A specified, controlled, reported, or model-input condition or quantity denoted ""CCM area"" in DECODE hydrogen-electrochemistry workflows.",,"Reviewed DECODE semantic role, source label, source workflow context, and direct-neighbor context. This is a draft for expert review, not an authoritative ontology definition.","Decide: strict H2KG alias, existing H2KG mapping, new reusable H2KG term, or retain reviewed DECODE anchor.",needs_human_review,,,,"[{""iri"": ""https://w3id.org/h2kg/hydrogen-ontology#BETSurfaceAreaNitrogen"", ""label"": ""BET Surface Area Nitrogen"", ""score"": 0.625}, {""iri"": ""https://w3id.org/h2kg/hydrogen-ontology#SegmentActiveArea"", ""label"": ""Segment Active Area"", ""score"": 0.6}, {""iri"": ""https://w3id.org/h2kg/hydrogen-ontology#PoreAreaFraction"", ""label"": ""Pore Area Fraction"", ""score"": 0.588}]","Development of a zero gap cell for GDE based spectrocopy measurement; Three electrode cell assesement of CL by XAS, XANES, EXAFS, XRD"
https://w3id.org/h2kg/decode/workflow/concept/ccm-composition-component,CCM composition,component,Matter,https://w3id.org/h2kg/hydrogen-ontology#Matter,2,development-of-a-zero-gap-cell-for-gde-based-spectrocopy-measurement; three-electrode-cell-assesement-of-cl-by-xas-xanes-exafs-xrd,reviewed_decode,reviewed_decode_anchor,https://w3id.org/h2kg/decode/workflow/anchor/ccm-composition-component,"A material, component, chemical species, phase, specimen, or assembly denoted ""CCM composition"" in DECODE hydrogen-electrochemistry workflows.",,"Reviewed DECODE semantic role, source label, source workflow context, and direct-neighbor context. This is a draft for expert review, not an authoritative ontology definition.","Decide: strict H2KG alias, existing H2KG mapping, new reusable H2KG term, or retain reviewed DECODE anchor.",needs_human_review,,,,"[{""iri"": ""https://w3id.org/h2kg/hydrogen-ontology#GasComposition"", ""label"": ""Gas Composition"", ""score"": 0.733}, {""iri"": ""https://w3id.org/h2kg/hydrogen-ontology#InkCompositionSpecification"", ""label"": ""Ink Composition Specification"", ""score"": 0.733}, {""iri"": ""https://w3id.org/h2kg/hydrogen-ontology#CathodeGasComposition"", ""label"": ""Cathode Gas Composition"", ""score"": 0.684}]","Development of a zero gap cell for GDE based spectrocopy measurement; Three electrode cell assesement of CL by XAS, XANES, EXAFS, XRD"
https://w3id.org/h2kg/decode/workflow/concept/ccm-local-mechanical-strength-macrohomogeneous-local,CCM local mechanical strength,macrohomogeneous local,Property,https://w3id.org/h2kg/hydrogen-ontology#Property,1,mechanical-properties-of-catalyst-layers-gdls-and-meas-by-small-punch-and-nanoindentation,reviewed_decode,reviewed_decode_anchor,https://w3id.org/h2kg/decode/workflow/anchor/ccm-local-mechanical-strength-macrohomogeneous-local,"A measurable, calculated, or derived scientific characteristic denoted ""CCM local mechanical strength"" in DECODE hydrogen-electrochemistry workflows.",,"Reviewed DECODE semantic role, source label, source workflow context, and direct-neighbor context. This is a draft for expert review, not an authoritative ontology definition.","Decide: strict H2KG alias, existing H2KG mapping, new reusable H2KG term, or retain reviewed DECODE anchor.",needs_human_review,,,,"[{""iri"": ""https://w3id.org/h2kg/hydrogen-ontology#MagneticFieldStrength"", ""label"": ""Magnetic Field Strength"", ""score"": 0.615}, {""iri"": ""https://w3id.org/h2kg/hydrogen-ontology#IonicStrength"", ""label"": ""Ionic Strength"", ""score"": 0.605}, {""iri"": ""https://w3id.org/h2kg/hydrogen-ontology#CrushStrength"", ""label"": ""Crush Strength"", ""score"": 0.6}]","Mechanical properties of catalyst layers, GDLs, and MEAs by small-punch and nanoindentation"
https://w3id.org/h2kg/decode/workflow/concept/ccm-local-youngs-modulus-macrohomogeneous-local,CCM local Youngs modulus,macrohomogeneous local,Property,https://w3id.org/h2kg/hydrogen-ontology#Property,1,mechanical-properties-of-catalyst-layers-gdls-and-meas-by-small-punch-and-nanoindentation,reviewed_decode,reviewed_decode_anchor,https://w3id.org/h2kg/decode/workflow/anchor/ccm-local-youngs-modulus-macrohomogeneous-local,"A measurable, calculated, or derived scientific characteristic denoted ""CCM local Youngs modulus"" in DECODE hydrogen-electrochemistry workflows.",,"Reviewed DECODE semantic role, source label, source workflow context, and direct-neighbor context. This is a draft for expert review, not an authoritative ontology definition.","Decide: strict H2KG alias, existing H2KG mapping, new reusable H2KG term, or retain reviewed DECODE anchor.",needs_human_review,,,,"[{""iri"": ""https://w3id.org/h2kg/hydrogen-ontology#YoungsModulus"", ""label"": ""Youngs Modulus"", ""score"": 0.737}, {""iri"": ""https://w3id.org/h2kg/hydrogen-ontology#LossModulus"", ""label"": ""Loss Modulus"", ""score"": 0.579}]","Mechanical properties of catalyst layers, GDLs, and MEAs by small-punch and nanoindentation"
https://w3id.org/h2kg/decode/workflow/concept/cea-mea-model-europium-2d-model,CEA MEA model (Europium 2D),,Process,https://w3id.org/h2kg/hydrogen-ontology#Process,34,0d-particle-population-degradation-model-coupled-with-performance-model-prediction; 0d-particle-population-degradation-model-coupled-with-performance-model-prediction-without-fitting-methods; cea-mea-model-europium-2d; ct-based-capillary-pressure-saturation-curves; current-modulated-hydrogen-flow-rate-spectroscopy-ch2s; determination-of-cl-saturation-by-saxs-or-sans; differential-cell-testing; distribution-of-contact-angles-in-ccl-fib-sem-image-from-ionomer-reconstruction; electrical-conductivity; electrical-contact-resistance; electrical-tlm-characterization-of-a-gdl-with-defined-compression; fib-measurements-on-gdl-or-mpl-and-catalyst-materials; fitting-of-the-europium-model; gas-permeability-of-a-gdl-with-defined-compression; gdl-compressability; hg-porosimetry-gdl; iet-1d-performance-model-for-mea-fitting; iet-composition-to-property-model; iet-ink-to-composition-model; image-based-ccl-effective-transport-property-computation-from-numerical-simulations; image-fib-tomography-dataparameter-extraction-3d; image-parameter-extraction-2d; image-x-ray-tomography-data-parameter-extraction-3d; microscopy-sem-and-optical-in-mea-cross-section; mpl-parameter-estimation-from-gdl-and-substrate-data; sem-and-edx; sem-and-fib-layer; simulation-of-single-phase-3d-apparent-properties; simulation-of-two-phase-3d-apparent-properties; voxel-based-3d-effective-diffusivity-simulation; voxel-based-3d-electric-conductiviy-simulation; voxel-based-3d-permability-simulation; voxel-based-3d-thermal-conductivity-simulation; water-retention-curve-simulation,reviewed_decode,reviewed_decode_anchor,https://w3id.org/h2kg/decode/workflow/anchor/cea-mea-model-europium-2d-model,"A computational, analytical, transformation, or generic workflow process denoted ""CEA MEA model (Europium 2D)"" in DECODE hydrogen-electrochemistry workflows. Source context: Numerous validations on experiments (polarization curves) but difficult to define a validity range,the applicability of the model is large,its validity (compared to experiments) depends on the range of the fitting and the accuracy requestedEIS until now only used under single-pase situations","Numerous validations on experiments (polarization curves) but difficult to define a validity range,the applicability of the model is large,its validity (compared to experiments) depends on the range of the fitting and the accuracy requestedEIS until now only used under single-pase situations","Reviewed DECODE semantic role, source label, source workflow context, and direct-neighbor context. This is a draft for expert review, not an authoritative ontology definition.","Decide: strict H2KG alias, existing H2KG mapping, new reusable H2KG term, or retain reviewed DECODE anchor.",needs_human_review,,,,[],CCL ORR apparent Tafel slope(s); CCL ORR effective exchange current density; CCL ORR effective reaction order(s); CCL ORR rate prefactor; CCL average pore radius; CCL conductivity; CCL current density distribution; CCL effective double-layer capacitance; CCL effective gas transport equation and coefficients in presence of electrochemistry; CCL effective proton conductivity; CCL effective water permeability; CCL generalized Darcy law and gas transport coefficients; CCL ionomer effective film thickness; CCL ionomer saturation; CCL ionomer volume fraction (dry); CCL permeability; CCL porosity; CCL saturation; CCL saturation profiles; CCL thermal conductivity
https://w3id.org/h2kg/decode/workflow/concept/cell-charge-transfer-resistance-device,Cell charge transfer resistance,device,Property,https://w3id.org/h2kg/hydrogen-ontology#Property,1,eis-on-pewe-cells,reviewed_decode,reviewed_decode_anchor,https://w3id.org/h2kg/decode/workflow/anchor/cell-charge-transfer-resistance-device,"A measurable, calculated, or derived scientific characteristic denoted ""Cell charge transfer resistance"" in DECODE hydrogen-electrochemistry workflows.",,"Reviewed DECODE semantic role, source label, source workflow context, and direct-neighbor context. This is a draft for expert review, not an authoritative ontology definition.","Decide: strict H2KG alias, existing H2KG mapping, new reusable H2KG term, or retain reviewed DECODE anchor.",needs_human_review,,,,"[{""iri"": ""https://w3id.org/h2kg/hydrogen-ontology#ChargeTransferResistance"", ""label"": ""Charge Transfer Resistance"", ""score"": 0.912}, {""iri"": ""https://w3id.org/h2kg/hydrogen-ontology#LocalGasTransportResistance"", ""label"": ""Local Gas Transport Resistance"", ""score"": 0.737}, {""iri"": ""https://w3id.org/h2kg/hydrogen-ontology#LocalOxygenTransportResistance"", ""label"": ""Local Oxygen Transport Resistance"", ""score"": 0.719}]",EIS on PEWE cells
https://w3id.org/h2kg/decode/workflow/concept/cell-clamping-pressure-device,Cell clamping pressure,device,Parameter,https://w3id.org/h2kg/hydrogen-ontology#Parameter,4,cea-mea-model-europium-2d; current-modulated-hydrogen-flow-rate-spectroscopy-ch2s; fitting-of-the-europium-model; neutron-imaging,reviewed_decode,reviewed_decode_anchor,https://w3id.org/h2kg/decode/workflow/anchor/cell-clamping-pressure-device,"A specified, controlled, reported, or model-input condition or quantity denoted ""Cell clamping pressure"" in DECODE hydrogen-electrochemistry workflows.",,"Reviewed DECODE semantic role, source label, source workflow context, and direct-neighbor context. This is a draft for expert review, not an authoritative ontology definition.","Decide: strict H2KG alias, existing H2KG mapping, new reusable H2KG term, or retain reviewed DECODE anchor.",needs_human_review,,,,"[{""iri"": ""https://w3id.org/h2kg/hydrogen-ontology#CompressionPressure"", ""label"": ""Compression Pressure"", ""score"": 0.872}, {""iri"": ""https://w3id.org/h2kg/hydrogen-ontology#CellPressure"", ""label"": ""Cell Pressure"", ""score"": 0.743}, {""iri"": ""https://w3id.org/h2kg/hydrogen-ontology#MercuryIntrusionPressure"", ""label"": ""Mercury Intrusion Pressure"", ""score"": 0.706}]",CEA MEA model (Europium 2D); Current modulated hydrogen flow-rate spectroscopy (CH2S); Fitting of the Europium model; Neutron Imaging
https://w3id.org/h2kg/decode/workflow/concept/cell-crossover-current-density-device,Cell crossover current density,device,Property,https://w3id.org/h2kg/hydrogen-ontology#Property,7,0d-particle-population-degradation-model-coupled-with-performance-model-fitting; 0d-particle-population-degradation-model-coupled-with-performance-model-prediction; 0d-particle-population-degradation-model-coupled-with-performance-model-prediction-without-fitting-methods; differential-cell-testing; fitting-of-the-europium-model; iet-1d-performance-model-for-mea-fitting; iet-1d-performance-model-for-mea-prediction,reviewed_decode,reviewed_decode_anchor,https://w3id.org/h2kg/decode/workflow/anchor/cell-crossover-current-density-device,"A measurable, calculated, or derived scientific characteristic denoted ""Cell crossover current density"" in DECODE hydrogen-electrochemistry workflows.",,"Reviewed DECODE semantic role, source label, source workflow context, and direct-neighbor context. This is a draft for expert review, not an authoritative ontology definition.","Decide: strict H2KG alias, existing H2KG mapping, new reusable H2KG term, or retain reviewed DECODE anchor.",needs_human_review,,,,"[{""iri"": ""https://w3id.org/h2kg/hydrogen-ontology#HydrogenCrossoverCurrentDensity"", ""label"": ""Hydrogen Crossover Current Density"", ""score"": 0.909}, {""iri"": ""https://w3id.org/h2kg/hydrogen-ontology#CurrentDensity"", ""label"": ""Current Density"", ""score"": 0.8}, {""iri"": ""https://w3id.org/h2kg/hydrogen-ontology#MaximumCurrentDensity"", ""label"": ""Maximum Current Density"", ""score"": 0.612}]","0D Particle population degradation model coupled with performance model (fitting); 0D Particle population degradation model coupled with performance model (prediction); Differential Cell Testing; Fitting of the Europium model; IET 1D Performance model for MEA (fitting); IET 1D Performance model for MEA (prediction); Single cell test bench: polarization, EIS"
https://w3id.org/h2kg/decode/workflow/concept/cell-current-density-device,Cell current density,device,Property,https://w3id.org/h2kg/hydrogen-ontology#Property,9,current-modulated-hydrogen-flow-rate-spectroscopy-ch2s; determination-of-cl-saturation-by-saxs-or-sans; eis-on-pewe-cells; iet-1d-mea-with-water-transport-eis-model; iet-1d-mea-with-water-transport-in-ccl-eis-model; irras-operando-or-in-situ-ftir; mpl-saturation-determination-from-x-ray-ct-data; neutron-imaging; operando-saxs-or-waxs-small-or-wide-angle-x-ray-spectroscopy,approved_h2kg,strict_alt_label,https://w3id.org/h2kg/hydrogen-ontology#CurrentDensity,"A measurable, calculated, or derived scientific characteristic denoted ""Cell current density"" in DECODE hydrogen-electrochemistry workflows.",,"Reviewed DECODE semantic role, source label, source workflow context, and direct-neighbor context. This is a draft for expert review, not an authoritative ontology definition.",Verify against the canonical H2KG definition and retain only a true synonym.,needs_human_review,,,,"[{""iri"": ""https://w3id.org/h2kg/hydrogen-ontology#CurrentDensity"", ""label"": ""Current Density"", ""score"": 1.0}, {""iri"": ""https://w3id.org/h2kg/hydrogen-ontology#HydrogenCrossoverCurrentDensity"", ""label"": ""Hydrogen Crossover Current Density"", ""score"": 0.8}, {""iri"": ""https://w3id.org/h2kg/hydrogen-ontology#atCurrentDensity"", ""label"": ""atCurrentDensity"", ""score"": 0.778}]",Current modulated hydrogen flow-rate spectroscopy (CH2S); Determination of CL saturation by SAXS/SANS; EIS on PEWE cells; IET 1D MEA with water transport EIS model; IET 1D MEA with water transport in CCL EIS model; IRRAS operando/in-situ FTIR; MPL saturation determination from X-ray CT-data; Neutron Imaging; operando SAXS/WAXS (small/wide angle X-ray spectroscopy)
https://w3id.org/h2kg/decode/workflow/concept/cell-eis-device,Cell EIS,device,Data,https://w3id.org/h2kg/hydrogen-ontology#Data,2,cea-mea-model-europium-2d; differential-cell-testing,reviewed_decode,reviewed_decode_anchor,https://w3id.org/h2kg/decode/workflow/anchor/cell-eis-device,"A recorded, calculated, image-based, or otherwise structured data artifact denoted ""Cell EIS"" in DECODE hydrogen-electrochemistry workflows.",,"Reviewed DECODE semantic role, source label, source workflow context, and direct-neighbor context. This is a draft for expert review, not an authoritative ontology definition.","Decide: strict H2KG alias, existing H2KG mapping, new reusable H2KG term, or retain reviewed DECODE anchor.",needs_human_review,,,,"[{""iri"": ""https://w3id.org/h2kg/hydrogen-ontology#CellPressure"", ""label"": ""Cell Pressure"", ""score"": 0.667}, {""iri"": ""https://w3id.org/h2kg/hydrogen-ontology#CellWidth"", ""label"": ""Cell Width"", ""score"": 0.667}, {""iri"": ""https://w3id.org/h2kg/hydrogen-ontology#BiasPotential"", ""label"": ""Bias Potential"", ""score"": 0.636}]",CEA MEA model (Europium 2D); Differential Cell Testing
https://w3id.org/h2kg/decode/workflow/concept/cell-electrolyte-flow-device,Cell electrolyte flow,device,Parameter,https://w3id.org/h2kg/hydrogen-ontology#Parameter,3,operando-or-in-situ-xas-photon-out; operando-saxs-or-waxs-small-or-wide-angle-x-ray-spectroscopy; thin-windows-operando-or-in-situ-xps,reviewed_decode,reviewed_decode_anchor,https://w3id.org/h2kg/decode/workflow/anchor/cell-electrolyte-flow-device,"A specified, controlled, reported, or model-input condition or quantity denoted ""Cell electrolyte flow"" in DECODE hydrogen-electrochemistry workflows.",,"Reviewed DECODE semantic role, source label, source workflow context, and direct-neighbor context. This is a draft for expert review, not an authoritative ontology definition.","Decide: strict H2KG alias, existing H2KG mapping, new reusable H2KG term, or retain reviewed DECODE anchor.",needs_human_review,,,,"[{""iri"": ""https://w3id.org/h2kg/hydrogen-ontology#PerchloricAcidElectrolyte"", ""label"": ""Perchloric Acid Electrolyte"", ""score"": 0.737}, {""iri"": ""https://w3id.org/h2kg/hydrogen-ontology#PotassiumChlorideElectrolyte"", ""label"": ""Potassium Chloride Electrolyte"", ""score"": 0.722}, {""iri"": ""https://w3id.org/h2kg/hydrogen-ontology#Electrolyte"", ""label"": ""Electrolyte"", ""score"": 0.688}]",operando SAXS/WAXS (small/wide angle X-ray spectroscopy); operando/in-situ XAS (photon-out); thin windows operando/in-situ XPS
https://w3id.org/h2kg/decode/workflow/concept/cell-high-frequency-resistance-device,Cell high-frequency resistance,device,Parameter,https://w3id.org/h2kg/hydrogen-ontology#Parameter,5,data-extraction-from-existing-pewe-measurements-u-i-t; differential-cell-testing; eis-on-pewe-cells; fitting-of-the-europium-model; iet-1d-performance-model-for-mea-fitting,reviewed_decode,reviewed_decode_anchor,https://w3id.org/h2kg/decode/workflow/anchor/cell-high-frequency-resistance-device,"A specified, controlled, reported, or model-input condition or quantity denoted ""Cell high-frequency resistance"" in DECODE hydrogen-electrochemistry workflows.",,"Reviewed DECODE semantic role, source label, source workflow context, and direct-neighbor context. This is a draft for expert review, not an authoritative ontology definition.","Decide: strict H2KG alias, existing H2KG mapping, new reusable H2KG term, or retain reviewed DECODE anchor.",needs_human_review,,,,"[{""iri"": ""https://w3id.org/h2kg/hydrogen-ontology#HighFrequencyResistance"", ""label"": ""High Frequency Resistance"", ""score"": 0.909}, {""iri"": ""https://w3id.org/h2kg/hydrogen-ontology#OhmicResistance"", ""label"": ""Ohmic Resistance"", ""score"": 0.909}, {""iri"": ""https://w3id.org/h2kg/hydrogen-ontology#CurrentInterruptHFRMeasurement"", ""label"": ""Current-Interrupt HFR Measurement"", ""score"": 0.704}]","Data extraction from existing PEWE measurements (U-i-t); Differential Cell Testing; EIS on PEWE cells; Fitting of the Europium model; IET 1D Performance model for MEA (fitting); Single cell test bench: polarization, EIS"
https://w3id.org/h2kg/decode/workflow/concept/cell-high-frequency-resistance-aged-device,Cell high-frequency resistance (aged),device,Parameter,https://w3id.org/h2kg/hydrogen-ontology#Parameter,1,0d-particle-population-degradation-model-coupled-with-performance-model-fitting,reviewed_decode,reviewed_decode_anchor,https://w3id.org/h2kg/decode/workflow/anchor/cell-high-frequency-resistance-aged-device,"A specified, controlled, reported, or model-input condition or quantity denoted ""Cell high-frequency resistance (aged)"" in DECODE hydrogen-electrochemistry workflows.",,"Reviewed DECODE semantic role, source label, source workflow context, and direct-neighbor context. This is a draft for expert review, not an authoritative ontology definition.","Decide: strict H2KG alias, existing H2KG mapping, new reusable H2KG term, or retain reviewed DECODE anchor.",needs_human_review,,,,"[{""iri"": ""https://w3id.org/h2kg/hydrogen-ontology#HighFrequencyResistance"", ""label"": ""High Frequency Resistance"", ""score"": 0.833}, {""iri"": ""https://w3id.org/h2kg/hydrogen-ontology#OhmicResistance"", ""label"": ""Ohmic Resistance"", ""score"": 0.833}, {""iri"": ""https://w3id.org/h2kg/hydrogen-ontology#CurrentInterruptHFRMeasurement"", ""label"": ""Current-Interrupt HFR Measurement"", ""score"": 0.658}]",0D Particle population degradation model coupled with performance model (fitting)
https://w3id.org/h2kg/decode/workflow/concept/cell-inlet-humidification-device,Cell inlet humidification,device,Parameter,https://w3id.org/h2kg/hydrogen-ontology#Parameter,10,cea-mea-model-europium-2d; current-modulated-hydrogen-flow-rate-spectroscopy-ch2s; determination-of-cl-saturation-by-saxs-or-sans; fitting-of-the-europium-model; iet-1d-mea-with-water-transport-eis-model; iet-1d-mea-with-water-transport-in-ccl-eis-model; iet-1d-performance-model-for-mea-fitting; iet-1d-performance-model-for-mea-prediction; mpl-saturation-determination-from-x-ray-ct-data; neutron-imaging,reviewed_decode,reviewed_decode_anchor,https://w3id.org/h2kg/decode/workflow/anchor/cell-inlet-humidification-device,"A specified, controlled, reported, or model-input condition or quantity denoted ""Cell inlet humidification"" in DECODE hydrogen-electrochemistry workflows.",,"Reviewed DECODE semantic role, source label, source workflow context, and direct-neighbor context. This is a draft for expert review, not an authoritative ontology definition.","Decide: strict H2KG alias, existing H2KG mapping, new reusable H2KG term, or retain reviewed DECODE anchor.",needs_human_review,,,,"[{""iri"": ""https://w3id.org/h2kg/hydrogen-ontology#GasHumidificationUnit"", ""label"": ""Gas Humidification Unit"", ""score"": 0.773}, {""iri"": ""https://w3id.org/h2kg/hydrogen-ontology#RelativeHumidity"", ""label"": ""Relative Humidity"", ""score"": 0.718}, {""iri"": ""https://w3id.org/h2kg/hydrogen-ontology#HumidifierTemperature"", ""label"": ""Humidifier Temperature"", ""score"": 0.667}]",CEA MEA model (Europium 2D); Current modulated hydrogen flow-rate spectroscopy (CH2S); Determination of CL saturation by SAXS/SANS; Fitting of the Europium model; IET 1D MEA with water transport EIS model; IET 1D MEA with water transport in CCL EIS model; IET 1D Performance model for MEA (fitting); IET 1D Performance model for MEA (prediction); MPL saturation determination from X-ray CT-data; Neutron Imaging
https://w3id.org/h2kg/decode/workflow/concept/cell-inlet-o2-mole-fraction-dry-device,Cell inlet O2 mole fraction (dry),device,Parameter,https://w3id.org/h2kg/hydrogen-ontology#Parameter,3,cea-mea-model-europium-2d; fitting-of-the-europium-model; iet-1d-performance-model-for-mea-prediction,reviewed_decode,reviewed_decode_anchor,https://w3id.org/h2kg/decode/workflow/anchor/cell-inlet-o2-mole-fraction-dry-device,"A specified, controlled, reported, or model-input condition or quantity denoted ""Cell inlet O2 mole fraction (dry)"" in DECODE hydrogen-electrochemistry workflows.",,"Reviewed DECODE semantic role, source label, source workflow context, and direct-neighbor context. This is a draft for expert review, not an authoritative ontology definition.","Decide: strict H2KG alias, existing H2KG mapping, new reusable H2KG term, or retain reviewed DECODE anchor.",needs_human_review,,,,"[{""iri"": ""https://w3id.org/h2kg/hydrogen-ontology#OxygenVolumeFraction"", ""label"": ""Oxygen Volume Fraction"", ""score"": 0.681}, {""iri"": ""https://w3id.org/h2kg/hydrogen-ontology#FiberIonomerVolumeFraction"", ""label"": ""Fiber Ionomer Volume Fraction"", ""score"": 0.633}, {""iri"": ""https://w3id.org/h2kg/hydrogen-ontology#SolarEnergyFractionInfrared"", ""label"": ""Solar Energy Fraction Infrared"", ""score"": 0.623}]",CEA MEA model (Europium 2D); Fitting of the Europium model; IET 1D Performance model for MEA (prediction)
https://w3id.org/h2kg/decode/workflow/concept/cell-inlet-pressure-device,Cell inlet pressure,device,Parameter,https://w3id.org/h2kg/hydrogen-ontology#Parameter,10,0d-particle-population-degradation-model-coupled-with-performance-model-prediction; 0d-particle-population-degradation-model-coupled-with-performance-model-prediction-without-fitting-methods; cea-mea-model-europium-2d; current-modulated-hydrogen-flow-rate-spectroscopy-ch2s; fitting-of-the-europium-model; iet-1d-mea-with-water-transport-eis-model; iet-1d-mea-with-water-transport-in-ccl-eis-model; iet-1d-performance-model-for-mea-fitting; iet-1d-performance-model-for-mea-prediction; neutron-imaging,reviewed_decode,reviewed_decode_anchor,https://w3id.org/h2kg/decode/workflow/anchor/cell-inlet-pressure-device,"A specified, controlled, reported, or model-input condition or quantity denoted ""Cell inlet pressure"" in DECODE hydrogen-electrochemistry workflows.",,"Reviewed DECODE semantic role, source label, source workflow context, and direct-neighbor context. This is a draft for expert review, not an authoritative ontology definition.","Decide: strict H2KG alias, existing H2KG mapping, new reusable H2KG term, or retain reviewed DECODE anchor.",needs_human_review,,,,"[{""iri"": ""https://w3id.org/h2kg/hydrogen-ontology#CellPressure"", ""label"": ""Cell Pressure"", ""score"": 0.812}, {""iri"": ""https://w3id.org/h2kg/hydrogen-ontology#CompressionPressure"", ""label"": ""Compression Pressure"", ""score"": 0.722}, {""iri"": ""https://w3id.org/h2kg/hydrogen-ontology#MercuryIntrusionPressure"", ""label"": ""Mercury Intrusion Pressure"", ""score"": 0.71}]",0D Particle population degradation model coupled with performance model (prediction); CEA MEA model (Europium 2D); Current modulated hydrogen flow-rate spectroscopy (CH2S); Fitting of the Europium model; IET 1D MEA with water transport EIS model; IET 1D MEA with water transport in CCL EIS model; IET 1D Performance model for MEA (fitting); IET 1D Performance model for MEA (prediction); Neutron Imaging
https://w3id.org/h2kg/decode/workflow/concept/cell-inlet-species-concentrations-device,Cell inlet species concentrations,device,Parameter,https://w3id.org/h2kg/hydrogen-ontology#Parameter,2,0d-particle-population-degradation-model-coupled-with-performance-model-prediction; 0d-particle-population-degradation-model-coupled-with-performance-model-prediction-without-fitting-methods,reviewed_decode,reviewed_decode_anchor,https://w3id.org/h2kg/decode/workflow/anchor/cell-inlet-species-concentrations-device,"A specified, controlled, reported, or model-input condition or quantity denoted ""Cell inlet species concentrations"" in DECODE hydrogen-electrochemistry workflows.",,"Reviewed DECODE semantic role, source label, source workflow context, and direct-neighbor context. This is a draft for expert review, not an authoritative ontology definition.","Decide: strict H2KG alias, existing H2KG mapping, new reusable H2KG term, or retain reviewed DECODE anchor.",needs_human_review,,,,"[{""iri"": ""https://w3id.org/h2kg/hydrogen-ontology#CatalystMassConcentrationInInk"", ""label"": ""Catalyst Mass Concentration In Ink"", ""score"": 0.657}, {""iri"": ""https://w3id.org/h2kg/hydrogen-ontology#CarbonMassFractionInInk"", ""label"": ""Carbon Mass Fraction In Ink"", ""score"": 0.656}, {""iri"": ""https://w3id.org/h2kg/hydrogen-ontology#CatalystSuspensionConcentration"", ""label"": ""Catalyst Suspension Concentration"", ""score"": 0.655}]",0D Particle population degradation model coupled with performance model (prediction)
https://w3id.org/h2kg/decode/workflow/concept/cell-limiting-current-device,Cell limiting current,device,Property,https://w3id.org/h2kg/hydrogen-ontology#Property,4,cea-mea-model-europium-2d; differential-cell-testing; fitting-of-the-europium-model; iet-1d-performance-model-for-mea-prediction,reviewed_decode,reviewed_decode_anchor,https://w3id.org/h2kg/decode/workflow/anchor/cell-limiting-current-device,"A measurable, calculated, or derived scientific characteristic denoted ""Cell limiting current"" in DECODE hydrogen-electrochemistry workflows.",,"Reviewed DECODE semantic role, source label, source workflow context, and direct-neighbor context. This is a draft for expert review, not an authoritative ontology definition.","Decide: strict H2KG alias, existing H2KG mapping, new reusable H2KG term, or retain reviewed DECODE anchor.",needs_human_review,,,,"[{""iri"": ""https://w3id.org/h2kg/hydrogen-ontology#LimitingCurrentDensity"", ""label"": ""Limiting Current Density"", ""score"": 0.865}, {""iri"": ""https://w3id.org/h2kg/hydrogen-ontology#LimitingCurrentMeasurement"", ""label"": ""Limiting Current Measurement"", ""score"": 0.865}, {""iri"": ""https://w3id.org/h2kg/hydrogen-ontology#LimitingCurrentDataset"", ""label"": ""Limiting Current Dataset"", ""score"": 0.762}]","CEA MEA model (Europium 2D); Differential Cell Testing; Fitting of the Europium model; IET 1D Performance model for MEA (prediction); Single cell test bench: polarization, EIS"
https://w3id.org/h2kg/decode/workflow/concept/cell-mass-transport-resistance-device,Cell mass transport resistance,device,Parameter,https://w3id.org/h2kg/hydrogen-ontology#Parameter,1,eis-on-pewe-cells,reviewed_decode,reviewed_decode_anchor,https://w3id.org/h2kg/decode/workflow/anchor/cell-mass-transport-resistance-device,"A specified, controlled, reported, or model-input condition or quantity denoted ""Cell mass transport resistance"" in DECODE hydrogen-electrochemistry workflows.",,"Reviewed DECODE semantic role, source label, source workflow context, and direct-neighbor context. This is a draft for expert review, not an authoritative ontology definition.","Decide: strict H2KG alias, existing H2KG mapping, new reusable H2KG term, or retain reviewed DECODE anchor.",needs_human_review,,,,"[{""iri"": ""https://w3id.org/h2kg/hydrogen-ontology#LocalGasTransportResistance"", ""label"": ""Local Gas Transport Resistance"", ""score"": 0.918}, {""iri"": ""https://w3id.org/h2kg/hydrogen-ontology#MassTransportResistance"", ""label"": ""Mass Transport Resistance"", ""score"": 0.909}, {""iri"": ""https://w3id.org/h2kg/hydrogen-ontology#LimitingCurrentDataset"", ""label"": ""Limiting Current Dataset"", ""score"": 0.8}]",EIS on PEWE cells
https://w3id.org/h2kg/decode/workflow/concept/cell-operation-conditions-device,Cell operation conditions,device,Parameter,https://w3id.org/h2kg/hydrogen-ontology#Parameter,2,0d-particle-population-degradation-model-coupled-with-performance-model-fitting; differential-cell-testing,reviewed_decode,reviewed_decode_anchor,https://w3id.org/h2kg/decode/workflow/anchor/cell-operation-conditions-device,"A specified, controlled, reported, or model-input condition or quantity denoted ""Cell operation conditions"" in DECODE hydrogen-electrochemistry workflows.",,"Reviewed DECODE semantic role, source label, source workflow context, and direct-neighbor context. This is a draft for expert review, not an authoritative ontology definition.","Decide: strict H2KG alias, existing H2KG mapping, new reusable H2KG term, or retain reviewed DECODE anchor.",needs_human_review,,,,"[{""iri"": ""https://w3id.org/h2kg/hydrogen-ontology#FuelCellOperationTime"", ""label"": ""Fuel Cell Operation Time"", ""score"": 0.8}, {""iri"": ""https://w3id.org/h2kg/hydrogen-ontology#ConditioningTime"", ""label"": ""Conditioning Time"", ""score"": 0.682}, {""iri"": ""https://w3id.org/h2kg/hydrogen-ontology#CatalystLayerCompositionSpecification"", ""label"": ""Catalyst Layer Composition Specification"", ""score"": 0.679}]",0D Particle population degradation model coupled with performance model (fitting); Differential Cell Testing
https://w3id.org/h2kg/decode/workflow/concept/cell-polarization-curve-device,Cell polarization curve,device,Data,https://w3id.org/h2kg/hydrogen-ontology#Data,6,cea-mea-model-europium-2d; differential-cell-testing; fitting-of-the-europium-model; iet-1d-performance-model-for-mea-fitting; iet-1d-performance-model-for-mea-prediction; pulsed-gas-analysis,reviewed_decode,reviewed_decode_anchor,https://w3id.org/h2kg/decode/workflow/anchor/cell-polarization-curve-device,"A recorded, calculated, image-based, or otherwise structured data artifact denoted ""Cell polarization curve"" in DECODE hydrogen-electrochemistry workflows.",,"Reviewed DECODE semantic role, source label, source workflow context, and direct-neighbor context. This is a draft for expert review, not an authoritative ontology definition.","Decide: strict H2KG alias, existing H2KG mapping, new reusable H2KG term, or retain reviewed DECODE anchor.",needs_human_review,,,,"[{""iri"": ""https://w3id.org/h2kg/hydrogen-ontology#FuelCellPolarizationMeasurement"", ""label"": ""Fuel Cell Polarization Measurement"", ""score"": 0.868}, {""iri"": ""https://w3id.org/h2kg/hydrogen-ontology#PolarizationCurveAnalysis"", ""label"": ""Polarization Curve Analysis"", ""score"": 0.8}, {""iri"": ""https://w3id.org/h2kg/hydrogen-ontology#PolarizationCurveDataset"", ""label"": ""Polarization Curve Dataset"", ""score"": 0.783}]","CEA MEA model (Europium 2D); Differential Cell Testing; Fitting of the Europium model; IET 1D Performance model for MEA (fitting); IET 1D Performance model for MEA (prediction); Pulsed gas analysis; Single cell test bench: polarization, EIS"
https://w3id.org/h2kg/decode/workflow/concept/cell-polarization-curve-aged-device,Cell polarization curve (aged),device,Data,https://w3id.org/h2kg/hydrogen-ontology#Data,2,0d-particle-population-degradation-model-coupled-with-performance-model-prediction; 0d-particle-population-degradation-model-coupled-with-performance-model-prediction-without-fitting-methods,reviewed_decode,reviewed_decode_anchor,https://w3id.org/h2kg/decode/workflow/anchor/cell-polarization-curve-aged-device,"A recorded, calculated, image-based, or otherwise structured data artifact denoted ""Cell polarization curve (aged)"" in DECODE hydrogen-electrochemistry workflows.",,"Reviewed DECODE semantic role, source label, source workflow context, and direct-neighbor context. This is a draft for expert review, not an authoritative ontology definition.","Decide: strict H2KG alias, existing H2KG mapping, new reusable H2KG term, or retain reviewed DECODE anchor.",needs_human_review,,,,"[{""iri"": ""https://w3id.org/h2kg/hydrogen-ontology#FuelCellPolarizationMeasurement"", ""label"": ""Fuel Cell Polarization Measurement"", ""score"": 0.793}, {""iri"": ""https://w3id.org/h2kg/hydrogen-ontology#PolarizationCurveAnalysis"", ""label"": ""Polarization Curve Analysis"", ""score"": 0.764}, {""iri"": ""https://w3id.org/h2kg/hydrogen-ontology#PolarizationCurveDataset"", ""label"": ""Polarization Curve Dataset"", ""score"": 0.706}]",0D Particle population degradation model coupled with performance model (prediction)
https://w3id.org/h2kg/decode/workflow/concept/cell-stoichiometries-device,Cell stoichiometries,device,Parameter,https://w3id.org/h2kg/hydrogen-ontology#Parameter,3,determination-of-cl-saturation-by-saxs-or-sans; iet-1d-performance-model-for-mea-prediction; mpl-saturation-determination-from-x-ray-ct-data,reviewed_decode,reviewed_decode_anchor,https://w3id.org/h2kg/decode/workflow/anchor/cell-stoichiometries-device,"A specified, controlled, reported, or model-input condition or quantity denoted ""Cell stoichiometries"" in DECODE hydrogen-electrochemistry workflows.",,"Reviewed DECODE semantic role, source label, source workflow context, and direct-neighbor context. This is a draft for expert review, not an authoritative ontology definition.","Decide: strict H2KG alias, existing H2KG mapping, new reusable H2KG term, or retain reviewed DECODE anchor.",needs_human_review,,,,"[{""iri"": ""https://w3id.org/h2kg/hydrogen-ontology#CathodeStoichiometricRatio"", ""label"": ""Cathode Stoichiometric Ratio"", ""score"": 0.732}, {""iri"": ""https://w3id.org/h2kg/hydrogen-ontology#AnodeStoichiometricRatio"", ""label"": ""Anode Stoichiometric Ratio"", ""score"": 0.718}, {""iri"": ""https://w3id.org/h2kg/hydrogen-ontology#OperatingTemperature"", ""label"": ""Operating Temperature"", ""score"": 0.611}]",Determination of CL saturation by SAXS/SANS; IET 1D Performance model for MEA (prediction); MPL saturation determination from X-ray CT-data
https://w3id.org/h2kg/decode/workflow/concept/cell-tafel-slope-device,Cell Tafel slope,device,Property,https://w3id.org/h2kg/hydrogen-ontology#Property,1,data-extraction-from-existing-pewe-measurements-u-i-t,reviewed_decode,reviewed_decode_anchor,https://w3id.org/h2kg/decode/workflow/anchor/cell-tafel-slope-device,"A measurable, calculated, or derived scientific characteristic denoted ""Cell Tafel slope"" in DECODE hydrogen-electrochemistry workflows.",,"Reviewed DECODE semantic role, source label, source workflow context, and direct-neighbor context. This is a draft for expert review, not an authoritative ontology definition.","Decide: strict H2KG alias, existing H2KG mapping, new reusable H2KG term, or retain reviewed DECODE anchor.",needs_human_review,,,,"[{""iri"": ""https://w3id.org/h2kg/hydrogen-ontology#TafelSlope"", ""label"": ""Tafel Slope"", ""score"": 0.828}, {""iri"": ""https://w3id.org/h2kg/hydrogen-ontology#TafelSlopeStepAnalysis"", ""label"": ""Tafel Slope Step Analysis"", ""score"": 0.722}, {""iri"": ""https://w3id.org/h2kg/hydrogen-ontology#BiasPotential"", ""label"": ""Bias Potential"", ""score"": 0.667}]",Data extraction from existing PEWE measurements (U-i-t)
https://w3id.org/h2kg/decode/workflow/concept/cell-temperature-device,Cell temperature,device,Parameter,https://w3id.org/h2kg/hydrogen-ontology#Parameter,13,0d-particle-population-degradation-model-coupled-with-performance-model-prediction; 0d-particle-population-degradation-model-coupled-with-performance-model-prediction-without-fitting-methods; cea-mea-model-europium-2d; current-modulated-hydrogen-flow-rate-spectroscopy-ch2s; determination-of-cl-saturation-by-saxs-or-sans; fitting-of-the-europium-model; iet-1d-mea-with-water-transport-eis-model; iet-1d-mea-with-water-transport-in-ccl-eis-model; iet-1d-performance-model-for-mea-fitting; iet-1d-performance-model-for-mea-prediction; mpl-saturation-determination-from-x-ray-ct-data; neutron-imaging; operando-saxs-or-waxs-small-or-wide-angle-x-ray-spectroscopy,reviewed_decode,reviewed_decode_anchor,https://w3id.org/h2kg/decode/workflow/anchor/cell-temperature-device,"A specified, controlled, reported, or model-input condition or quantity denoted ""Cell temperature"" in DECODE hydrogen-electrochemistry workflows.",,"Reviewed DECODE semantic role, source label, source workflow context, and direct-neighbor context. This is a draft for expert review, not an authoritative ontology definition.","Decide: strict H2KG alias, existing H2KG mapping, new reusable H2KG term, or retain reviewed DECODE anchor.",needs_human_review,,,,"[{""iri"": ""https://w3id.org/h2kg/hydrogen-ontology#OperatingTemperature"", ""label"": ""Operating Temperature"", ""score"": 1.0}, {""iri"": ""https://w3id.org/h2kg/hydrogen-ontology#Temperature"", ""label"": ""Temperature"", ""score"": 1.0}, {""iri"": ""https://w3id.org/h2kg/hydrogen-ontology#BakeTemperature"", ""label"": ""Bake Temperature"", ""score"": 0.812}]",0D Particle population degradation model coupled with performance model (prediction); CEA MEA model (Europium 2D); Current modulated hydrogen flow-rate spectroscopy (CH2S); Determination of CL saturation by SAXS/SANS; Fitting of the Europium model; IET 1D MEA with water transport EIS model; IET 1D MEA with water transport in CCL EIS model; IET 1D Performance model for MEA (fitting); IET 1D Performance model for MEA (prediction); MPL saturation determination from X-ray CT-data; Neutron Imaging; operando SAXS/WAXS (small/wide angle X-ray spectroscopy)
https://w3id.org/h2kg/decode/workflow/concept/cell-voltammogram-device,Cell voltammogram,device,Data,https://w3id.org/h2kg/hydrogen-ontology#Data,2,differential-cell-testing; fitting-of-the-europium-model,reviewed_decode,reviewed_decode_anchor,https://w3id.org/h2kg/decode/workflow/anchor/cell-voltammogram-device,"A recorded, calculated, image-based, or otherwise structured data artifact denoted ""Cell voltammogram"" in DECODE hydrogen-electrochemistry workflows.",,"Reviewed DECODE semantic role, source label, source workflow context, and direct-neighbor context. This is a draft for expert review, not an authoritative ontology definition.","Decide: strict H2KG alias, existing H2KG mapping, new reusable H2KG term, or retain reviewed DECODE anchor.",needs_human_review,,,,"[{""iri"": ""https://w3id.org/h2kg/hydrogen-ontology#CyclicVoltammetry"", ""label"": ""Cyclic Voltammetry"", ""score"": 0.833}, {""iri"": ""https://w3id.org/h2kg/hydrogen-ontology#CyclicVoltammogramDataset"", ""label"": ""Cyclic Voltammogram Dataset"", ""score"": 0.833}, {""iri"": ""https://w3id.org/h2kg/hydrogen-ontology#CellVoltage"", ""label"": ""Cell Voltage"", ""score"": 0.759}]","Differential Cell Testing; Fitting of the Europium model; Single cell test bench: polarization, EIS"
https://w3id.org/h2kg/decode/workflow/concept/chemicals-for-prism-preparation-material,Chemicals for prism preparation,material,Matter,https://w3id.org/h2kg/hydrogen-ontology#Matter,1,prism-preparation-for-atr-ftir,reviewed_decode,reviewed_decode_anchor,https://w3id.org/h2kg/decode/workflow/anchor/chemicals-for-prism-preparation-material,"A material, component, chemical species, phase, specimen, or assembly denoted ""Chemicals for prism preparation"" in DECODE hydrogen-electrochemistry workflows.",,"Reviewed DECODE semantic role, source label, source workflow context, and direct-neighbor context. This is a draft for expert review, not an authoritative ontology definition.","Decide: strict H2KG alias, existing H2KG mapping, new reusable H2KG term, or retain reviewed DECODE anchor.",needs_human_review,,,,"[{""iri"": ""https://w3id.org/h2kg/hydrogen-ontology#CatalystInkPreparation"", ""label"": ""Catalyst Ink Preparation"", ""score"": 0.618}, {""iri"": ""https://w3id.org/h2kg/hydrogen-ontology#FuelCellOperationTime"", ""label"": ""Fuel Cell Operation Time"", ""score"": 0.618}, {""iri"": ""https://w3id.org/h2kg/hydrogen-ontology#InkStabilityTime"", ""label"": ""Ink Stability Time"", ""score"": 0.615}]",Prism Preparation for ATR-FTIR
https://w3id.org/h2kg/decode/workflow/concept/cl-aged-component,CL (aged),component,Matter,https://w3id.org/h2kg/hydrogen-ontology#Matter,1,additional-measurements-on-pewe-during-operation,reviewed_decode,reviewed_decode_anchor,https://w3id.org/h2kg/decode/workflow/anchor/cl-aged-component,"A material, component, chemical species, phase, specimen, or assembly denoted ""CL (aged)"" in DECODE hydrogen-electrochemistry workflows.",,"Reviewed DECODE semantic role, source label, source workflow context, and direct-neighbor context. This is a draft for expert review, not an authoritative ontology definition.","Decide: strict H2KG alias, existing H2KG mapping, new reusable H2KG term, or retain reviewed DECODE anchor.",needs_human_review,,,,"[{""iri"": ""https://w3id.org/h2kg/hydrogen-ontology#AgAgCl"", ""label"": ""Ag/AgCl"", ""score"": 0.714}, {""iri"": ""https://w3id.org/h2kg/hydrogen-ontology#AgAgClPotentialVsRHE"", ""label"": ""Ag Ag Cl Potential Vs RHE"", ""score"": 0.625}, {""iri"": ""https://w3id.org/h2kg/hydrogen-ontology#AcidDopingLevel"", ""label"": ""Acid Doping Level"", ""score"": 0.6}]",Additional measurements on PEWE during operation
https://w3id.org/h2kg/decode/workflow/concept/cl-for-rde-method,CL for RDE,,Manufacturing,https://w3id.org/h2kg/hydrogen-ontology#Manufacturing,8,cl-for-rde; fib-measurements-on-gdl-or-mpl-and-catalyst-materials; impregnation-by-immersion-and-blade-coating; model-electrochemistry-in-a-rde-cell; sheet-resistance-measurement,reviewed_decode,reviewed_decode_anchor,https://w3id.org/h2kg/decode/workflow/anchor/cl-for-rde-method,"A fabrication, preparation, deposition, assembly, or conditioning operation denoted ""CL for RDE"" in DECODE hydrogen-electrochemistry workflows. Source context: To nanostructured materials that can be mixed into inks (e.g., not too hydrophobic - but ink composition can be revisited) To nanostructured materials that can be mixed into inks (e.g., not too hydrophobic - but ink composition can be revisited)","To nanostructured materials that can be mixed into inks (e.g., not too hydrophobic - but ink composition can be revisited) To nanostructured materials that can be mixed into inks (e.g., not too hydrophobic - but ink composition can be revisited)","Reviewed DECODE semantic role, source label, source workflow context, and direct-neighbor context. This is a draft for expert review, not an authoritative ontology definition.","Decide: strict H2KG alias, existing H2KG mapping, new reusable H2KG term, or retain reviewed DECODE anchor.",needs_human_review,,,,"[{""iri"": ""https://w3id.org/h2kg/hydrogen-ontology#CarbonNanotubeForest"", ""label"": ""Carbon Nanotube Forest"", ""score"": 0.6}, {""iri"": ""https://w3id.org/h2kg/hydrogen-ontology#CoolingRate"", ""label"": ""Cooling Rate"", ""score"": 0.583}, {""iri"": ""https://w3id.org/h2kg/hydrogen-ontology#CarbonAgglomerateCoreRadius"", ""label"": ""Carbon Agglomerate Core Radius"", ""score"": 0.571}]",CL on GDL; CL on glassy carbon; Catalyst ink composition; Catalyst powder; GDL; Glassy carbon; Instruments for mixing and deposition; Ionomer; Solvent
https://w3id.org/h2kg/decode/workflow/concept/cl-local-mechanical-strength-macrohomogeneous-local,CL local mechanical strength,macrohomogeneous local,Property,https://w3id.org/h2kg/hydrogen-ontology#Property,1,mechanical-properties-of-catalyst-layers-gdls-and-meas-by-small-punch-and-nanoindentation,reviewed_decode,reviewed_decode_anchor,https://w3id.org/h2kg/decode/workflow/anchor/cl-local-mechanical-strength-macrohomogeneous-local,"A measurable, calculated, or derived scientific characteristic denoted ""CL local mechanical strength"" in DECODE hydrogen-electrochemistry workflows.",,"Reviewed DECODE semantic role, source label, source workflow context, and direct-neighbor context. This is a draft for expert review, not an authoritative ontology definition.","Decide: strict H2KG alias, existing H2KG mapping, new reusable H2KG term, or retain reviewed DECODE anchor.",needs_human_review,,,,"[{""iri"": ""https://w3id.org/h2kg/hydrogen-ontology#MagneticFieldStrength"", ""label"": ""Magnetic Field Strength"", ""score"": 0.627}, {""iri"": ""https://w3id.org/h2kg/hydrogen-ontology#IonicStrength"", ""label"": ""Ionic Strength"", ""score"": 0.619}, {""iri"": ""https://w3id.org/h2kg/hydrogen-ontology#CrushStrength"", ""label"": ""Crush Strength"", ""score"": 0.612}]","Mechanical properties of catalyst layers, GDLs, and MEAs by small-punch and nanoindentation"
https://w3id.org/h2kg/decode/workflow/concept/cl-local-youngs-modulus-macrohomogeneous-local,CL local Youngs modulus,macrohomogeneous local,Property,https://w3id.org/h2kg/hydrogen-ontology#Property,1,mechanical-properties-of-catalyst-layers-gdls-and-meas-by-small-punch-and-nanoindentation,reviewed_decode,reviewed_decode_anchor,https://w3id.org/h2kg/decode/workflow/anchor/cl-local-youngs-modulus-macrohomogeneous-local,"A measurable, calculated, or derived scientific characteristic denoted ""CL local Youngs modulus"" in DECODE hydrogen-electrochemistry workflows.",,"Reviewed DECODE semantic role, source label, source workflow context, and direct-neighbor context. This is a draft for expert review, not an authoritative ontology definition.","Decide: strict H2KG alias, existing H2KG mapping, new reusable H2KG term, or retain reviewed DECODE anchor.",needs_human_review,,,,"[{""iri"": ""https://w3id.org/h2kg/hydrogen-ontology#YoungsModulus"", ""label"": ""Youngs Modulus"", ""score"": 0.757}, {""iri"": ""https://w3id.org/h2kg/hydrogen-ontology#LossModulus"", ""label"": ""Loss Modulus"", ""score"": 0.595}, {""iri"": ""https://w3id.org/h2kg/hydrogen-ontology#PlateauLossModulus"", ""label"": ""Plateau Loss Modulus"", ""score"": 0.558}]","Mechanical properties of catalyst layers, GDLs, and MEAs by small-punch and nanoindentation"
https://w3id.org/h2kg/decode/workflow/concept/cl-nanostructure-porous-network-model-meso,CL nanostructure porous network model,meso,Process,https://w3id.org/h2kg/hydrogen-ontology#Process,1,transmission-line-model-fitting-of-cl-eis-patterns-for-components-distribution,reviewed_decode,reviewed_decode_anchor,https://w3id.org/h2kg/decode/workflow/anchor/cl-nanostructure-porous-network-model-meso,"A computational, analytical, transformation, or generic workflow process denoted ""CL nanostructure porous network model"" in DECODE hydrogen-electrochemistry workflows.",,"Reviewed DECODE semantic role, source label, source workflow context, and direct-neighbor context. This is a draft for expert review, not an authoritative ontology definition.","Decide: strict H2KG alias, existing H2KG mapping, new reusable H2KG term, or retain reviewed DECODE anchor.",needs_human_review,,,,"[{""iri"": ""https://w3id.org/h2kg/hydrogen-ontology#NiFe2O4Nanostructure"", ""label"": ""Ni Fe 2 O 4 Nanostructure"", ""score"": 0.645}]",Transmission Line Model Fitting of CL EIS patterns for components distribution
https://w3id.org/h2kg/decode/workflow/concept/cl-on-gdl-component,CL on GDL,component,Matter,https://w3id.org/h2kg/hydrogen-ontology#Matter,3,cl-for-rde; fib-measurements-on-gdl-or-mpl-and-catalyst-materials; sheet-resistance-measurement,reviewed_decode,reviewed_decode_anchor,https://w3id.org/h2kg/decode/workflow/anchor/cl-on-gdl-component,"A material, component, chemical species, phase, specimen, or assembly denoted ""CL on GDL"" in DECODE hydrogen-electrochemistry workflows.",,"Reviewed DECODE semantic role, source label, source workflow context, and direct-neighbor context. This is a draft for expert review, not an authoritative ontology definition.","Decide: strict H2KG alias, existing H2KG mapping, new reusable H2KG term, or retain reviewed DECODE anchor.",needs_human_review,,,,"[{""iri"": ""https://w3id.org/h2kg/hydrogen-ontology#SiliconeCaulk"", ""label"": ""Silicone Caulk"", ""score"": 0.593}, {""iri"": ""https://w3id.org/h2kg/hydrogen-ontology#NiPlusMgToAlMolarRatio"", ""label"": ""Ni Plus Mg To Al Molar Ratio"", ""score"": 0.588}, {""iri"": ""https://w3id.org/h2kg/hydrogen-ontology#CathodeGDE"", ""label"": ""Cathode GDE"", ""score"": 0.583}]",CL for RDE; FIB measurements on GDL/MPL and catalyst materials.; Sheet resistance measurement
https://w3id.org/h2kg/decode/workflow/concept/cl-on-glassy-carbon-component,CL on glassy carbon,component,Matter,https://w3id.org/h2kg/hydrogen-ontology#Matter,4,cl-for-rde; fib-measurements-on-gdl-or-mpl-and-catalyst-materials; model-electrochemistry-in-a-rde-cell; sheet-resistance-measurement,reviewed_decode,reviewed_decode_anchor,https://w3id.org/h2kg/decode/workflow/anchor/cl-on-glassy-carbon-component,"A material, component, chemical species, phase, specimen, or assembly denoted ""CL on glassy carbon"" in DECODE hydrogen-electrochemistry workflows.",,"Reviewed DECODE semantic role, source label, source workflow context, and direct-neighbor context. This is a draft for expert review, not an authoritative ontology definition.","Decide: strict H2KG alias, existing H2KG mapping, new reusable H2KG term, or retain reviewed DECODE anchor.",needs_human_review,,,,"[{""iri"": ""https://w3id.org/h2kg/hydrogen-ontology#GlassyCarbonDiskElectrode"", ""label"": ""Glassy Carbon Disk Electrode"", ""score"": 0.757}, {""iri"": ""https://w3id.org/h2kg/hydrogen-ontology#CarbonMass"", ""label"": ""Carbon Mass"", ""score"": 0.667}, {""iri"": ""https://w3id.org/h2kg/hydrogen-ontology#PdOnCarbonCatalyst"", ""label"": ""Pd On Carbon Catalyst"", ""score"": 0.65}]",CL for RDE; FIB measurements on GDL/MPL and catalyst materials.; Model Electrochemistry in a RDE Cell; Sheet resistance measurement
https://w3id.org/h2kg/decode/workflow/concept/cl-on-membrane-component,CL on membrane,component,Matter,https://w3id.org/h2kg/hydrogen-ontology#Matter,4,electrospray-deposition-of-catalyst-layers; fib-measurements-on-gdl-or-mpl-and-catalyst-materials; gde-cell-for-electrochemical-studies; sheet-resistance-measurement,reviewed_decode,reviewed_decode_anchor,https://w3id.org/h2kg/decode/workflow/anchor/cl-on-membrane-component,"A material, component, chemical species, phase, specimen, or assembly denoted ""CL on membrane"" in DECODE hydrogen-electrochemistry workflows.",,"Reviewed DECODE semantic role, source label, source workflow context, and direct-neighbor context. This is a draft for expert review, not an authoritative ontology definition.","Decide: strict H2KG alias, existing H2KG mapping, new reusable H2KG term, or retain reviewed DECODE anchor.",needs_human_review,,,,"[{""iri"": ""https://w3id.org/h2kg/hydrogen-ontology#Nafion211Membrane"", ""label"": ""Nafion 211 Membrane"", ""score"": 0.727}, {""iri"": ""https://w3id.org/h2kg/hydrogen-ontology#Nafion212Membrane"", ""label"": ""Nafion 212 Membrane"", ""score"": 0.727}, {""iri"": ""https://w3id.org/h2kg/hydrogen-ontology#BrushCoating"", ""label"": ""Brush Coating"", ""score"": 0.686}]",Electrospray deposition of Catalyst Layers; FIB measurements on GDL/MPL and catalyst materials.; GDE cell for electrochemical studies; Sheet resistance measurement
https://w3id.org/h2kg/decode/workflow/concept/cl-on-substrate-component,CL on substrate,component,Property,https://w3id.org/h2kg/hydrogen-ontology#Property,6,electrospray-deposition-of-catalyst-layers; fib-measurements-on-gdl-or-mpl-and-catalyst-materials; high-resolution-electron-tomography-for-accessing-pt-and-ionomer-distribution-on-carbon-aggregate; mechanical-properties-of-catalyst-layers-gdls-and-meas-by-small-punch-and-nanoindentation; sheet-resistance-measurement; ultrasonic-spray-deposition-for-catalytic-layers,reviewed_decode,reviewed_decode_anchor,https://w3id.org/h2kg/decode/workflow/anchor/cl-on-substrate-component,"A measurable, calculated, or derived scientific characteristic denoted ""CL on substrate"" in DECODE hydrogen-electrochemistry workflows.",,"Reviewed DECODE semantic role, source label, source workflow context, and direct-neighbor context. This is a draft for expert review, not an authoritative ontology definition.","Decide: strict H2KG alias, existing H2KG mapping, new reusable H2KG term, or retain reviewed DECODE anchor.",needs_human_review,,,,"[{""iri"": ""https://w3id.org/h2kg/hydrogen-ontology#AluminumSubstrate"", ""label"": ""Aluminum Substrate"", ""score"": 0.815}, {""iri"": ""https://w3id.org/h2kg/hydrogen-ontology#NickelPlateSubstrate"", ""label"": ""Nickel Plate Substrate"", ""score"": 0.815}, {""iri"": ""https://w3id.org/h2kg/hydrogen-ontology#SiliconWaferSubstrate"", ""label"": ""Silicon Wafer Substrate"", ""score"": 0.812}]","Electrospray deposition of Catalyst Layers; FIB measurements on GDL/MPL and catalyst materials.; High resolution electron tomography for accessing Pt and ionomer distribution on carbon aggregate; Mechanical properties of catalyst layers, GDLs, and MEAs by small-punch and nanoindentation; Sheet resistance measurement; Ultrasonic spray deposition for catalytic layers"
https://w3id.org/h2kg/decode/workflow/concept/cl-structure-aged-component,CL structure (aged),component,Property,https://w3id.org/h2kg/hydrogen-ontology#Property,1,additional-measurements-on-pewe-during-operation,reviewed_decode,reviewed_decode_anchor,https://w3id.org/h2kg/decode/workflow/anchor/cl-structure-aged-component,"A measurable, calculated, or derived scientific characteristic denoted ""CL structure (aged)"" in DECODE hydrogen-electrochemistry workflows.",,"Reviewed DECODE semantic role, source label, source workflow context, and direct-neighbor context. This is a draft for expert review, not an authoritative ontology definition.","Decide: strict H2KG alias, existing H2KG mapping, new reusable H2KG term, or retain reviewed DECODE anchor.",needs_human_review,,,,"[{""iri"": ""https://w3id.org/h2kg/hydrogen-ontology#LatticeStructureSize"", ""label"": ""Lattice Structure Size"", ""score"": 0.71}, {""iri"": ""https://w3id.org/h2kg/hydrogen-ontology#CatalystInkStructureDataset"", ""label"": ""Catalyst Ink Structure Dataset"", ""score"": 0.686}, {""iri"": ""https://w3id.org/h2kg/hydrogen-ontology#PrintedGridStructure"", ""label"": ""Printed Grid Structure"", ""score"": 0.686}]",Additional measurements on PEWE during operation
https://w3id.org/h2kg/decode/workflow/concept/cl-thickness-aged-component,CL thickness (aged),component,Property,https://w3id.org/h2kg/hydrogen-ontology#Property,1,additional-measurements-on-pewe-during-operation,reviewed_decode,reviewed_decode_anchor,https://w3id.org/h2kg/decode/workflow/anchor/cl-thickness-aged-component,"A measurable, calculated, or derived scientific characteristic denoted ""CL thickness (aged)"" in DECODE hydrogen-electrochemistry workflows.",,"Reviewed DECODE semantic role, source label, source workflow context, and direct-neighbor context. This is a draft for expert review, not an authoritative ontology definition.","Decide: strict H2KG alias, existing H2KG mapping, new reusable H2KG term, or retain reviewed DECODE anchor.",needs_human_review,,,,"[{""iri"": ""https://w3id.org/h2kg/hydrogen-ontology#GasDiffusionLayerThickness"", ""label"": ""Gas Diffusion Layer Thickness"", ""score"": 0.867}, {""iri"": ""https://w3id.org/h2kg/hydrogen-ontology#CatalystLayerThickness_2"", ""label"": ""Catalyst Layer Thickness"", ""score"": 0.828}, {""iri"": ""https://w3id.org/h2kg/hydrogen-ontology#CatalystLayerThickness"", ""label"": ""Catalyst Layer Thickness"", ""score"": 0.811}]",Additional measurements on PEWE during operation
https://w3id.org/h2kg/decode/workflow/concept/clsm-electrochemical-protocol-component,CLSM electrochemical protocol,component,Process,https://w3id.org/h2kg/hydrogen-ontology#Process,4,confocal-laser-scanning-microscope-clsm-and-fluorescent-probes-for-local-ph-assessment-in-acidic-med; confocal-laser-scanning-microscope-clsm-and-fluorescent-probes-for-local-ph-assessment-in-acidic-med2; confocal-laser-scanning-microscope-clsm-and-fluorescent-probes-for-local-ph-assessment-in-alkaline-m; confocal-laser-scanning-microscope-clsm-and-fluorescent-probes-for-local-ph-assessment-in-alkaline-m2,reviewed_decode,reviewed_decode_anchor,https://w3id.org/h2kg/decode/workflow/anchor/clsm-electrochemical-protocol-component,"A computational, analytical, transformation, or generic workflow process denoted ""CLSM electrochemical protocol"" in DECODE hydrogen-electrochemistry workflows.",,"Reviewed DECODE semantic role, source label, source workflow context, and direct-neighbor context. This is a draft for expert review, not an authoritative ontology definition.","Decide: strict H2KG alias, existing H2KG mapping, new reusable H2KG term, or retain reviewed DECODE anchor.",needs_human_review,,,,"[{""iri"": ""https://w3id.org/h2kg/hydrogen-ontology#ElectrochemicalWorkstation"", ""label"": ""Electrochemical Workstation"", ""score"": 0.679}, {""iri"": ""https://w3id.org/h2kg/hydrogen-ontology#ElectrochemicalImpedanceSpectroscopyPotentiostatic"", ""label"": ""Electrochemical Impedance Spectroscopy Potentiostatic"", ""score"": 0.627}, {""iri"": ""https://w3id.org/h2kg/hydrogen-ontology#ElectrochemicalReactionSimulation"", ""label"": ""Electrochemical Reaction Simulation"", ""score"": 0.625}]",Confocal Laser Scanning Microscope (CLSM) + fluorescent probes for local pH assessment in acidic media in GDE configuration; Confocal Laser Scanning Microscope (CLSM) + fluorescent probes for local pH assessment in acidic media on model /unsupported electrodes; Confocal Laser Scanning Microscope (CLSM) + fluorescent probes for local pH assessment in alkaline media in GDE configuration; Confocal Laser Scanning Microscope (CLSM) + fluorescent probes for local pH assessment in alkaline media on model/unsupported electrodes
https://w3id.org/h2kg/decode/workflow/concept/clsm-electrochemical-response-idealized-lre,CLSM electrochemical response (idealized),LRE,Data,https://w3id.org/h2kg/hydrogen-ontology#Data,2,confocal-laser-scanning-microscope-clsm-and-fluorescent-probes-for-local-ph-assessment-in-acidic-med; confocal-laser-scanning-microscope-clsm-and-fluorescent-probes-for-local-ph-assessment-in-alkaline-m,reviewed_decode,reviewed_decode_anchor,https://w3id.org/h2kg/decode/workflow/anchor/clsm-electrochemical-response-idealized-lre,"A recorded, calculated, image-based, or otherwise structured data artifact denoted ""CLSM electrochemical response (idealized)"" in DECODE hydrogen-electrochemistry workflows.",,"Reviewed DECODE semantic role, source label, source workflow context, and direct-neighbor context. This is a draft for expert review, not an authoritative ontology definition.","Decide: strict H2KG alias, existing H2KG mapping, new reusable H2KG term, or retain reviewed DECODE anchor.",needs_human_review,,,,"[{""iri"": ""https://w3id.org/h2kg/hydrogen-ontology#ElectrochemicalImpedanceSpectroscopyPotentiostatic"", ""label"": ""Electrochemical Impedance Spectroscopy Potentiostatic"", ""score"": 0.649}, {""iri"": ""https://w3id.org/h2kg/hydrogen-ontology#ElectrochemicalReactionSimulation"", ""label"": ""Electrochemical Reaction Simulation"", ""score"": 0.622}, {""iri"": ""https://w3id.org/h2kg/hydrogen-ontology#ElectrochemicalWorkstation"", ""label"": ""Electrochemical Workstation"", ""score"": 0.606}]",Confocal Laser Scanning Microscope (CLSM) + fluorescent probes for local pH assessment in acidic media on model /unsupported electrodes; Confocal Laser Scanning Microscope (CLSM) + fluorescent probes for local pH assessment in alkaline media on model/unsupported electrodes
https://w3id.org/h2kg/decode/workflow/concept/clsm-electrochemical-response-nanostructured-component,CLSM electrochemical response (nanostructured),component,Data,https://w3id.org/h2kg/hydrogen-ontology#Data,2,confocal-laser-scanning-microscope-clsm-and-fluorescent-probes-for-local-ph-assessment-in-acidic-med2; confocal-laser-scanning-microscope-clsm-and-fluorescent-probes-for-local-ph-assessment-in-alkaline-m2,reviewed_decode,reviewed_decode_anchor,https://w3id.org/h2kg/decode/workflow/anchor/clsm-electrochemical-response-nanostructured-component,"A recorded, calculated, image-based, or otherwise structured data artifact denoted ""CLSM electrochemical response (nanostructured)"" in DECODE hydrogen-electrochemistry workflows.",,"Reviewed DECODE semantic role, source label, source workflow context, and direct-neighbor context. This is a draft for expert review, not an authoritative ontology definition.","Decide: strict H2KG alias, existing H2KG mapping, new reusable H2KG term, or retain reviewed DECODE anchor.",needs_human_review,,,,"[{""iri"": ""https://w3id.org/h2kg/hydrogen-ontology#ElectrochemicalWorkstation"", ""label"": ""Electrochemical Workstation"", ""score"": 0.62}, {""iri"": ""https://w3id.org/h2kg/hydrogen-ontology#ElectrochemicalImpedanceSpectroscopyPotentiostatic"", ""label"": ""Electrochemical Impedance Spectroscopy Potentiostatic"", ""score"": 0.61}, {""iri"": ""https://w3id.org/h2kg/hydrogen-ontology#ElectrochemicalImpedanceSpectroscopyGalvanostatic"", ""label"": ""Electrochemical Impedance Spectroscopy Galvanostatic"", ""score"": 0.604}]",Confocal Laser Scanning Microscope (CLSM) + fluorescent probes for local pH assessment in acidic media in GDE configuration; Confocal Laser Scanning Microscope (CLSM) + fluorescent probes for local pH assessment in alkaline media in GDE configuration
https://w3id.org/h2kg/decode/workflow/concept/clsm-electrode-template-component,CLSM electrode template,component,Instrument,https://w3id.org/h2kg/hydrogen-ontology#Instrument,1,transparent-electrodes-for-clsm-applications,reviewed_decode,reviewed_decode_anchor,https://w3id.org/h2kg/decode/workflow/anchor/clsm-electrode-template-component,"An apparatus, device, or experimental platform denoted ""CLSM electrode template"" in DECODE hydrogen-electrochemistry workflows.",,"Reviewed DECODE semantic role, source label, source workflow context, and direct-neighbor context. This is a draft for expert review, not an authoritative ontology definition.","Decide: strict H2KG alias, existing H2KG mapping, new reusable H2KG term, or retain reviewed DECODE anchor.",needs_human_review,,,,"[{""iri"": ""https://w3id.org/h2kg/hydrogen-ontology#SCE"", ""label"": ""SCE"", ""score"": 0.72}, {""iri"": ""https://w3id.org/h2kg/hydrogen-ontology#CarbonFeltElectrode"", ""label"": ""Carbon Felt Electrode"", ""score"": 0.682}, {""iri"": ""https://w3id.org/h2kg/hydrogen-ontology#ElectrodeSubstrate"", ""label"": ""Electrode Substrate"", ""score"": 0.667}]",Transparent Electrodes for CLSM applications
https://w3id.org/h2kg/decode/workflow/concept/clsm-ph-distribution-nanostructured-lre,CLSM pH distribution (nanostructured),LRE,Data,https://w3id.org/h2kg/hydrogen-ontology#Data,2,confocal-laser-scanning-microscope-clsm-and-fluorescent-probes-for-local-ph-assessment-in-acidic-med2; confocal-laser-scanning-microscope-clsm-and-fluorescent-probes-for-local-ph-assessment-in-alkaline-m2,reviewed_decode,reviewed_decode_anchor,https://w3id.org/h2kg/decode/workflow/anchor/clsm-ph-distribution-nanostructured-lre,"A recorded, calculated, image-based, or otherwise structured data artifact denoted ""CLSM pH distribution (nanostructured)"" in DECODE hydrogen-electrochemistry workflows.",,"Reviewed DECODE semantic role, source label, source workflow context, and direct-neighbor context. This is a draft for expert review, not an authoritative ontology definition.","Decide: strict H2KG alias, existing H2KG mapping, new reusable H2KG term, or retain reviewed DECODE anchor.",needs_human_review,,,,"[{""iri"": ""https://w3id.org/h2kg/hydrogen-ontology#PoreSizeDistributionDataset"", ""label"": ""Pore Size Distribution Dataset"", ""score"": 0.625}, {""iri"": ""https://w3id.org/h2kg/hydrogen-ontology#PoreSizeDistribution"", ""label"": ""Pore Size Distribution"", ""score"": 0.596}, {""iri"": ""https://w3id.org/h2kg/hydrogen-ontology#AgglomerateSizeDistributionDataset"", ""label"": ""Agglomerate Size Distribution Dataset"", ""score"": 0.59}]",Confocal Laser Scanning Microscope (CLSM) + fluorescent probes for local pH assessment in acidic media in GDE configuration; Confocal Laser Scanning Microscope (CLSM) + fluorescent probes for local pH assessment in alkaline media in GDE configuration
https://w3id.org/h2kg/decode/workflow/concept/clsm-temperature-component,CLSM temperature,component,Parameter,https://w3id.org/h2kg/hydrogen-ontology#Parameter,2,confocal-laser-scanning-microscope-clsm-and-fluorescent-probes-for-local-ph-assessment-in-acidic-med; confocal-laser-scanning-microscope-clsm-and-fluorescent-probes-for-local-ph-assessment-in-alkaline-m,reviewed_decode,reviewed_decode_anchor,https://w3id.org/h2kg/decode/workflow/anchor/clsm-temperature-component,"A specified, controlled, reported, or model-input condition or quantity denoted ""CLSM temperature"" in DECODE hydrogen-electrochemistry workflows.",,"Reviewed DECODE semantic role, source label, source workflow context, and direct-neighbor context. This is a draft for expert review, not an authoritative ontology definition.","Decide: strict H2KG alias, existing H2KG mapping, new reusable H2KG term, or retain reviewed DECODE anchor.",needs_human_review,,,,"[{""iri"": ""https://w3id.org/h2kg/hydrogen-ontology#OperatingTemperature"", ""label"": ""Operating Temperature"", ""score"": 0.875}, {""iri"": ""https://w3id.org/h2kg/hydrogen-ontology#Temperature"", ""label"": ""Temperature"", ""score"": 0.875}, {""iri"": ""https://w3id.org/h2kg/hydrogen-ontology#CryoUltramicrotomeTemperature"", ""label"": ""Cryo Ultramicrotome Temperature"", ""score"": 0.812}]",Confocal Laser Scanning Microscope (CLSM) + fluorescent probes for local pH assessment in acidic media on model /unsupported electrodes; Confocal Laser Scanning Microscope (CLSM) + fluorescent probes for local pH assessment in alkaline media on model/unsupported electrodes
https://w3id.org/h2kg/decode/workflow/concept/confocal-laser-scanning-microscope-clsm-fluorescent-probes-for-local-ph-assessment-in-acidic-media-in-gde-configuration-method,Confocal Laser Scanning Microscope (CLSM) + fluorescent probes for local pH assessment in acidic media in GDE configuration,,Parameter,https://w3id.org/h2kg/hydrogen-ontology#Parameter,3,confocal-laser-scanning-microscope-clsm-and-fluorescent-probes-for-local-ph-assessment-in-acidic-med2; electrospray-deposition-of-catalyst-layers; gde-catalytic-layer-preparation,reviewed_decode,reviewed_decode_anchor,https://w3id.org/h2kg/decode/workflow/anchor/confocal-laser-scanning-microscope-clsm-fluorescent-probes-for-local-ph-assessment-in-acidic-media-in-gde-configuration-method,"A specified, controlled, reported, or model-input condition or quantity denoted ""Confocal Laser Scanning Microscope (CLSM) + fluorescent probes for local pH assessment in acidic media in GDE configuration"" in DECODE hydrogen-electrochemistry workflows. Source context: In pH, a 0.05 variation should be visible with a ratiometric probe; Spatial resolution is bound to the light and correction factors, i.e., 200 nm. A probe with a ratiometric signal in the 1 - 5 pH range shall be used 5 (with the Lysosensor Green DND 181)","In pH, a 0.05 variation should be visible with a ratiometric probe; Spatial resolution is bound to the light and correction factors, i.e., 200 nm. A probe with a ratiometric signal in the 1 - 5 pH range shall be used 5 (with the Lysosensor Green DND 181)","Reviewed DECODE semantic role, source label, source workflow context, and direct-neighbor context. This is a draft for expert review, not an authoritative ontology definition.","Decide: strict H2KG alias, existing H2KG mapping, new reusable H2KG term, or retain reviewed DECODE anchor.",needs_human_review,,,,[],CLSM electrochemical protocol; CLSM electrochemical response (nanostructured); CLSM pH distribution (nanostructured); Electrolyte; GDE; GDE temperature; Molecular fluorescent probe (acidic)
https://w3id.org/h2kg/decode/workflow/concept/confocal-laser-scanning-microscope-clsm-fluorescent-probes-for-local-ph-assessment-in-acidic-media-on-model-unsupported-electrodes-model,Confocal Laser Scanning Microscope (CLSM) + fluorescent probes for local pH assessment in acidic media on model /unsupported electrodes,,Process,https://w3id.org/h2kg/hydrogen-ontology#Process,3,confocal-laser-scanning-microscope-clsm-and-fluorescent-probes-for-local-ph-assessment-in-acidic-med; fitting-version-of-the-hierachical-model; transparent-electrodes-for-clsm-applications,reviewed_decode,reviewed_decode_anchor,https://w3id.org/h2kg/decode/workflow/anchor/confocal-laser-scanning-microscope-clsm-fluorescent-probes-for-local-ph-assessment-in-acidic-media-on-model-unsupported-electrodes-model,"A computational, analytical, transformation, or generic workflow process denoted ""Confocal Laser Scanning Microscope (CLSM) + fluorescent probes for local pH assessment in acidic media on model /unsupported electrodes"" in DECODE hydrogen-electrochemistry workflows. Source context: In pH, a 0.05 variation should be visible with a ratiometric probe; Spatial resolution is bound to the light and correction factors, i.e., 200 nm. A probe with a ratiometric signal in the 1 - 5 pH range shall be used 5 (with the Lysosensor Green DND 181)","In pH, a 0.05 variation should be visible with a ratiometric probe; Spatial resolution is bound to the light and correction factors, i.e., 200 nm. A probe with a ratiometric signal in the 1 - 5 pH range shall be used 5 (with the Lysosensor Green DND 181)","Reviewed DECODE semantic role, source label, source workflow context, and direct-neighbor context. This is a draft for expert review, not an authoritative ontology definition.","Decide: strict H2KG alias, existing H2KG mapping, new reusable H2KG term, or retain reviewed DECODE anchor.",needs_human_review,,,,[],CLSM electrochemical protocol; CLSM electrochemical response (idealized); CLSM temperature; Electrolyte; LRE pH distribution (idealized); Molecular fluorescent probe (acidic); Transparent electrode for CLSM
https://w3id.org/h2kg/decode/workflow/concept/confocal-laser-scanning-microscope-clsm-fluorescent-probes-for-local-ph-assessment-in-alkaline-media-in-gde-configuration-method,Confocal Laser Scanning Microscope (CLSM) + fluorescent probes for local pH assessment in alkaline media in GDE configuration,,Parameter,https://w3id.org/h2kg/hydrogen-ontology#Parameter,4,confocal-laser-scanning-microscope-clsm-and-fluorescent-probes-for-local-ph-assessment-in-alkaline-m2; development-of-ratiometric-fluorescent-probes-for-local-ph-assessement-in-alkaline-media; electrospray-deposition-of-catalyst-layers; gde-catalytic-layer-preparation,reviewed_decode,reviewed_decode_anchor,https://w3id.org/h2kg/decode/workflow/anchor/confocal-laser-scanning-microscope-clsm-fluorescent-probes-for-local-ph-assessment-in-alkaline-media-in-gde-configuration-method,"A specified, controlled, reported, or model-input condition or quantity denoted ""Confocal Laser Scanning Microscope (CLSM) + fluorescent probes for local pH assessment in alkaline media in GDE configuration"" in DECODE hydrogen-electrochemistry workflows. Source context: In pH, a 0.05 variation should be visible with a ratiometric probe; Spatial resolution is bound to the light and correction factors, i.e., 200 nm (in all directions). The current pH range is ca. 7 - 12.","In pH, a 0.05 variation should be visible with a ratiometric probe; Spatial resolution is bound to the light and correction factors, i.e., 200 nm (in all directions). The current pH range is ca. 7 - 12.","Reviewed DECODE semantic role, source label, source workflow context, and direct-neighbor context. This is a draft for expert review, not an authoritative ontology definition.","Decide: strict H2KG alias, existing H2KG mapping, new reusable H2KG term, or retain reviewed DECODE anchor.",needs_human_review,,,,[],CLSM electrochemical protocol; CLSM electrochemical response (nanostructured); CLSM pH distribution (nanostructured); Electrolyte; GDE; GDE temperature; Molecular fluorescent probe (alkaline)
https://w3id.org/h2kg/decode/workflow/concept/confocal-laser-scanning-microscope-clsm-fluorescent-probes-for-local-ph-assessment-in-alkaline-media-on-model-unsupported-electrodes-model,Confocal Laser Scanning Microscope (CLSM) + fluorescent probes for local pH assessment in alkaline media on model/unsupported electrodes,,Process,https://w3id.org/h2kg/hydrogen-ontology#Process,4,confocal-laser-scanning-microscope-clsm-and-fluorescent-probes-for-local-ph-assessment-in-alkaline-m; development-of-ratiometric-fluorescent-probes-for-local-ph-assessement-in-alkaline-media; fitting-version-of-the-hierachical-model; transparent-electrodes-for-clsm-applications,reviewed_decode,reviewed_decode_anchor,https://w3id.org/h2kg/decode/workflow/anchor/confocal-laser-scanning-microscope-clsm-fluorescent-probes-for-local-ph-assessment-in-alkaline-media-on-model-unsupported-electrodes-model,"A computational, analytical, transformation, or generic workflow process denoted ""Confocal Laser Scanning Microscope (CLSM) + fluorescent probes for local pH assessment in alkaline media on model/unsupported electrodes"" in DECODE hydrogen-electrochemistry workflows. Source context: In pH, a 0.05 variation should be visible with a ratiometric probe; Spatial resolution is bound to the light and correction factors, i.e., 200 nm (in all directions). The current pH range is ca. 7 - 12.","In pH, a 0.05 variation should be visible with a ratiometric probe; Spatial resolution is bound to the light and correction factors, i.e., 200 nm (in all directions). The current pH range is ca. 7 - 12.","Reviewed DECODE semantic role, source label, source workflow context, and direct-neighbor context. This is a draft for expert review, not an authoritative ontology definition.","Decide: strict H2KG alias, existing H2KG mapping, new reusable H2KG term, or retain reviewed DECODE anchor.",needs_human_review,,,,[],CLSM electrochemical protocol; CLSM electrochemical response (idealized); CLSM temperature; Electrolyte; LRE pH distribution (idealized); Molecular fluorescent probe (alkaline); Transparent electrode for CLSM
https://w3id.org/h2kg/decode/workflow/concept/contact-angle-extraction-of-ct-data-method,Contact angle extraction of CT data,,Process,https://w3id.org/h2kg/hydrogen-ontology#Process,5,contact-angle-extraction-of-ct-data; image-classification-of-x-ray-tomography-data; impregnation-by-immersion-and-blade-coating,reviewed_decode,reviewed_decode_anchor,https://w3id.org/h2kg/decode/workflow/anchor/contact-angle-extraction-of-ct-data-method,"A computational, analytical, transformation, or generic workflow process denoted ""Contact angle extraction of CT data"" in DECODE hydrogen-electrochemistry workflows. Source context: 0-180 0-180",0-180 0-180,"Reviewed DECODE semantic role, source label, source workflow context, and direct-neighbor context. This is a draft for expert review, not an authoritative ontology definition.","Decide: strict H2KG alias, existing H2KG mapping, new reusable H2KG term, or retain reviewed DECODE anchor.",needs_human_review,,,,"[{""iri"": ""https://w3id.org/h2kg/hydrogen-ontology#ContactAngle"", ""label"": ""Contact Angle"", ""score"": 0.667}, {""iri"": ""https://w3id.org/h2kg/hydrogen-ontology#ContactAngleMeasurement"", ""label"": ""Contact Angle Measurement"", ""score"": 0.642}, {""iri"": ""https://w3id.org/h2kg/hydrogen-ontology#AluminumNitrateMolarConcentration"", ""label"": ""Aluminum Nitrate Molar Concentration"", ""score"": 0.596}]",Contact angle probe liquid(s); GDL; GDL substrate; GDL substrate 3D voxel data local contact angle; GDL substrate 3D voxel data wet raw; GDL substrate contact angle distribution
https://w3id.org/h2kg/decode/workflow/concept/contact-angle-probe-liquid-s-material,Contact angle probe liquid(s),material,Property,https://w3id.org/h2kg/hydrogen-ontology#Property,4,contact-angle-extraction-of-ct-data; ct-based-capillary-pressure-saturation-curves; external-contact-angle-of-a-gdl; wilhelmy-wettability-measurement,reviewed_decode,reviewed_decode_anchor,https://w3id.org/h2kg/decode/workflow/anchor/contact-angle-probe-liquid-s-material,"A measurable, calculated, or derived scientific characteristic denoted ""Contact angle probe liquid(s)"" in DECODE hydrogen-electrochemistry workflows.",,"Reviewed DECODE semantic role, source label, source workflow context, and direct-neighbor context. This is a draft for expert review, not an authoritative ontology definition.","Decide: strict H2KG alias, existing H2KG mapping, new reusable H2KG term, or retain reviewed DECODE anchor.",needs_human_review,,,,"[{""iri"": ""https://w3id.org/h2kg/hydrogen-ontology#ContactAngle"", ""label"": ""Contact Angle"", ""score"": 0.735}, {""iri"": ""https://w3id.org/h2kg/hydrogen-ontology#ContactAngleMeasurement"", ""label"": ""Contact Angle Measurement"", ""score"": 0.696}, {""iri"": ""https://w3id.org/h2kg/hydrogen-ontology#ContactAngleGoniometer"", ""label"": ""Contact Angle Goniometer"", ""score"": 0.654}]",CT-based capillary pressure saturation curves; Contact angle extraction of CT data; External contact angle of a GDL; Wilhelmy wettability measurement
https://w3id.org/h2kg/decode/workflow/concept/contact-resistance-measurement-method,Contact resistance measurement,,Property,https://w3id.org/h2kg/hydrogen-ontology#Property,1,contact-resistance-measurement,reviewed_decode,reviewed_decode_anchor,https://w3id.org/h2kg/decode/workflow/anchor/contact-resistance-measurement-method,"A measurable, calculated, or derived scientific characteristic denoted ""Contact resistance measurement"" in DECODE hydrogen-electrochemistry workflows. Source context: average value of the probe size is measured",average value of the probe size is measured,"Reviewed DECODE semantic role, source label, source workflow context, and direct-neighbor context. This is a draft for expert review, not an authoritative ontology definition.","Decide: strict H2KG alias, existing H2KG mapping, new reusable H2KG term, or retain reviewed DECODE anchor.",needs_human_review,,,,"[{""iri"": ""https://w3id.org/h2kg/hydrogen-ontology#InPlaneElectronicConductivityMeasurement"", ""label"": ""In Plane Electronic Conductivity Measurement"", ""score"": 0.846}, {""iri"": ""https://w3id.org/h2kg/hydrogen-ontology#FourProbeResistanceMeasurement"", ""label"": ""Four Probe Resistance Measurement"", ""score"": 0.762}, {""iri"": ""https://w3id.org/h2kg/hydrogen-ontology#SolidContentMeasurement"", ""label"": ""Solid Content Measurement"", ""score"": 0.727}]",PTL; PTL contact resistance
https://w3id.org/h2kg/decode/workflow/concept/coordination-number-and-bond-distance-lre,Coordination number and bond distance,LRE,Property,https://w3id.org/h2kg/hydrogen-ontology#Property,2,development-of-a-zero-gap-cell-for-gde-based-spectrocopy-measurement; three-electrode-cell-assesement-of-cl-by-xas-xanes-exafs-xrd,reviewed_decode,reviewed_decode_anchor,https://w3id.org/h2kg/decode/workflow/anchor/coordination-number-and-bond-distance-lre,"A measurable, calculated, or derived scientific characteristic denoted ""Coordination number and bond distance"" in DECODE hydrogen-electrochemistry workflows.",,"Reviewed DECODE semantic role, source label, source workflow context, and direct-neighbor context. This is a draft for expert review, not an authoritative ontology definition.","Decide: strict H2KG alias, existing H2KG mapping, new reusable H2KG term, or retain reviewed DECODE anchor.",needs_human_review,,,,"[{""iri"": ""https://w3id.org/h2kg/hydrogen-ontology#AnodeReactionResistance"", ""label"": ""Anode Reaction Resistance"", ""score"": 0.613}, {""iri"": ""https://w3id.org/h2kg/hydrogen-ontology#RamanDBandWavenumber"", ""label"": ""Raman D Band Wavenumber"", ""score"": 0.6}, {""iri"": ""https://w3id.org/h2kg/hydrogen-ontology#HydrationNumberLambda"", ""label"": ""Hydration Number Lambda"", ""score"": 0.567}]","Development of a zero gap cell for GDE based spectrocopy measurement; Three electrode cell assesement of CL by XAS, XANES, EXAFS, XRD"
https://w3id.org/h2kg/decode/workflow/concept/corrosion-current-component,Corrosion current,component,Property,https://w3id.org/h2kg/hydrogen-ontology#Property,1,ptl-corrosion-measurement,reviewed_decode,reviewed_decode_anchor,https://w3id.org/h2kg/decode/workflow/anchor/corrosion-current-component,"A measurable, calculated, or derived scientific characteristic denoted ""Corrosion current"" in DECODE hydrogen-electrochemistry workflows.",,"Reviewed DECODE semantic role, source label, source workflow context, and direct-neighbor context. This is a draft for expert review, not an authoritative ontology definition.","Decide: strict H2KG alias, existing H2KG mapping, new reusable H2KG term, or retain reviewed DECODE anchor.",needs_human_review,,,,"[{""iri"": ""https://w3id.org/h2kg/hydrogen-ontology#CompressionPercent"", ""label"": ""Compression Percent"", ""score"": 0.667}, {""iri"": ""https://w3id.org/h2kg/hydrogen-ontology#BiasCurrent"", ""label"": ""Bias Current"", ""score"": 0.621}, {""iri"": ""https://w3id.org/h2kg/hydrogen-ontology#HydrogenCrossoverCurrentDensity"", ""label"": ""Hydrogen Crossover Current Density"", ""score"": 0.619}]",PTL corrosion measurement
https://w3id.org/h2kg/decode/workflow/concept/corrosion-potential-component,Corrosion potential,component,Property,https://w3id.org/h2kg/hydrogen-ontology#Property,1,ptl-corrosion-measurement,reviewed_decode,reviewed_decode_anchor,https://w3id.org/h2kg/decode/workflow/anchor/corrosion-potential-component,"A measurable, calculated, or derived scientific characteristic denoted ""Corrosion potential"" in DECODE hydrogen-electrochemistry workflows.",,"Reviewed DECODE semantic role, source label, source workflow context, and direct-neighbor context. This is a draft for expert review, not an authoritative ontology definition.","Decide: strict H2KG alias, existing H2KG mapping, new reusable H2KG term, or retain reviewed DECODE anchor.",needs_human_review,,,,"[{""iri"": ""https://w3id.org/h2kg/hydrogen-ontology#DepositionPotential"", ""label"": ""Deposition Potential"", ""score"": 0.769}, {""iri"": ""https://w3id.org/h2kg/hydrogen-ontology#BiasPotential"", ""label"": ""Bias Potential"", ""score"": 0.722}, {""iri"": ""https://w3id.org/h2kg/hydrogen-ontology#PotentialCyclingActivation"", ""label"": ""Potential Cycling Activation"", ""score"": 0.722}]",PTL corrosion measurement
https://w3id.org/h2kg/decode/workflow/concept/corrosion-potential-of-zero-current-component,Corrosion potential of zero current,component,Property,https://w3id.org/h2kg/hydrogen-ontology#Property,1,ptl-corrosion-measurement,reviewed_decode,reviewed_decode_anchor,https://w3id.org/h2kg/decode/workflow/anchor/corrosion-potential-of-zero-current-component,"A measurable, calculated, or derived scientific characteristic denoted ""Corrosion potential of zero current"" in DECODE hydrogen-electrochemistry workflows.",,"Reviewed DECODE semantic role, source label, source workflow context, and direct-neighbor context. This is a draft for expert review, not an authoritative ontology definition.","Decide: strict H2KG alias, existing H2KG mapping, new reusable H2KG term, or retain reviewed DECODE anchor.",needs_human_review,,,,"[{""iri"": ""https://w3id.org/h2kg/hydrogen-ontology#PotentialOfTotalZeroCharge"", ""label"": ""Potential Of Total Zero Charge"", ""score"": 0.646}, {""iri"": ""https://w3id.org/h2kg/hydrogen-ontology#ZetaPotentialMeasurement"", ""label"": ""Zeta Potential Measurement"", ""score"": 0.623}, {""iri"": ""https://w3id.org/h2kg/hydrogen-ontology#SputterCoatingCurrent"", ""label"": ""Sputter Coating Current"", ""score"": 0.621}]",PTL corrosion measurement
https://w3id.org/h2kg/decode/workflow/concept/ct-based-capillary-pressure-saturation-curves-method,CT-based capillary pressure saturation curves,,Parameter,https://w3id.org/h2kg/hydrogen-ontology#Parameter,13,cea-mea-model-europium-2d; ct-based-capillary-pressure-saturation-curves; fitting-of-the-europium-model; iet-1d-mea-with-water-transport-eis-model; iet-1d-performance-model-for-mea-prediction; image-classification-of-x-ray-tomography-data; impregnation-by-immersion-and-blade-coating,reviewed_decode,reviewed_decode_anchor,https://w3id.org/h2kg/decode/workflow/anchor/ct-based-capillary-pressure-saturation-curves-method,"A specified, controlled, reported, or model-input condition or quantity denoted ""CT-based capillary pressure saturation curves"" in DECODE hydrogen-electrochemistry workflows. Source context: 0-200 mbar 0-200 mbar",0-200 mbar 0-200 mbar,"Reviewed DECODE semantic role, source label, source workflow context, and direct-neighbor context. This is a draft for expert review, not an authoritative ontology definition.","Decide: strict H2KG alias, existing H2KG mapping, new reusable H2KG term, or retain reviewed DECODE anchor.",needs_human_review,,,,"[{""iri"": ""https://w3id.org/h2kg/hydrogen-ontology#CapillaryPressureInMembrane"", ""label"": ""Capillary Pressure In Membrane"", ""score"": 0.587}, {""iri"": ""https://w3id.org/h2kg/hydrogen-ontology#StrainGaugeSensingMeasurement"", ""label"": ""Strain Gauge Sensing Measurement"", ""score"": 0.582}, {""iri"": ""https://w3id.org/h2kg/hydrogen-ontology#CapillaryPressureEstimation"", ""label"": ""Capillary Pressure Estimation"", ""score"": 0.568}]",Contact angle probe liquid(s); GDL; GDL substrate; GDL substrate 3D voxel data raw; GDL substrate 3D voxel data wet raw; GDL substrate water distribution; GDL substrate water retention curve; MPL X-ray 3D voxel data raw; MPL X-ray 3D voxel data wet raw; MPL water distribution; MPL water retention curve
https://w3id.org/h2kg/decode/workflow/concept/current-modulated-hydrogen-flow-rate-spectroscopy-ch2s-method,Current modulated hydrogen flow-rate spectroscopy (CH2S),,Parameter,https://w3id.org/h2kg/hydrogen-ontology#Parameter,16,cea-mea-model-europium-2d; current-modulated-hydrogen-flow-rate-spectroscopy-ch2s; diffusivities-from-tortuosities; fib-measurements-on-gdl-or-mpl-and-catalyst-materials; fitting-of-the-europium-model; gdl-compressability; hg-porosimetry-gdl; image-fib-tomography-dataparameter-extraction-3d; image-parameter-extraction-2d; image-x-ray-tomography-data-parameter-extraction-3d; mea-assembly-for-pefc-ref-mea; mpl-parameter-estimation-from-gdl-and-substrate-data; sem-and-edx; sem-and-fib-layer; simulation-of-single-phase-3d-apparent-properties; voxel-based-3d-effective-diffusivity-simulation,reviewed_decode,reviewed_decode_anchor,https://w3id.org/h2kg/decode/workflow/anchor/current-modulated-hydrogen-flow-rate-spectroscopy-ch2s-method,"A specified, controlled, reported, or model-input condition or quantity denoted ""Current modulated hydrogen flow-rate spectroscopy (CH2S)"" in DECODE hydrogen-electrochemistry workflows. Source context: Mixtures possible: H2O/H2/N2 Liquid water not possibleFrequency range available 100 Hz - 0.01 Hz (at present)",Mixtures possible: H2O/H2/N2 Liquid water not possibleFrequency range available 100 Hz - 0.01 Hz (at present),"Reviewed DECODE semantic role, source label, source workflow context, and direct-neighbor context. This is a draft for expert review, not an authoritative ontology definition.","Decide: strict H2KG alias, existing H2KG mapping, new reusable H2KG term, or retain reviewed DECODE anchor.",needs_human_review,,,,"[{""iri"": ""https://w3id.org/h2kg/hydrogen-ontology#XRayPhotoelectronSpectroscopyMeasurement"", ""label"": ""X Ray Photoelectron Spectroscopy Measurement"", ""score"": 0.571}, {""iri"": ""https://w3id.org/h2kg/hydrogen-ontology#HydrogenVolumetricFlowRate"", ""label"": ""Hydrogen Volumetric Flow Rate"", ""score"": 0.554}]",Cell clamping pressure; Cell current density; Cell inlet humidification; Cell inlet pressure; Cell temperature; Flow-field geometry; GDL stress-strain curve; GDL substrate porosity; GDL substrate thickness; GDL substrate through-plane tortuosity; MEA; MPL porosity; MPL thickness; MPL tortuosity
https://w3id.org/h2kg/decode/workflow/concept/data-extraction-from-existing-pewe-measurements-u-i-t-method,Data extraction from existing PEWE measurements (U-i-t),,Process,https://w3id.org/h2kg/hydrogen-ontology#Process,3,data-extraction-from-existing-pewe-measurements-u-i-t; fitting-of-the-europium-model; iet-1d-performance-model-for-mea-fitting,reviewed_decode,reviewed_decode_anchor,https://w3id.org/h2kg/decode/workflow/anchor/data-extraction-from-existing-pewe-measurements-u-i-t-method,"A computational, analytical, transformation, or generic workflow process denoted ""Data extraction from existing PEWE measurements (U-i-t)"" in DECODE hydrogen-electrochemistry workflows. Source context: change of the cell for static operating conditions must be excluded",change of the cell for static operating conditions must be excluded,"Reviewed DECODE semantic role, source label, source workflow context, and direct-neighbor context. This is a draft for expert review, not an authoritative ontology definition.","Decide: strict H2KG alias, existing H2KG mapping, new reusable H2KG term, or retain reviewed DECODE anchor.",needs_human_review,,,,"[{""iri"": ""https://w3id.org/h2kg/hydrogen-ontology#DegradationPredictionEvaluationMeasurement"", ""label"": ""Degradation Prediction Evaluation Measurement"", ""score"": 0.592}, {""iri"": ""https://w3id.org/h2kg/hydrogen-ontology#ContactAngleMeasurement"", ""label"": ""Contact Angle Measurement"", ""score"": 0.584}, {""iri"": ""https://w3id.org/h2kg/hydrogen-ontology#ThroughPlaneElectronicConductivityMeasurement"", ""label"": ""Through Plane Electronic Conductivity Measurement"", ""score"": 0.569}]",Cell Tafel slope; Cell high-frequency resistance; Degradation rates of cell Tafel slope; Degradation rates of cell high-frequency resistance; Time series of cell voltage; Time series of current density
https://w3id.org/h2kg/decode/workflow/concept/degradation-rates-of-cell-high-frequency-resistance-device,Degradation rates of cell high-frequency resistance,device,Parameter,https://w3id.org/h2kg/hydrogen-ontology#Parameter,1,data-extraction-from-existing-pewe-measurements-u-i-t,reviewed_decode,reviewed_decode_anchor,https://w3id.org/h2kg/decode/workflow/anchor/degradation-rates-of-cell-high-frequency-resistance-device,"A specified, controlled, reported, or model-input condition or quantity denoted ""Degradation rates of cell high-frequency resistance"" in DECODE hydrogen-electrochemistry workflows.",,"Reviewed DECODE semantic role, source label, source workflow context, and direct-neighbor context. This is a draft for expert review, not an authoritative ontology definition.","Decide: strict H2KG alias, existing H2KG mapping, new reusable H2KG term, or retain reviewed DECODE anchor.",needs_human_review,,,,"[{""iri"": ""https://w3id.org/h2kg/hydrogen-ontology#HighFrequencyResistance"", ""label"": ""High Frequency Resistance"", ""score"": 0.658}, {""iri"": ""https://w3id.org/h2kg/hydrogen-ontology#OhmicResistance"", ""label"": ""Ohmic Resistance"", ""score"": 0.658}, {""iri"": ""https://w3id.org/h2kg/hydrogen-ontology#CurrentInterruptHFRMeasurement"", ""label"": ""Current-Interrupt HFR Measurement"", ""score"": 0.609}]",Data extraction from existing PEWE measurements (U-i-t)
https://w3id.org/h2kg/decode/workflow/concept/degradation-rates-of-cell-tafel-slope-device,Degradation rates of cell Tafel slope,device,Property,https://w3id.org/h2kg/hydrogen-ontology#Property,1,data-extraction-from-existing-pewe-measurements-u-i-t,reviewed_decode,reviewed_decode_anchor,https://w3id.org/h2kg/decode/workflow/anchor/degradation-rates-of-cell-tafel-slope-device,"A measurable, calculated, or derived scientific characteristic denoted ""Degradation rates of cell Tafel slope"" in DECODE hydrogen-electrochemistry workflows.",,"Reviewed DECODE semantic role, source label, source workflow context, and direct-neighbor context. This is a draft for expert review, not an authoritative ontology definition.","Decide: strict H2KG alias, existing H2KG mapping, new reusable H2KG term, or retain reviewed DECODE anchor.",needs_human_review,,,,"[{""iri"": ""https://w3id.org/h2kg/hydrogen-ontology#SolventEvaporationRate"", ""label"": ""Solvent Evaporation Rate"", ""score"": 0.625}, {""iri"": ""https://w3id.org/h2kg/hydrogen-ontology#CurrentDensityDecayRate"", ""label"": ""Current Density Decay Rate"", ""score"": 0.604}, {""iri"": ""https://w3id.org/h2kg/hydrogen-ontology#OperatingTemperature"", ""label"": ""Operating Temperature"", ""score"": 0.571}]",Data extraction from existing PEWE measurements (U-i-t)
https://w3id.org/h2kg/decode/workflow/concept/density-potential-functional-theory-applied-to-supported-electrocatalysts-model,Density-potential functional theory applied to supported electrocatalysts,,Property,https://w3id.org/h2kg/hydrogen-ontology#Property,7,density-potential-functional-theory-applied-to-supported-electrocatalysts; dip-and-pull-operando-or-in-situ-xps; irras-operando-or-in-situ-ftir; molecular-dynamics-for-the-electrode-electrolyte-interface-metalwalls; operando-or-in-situ-xas-photon-out; operando-saxs-or-waxs-small-or-wide-angle-x-ray-spectroscopy; thin-windows-operando-or-in-situ-xps,reviewed_decode,reviewed_decode_anchor,https://w3id.org/h2kg/decode/workflow/anchor/density-potential-functional-theory-applied-to-supported-electrocatalysts-model,"A measurable, calculated, or derived scientific characteristic denoted ""Density-potential functional theory applied to supported electrocatalysts"" in DECODE hydrogen-electrochemistry workflows. Source context: CCL",CCL,"Reviewed DECODE semantic role, source label, source workflow context, and direct-neighbor context. This is a draft for expert review, not an authoritative ontology definition.","Decide: strict H2KG alias, existing H2KG mapping, new reusable H2KG term, or retain reviewed DECODE anchor.",needs_human_review,,,,[],Effective size of solvated ions; Electrode chemistry; Electrode morphology; Electrode physics; Electrolyte composition; Global electric potential distribution (nanostructured); Global electron distribution (nanostructured); Global potential of zero charge (nanostructured); Local potential of zero charge (nanostructured); Local potential of zero ionic charge (nanostructured)
https://w3id.org/h2kg/decode/workflow/concept/determination-of-cl-saturation-by-saxs-sans-method,Determination of CL saturation by SAXS/SANS,,Parameter,https://w3id.org/h2kg/hydrogen-ontology#Parameter,10,blade-coating-and-decal-transfer-for-ref-pefc-ccm; cea-mea-model-europium-2d; determination-of-cl-saturation-by-saxs-or-sans; distribution-of-contact-angles-in-ccl-fib-sem-image-from-ionomer-reconstruction; electrospray-deposition-of-catalyst-layers; fitting-of-the-europium-model; image-based-ccl-effective-transport-property-computation-from-numerical-simulations; image-tem-data-parameter-extraction-3d; impregnation-by-immersion-and-blade-coating; ultrasonic-spray-deposition-for-catalytic-layers,reviewed_decode,reviewed_decode_anchor,https://w3id.org/h2kg/decode/workflow/anchor/determination-of-cl-saturation-by-saxs-sans-method,"A specified, controlled, reported, or model-input condition or quantity denoted ""Determination of CL saturation by SAXS/SANS"" in DECODE hydrogen-electrochemistry workflows. Source context: only valid for pore diameter range convered by scattering angle range - pores beyond +/- 100nm will not be covered at SLS/cSAXS(the smaller the smallest angle, the larger the covered pores)","only valid for pore diameter range convered by scattering angle range - pores beyond +/- 100nm will not be covered at SLS/cSAXS(the smaller the smallest angle, the larger the covered pores)","Reviewed DECODE semantic role, source label, source workflow context, and direct-neighbor context. This is a draft for expert review, not an authoritative ontology definition.","Decide: strict H2KG alias, existing H2KG mapping, new reusable H2KG term, or retain reviewed DECODE anchor.",needs_human_review,,,,"[{""iri"": ""https://w3id.org/h2kg/hydrogen-ontology#CatalystLoadingDetermination"", ""label"": ""Catalyst Loading Determination"", ""score"": 0.575}, {""iri"": ""https://w3id.org/h2kg/hydrogen-ontology#CoefficientOfDeterminationR2"", ""label"": ""Coefficient Of Determination R 2"", ""score"": 0.56}, {""iri"": ""https://w3id.org/h2kg/hydrogen-ontology#IodineValueMeasurement"", ""label"": ""Iodine Value Measurement"", ""score"": 0.551}]",CCL 3D voxel data classified with ionomer and Pt; CCL 3D voxel data wet classified; CCL ionomer distribution statistics; CCL ionomer saturation; CCL saturation; CCL saturation profiles; CCM; Cell current density; Cell inlet humidification; Cell stoichiometries; Cell temperature; Flow-field geometry; GDL; Ionomer water sorption properties; MPL saturation; MPL saturation profiles
https://w3id.org/h2kg/decode/workflow/concept/development-of-a-zero-gap-cell-for-gde-based-spectrocopy-measurement-method,Development of a zero gap cell for GDE based spectrocopy measurement,,Manufacturing,https://w3id.org/h2kg/hydrogen-ontology#Manufacturing,4,blade-coating-and-decal-transfer-for-ref-pefc-ccm; development-of-a-zero-gap-cell-for-gde-based-spectrocopy-measurement; electrospray-deposition-of-catalyst-layers; ultrasonic-spray-deposition-for-catalytic-layers,reviewed_decode,reviewed_decode_anchor,https://w3id.org/h2kg/decode/workflow/anchor/development-of-a-zero-gap-cell-for-gde-based-spectrocopy-measurement-method,"A fabrication, preparation, deposition, assembly, or conditioning operation denoted ""Development of a zero gap cell for GDE based spectrocopy measurement"" in DECODE hydrogen-electrochemistry workflows. Source context: XAS, EXAFS atomic level resolution, bulk technique, XRD micro to milimeter resolution, bulk technique","XAS, EXAFS atomic level resolution, bulk technique, XRD micro to milimeter resolution, bulk technique","Reviewed DECODE semantic role, source label, source workflow context, and direct-neighbor context. This is a draft for expert review, not an authoritative ontology definition.","Decide: strict H2KG alias, existing H2KG mapping, new reusable H2KG term, or retain reviewed DECODE anchor.",needs_human_review,,,,"[{""iri"": ""https://w3id.org/h2kg/hydrogen-ontology#SpectroscopicEllipsometryMeasurement"", ""label"": ""Spectroscopic Ellipsometry Measurement"", ""score"": 0.585}, {""iri"": ""https://w3id.org/h2kg/hydrogen-ontology#ElectronSpinResonanceSpectroscopyMeasurement"", ""label"": ""Electron Spin Resonance Spectroscopy Measurement"", ""score"": 0.552}, {""iri"": ""https://w3id.org/h2kg/hydrogen-ontology#GasChromatographyMassSpectrometryMeasurement"", ""label"": ""Gas Chromatography Mass Spectrometry Measurement"", ""score"": 0.552}]",Active phase; CCM; CCM area; CCM composition; Coordination number and bond distance; EXAFS spectra; Electrolyte; GDE electrochemical protocol; GDE electrochemical response; Local electronic structure; Optimal catalyst loading for XAS signal; Oxidation state changes; XANES spectra; XAS spectra; XRD pattern
https://w3id.org/h2kg/decode/workflow/concept/development-of-ratiometric-fluorescent-probes-for-local-ph-assessement-in-alkaline-media-method,Development of ratiometric fluorescent probes for local pH assessement in alkaline media,,Parameter,https://w3id.org/h2kg/hydrogen-ontology#Parameter,3,confocal-laser-scanning-microscope-clsm-and-fluorescent-probes-for-local-ph-assessment-in-alkaline-m; confocal-laser-scanning-microscope-clsm-and-fluorescent-probes-for-local-ph-assessment-in-alkaline-m2; development-of-ratiometric-fluorescent-probes-for-local-ph-assessement-in-alkaline-media,reviewed_decode,reviewed_decode_anchor,https://w3id.org/h2kg/decode/workflow/anchor/development-of-ratiometric-fluorescent-probes-for-local-ph-assessement-in-alkaline-media-method,"A specified, controlled, reported, or model-input condition or quantity denoted ""Development of ratiometric fluorescent probes for local pH assessement in alkaline media"" in DECODE hydrogen-electrochemistry workflows. Source context: Variation of the herinto proposed synthesis is applicable to all the alkaline probes proposed within DECODE. An additional FS will be added if the backbone of the molecule is changed.",Variation of the herinto proposed synthesis is applicable to all the alkaline probes proposed within DECODE. An additional FS will be added if the backbone of the molecule is changed.,"Reviewed DECODE semantic role, source label, source workflow context, and direct-neighbor context. This is a draft for expert review, not an authoritative ontology definition.","Decide: strict H2KG alias, existing H2KG mapping, new reusable H2KG term, or retain reviewed DECODE anchor.",needs_human_review,,,,[],Catalysts for molecular probe synthesis; Molecular fluorescent probe (alkaline); Precursors for molecular probe synthesis
https://w3id.org/h2kg/decode/workflow/concept/dft-onto-idealized-surfaces-method,DFT onto idealized surfaces,,Process,https://w3id.org/h2kg/hydrogen-ontology#Process,11,adsorbate-surface-diffusion-on-electrocatalyst-support; dft-onto-idealized-surfaces; dip-and-pull-operando-or-in-situ-xps; fitting-version-of-the-hierachical-model; hierarchical-model-for-electrocatalytic-reactions; in-situ-fourier-transformed-ir-in-atr-configuration; irras-operando-or-in-situ-ftir; molecular-dynamics-for-the-electrode-electrolyte-interface-in-presence-of-ionomer; operando-or-in-situ-xas-photon-out; operando-saxs-or-waxs-small-or-wide-angle-x-ray-spectroscopy; thin-windows-operando-or-in-situ-xps,reviewed_decode,reviewed_decode_anchor,https://w3id.org/h2kg/decode/workflow/anchor/dft-onto-idealized-surfaces-method,"A computational, analytical, transformation, or generic workflow process denoted ""DFT onto idealized surfaces"" in DECODE hydrogen-electrochemistry workflows. Source context: General limitations and accuracy of density functional theory apply; model system size and possible size effects",General limitations and accuracy of density functional theory apply; model system size and possible size effects,"Reviewed DECODE semantic role, source label, source workflow context, and direct-neighbor context. This is a draft for expert review, not an authoritative ontology definition.","Decide: strict H2KG alias, existing H2KG mapping, new reusable H2KG term, or retain reviewed DECODE anchor.",needs_human_review,,,,"[{""iri"": ""https://w3id.org/h2kg/hydrogen-ontology#BETSurfaceAnalyzer"", ""label"": ""BET Surface Analyzer"", ""score"": 0.596}, {""iri"": ""https://w3id.org/h2kg/hydrogen-ontology#AgNWSurfaceDensity"", ""label"": ""Ag NW Surface Density"", ""score"": 0.583}, {""iri"": ""https://w3id.org/h2kg/hydrogen-ontology#BETSurfaceAreaNitrogen"", ""label"": ""BET Surface Area Nitrogen"", ""score"": 0.577}]",Activation barriers of elementary steps; Adsorbate adsorption energies (idealized); Adsorbate conformation on electrode (idealized); Adsorbate dipole moments; Adsorbate types on electrode (idealized); Binding energies of intermediates; Electrode chemistry; Electrode morphology; Interaction coefficients between adsorbates
https://w3id.org/h2kg/decode/workflow/concept/differential-cell-testing-method,Differential Cell Testing,,Measurement,https://w3id.org/h2kg/hydrogen-ontology#Measurement,18,0d-particle-population-degradation-model-coupled-with-performance-model-fitting; 0d-particle-population-degradation-model-coupled-with-performance-model-prediction; 0d-particle-population-degradation-model-coupled-with-performance-model-prediction-without-fitting-methods; cea-mea-model-europium-2d; differential-cell-testing; fib-measurements-on-gdl-or-mpl-and-catalyst-materials; fitting-of-the-europium-model; iet-1d-mea-with-water-transport-eis-model; iet-1d-mea-with-water-transport-in-ccl-eis-model; iet-1d-performance-model-for-mea-fitting; iet-1d-performance-model-for-mea-prediction; iet-ink-to-composition-model; image-fib-tomography-dataparameter-extraction-3d; image-parameter-extraction-2d; mea-assembly-for-pefc-ref-mea; microscopy-sem-and-optical-in-mea-cross-section; sem-and-edx; sem-and-fib-layer,reviewed_decode,reviewed_decode_anchor,https://w3id.org/h2kg/decode/workflow/anchor/differential-cell-testing-method,"A characterization or measurement procedure denoted ""Differential Cell Testing"" in DECODE hydrogen-electrochemistry workflows.",,"Reviewed DECODE semantic role, source label, source workflow context, and direct-neighbor context. This is a draft for expert review, not an authoritative ontology definition.","Decide: strict H2KG alias, existing H2KG mapping, new reusable H2KG term, or retain reviewed DECODE anchor.",needs_human_review,,,,"[{""iri"": ""https://w3id.org/h2kg/hydrogen-ontology#DifferentialScanningCalorimeter"", ""label"": ""Differential Scanning Calorimeter"", ""score"": 0.69}, {""iri"": ""https://w3id.org/h2kg/hydrogen-ontology#DifferentialScanningCalorimetryMeasurement"", ""label"": ""Differential Scanning Calorimetry Measurement"", ""score"": 0.69}, {""iri"": ""https://w3id.org/h2kg/hydrogen-ontology#CellSeedingDensity"", ""label"": ""Cell Seeding Density"", ""score"": 0.622}]",CCL effective double-layer capacitance; CCL effective proton conductivity; CCL thickness; Catalyst loading; Cell EIS; Cell crossover current density; Cell high-frequency resistance; Cell limiting current; Cell operation conditions; Cell polarization curve; Cell voltammogram; ECSA; MEA; Membrane H2 diffusivity; Membrane thickness
https://w3id.org/h2kg/decode/workflow/concept/diffusion-coefficients-of-species-lre,Diffusion coefficients of species,LRE,Property,https://w3id.org/h2kg/hydrogen-ontology#Property,3,adsorbate-surface-diffusion-on-electrocatalyst-support; diffusion-theory; hierarchical-model-for-electrocatalytic-reactions,reviewed_decode,reviewed_decode_anchor,https://w3id.org/h2kg/decode/workflow/anchor/diffusion-coefficients-of-species-lre,"A measurable, calculated, or derived scientific characteristic denoted ""Diffusion coefficients of species"" in DECODE hydrogen-electrochemistry workflows.",,"Reviewed DECODE semantic role, source label, source workflow context, and direct-neighbor context. This is a draft for expert review, not an authoritative ontology definition.","Decide: strict H2KG alias, existing H2KG mapping, new reusable H2KG term, or retain reviewed DECODE anchor.",needs_human_review,,,,"[{""iri"": ""https://w3id.org/h2kg/hydrogen-ontology#TriiodideDiffusionCoefficient"", ""label"": ""Triiodide Diffusion Coefficient"", ""score"": 0.806}, {""iri"": ""https://w3id.org/h2kg/hydrogen-ontology#WaterDiffusionCoefficient"", ""label"": ""Water Diffusion Coefficient"", ""score"": 0.767}, {""iri"": ""https://w3id.org/h2kg/hydrogen-ontology#EffectiveOxygenDiffusionCoefficient"", ""label"": ""Effective Oxygen Diffusion Coefficient"", ""score"": 0.761}]",Adsorbate Surface Diffusion on Electrocatalyst Support; Diffusion Theory; Hierarchical model for electrocatalytic reactions
https://w3id.org/h2kg/decode/workflow/concept/diffusion-layer-thickness-lre,Diffusion layer thickness,LRE,Property,https://w3id.org/h2kg/hydrogen-ontology#Property,2,diffusion-theory; hierarchical-model-for-electrocatalytic-reactions,reviewed_decode,reviewed_decode_anchor,https://w3id.org/h2kg/decode/workflow/anchor/diffusion-layer-thickness-lre,"A measurable, calculated, or derived scientific characteristic denoted ""Diffusion layer thickness"" in DECODE hydrogen-electrochemistry workflows.",,"Reviewed DECODE semantic role, source label, source workflow context, and direct-neighbor context. This is a draft for expert review, not an authoritative ontology definition.","Decide: strict H2KG alias, existing H2KG mapping, new reusable H2KG term, or retain reviewed DECODE anchor.",needs_human_review,,,,"[{""iri"": ""https://w3id.org/h2kg/hydrogen-ontology#GasDiffusionLayerThickness"", ""label"": ""Gas Diffusion Layer Thickness"", ""score"": 0.926}, {""iri"": ""https://w3id.org/h2kg/hydrogen-ontology#IonomerFilmThickness"", ""label"": ""Ionomer Film Thickness"", ""score"": 0.792}, {""iri"": ""https://w3id.org/h2kg/hydrogen-ontology#FilmThickness"", ""label"": ""Film Thickness"", ""score"": 0.791}]",Diffusion Theory; Hierarchical model for electrocatalytic reactions
https://w3id.org/h2kg/decode/workflow/concept/diffusion-theory-model,Diffusion Theory,,Property,https://w3id.org/h2kg/hydrogen-ontology#Property,7,diffusion-theory; hierarchical-model-for-electrocatalytic-reactions; rde-on-mono-or-polycrystalline-electrodes; rde-simulation-in-comsol; rrde-on-model-electrodes-in-acidic-solutions; rrde-on-model-electrodes-in-alkaline-solutions; rrde-simulation-in-comsol,reviewed_decode,reviewed_decode_anchor,https://w3id.org/h2kg/decode/workflow/anchor/diffusion-theory-model,"A measurable, calculated, or derived scientific characteristic denoted ""Diffusion Theory"" in DECODE hydrogen-electrochemistry workflows.",,"Reviewed DECODE semantic role, source label, source workflow context, and direct-neighbor context. This is a draft for expert review, not an authoritative ontology definition.","Decide: strict H2KG alias, existing H2KG mapping, new reusable H2KG term, or retain reviewed DECODE anchor.",needs_human_review,,,,"[{""iri"": ""https://w3id.org/h2kg/hydrogen-ontology#AirDiffusionLayer"", ""label"": ""Air Diffusion Layer"", ""score"": 0.686}, {""iri"": ""https://w3id.org/h2kg/hydrogen-ontology#GasDiffusionLayer"", ""label"": ""Gas Diffusion Layer"", ""score"": 0.686}, {""iri"": ""https://w3id.org/h2kg/hydrogen-ontology#DensityFunctionalTheoryCalculation"", ""label"": ""Density Functional Theory Calculation"", ""score"": 0.683}]",Diffusion coefficients of species; Diffusion layer thickness; Electrolyte composition; RDE electrochemical response (idealized); RDE rotation rate; RDE temperature
https://w3id.org/h2kg/decode/workflow/concept/diffusivities-from-tortuosities-method,Diffusivities from tortuosities,,Process,https://w3id.org/h2kg/hydrogen-ontology#Process,22,0d-particle-population-degradation-model-coupled-with-performance-model-prediction; 0d-particle-population-degradation-model-coupled-with-performance-model-prediction-without-fitting-methods; current-modulated-hydrogen-flow-rate-spectroscopy-ch2s; diffusivities-from-tortuosities; fib-measurements-on-gdl-or-mpl-and-catalyst-materials; fitting-of-the-europium-model; gdl-compressability; hg-porosimetry-gdl; iet-1d-mea-with-water-transport-eis-model; iet-1d-mea-with-water-transport-in-ccl-eis-model; iet-1d-performance-model-for-mea-prediction; image-based-ccl-effective-transport-property-computation-from-numerical-simulations; image-fib-tomography-dataparameter-extraction-3d; image-parameter-extraction-2d; image-x-ray-tomography-data-parameter-extraction-3d; microscopy-sem-and-optical-in-mea-cross-section; mpl-parameter-estimation-from-gdl-and-substrate-data; sem-and-edx; sem-and-fib-layer; simulation-of-single-phase-3d-apparent-properties; simulation-of-two-phase-3d-apparent-properties; voxel-based-3d-effective-diffusivity-simulation,reviewed_decode,reviewed_decode_anchor,https://w3id.org/h2kg/decode/workflow/anchor/diffusivities-from-tortuosities-method,"A computational, analytical, transformation, or generic workflow process denoted ""Diffusivities from tortuosities"" in DECODE hydrogen-electrochemistry workflows. Source context: If we think of ""tortuosity"" to be defined according to this method, it is valid by definition.Some care needed to avoid inconsistent usage (regarding channel-land effects, merging layer properties, gas composition, neglect of Knudsen or other effects such as Pt-near contributions)","If we think of ""tortuosity"" to be defined according to this method, it is valid by definition.Some care needed to avoid inconsistent usage (regarding channel-land effects, merging layer properties, gas composition, neglect of Knudsen or other effects such as Pt-near contributions)","Reviewed DECODE semantic role, source label, source workflow context, and direct-neighbor context. This is a draft for expert review, not an authoritative ontology definition.","Decide: strict H2KG alias, existing H2KG mapping, new reusable H2KG term, or retain reviewed DECODE anchor.",needs_human_review,,,,"[{""iri"": ""https://w3id.org/h2kg/hydrogen-ontology#GasDiffusionLayerPorosity"", ""label"": ""Gas Diffusion Layer Porosity"", ""score"": 0.576}, {""iri"": ""https://w3id.org/h2kg/hydrogen-ontology#KnudsenDiffusivity"", ""label"": ""Knudsen Diffusivity"", ""score"": 0.56}]",CCL effective O2 diffusivity; CCL effective vapor diffusivity; CCL porosity; CCL tortuosity; GDL effective O2 diffusivity; GDL effective vapor diffusivity; GDL substrate porosity; GDL substrate thickness; GDL substrate through-plane tortuosity; GDL thickness; MPL porosity; MPL thickness; MPL tortuosity
https://w3id.org/h2kg/decode/workflow/concept/dip-and-pull-operando-in-situ-xps-method,dip-and-pull operando/in-situ XPS,,Measurement,https://w3id.org/h2kg/hydrogen-ontology#Measurement,6,ab-initio-molecular-dynamics-aimd-of-the-solid-liquid-interface-at-a-pt-electrode; density-potential-functional-theory-applied-to-supported-electrocatalysts; dft-onto-idealized-surfaces; dip-and-pull-operando-or-in-situ-xps; molecular-dynamics-for-the-electrode-electrolyte-interface-in-presence-of-ionomer; molecular-dynamics-for-the-electrode-electrolyte-interface-metalwalls,reviewed_decode,reviewed_decode_anchor,https://w3id.org/h2kg/decode/workflow/anchor/dip-and-pull-operando-in-situ-xps-method,"A characterization or measurement procedure denoted ""dip-and-pull operando/in-situ XPS"" in DECODE hydrogen-electrochemistry workflows. Source context: Invalid in the current design for bubble generation reactions (OER, HER). Difficultly valid for any reaction where a high current density is used (i.e., will modify the properties of the electrolyte at the analysis spot). A mitigation method consists in using dip-and-pull 'in situ', i.e., dipping the electrode in the solution, performing the measurment, pulling it out of the solution and analyzing)","Invalid in the current design for bubble generation reactions (OER, HER). Difficultly valid for any reaction where a high current density is used (i.e., will modify the properties of the electrolyte at the analysis spot). A mitigation method consists in using dip-and-pull 'in situ', i.e., dipping the electrode in the solution, performing the measurment, pulling it out of the solution and analyzing)","Reviewed DECODE semantic role, source label, source workflow context, and direct-neighbor context. This is a draft for expert review, not an authoritative ontology definition.","Decide: strict H2KG alias, existing H2KG mapping, new reusable H2KG term, or retain reviewed DECODE anchor.",needs_human_review,,,,"[{""iri"": ""https://w3id.org/h2kg/hydrogen-ontology#IsopropanolMassFractionInInk"", ""label"": ""Isopropanol Mass Fraction In Ink"", ""score"": 0.554}]",Adsorbate coverage on electrode (idealized); Adsorbate types on electrode (idealized); Catalyst powder; Electrode chemistry; Electrode morphology; Electrolyte
https://w3id.org/h2kg/decode/workflow/concept/distribution-of-contact-angles-in-ccl-fib-sem-image-from-ionomer-reconstruction-method,Distribution of contact angles in CCL FIB-SEM image from ionomer reconstruction,,Process,https://w3id.org/h2kg/hydrogen-ontology#Process,12,cea-mea-model-europium-2d; determination-of-cl-saturation-by-saxs-or-sans; distribution-of-contact-angles-in-ccl-fib-sem-image-from-ionomer-reconstruction; electron-tomography-for-pt-c-and-ionomer-distribution-in-cl; fitting-of-the-europium-model; high-resolution-electron-tomography-for-accessing-pt-and-ionomer-distribution-on-carbon-aggregate; iet-1d-mea-with-water-transport-eis-model; iet-1d-mea-with-water-transport-in-ccl-eis-model; iet-1d-performance-model-for-mea-prediction; image-classification-on-tem-data; inpt-cl-process-model; ionomer-reconstruction-in-ccl-3d-images,reviewed_decode,reviewed_decode_anchor,https://w3id.org/h2kg/decode/workflow/anchor/distribution-of-contact-angles-in-ccl-fib-sem-image-from-ionomer-reconstruction-method,"A computational, analytical, transformation, or generic workflow process denoted ""Distribution of contact angles in CCL FIB-SEM image from ionomer reconstruction"" in DECODE hydrogen-electrochemistry workflows. Source context: CCL initial state (dry).",CCL initial state (dry).,"Reviewed DECODE semantic role, source label, source workflow context, and direct-neighbor context. This is a draft for expert review, not an authoritative ontology definition.","Decide: strict H2KG alias, existing H2KG mapping, new reusable H2KG term, or retain reviewed DECODE anchor.",needs_human_review,,,,[],CCL 3D voxel data classified with ionomer and Pt; CCL contact angle distribution image; CCL contact angle distribution statistics; CCL water retention curve
https://w3id.org/h2kg/decode/workflow/concept/dropcasted-ink-on-gc-tips-method,Dropcasted Ink on GC Tips,,Manufacturing,https://w3id.org/h2kg/hydrogen-ontology#Manufacturing,5,accelerated-stress-test-ast-on-nanostructured-electrodes; dropcasted-ink-on-gc-tips; eis-on-nanostructured-electrodes; impregnation-by-immersion-and-blade-coating; rde-on-nanostructured-electrodes,reviewed_decode,reviewed_decode_anchor,https://w3id.org/h2kg/decode/workflow/anchor/dropcasted-ink-on-gc-tips-method,"A fabrication, preparation, deposition, assembly, or conditioning operation denoted ""Dropcasted Ink on GC Tips"" in DECODE hydrogen-electrochemistry workflows. Source context: To nanostructured materials that can be mixed into inks (e.g., not too hydrophobic - but ink composition can be revisited)","To nanostructured materials that can be mixed into inks (e.g., not too hydrophobic - but ink composition can be revisited)","Reviewed DECODE semantic role, source label, source workflow context, and direct-neighbor context. This is a draft for expert review, not an authoritative ontology definition.","Decide: strict H2KG alias, existing H2KG mapping, new reusable H2KG term, or retain reviewed DECODE anchor.",needs_human_review,,,,"[{""iri"": ""https://w3id.org/h2kg/hydrogen-ontology#HydrophilicCatalystInk"", ""label"": ""Hydrophilic Catalyst Ink"", ""score"": 0.553}, {""iri"": ""https://w3id.org/h2kg/hydrogen-ontology#OxidePowderInk"", ""label"": ""Oxide Powder Ink"", ""score"": 0.55}]",Catalyst ink composition; Catalyst powder; GDL; Ionomer; Polished GC tips; RDE electrode (nanostructured); Solvent
https://w3id.org/h2kg/decode/workflow/concept/ecsa-component,ECSA,component,Property,https://w3id.org/h2kg/hydrogen-ontology#Property,3,cea-mea-model-europium-2d; differential-cell-testing; fitting-of-the-europium-model,approved_h2kg,strict_alt_label,https://w3id.org/h2kg/hydrogen-ontology#ElectrochemicallyActiveSurfaceArea,"A measurable, calculated, or derived scientific characteristic denoted ""ECSA"" in DECODE hydrogen-electrochemistry workflows.",,"Reviewed DECODE semantic role, source label, source workflow context, and direct-neighbor context. This is a draft for expert review, not an authoritative ontology definition.",Verify against the canonical H2KG definition and retain only a true synonym.,needs_human_review,,,,"[{""iri"": ""https://w3id.org/h2kg/hydrogen-ontology#ElectrochemicallyActiveSurfaceArea"", ""label"": ""Electrochemically Active Surface Area"", ""score"": 1.0}, {""iri"": ""https://w3id.org/h2kg/hydrogen-ontology#PtChemicalSurfaceArea"", ""label"": ""Pt Chemical Surface Area"", ""score"": 0.857}, {""iri"": ""https://w3id.org/h2kg/hydrogen-ontology#CathodeStoichiometricRatio"", ""label"": ""Cathode Stoichiometric Ratio"", ""score"": 0.667}]","CEA MEA model (Europium 2D); Differential Cell Testing; Fitting of the Europium model; Single cell test bench: polarization, EIS"
https://w3id.org/h2kg/decode/workflow/concept/ecsa-aged-component,ECSA (aged),component,Matter,https://w3id.org/h2kg/hydrogen-ontology#Matter,5,0d-particle-population-degradation-model-coupled-with-performance-model-fitting; 0d-particle-population-degradation-model-coupled-with-performance-model-prediction; 0d-particle-population-degradation-model-coupled-with-performance-model-prediction-without-fitting-methods; 0d-particle-population-degradation-model-fitting; 0d-particle-population-degradation-model-prediction,reviewed_decode,reviewed_decode_anchor,https://w3id.org/h2kg/decode/workflow/anchor/ecsa-aged-component,"A material, component, chemical species, phase, specimen, or assembly denoted ""ECSA (aged)"" in DECODE hydrogen-electrochemistry workflows.",,"Reviewed DECODE semantic role, source label, source workflow context, and direct-neighbor context. This is a draft for expert review, not an authoritative ontology definition.","Decide: strict H2KG alias, existing H2KG mapping, new reusable H2KG term, or retain reviewed DECODE anchor.",needs_human_review,,,,"[{""iri"": ""https://w3id.org/h2kg/hydrogen-ontology#ECSADataset"", ""label"": ""ECSA Dataset"", ""score"": 0.667}, {""iri"": ""https://w3id.org/h2kg/hydrogen-ontology#ECSABasis"", ""label"": ""ECSA Basis"", ""score"": 0.632}, {""iri"": ""https://w3id.org/h2kg/hydrogen-ontology#ElectrochemicallyActiveSurfaceArea"", ""label"": ""Electrochemically Active Surface Area"", ""score"": 0.615}]",0D Particle population degradation model (fitting); 0D Particle population degradation model (prediction); 0D Particle population degradation model coupled with performance model (fitting); 0D Particle population degradation model coupled with performance model (prediction)
https://w3id.org/h2kg/decode/workflow/concept/effective-size-of-solvated-ions-lre,Effective size of solvated ions,LRE,Property,https://w3id.org/h2kg/hydrogen-ontology#Property,3,density-potential-functional-theory-applied-to-supported-electrocatalysts; hierarchical-model-for-electrocatalytic-reactions; molecular-dynamics-for-the-electrode-electrolyte-interface-metalwalls,reviewed_decode,reviewed_decode_anchor,https://w3id.org/h2kg/decode/workflow/anchor/effective-size-of-solvated-ions-lre,"A measurable, calculated, or derived scientific characteristic denoted ""Effective size of solvated ions"" in DECODE hydrogen-electrochemistry workflows.",,"Reviewed DECODE semantic role, source label, source workflow context, and direct-neighbor context. This is a draft for expert review, not an authoritative ontology definition.","Decide: strict H2KG alias, existing H2KG mapping, new reusable H2KG term, or retain reviewed DECODE anchor.",needs_human_review,,,,"[{""iri"": ""https://w3id.org/h2kg/hydrogen-ontology#PtEffectiveness"", ""label"": ""Pt Effectiveness"", ""score"": 0.64}, {""iri"": ""https://w3id.org/h2kg/hydrogen-ontology#WaterMassFractionInSolventMixture"", ""label"": ""Water Mass Fraction In Solvent Mixture"", ""score"": 0.571}, {""iri"": ""https://w3id.org/h2kg/hydrogen-ontology#FilamentDeflection"", ""label"": ""Filament Deflection"", ""score"": 0.56}]",Density-potential functional theory applied to supported electrocatalysts; Hierarchical model for electrocatalytic reactions; Molecular Dynamics for the Electrode | Electrolyte Interface - MetalWalls
https://w3id.org/h2kg/decode/workflow/concept/eis-on-nanostructured-electrodes-method,EIS on nanostructured electrodes,,Property,https://w3id.org/h2kg/hydrogen-ontology#Property,8,dropcasted-ink-on-gc-tips; eis-on-nanostructured-electrodes; image-fib-tomography-dataparameter-extraction-3d; image-parameter-extraction-2d,reviewed_decode,reviewed_decode_anchor,https://w3id.org/h2kg/decode/workflow/anchor/eis-on-nanostructured-electrodes-method,"A measurable, calculated, or derived scientific characteristic denoted ""EIS on nanostructured electrodes"" in DECODE hydrogen-electrochemistry workflows. Source context: Valid in all linear current region, but special care should be taken for the bubble generation/current stability. Valid in all linear current region, but special care should be taken for the bubble generation/current stability.","Valid in all linear current region, but special care should be taken for the bubble generation/current stability. Valid in all linear current region, but special care should be taken for the bubble generation/current stability.","Reviewed DECODE semantic role, source label, source workflow context, and direct-neighbor context. This is a draft for expert review, not an authoritative ontology definition.","Decide: strict H2KG alias, existing H2KG mapping, new reusable H2KG term, or retain reviewed DECODE anchor.",needs_human_review,,,,"[{""iri"": ""https://w3id.org/h2kg/hydrogen-ontology#NiFe2O4Nanostructure"", ""label"": ""Ni Fe 2 O 4 Nanostructure"", ""score"": 0.632}, {""iri"": ""https://w3id.org/h2kg/hydrogen-ontology#ElectronTransferNumber"", ""label"": ""Electron Transfer Number"", ""score"": 0.618}, {""iri"": ""https://w3id.org/h2kg/hydrogen-ontology#RotatingRingDiskVoltammetry"", ""label"": ""Rotating Ring Disk Voltammetry"", ""score"": 0.618}]",Catalyst loading; Electrolyte; Electrolyte composition; I/C-ratio; Monomer concentration in the electrolyte; RDE EIS (nanostructured); RDE electrode (nanostructured)
https://w3id.org/h2kg/decode/workflow/concept/eis-on-pewe-cells-method,EIS on PEWE cells,,Measurement,https://w3id.org/h2kg/hydrogen-ontology#Measurement,3,eis-on-pewe-cells; fitting-of-the-europium-model; iet-1d-performance-model-for-mea-fitting,reviewed_decode,reviewed_decode_anchor,https://w3id.org/h2kg/decode/workflow/anchor/eis-on-pewe-cells-method,"A characterization or measurement procedure denoted ""EIS on PEWE cells"" in DECODE hydrogen-electrochemistry workflows. Source context: operating window of potentiostat",operating window of potentiostat,"Reviewed DECODE semantic role, source label, source workflow context, and direct-neighbor context. This is a draft for expert review, not an authoritative ontology definition.","Decide: strict H2KG alias, existing H2KG mapping, new reusable H2KG term, or retain reviewed DECODE anchor.",needs_human_review,,,,"[{""iri"": ""https://w3id.org/h2kg/hydrogen-ontology#DeflectionPercentOfFilamentDiameter"", ""label"": ""Deflection Percent Of Filament Diameter"", ""score"": 0.571}, {""iri"": ""https://w3id.org/h2kg/hydrogen-ontology#SprayAirPressure"", ""label"": ""Spray Air Pressure"", ""score"": 0.571}, {""iri"": ""https://w3id.org/h2kg/hydrogen-ontology#WebTension"", ""label"": ""Web Tension"", ""score"": 0.571}]",Cell charge transfer resistance; Cell current density; Cell high-frequency resistance; Cell mass transport resistance; Operating PEWE cell
https://w3id.org/h2kg/decode/workflow/concept/electrical-conductivity-method,Electrical conductivity,,Property,https://w3id.org/h2kg/hydrogen-ontology#Property,16,cea-mea-model-europium-2d; electrical-conductivity; fitting-of-the-europium-model; gdl-compressability; image-parameter-extraction-2d; image-x-ray-tomography-data-parameter-extraction-3d; impregnation-by-immersion-and-blade-coating; microscopy-sem-and-optical-in-mea-cross-section; mpl-parameter-estimation-from-gdl-and-substrate-data; sem-and-edx; sem-and-fib-layer,reviewed_decode,reviewed_decode_anchor,https://w3id.org/h2kg/decode/workflow/anchor/electrical-conductivity-method,"A measurable, calculated, or derived scientific characteristic denoted ""Electrical conductivity"" in DECODE hydrogen-electrochemistry workflows. Source context: To be defined To be defined",To be defined To be defined,"Reviewed DECODE semantic role, source label, source workflow context, and direct-neighbor context. This is a draft for expert review, not an authoritative ontology definition.","Decide: strict H2KG alias, existing H2KG mapping, new reusable H2KG term, or retain reviewed DECODE anchor.",needs_human_review,,,,"[{""iri"": ""https://w3id.org/h2kg/hydrogen-ontology#InPlaneElectronicConductivity"", ""label"": ""In Plane Electronic Conductivity"", ""score"": 1.0}, {""iri"": ""https://w3id.org/h2kg/hydrogen-ontology#ThroughPlaneElectronicConductivity"", ""label"": ""Through Plane Electronic Conductivity"", ""score"": 1.0}, {""iri"": ""https://w3id.org/h2kg/hydrogen-ontology#SolutionConductivity"", ""label"": ""Solution Conductivity"", ""score"": 0.851}]",GDL; GDL in-plane conductivity; GDL stress-strain curve; GDL substrate; GDL substrate in-plane conductivity; GDL substrate stress-strain curve; GDL substrate thickness; GDL substrate through-plane conductivity; GDL thickness; GDL through-plane conductivity
https://w3id.org/h2kg/decode/workflow/concept/electrical-contact-resistance-method,Electrical contact resistance,,Property,https://w3id.org/h2kg/hydrogen-ontology#Property,16,cea-mea-model-europium-2d; electrical-contact-resistance; fitting-of-the-europium-model; gdl-compressability; image-parameter-extraction-2d; image-x-ray-tomography-data-parameter-extraction-3d; impregnation-by-immersion-and-blade-coating; microscopy-sem-and-optical-in-mea-cross-section; mpl-parameter-estimation-from-gdl-and-substrate-data; sem-and-edx; sem-and-fib-layer,reviewed_decode,reviewed_decode_anchor,https://w3id.org/h2kg/decode/workflow/anchor/electrical-contact-resistance-method,"A measurable, calculated, or derived scientific characteristic denoted ""Electrical contact resistance"" in DECODE hydrogen-electrochemistry workflows. Source context: To be defined To be defined",To be defined To be defined,"Reviewed DECODE semantic role, source label, source workflow context, and direct-neighbor context. This is a draft for expert review, not an authoritative ontology definition.","Decide: strict H2KG alias, existing H2KG mapping, new reusable H2KG term, or retain reviewed DECODE anchor.",needs_human_review,,,,"[{""iri"": ""https://w3id.org/h2kg/hydrogen-ontology#LateralElectronicResistance"", ""label"": ""Lateral Electronic Resistance"", ""score"": 0.76}, {""iri"": ""https://w3id.org/h2kg/hydrogen-ontology#SheetResistance"", ""label"": ""Sheet Resistance"", ""score"": 0.75}, {""iri"": ""https://w3id.org/h2kg/hydrogen-ontology#TotalInternalResistance"", ""label"": ""Total Internal Resistance"", ""score"": 0.708}]",BPP material; GDL; GDL contact resistance vs BPP; GDL stress-strain curve; GDL substrate; GDL substrate contact resistance vs BPP; GDL substrate stress-strain curve; GDL substrate thickness; GDL substrate through-plane conductivity; GDL thickness; GDL through-plane conductivity
https://w3id.org/h2kg/decode/workflow/concept/electrical-tlm-characterization-of-a-gdl-with-defined-compression-method,Electrical TLM characterization of a GDL with defined compression,,Measurement,https://w3id.org/h2kg/hydrogen-ontology#Measurement,16,cea-mea-model-europium-2d; electrical-tlm-characterization-of-a-gdl-with-defined-compression; fitting-of-the-europium-model; gdl-compressability; image-parameter-extraction-2d; image-x-ray-tomography-data-parameter-extraction-3d; impregnation-by-immersion-and-blade-coating; microscopy-sem-and-optical-in-mea-cross-section; mpl-parameter-estimation-from-gdl-and-substrate-data; sem-and-edx; sem-and-fib-layer,reviewed_decode,reviewed_decode_anchor,https://w3id.org/h2kg/decode/workflow/anchor/electrical-tlm-characterization-of-a-gdl-with-defined-compression-method,"A characterization or measurement procedure denoted ""Electrical TLM characterization of a GDL with defined compression"" in DECODE hydrogen-electrochemistry workflows. Source context: 10-6-10 W   for Resistance and 10-4-10 Wcm for contact resistance 10-6-10 W   for Resistance and 10-4-10 Wcm for contact resistance",10-6-10 W   for Resistance and 10-4-10 Wcm for contact resistance 10-6-10 W   for Resistance and 10-4-10 Wcm for contact resistance,"Reviewed DECODE semantic role, source label, source workflow context, and direct-neighbor context. This is a draft for expert review, not an authoritative ontology definition.","Decide: strict H2KG alias, existing H2KG mapping, new reusable H2KG term, or retain reviewed DECODE anchor.",needs_human_review,,,,[],GDL; GDL contact resistance vs Au; GDL in-plane conductivity; GDL stress-strain curve; GDL substrate; GDL substrate contact resistance vs Au; GDL substrate in-plane conductivity; GDL substrate stress-strain curve; GDL substrate thickness; GDL thickness
https://w3id.org/h2kg/decode/workflow/concept/electrocatalyst-structure-material,Electrocatalyst structure,material,Property,https://w3id.org/h2kg/hydrogen-ontology#Property,2,image-tem-data-parameter-extraction-3d; sem-and-fib-powder,reviewed_decode,reviewed_decode_anchor,https://w3id.org/h2kg/decode/workflow/anchor/electrocatalyst-structure-material,"A measurable, calculated, or derived scientific characteristic denoted ""Electrocatalyst structure"" in DECODE hydrogen-electrochemistry workflows.",,"Reviewed DECODE semantic role, source label, source workflow context, and direct-neighbor context. This is a draft for expert review, not an authoritative ontology definition.","Decide: strict H2KG alias, existing H2KG mapping, new reusable H2KG term, or retain reviewed DECODE anchor.",needs_human_review,,,,"[{""iri"": ""https://w3id.org/h2kg/hydrogen-ontology#PtRuOnCarbonCatalyst"", ""label"": ""Pt Ru On Carbon Catalyst"", ""score"": 0.826}, {""iri"": ""https://w3id.org/h2kg/hydrogen-ontology#GeopolymerLatticeCatalyst"", ""label"": ""Geopolymer Lattice Catalyst"", ""score"": 0.818}, {""iri"": ""https://w3id.org/h2kg/hydrogen-ontology#CatalystInkStructureDataset"", ""label"": ""Catalyst Ink Structure Dataset"", ""score"": 0.766}]",Image TEM data parameter extraction 3D; SEM and FIB (powder)
https://w3id.org/h2kg/decode/workflow/concept/electrochemical-protocol-device,Electrochemical protocol,device,Process,https://w3id.org/h2kg/hydrogen-ontology#Process,1,rotating-ring-disk-electrode-rrde,reviewed_decode,reviewed_decode_anchor,https://w3id.org/h2kg/decode/workflow/anchor/electrochemical-protocol-device,"A computational, analytical, transformation, or generic workflow process denoted ""Electrochemical protocol"" in DECODE hydrogen-electrochemistry workflows.",,"Reviewed DECODE semantic role, source label, source workflow context, and direct-neighbor context. This is a draft for expert review, not an authoritative ontology definition.","Decide: strict H2KG alias, existing H2KG mapping, new reusable H2KG term, or retain reviewed DECODE anchor.",needs_human_review,,,,"[{""iri"": ""https://w3id.org/h2kg/hydrogen-ontology#ElectrochemicalWorkstation"", ""label"": ""Electrochemical Workstation"", ""score"": 0.745}, {""iri"": ""https://w3id.org/h2kg/hydrogen-ontology#ElectrochemicalReactionSimulation"", ""label"": ""Electrochemical Reaction Simulation"", ""score"": 0.678}, {""iri"": ""https://w3id.org/h2kg/hydrogen-ontology#ElectrochemicalImpedanceSpectroscopyPotentiostatic"", ""label"": ""Electrochemical Impedance Spectroscopy Potentiostatic"", ""score"": 0.677}]",Rotating Ring Disk Electrode (RRDE)
https://w3id.org/h2kg/decode/workflow/concept/electrode-chemistry-material,Electrode chemistry,material,Property,https://w3id.org/h2kg/hydrogen-ontology#Property,10,ab-initio-molecular-dynamics-aimd-of-the-solid-liquid-interface-at-a-pt-electrode; density-potential-functional-theory-applied-to-supported-electrocatalysts; dft-onto-idealized-surfaces; dip-and-pull-operando-or-in-situ-xps; irras-operando-or-in-situ-ftir; molecular-dynamics-for-the-electrode-electrolyte-interface-in-presence-of-ionomer; molecular-dynamics-for-the-electrode-electrolyte-interface-metalwalls; operando-or-in-situ-xas-photon-out; operando-saxs-or-waxs-small-or-wide-angle-x-ray-spectroscopy; thin-windows-operando-or-in-situ-xps,reviewed_decode,reviewed_decode_anchor,https://w3id.org/h2kg/decode/workflow/anchor/electrode-chemistry-material,"A measurable, calculated, or derived scientific characteristic denoted ""Electrode chemistry"" in DECODE hydrogen-electrochemistry workflows.",,"Reviewed DECODE semantic role, source label, source workflow context, and direct-neighbor context. This is a draft for expert review, not an authoritative ontology definition.","Decide: strict H2KG alias, existing H2KG mapping, new reusable H2KG term, or retain reviewed DECODE anchor.",needs_human_review,,,,"[{""iri"": ""https://w3id.org/h2kg/hydrogen-ontology#SegmentActiveArea"", ""label"": ""Segment Active Area"", ""score"": 0.684}, {""iri"": ""https://w3id.org/h2kg/hydrogen-ontology#PtCounterElectrode"", ""label"": ""Pt Counter Electrode"", ""score"": 0.667}, {""iri"": ""https://w3id.org/h2kg/hydrogen-ontology#PrintedGoldElectrode"", ""label"": ""Printed Gold Electrode"", ""score"": 0.645}]",Ab-initio molecular dynamics (AIMD) of the solid-liquid interface at a Pt electrode; DFT onto idealized surfaces; Density-potential functional theory applied to supported electrocatalysts; IRRAS operando/in-situ FTIR; Molecular Dynamics for the Electrode | Electrolyte Interface - MetalWalls; Molecular Dynamics for the Electrode | Electrolyte Interface in presence of ionomer; dip-and-pull operando/in-situ XPS; operando SAXS/WAXS (small/wide angle X-ray spectroscopy); operando/in-situ XAS (photon-out); thin windows operando/in-situ XPS
https://w3id.org/h2kg/decode/workflow/concept/electrode-morphology-material,Electrode morphology,material,Property,https://w3id.org/h2kg/hydrogen-ontology#Property,9,ab-initio-molecular-dynamics-aimd-of-the-solid-liquid-interface-at-a-pt-electrode; density-potential-functional-theory-applied-to-supported-electrocatalysts; dft-onto-idealized-surfaces; dip-and-pull-operando-or-in-situ-xps; molecular-dynamics-for-the-electrode-electrolyte-interface-in-presence-of-ionomer; molecular-dynamics-for-the-electrode-electrolyte-interface-metalwalls; operando-or-in-situ-xas-photon-out; operando-saxs-or-waxs-small-or-wide-angle-x-ray-spectroscopy; thin-windows-operando-or-in-situ-xps,reviewed_decode,reviewed_decode_anchor,https://w3id.org/h2kg/decode/workflow/anchor/electrode-morphology-material,"A measurable, calculated, or derived scientific characteristic denoted ""Electrode morphology"" in DECODE hydrogen-electrochemistry workflows.",,"Reviewed DECODE semantic role, source label, source workflow context, and direct-neighbor context. This is a draft for expert review, not an authoritative ontology definition.","Decide: strict H2KG alias, existing H2KG mapping, new reusable H2KG term, or retain reviewed DECODE anchor.",needs_human_review,,,,"[{""iri"": ""https://w3id.org/h2kg/hydrogen-ontology#ElectronTomographyImaging"", ""label"": ""Electron Tomography Imaging"", ""score"": 0.718}, {""iri"": ""https://w3id.org/h2kg/hydrogen-ontology#ProbabilityDensityMorphologyParameterK"", ""label"": ""Probability Density Morphology Parameter K"", ""score"": 0.718}, {""iri"": ""https://w3id.org/h2kg/hydrogen-ontology#PrintedGoldElectrode"", ""label"": ""Printed Gold Electrode"", ""score"": 0.706}]",Ab-initio molecular dynamics (AIMD) of the solid-liquid interface at a Pt electrode; DFT onto idealized surfaces; Density-potential functional theory applied to supported electrocatalysts; Molecular Dynamics for the Electrode | Electrolyte Interface - MetalWalls; Molecular Dynamics for the Electrode | Electrolyte Interface in presence of ionomer; dip-and-pull operando/in-situ XPS; operando SAXS/WAXS (small/wide angle X-ray spectroscopy); operando/in-situ XAS (photon-out); thin windows operando/in-situ XPS
https://w3id.org/h2kg/decode/workflow/concept/electrode-physics-material,Electrode physics,material,Property,https://w3id.org/h2kg/hydrogen-ontology#Property,1,density-potential-functional-theory-applied-to-supported-electrocatalysts,reviewed_decode,reviewed_decode_anchor,https://w3id.org/h2kg/decode/workflow/anchor/electrode-physics-material,"A measurable, calculated, or derived scientific characteristic denoted ""Electrode physics"" in DECODE hydrogen-electrochemistry workflows.",,"Reviewed DECODE semantic role, source label, source workflow context, and direct-neighbor context. This is a draft for expert review, not an authoritative ontology definition.","Decide: strict H2KG alias, existing H2KG mapping, new reusable H2KG term, or retain reviewed DECODE anchor.",needs_human_review,,,,"[{""iri"": ""https://w3id.org/h2kg/hydrogen-ontology#ElectrolytePH"", ""label"": ""Electrolyte PH"", ""score"": 0.71}, {""iri"": ""https://w3id.org/h2kg/hydrogen-ontology#DynamicHydrogenElectrode"", ""label"": ""Dynamic Hydrogen Electrode (H2 Anode in MEA)"", ""score"": 0.686}, {""iri"": ""https://w3id.org/h2kg/hydrogen-ontology#ElectrodeSideLength"", ""label"": ""Electrode Side Length"", ""score"": 0.684}]",Density-potential functional theory applied to supported electrocatalysts
https://w3id.org/h2kg/decode/workflow/concept/electrodeposition-precursors-material,Electrodeposition precursors,material,Matter,https://w3id.org/h2kg/hydrogen-ontology#Matter,1,transparent-electrodes-for-clsm-applications,reviewed_decode,reviewed_decode_anchor,https://w3id.org/h2kg/decode/workflow/anchor/electrodeposition-precursors-material,"A material, component, chemical species, phase, specimen, or assembly denoted ""Electrodeposition precursors"" in DECODE hydrogen-electrochemistry workflows.",,"Reviewed DECODE semantic role, source label, source workflow context, and direct-neighbor context. This is a draft for expert review, not an authoritative ontology definition.","Decide: strict H2KG alias, existing H2KG mapping, new reusable H2KG term, or retain reviewed DECODE anchor.",needs_human_review,,,,"[{""iri"": ""https://w3id.org/h2kg/hydrogen-ontology#PrecursorConcentration"", ""label"": ""Precursor Concentration"", ""score"": 0.667}, {""iri"": ""https://w3id.org/h2kg/hydrogen-ontology#UltrasonicDepositionProcess"", ""label"": ""Ultrasonic Deposition Process"", ""score"": 0.632}, {""iri"": ""https://w3id.org/h2kg/hydrogen-ontology#ElectrosprayDeposition"", ""label"": ""Electrospray Deposition"", ""score"": 0.627}]",Transparent Electrodes for CLSM applications
https://w3id.org/h2kg/decode/workflow/concept/electrolyte-material,Electrolyte,material,Matter,https://w3id.org/h2kg/hydrogen-ontology#Matter,22,accelerated-stress-test-ast-on-nanostructured-electrodes; confocal-laser-scanning-microscope-clsm-and-fluorescent-probes-for-local-ph-assessment-in-acidic-med; confocal-laser-scanning-microscope-clsm-and-fluorescent-probes-for-local-ph-assessment-in-acidic-med2; confocal-laser-scanning-microscope-clsm-and-fluorescent-probes-for-local-ph-assessment-in-alkaline-m; confocal-laser-scanning-microscope-clsm-and-fluorescent-probes-for-local-ph-assessment-in-alkaline-m2; development-of-a-zero-gap-cell-for-gde-based-spectrocopy-measurement; dip-and-pull-operando-or-in-situ-xps; eis-on-nanostructured-electrodes; gde-cell-for-electrochemical-studies; in-situ-fourier-transformed-ir-in-atr-configuration; irras-operando-or-in-situ-ftir; model-electrochemistry-in-a-rde-cell; operando-or-in-situ-xas-photon-out; operando-saxs-or-waxs-small-or-wide-angle-x-ray-spectroscopy; ptl-corrosion-measurement; rde-on-mono-or-polycrystalline-electrodes; rde-on-nanostructured-electrodes; rotating-ring-disk-electrode-rrde; rrde-on-model-electrodes-in-acidic-solutions; rrde-on-model-electrodes-in-alkaline-solutions; thin-windows-operando-or-in-situ-xps; three-electrode-cell-assesement-of-cl-by-xas-xanes-exafs-xrd,approved_h2kg,new_h2kg_term,https://w3id.org/h2kg/hydrogen-ontology#Electrolyte,"A material, component, chemical species, phase, specimen, or assembly denoted ""Electrolyte"" in DECODE hydrogen-electrochemistry workflows.",,"Reviewed DECODE semantic role, source label, source workflow context, and direct-neighbor context. This is a draft for expert review, not an authoritative ontology definition.",Verify against the canonical H2KG definition and retain only a true synonym.,needs_human_review,,,,"[{""iri"": ""https://w3id.org/h2kg/hydrogen-ontology#Electrolyte"", ""label"": ""Electrolyte"", ""score"": 1.0}, {""iri"": ""https://w3id.org/h2kg/hydrogen-ontology#ElectrolytePH"", ""label"": ""Electrolyte PH"", ""score"": 0.88}, {""iri"": ""https://w3id.org/h2kg/hydrogen-ontology#PotassiumChlorideElectrolyte"", ""label"": ""Potassium Chloride Electrolyte"", ""score"": 0.846}]","Accelerated Stress Test (AST) on Nanostructured Electrodes; Confocal Laser Scanning Microscope (CLSM) + fluorescent probes for local pH assessment in acidic media in GDE configuration; Confocal Laser Scanning Microscope (CLSM) + fluorescent probes for local pH assessment in acidic media on model /unsupported electrodes; Confocal Laser Scanning Microscope (CLSM) + fluorescent probes for local pH assessment in alkaline media in GDE configuration; Confocal Laser Scanning Microscope (CLSM) + fluorescent probes for local pH assessment in alkaline media on model/unsupported electrodes; Development of a zero gap cell for GDE based spectrocopy measurement; EIS on nanostructured electrodes; GDE cell for electrochemical studies; IRRAS operando/in-situ FTIR; In Situ Fourier Transformed IR in ATR configuration; Model Electrochemistry in a RDE Cell; PTL corrosion measurement; RDE on mono- or polycrystalline electrodes; RDE on nanostructured electrodes; RRDE on model electrodes in acidic solutions; RRDE on model electrodes in alkaline solutions; Rotating Ring Disk Electrode (RRDE); Three electrode cell assesement of CL by XAS, XANES, EXAFS, XRD; dip-and-pull operando/in-situ XPS; operando SAXS/WAXS (small/wide angle X-ray spectroscopy)"
https://w3id.org/h2kg/decode/workflow/concept/electrolyte-composition-material,Electrolyte composition,material,Matter,https://w3id.org/h2kg/hydrogen-ontology#Matter,12,ab-initio-molecular-dynamics-aimd-of-the-solid-liquid-interface-at-a-pt-electrode; accelerated-stress-test-ast-on-nanostructured-electrodes; density-potential-functional-theory-applied-to-supported-electrocatalysts; diffusion-theory; eis-on-nanostructured-electrodes; hierarchical-model-for-electrocatalytic-reactions; model-electrochemistry-in-a-rde-cell; molecular-dynamics-for-the-electrode-electrolyte-interface-metalwalls; rde-simulation-in-comsol; rotating-ring-disk-electrode-rrde; rrde-simulation-in-comsol; rrde-theory,reviewed_decode,reviewed_decode_anchor,https://w3id.org/h2kg/decode/workflow/anchor/electrolyte-composition,"A material, component, chemical species, phase, specimen, or assembly denoted ""Electrolyte composition"" in DECODE hydrogen-electrochemistry workflows.",,"Reviewed DECODE semantic role, source label, source workflow context, and direct-neighbor context. This is a draft for expert review, not an authoritative ontology definition.","Decide: strict H2KG alias, existing H2KG mapping, new reusable H2KG term, or retain reviewed DECODE anchor.",needs_human_review,,,,"[{""iri"": ""https://w3id.org/h2kg/hydrogen-ontology#ElectrolyteConcentration"", ""label"": ""Electrolyte Concentration"", ""score"": 0.75}, {""iri"": ""https://w3id.org/h2kg/hydrogen-ontology#ElectrosprayDeposition"", ""label"": ""Electrospray Deposition"", ""score"": 0.739}, {""iri"": ""https://w3id.org/h2kg/hydrogen-ontology#XPSDataset"", ""label"": ""XPS Dataset"", ""score"": 0.708}]",Ab-initio molecular dynamics (AIMD) of the solid-liquid interface at a Pt electrode; Accelerated Stress Test (AST) on Nanostructured Electrodes; Density-potential functional theory applied to supported electrocatalysts; Diffusion Theory; EIS on nanostructured electrodes; Hierarchical model for electrocatalytic reactions; Model Electrochemistry in a RDE Cell; Molecular Dynamics for the Electrode | Electrolyte Interface - MetalWalls; RDE simulation in COMSOL; RRDE Theory; RRDE simulation in COMSOL; Rotating Ring Disk Electrode (RRDE)
https://w3id.org/h2kg/decode/workflow/concept/electrolyte-flow-rate-device,Electrolyte flow rate,device,Parameter,https://w3id.org/h2kg/hydrogen-ontology#Parameter,1,in-situ-fourier-transformed-ir-in-atr-configuration,reviewed_decode,reviewed_decode_anchor,https://w3id.org/h2kg/decode/workflow/anchor/electrolyte-flow-rate-device,"A specified, controlled, reported, or model-input condition or quantity denoted ""Electrolyte flow rate"" in DECODE hydrogen-electrochemistry workflows.",,"Reviewed DECODE semantic role, source label, source workflow context, and direct-neighbor context. This is a draft for expert review, not an authoritative ontology definition.","Decide: strict H2KG alias, existing H2KG mapping, new reusable H2KG term, or retain reviewed DECODE anchor.",needs_human_review,,,,"[{""iri"": ""https://w3id.org/h2kg/hydrogen-ontology#ElectrolyteType"", ""label"": ""Electrolyte Type"", ""score"": 0.757}, {""iri"": ""https://w3id.org/h2kg/hydrogen-ontology#IodideTriiodideRedoxElectrolyte"", ""label"": ""Iodide Triiodide Redox Electrolyte"", ""score"": 0.737}, {""iri"": ""https://w3id.org/h2kg/hydrogen-ontology#PerchloricAcidElectrolyte"", ""label"": ""Perchloric Acid Electrolyte"", ""score"": 0.737}]",In Situ Fourier Transformed IR in ATR configuration
https://w3id.org/h2kg/decode/workflow/concept/electrolyte-ph-material,Electrolyte pH,material,Property,https://w3id.org/h2kg/hydrogen-ontology#Property,1,ptl-corrosion-measurement,reviewed_decode,reviewed_decode_anchor,https://w3id.org/h2kg/decode/workflow/anchor/electrolyte-ph-material,"A measurable, calculated, or derived scientific characteristic denoted ""Electrolyte pH"" in DECODE hydrogen-electrochemistry workflows.",,"Reviewed DECODE semantic role, source label, source workflow context, and direct-neighbor context. This is a draft for expert review, not an authoritative ontology definition.","Decide: strict H2KG alias, existing H2KG mapping, new reusable H2KG term, or retain reviewed DECODE anchor.",needs_human_review,,,,"[{""iri"": ""https://w3id.org/h2kg/hydrogen-ontology#ElectrolytePH"", ""label"": ""Electrolyte PH"", ""score"": 1.0}, {""iri"": ""https://w3id.org/h2kg/hydrogen-ontology#Electrolyte"", ""label"": ""Electrolyte"", ""score"": 0.88}, {""iri"": ""https://w3id.org/h2kg/hydrogen-ontology#ElectrolyteType"", ""label"": ""Electrolyte Type"", ""score"": 0.867}]",PTL corrosion measurement
https://w3id.org/h2kg/decode/workflow/concept/electrolyte-viscosity-material,Electrolyte viscosity,material,Matter,https://w3id.org/h2kg/hydrogen-ontology#Matter,1,adsorbate-surface-diffusion-on-electrocatalyst-support,reviewed_decode,reviewed_decode_anchor,https://w3id.org/h2kg/decode/workflow/anchor/electrolyte-viscosity-material,"A material, component, chemical species, phase, specimen, or assembly denoted ""Electrolyte viscosity"" in DECODE hydrogen-electrochemistry workflows.",,"Reviewed DECODE semantic role, source label, source workflow context, and direct-neighbor context. This is a draft for expert review, not an authoritative ontology definition.","Decide: strict H2KG alias, existing H2KG mapping, new reusable H2KG term, or retain reviewed DECODE anchor.",needs_human_review,,,,"[{""iri"": ""https://w3id.org/h2kg/hydrogen-ontology#ElectrolyteType"", ""label"": ""Electrolyte Type"", ""score"": 0.757}, {""iri"": ""https://w3id.org/h2kg/hydrogen-ontology#IodideTriiodideRedoxElectrolyte"", ""label"": ""Iodide Triiodide Redox Electrolyte"", ""score"": 0.757}, {""iri"": ""https://w3id.org/h2kg/hydrogen-ontology#IonomerMass"", ""label"": ""Ionomer Mass"", ""score"": 0.757}]",Adsorbate Surface Diffusion on Electrocatalyst Support
https://w3id.org/h2kg/decode/workflow/concept/electron-tomography-for-pt-c-and-ionomer-distribution-in-cl-method,"Electron tomography for Pt, C and ionomer distribution in CL",,Measurement,https://w3id.org/h2kg/hydrogen-ontology#Measurement,8,blade-coating-and-decal-transfer-for-ref-pefc-ccm; distribution-of-contact-angles-in-ccl-fib-sem-image-from-ionomer-reconstruction; electron-tomography-for-pt-c-and-ionomer-distribution-in-cl; electrospray-deposition-of-catalyst-layers; image-based-ccl-effective-transport-property-computation-from-numerical-simulations; image-classification-on-tem-data; image-tem-data-parameter-extraction-3d; ultrasonic-spray-deposition-for-catalytic-layers,reviewed_decode,reviewed_decode_anchor,https://w3id.org/h2kg/decode/workflow/anchor/electron-tomography-for-pt-c-and-ionomer-distribution-in-cl-method,"A characterization or measurement procedure denoted ""Electron tomography for Pt, C and ionomer distribution in CL"" in DECODE hydrogen-electrochemistry workflows. Source context: analysed volume smaller thant 1 m x 1m X 100nm, resolution 1 nm.  An ultra-thin ( less than  1 nm) ionomer layer may not be visible on a porous carbon support. The image of the ionomer and the carbon support should have a different contrast (this could be not the case with an amorphous carbon support).","analysed volume smaller thant 1 m x 1m X 100nm, resolution 1 nm.  An ultra-thin ( less than  1 nm) ionomer layer may not be visible on a porous carbon support. The image of the ionomer and the carbon support should have a different contrast (this could be not the case with an amorphous carbon support).","Reviewed DECODE semantic role, source label, source workflow context, and direct-neighbor context. This is a draft for expert review, not an authoritative ontology definition.","Decide: strict H2KG alias, existing H2KG mapping, new reusable H2KG term, or retain reviewed DECODE anchor.",needs_human_review,,,,"[{""iri"": ""https://w3id.org/h2kg/hydrogen-ontology#IonomerAdsorptionRateMeasurement"", ""label"": ""Ionomer Adsorption Rate Measurement"", ""score"": 0.587}, {""iri"": ""https://w3id.org/h2kg/hydrogen-ontology#IonomerAdsorptionRateOnPtCarbon"", ""label"": ""Ionomer Adsorption Rate On Pt Carbon"", ""score"": 0.568}]",CCL 3D TEM voxel data raw; CCL 3D voxel data classified with ionomer and Pt; CCM
https://w3id.org/h2kg/decode/workflow/concept/electrospray-dc-voltage-process,Electrospray DC voltage,process,Parameter,https://w3id.org/h2kg/hydrogen-ontology#Parameter,1,electrospray-deposition-of-catalyst-layers,reviewed_decode,reviewed_decode_anchor,https://w3id.org/h2kg/decode/workflow/anchor/electrospray-dc-voltage-process,"A specified, controlled, reported, or model-input condition or quantity denoted ""Electrospray DC voltage"" in DECODE hydrogen-electrochemistry workflows.",,"Reviewed DECODE semantic role, source label, source workflow context, and direct-neighbor context. This is a draft for expert review, not an authoritative ontology definition.","Decide: strict H2KG alias, existing H2KG mapping, new reusable H2KG term, or retain reviewed DECODE anchor.",needs_human_review,,,,"[{""iri"": ""https://w3id.org/h2kg/hydrogen-ontology#ElectrospinningCollectorVoltage"", ""label"": ""Electrospinning Collector Voltage"", ""score"": 0.75}, {""iri"": ""https://w3id.org/h2kg/hydrogen-ontology#ElectrospinningAppliedVoltage"", ""label"": ""Electrospinning Applied Voltage"", ""score"": 0.704}, {""iri"": ""https://w3id.org/h2kg/hydrogen-ontology#ElectrosprayDeposition"", ""label"": ""Electrospray Deposition"", ""score"": 0.703}]",Electrospray deposition of Catalyst Layers
https://w3id.org/h2kg/decode/workflow/concept/electrospray-deposition-of-catalyst-layers-process,Electrospray deposition of Catalyst Layers,,Manufacturing,https://w3id.org/h2kg/hydrogen-ontology#Manufacturing,39,confocal-laser-scanning-microscope-clsm-and-fluorescent-probes-for-local-ph-assessment-in-acidic-med2; confocal-laser-scanning-microscope-clsm-and-fluorescent-probes-for-local-ph-assessment-in-alkaline-m2; determination-of-cl-saturation-by-saxs-or-sans; development-of-a-zero-gap-cell-for-gde-based-spectrocopy-measurement; electron-tomography-for-pt-c-and-ionomer-distribution-in-cl; electrospray-deposition-of-catalyst-layers; fib-measurements-on-gdl-or-mpl-and-catalyst-materials; fib-sem-on-cl-material; gde-cell-for-electrochemical-studies; high-resolution-electron-tomography-for-accessing-pt-and-ionomer-distribution-on-carbon-aggregate; impregnation-by-immersion-and-blade-coating; ink-preparation-for-deposition-of-catalytic-layers; mea-assembly-for-pefc-ref-mea; mechanical-properties-of-catalyst-layers-gdls-and-meas-by-small-punch-and-nanoindentation; mpl-saturation-determination-from-x-ray-ct-data; neutron-imaging; pulsed-gas-analysis; roller-mixer-and-zirconia-beads-for-ref-pefc-inks; rotating-ring-disk-electrode-rrde; sem-and-fib-layer; sheet-resistance-measurement; tem-and-eds-analysis-of-mea; three-electrode-cell-assesement-of-cl-by-xas-xanes-exafs-xrd,reviewed_decode,reviewed_decode_anchor,https://w3id.org/h2kg/decode/workflow/anchor/electrospray-deposition-of-catalyst-layers-process,"A fabrication, preparation, deposition, assembly, or conditioning operation denoted ""Electrospray deposition of Catalyst Layers"" in DECODE hydrogen-electrochemistry workflows. Source context: - Coating area: up to 50 cm2  - CL thickness: up to 0.1mm - Substrate limitations: small electrical conductivity must be provided (dry Nafion PEM is OK) - Ink recipe: adjusted for each catalyst type (solid/liquid ratio, ionomer) - Coating area: up to 50 cm2  - CL thickness: up to 0.1mm - Substrate limitations: small electrical conductivity must be provided (dry Nafion PEM is OK) - Ink recipe: adjusted for each catalyst type (solid/liquid ratio, ionomer)","- Coating area: up to 50 cm2  - CL thickness: up to 0.1mm - Substrate limitations: small electrical conductivity must be provided (dry Nafion PEM is OK) - Ink recipe: adjusted for each catalyst type (solid/liquid ratio, ionomer) - Coating area: up to 50 cm2  - CL thickness: up to 0.1mm - Substrate limitations: small electrical conductivity must be provided (dry Nafion PEM is OK) - Ink recipe: adjusted for each catalyst type (solid/liquid ratio, ionomer)","Reviewed DECODE semantic role, source label, source workflow context, and direct-neighbor context. This is a draft for expert review, not an authoritative ontology definition.","Decide: strict H2KG alias, existing H2KG mapping, new reusable H2KG term, or retain reviewed DECODE anchor.",needs_human_review,,,,"[{""iri"": ""https://w3id.org/h2kg/hydrogen-ontology#ElectrosprayedCatalystLayer"", ""label"": ""Electrosprayed Catalyst Layer"", ""score"": 0.761}, {""iri"": ""https://w3id.org/h2kg/hydrogen-ontology#ElectrosprayDeposition"", ""label"": ""Electrospray Deposition"", ""score"": 0.708}, {""iri"": ""https://w3id.org/h2kg/hydrogen-ontology#ElectrospunCatalystLayer"", ""label"": ""Electrospun Catalyst Layer"", ""score"": 0.706}]",CCM; CL on membrane; CL on substrate; Catalyst ink; Electrospray DC voltage; Electrospray needle to substrate distance; Electrospray scan rate; GDE; GDL; Inert substrate; Membrane
https://w3id.org/h2kg/decode/workflow/concept/electrospray-needle-to-substrate-distance-process,Electrospray needle to substrate distance,process,Property,https://w3id.org/h2kg/hydrogen-ontology#Property,1,electrospray-deposition-of-catalyst-layers,reviewed_decode,reviewed_decode_anchor,https://w3id.org/h2kg/decode/workflow/anchor/electrospray-needle-to-substrate-distance-process,"A measurable, calculated, or derived scientific characteristic denoted ""Electrospray needle to substrate distance"" in DECODE hydrogen-electrochemistry workflows.",,"Reviewed DECODE semantic role, source label, source workflow context, and direct-neighbor context. This is a draft for expert review, not an authoritative ontology definition.","Decide: strict H2KG alias, existing H2KG mapping, new reusable H2KG term, or retain reviewed DECODE anchor.",needs_human_review,,,,"[{""iri"": ""https://w3id.org/h2kg/hydrogen-ontology#ElectrospinningNeedleToCollectorDistance"", ""label"": ""Electrospinning Needle To Collector Distance"", ""score"": 0.812}, {""iri"": ""https://w3id.org/h2kg/hydrogen-ontology#NozzleToSubstrateDistance"", ""label"": ""Nozzle To Substrate Distance"", ""score"": 0.725}, {""iri"": ""https://w3id.org/h2kg/hydrogen-ontology#SprayDistance"", ""label"": ""Spray Distance"", ""score"": 0.667}]",Electrospray deposition of Catalyst Layers
https://w3id.org/h2kg/decode/workflow/concept/electrospray-scan-rate-process,Electrospray scan rate,process,Parameter,https://w3id.org/h2kg/hydrogen-ontology#Parameter,1,electrospray-deposition-of-catalyst-layers,reviewed_decode,reviewed_decode_anchor,https://w3id.org/h2kg/decode/workflow/anchor/electrospray-scan-rate-process,"A specified, controlled, reported, or model-input condition or quantity denoted ""Electrospray scan rate"" in DECODE hydrogen-electrochemistry workflows.",,"Reviewed DECODE semantic role, source label, source workflow context, and direct-neighbor context. This is a draft for expert review, not an authoritative ontology definition.","Decide: strict H2KG alias, existing H2KG mapping, new reusable H2KG term, or retain reviewed DECODE anchor.",needs_human_review,,,,"[{""iri"": ""https://w3id.org/h2kg/hydrogen-ontology#ElectrosprayDeposition"", ""label"": ""Electrospray Deposition"", ""score"": 0.722}, {""iri"": ""https://w3id.org/h2kg/hydrogen-ontology#PotassiumChlorideElectrolyte"", ""label"": ""Potassium Chloride Electrolyte"", ""score"": 0.649}, {""iri"": ""https://w3id.org/h2kg/hydrogen-ontology#CVScanRateMeasurement"", ""label"": ""CV Scan Rate Measurement"", ""score"": 0.647}]",Electrospray deposition of Catalyst Layers
https://w3id.org/h2kg/decode/workflow/concept/eot-rde-electrochemical-response-nanostructured-component,EoT RDE electrochemical response (nanostructured),component,Data,https://w3id.org/h2kg/hydrogen-ontology#Data,1,accelerated-stress-test-ast-on-nanostructured-electrodes,reviewed_decode,reviewed_decode_anchor,https://w3id.org/h2kg/decode/workflow/anchor/eot-rde-electrochemical-response-nanostructured-component,"A recorded, calculated, image-based, or otherwise structured data artifact denoted ""EoT RDE electrochemical response (nanostructured)"" in DECODE hydrogen-electrochemistry workflows.",,"Reviewed DECODE semantic role, source label, source workflow context, and direct-neighbor context. This is a draft for expert review, not an authoritative ontology definition.","Decide: strict H2KG alias, existing H2KG mapping, new reusable H2KG term, or retain reviewed DECODE anchor.",needs_human_review,,,,"[{""iri"": ""https://w3id.org/h2kg/hydrogen-ontology#ElectrochemicalWorkstation"", ""label"": ""Electrochemical Workstation"", ""score"": 0.612}, {""iri"": ""https://w3id.org/h2kg/hydrogen-ontology#ElectrochemicalImpedanceSpectroscopyPotentiostatic"", ""label"": ""Electrochemical Impedance Spectroscopy Potentiostatic"", ""score"": 0.612}, {""iri"": ""https://w3id.org/h2kg/hydrogen-ontology#ElectrochemicalImpedanceSpectroscopyGalvanostatic"", ""label"": ""Electrochemical Impedance Spectroscopy Galvanostatic"", ""score"": 0.606}]",Accelerated Stress Test (AST) on Nanostructured Electrodes
https://w3id.org/h2kg/decode/workflow/concept/exafs-spectra-component,EXAFS spectra,component,Data,https://w3id.org/h2kg/hydrogen-ontology#Data,2,development-of-a-zero-gap-cell-for-gde-based-spectrocopy-measurement; three-electrode-cell-assesement-of-cl-by-xas-xanes-exafs-xrd,reviewed_decode,reviewed_decode_anchor,https://w3id.org/h2kg/decode/workflow/anchor/exafs-spectra-component,"A recorded, calculated, image-based, or otherwise structured data artifact denoted ""EXAFS spectra"" in DECODE hydrogen-electrochemistry workflows.",,"Reviewed DECODE semantic role, source label, source workflow context, and direct-neighbor context. This is a draft for expert review, not an authoritative ontology definition.","Decide: strict H2KG alias, existing H2KG mapping, new reusable H2KG term, or retain reviewed DECODE anchor.",needs_human_review,,,,"[{""iri"": ""https://w3id.org/h2kg/hydrogen-ontology#FTIRDataset"", ""label"": ""FTIR Dataset"", ""score"": 0.72}, {""iri"": ""https://w3id.org/h2kg/hydrogen-ontology#FTIRSpectroscopyMeasurement"", ""label"": ""FTIR Spectroscopy Measurement"", ""score"": 0.72}, {""iri"": ""https://w3id.org/h2kg/hydrogen-ontology#RamanSpectroscopyMeasurement"", ""label"": ""Raman Spectroscopy Measurement"", ""score"": 0.692}]","Development of a zero gap cell for GDE based spectrocopy measurement; Three electrode cell assesement of CL by XAS, XANES, EXAFS, XRD"
https://w3id.org/h2kg/decode/workflow/concept/external-contact-angle-of-a-gdl-method,External contact angle of a GDL,,Property,https://w3id.org/h2kg/hydrogen-ontology#Property,2,external-contact-angle-of-a-gdl; impregnation-by-immersion-and-blade-coating,reviewed_decode,reviewed_decode_anchor,https://w3id.org/h2kg/decode/workflow/anchor/external-contact-angle-of-a-gdl-method,"A measurable, calculated, or derived scientific characteristic denoted ""External contact angle of a GDL"" in DECODE hydrogen-electrochemistry workflows. Source context: 5-180",5-180,"Reviewed DECODE semantic role, source label, source workflow context, and direct-neighbor context. This is a draft for expert review, not an authoritative ontology definition.","Decide: strict H2KG alias, existing H2KG mapping, new reusable H2KG term, or retain reviewed DECODE anchor.",needs_human_review,,,,"[{""iri"": ""https://w3id.org/h2kg/hydrogen-ontology#ContactAngle"", ""label"": ""Contact Angle"", ""score"": 0.68}, {""iri"": ""https://w3id.org/h2kg/hydrogen-ontology#ContactAngleDecrease_0to200s"", ""label"": ""Contact Angle Decrease 0 to 200 s"", ""score"": 0.656}, {""iri"": ""https://w3id.org/h2kg/hydrogen-ontology#ContactAngleGoniometer"", ""label"": ""Contact Angle Goniometer"", ""score"": 0.655}]",Contact angle probe liquid(s); GDL; GDL external contact angle
https://w3id.org/h2kg/decode/workflow/concept/fib-measurements-on-gdl-mpl-and-catalyst-materials-method,FIB measurements on GDL/MPL and catalyst materials.,,Measurement,https://w3id.org/h2kg/hydrogen-ontology#Measurement,73,0d-particle-population-degradation-model-coupled-with-performance-model-fitting; blade-coating-and-decal-transfer-for-ref-pefc-ccm; cea-mea-model-europium-2d; cl-for-rde; current-modulated-hydrogen-flow-rate-spectroscopy-ch2s; differential-cell-testing; diffusivities-from-tortuosities; electrospray-deposition-of-catalyst-layers; fib-measurements-on-gdl-or-mpl-and-catalyst-materials; fitting-of-the-europium-model; iet-1d-mea-with-water-transport-eis-model; iet-1d-mea-with-water-transport-in-ccl-eis-model; iet-1d-performance-model-for-mea-fitting; iet-1d-performance-model-for-mea-prediction; image-classification-of-fib-tomography-data; image-classification-on-nm-scale; impregnation-by-immersion-and-blade-coating; ultrasonic-spray-deposition-for-catalytic-layers,reviewed_decode,reviewed_decode_anchor,https://w3id.org/h2kg/decode/workflow/anchor/fib-measurements-on-gdl-mpl-and-catalyst-materials-method,"A characterization or measurement procedure denoted ""FIB measurements on GDL/MPL and catalyst materials."" in DECODE hydrogen-electrochemistry workflows. Source context: 10 nm resolution, nanopores visible, single teflon grains visible, loss of sufficient region of interest 10 nm resolution, nanopores visible, single teflon grains visible, loss of sufficient region of interest","10 nm resolution, nanopores visible, single teflon grains visible, loss of sufficient region of interest 10 nm resolution, nanopores visible, single teflon grains visible, loss of sufficient region of interest","Reviewed DECODE semantic role, source label, source workflow context, and direct-neighbor context. This is a draft for expert review, not an authoritative ontology definition.","Decide: strict H2KG alias, existing H2KG mapping, new reusable H2KG term, or retain reviewed DECODE anchor.",needs_human_review,,,,"[{""iri"": ""https://w3id.org/h2kg/hydrogen-ontology#ImageAnalysisPoreMeasurement"", ""label"": ""Image Analysis Pore Measurement"", ""score"": 0.642}, {""iri"": ""https://w3id.org/h2kg/hydrogen-ontology#CatalystLayerThicknessMeasurement"", ""label"": ""Catalyst Layer Thickness Measurement"", ""score"": 0.628}, {""iri"": ""https://w3id.org/h2kg/hydrogen-ontology#CatalystLoadingDetermination"", ""label"": ""Catalyst Loading Determination"", ""score"": 0.615}]",CCL 3D voxel data raw; CCL thickness; CCM; CL on GDL; CL on glassy carbon; CL on membrane; CL on substrate; GDL; MPL 3D voxel data raw; MPL thickness
https://w3id.org/h2kg/decode/workflow/concept/fib-sem-on-cl-material-method,FIB-SEM on CL material,,Measurement,https://w3id.org/h2kg/hydrogen-ontology#Measurement,14,ai-based-generation-of-structural-digital-twins-of-multi-scale-tomographies; blade-coating-and-decal-transfer-for-ref-pefc-ccm; electrospray-deposition-of-catalyst-layers; fib-sem-on-cl-material; image-classification-of-fib-tomography-data; image-classification-on-nm-scale; image-fib-tomography-dataparameter-extraction-3d; ionomer-reconstruction-in-ccl-3d-images; ultrasonic-spray-deposition-for-catalytic-layers; voxel-based-3d-effective-diffusivity-simulation; voxel-based-3d-electric-conductiviy-simulation; voxel-based-3d-permability-simulation; voxel-based-3d-thermal-conductivity-simulation; water-retention-curve-simulation,approved_h2kg,existing_h2kg_mapping,https://w3id.org/h2kg/hydrogen-ontology#FIBSEMTomographyMeasurement,"A characterization or measurement procedure denoted ""FIB-SEM on CL material"" in DECODE hydrogen-electrochemistry workflows. Source context: voxel size : 5 nm x 5 nm x 5 nm, micropores are not visible, the solid phase consists of Pt/C+ ionomers that are indistinguishable from each other.","voxel size : 5 nm x 5 nm x 5 nm, micropores are not visible, the solid phase consists of Pt/C+ ionomers that are indistinguishable from each other.","Reviewed DECODE semantic role, source label, source workflow context, and direct-neighbor context. This is a draft for expert review, not an authoritative ontology definition.",Verify against the canonical H2KG definition and retain only a true synonym.,needs_human_review,,,,"[{""iri"": ""https://w3id.org/h2kg/hydrogen-ontology#ElectronMicroscopyImaging"", ""label"": ""Electron Microscopy Imaging"", ""score"": 0.627}, {""iri"": ""https://w3id.org/h2kg/hydrogen-ontology#GrapheneFlakeLateralSize"", ""label"": ""Graphene Flake Lateral Size"", ""score"": 0.611}, {""iri"": ""https://w3id.org/h2kg/hydrogen-ontology#SEMImageDataset"", ""label"": ""SEM Image Dataset"", ""score"": 0.611}]",CCL 3D voxel data classified; CCL 3D voxel data raw; CCM
https://w3id.org/h2kg/decode/workflow/concept/fitting-of-the-europium-model-model,Fitting of the Europium model,,Process,https://w3id.org/h2kg/hydrogen-ontology#Process,41,0d-particle-population-degradation-model-coupled-with-performance-model-prediction; 0d-particle-population-degradation-model-coupled-with-performance-model-prediction-without-fitting-methods; cea-mea-model-europium-2d; ct-based-capillary-pressure-saturation-curves; current-modulated-hydrogen-flow-rate-spectroscopy-ch2s; data-extraction-from-existing-pewe-measurements-u-i-t; determination-of-cl-saturation-by-saxs-or-sans; differential-cell-testing; diffusivities-from-tortuosities; distribution-of-contact-angles-in-ccl-fib-sem-image-from-ionomer-reconstruction; eis-on-pewe-cells; electrical-conductivity; electrical-contact-resistance; electrical-tlm-characterization-of-a-gdl-with-defined-compression; fib-measurements-on-gdl-or-mpl-and-catalyst-materials; fitting-of-the-europium-model; gas-permeability-of-a-gdl-with-defined-compression; gdl-compressability; hg-porosimetry-gdl; iet-1d-mea-with-water-transport-eis-model; iet-1d-mea-with-water-transport-in-ccl-eis-model; iet-1d-performance-model-for-mea-fitting; iet-1d-performance-model-for-mea-prediction; iet-composition-to-property-model; iet-ink-to-composition-model; image-based-ccl-effective-transport-property-computation-from-numerical-simulations; image-fib-tomography-dataparameter-extraction-3d; image-parameter-extraction-2d; image-x-ray-tomography-data-parameter-extraction-3d; microscopy-sem-and-optical-in-mea-cross-section; mpl-parameter-estimation-from-gdl-and-substrate-data; pulsed-gas-analysis; sem-and-edx; sem-and-fib-layer; simulation-of-single-phase-3d-apparent-properties; simulation-of-two-phase-3d-apparent-properties; voxel-based-3d-effective-diffusivity-simulation; voxel-based-3d-electric-conductiviy-simulation; voxel-based-3d-permability-simulation; voxel-based-3d-thermal-conductivity-simulation; water-retention-curve-simulation,reviewed_decode,reviewed_decode_anchor,https://w3id.org/h2kg/decode/workflow/anchor/fitting-of-the-europium-model-model,"A computational, analytical, transformation, or generic workflow process denoted ""Fitting of the Europium model"" in DECODE hydrogen-electrochemistry workflows. Source context: Numerous validations on experiments (polarization curves) but difficult to define a validity range,the applicability of the model is large,its validity (compared to experiments) depends on the range of the fitting and the accuracy requested","Numerous validations on experiments (polarization curves) but difficult to define a validity range,the applicability of the model is large,its validity (compared to experiments) depends on the range of the fitting and the accuracy requested","Reviewed DECODE semantic role, source label, source workflow context, and direct-neighbor context. This is a draft for expert review, not an authoritative ontology definition.","Decide: strict H2KG alias, existing H2KG mapping, new reusable H2KG term, or retain reviewed DECODE anchor.",needs_human_review,,,,"[{""iri"": ""https://w3id.org/h2kg/hydrogen-ontology#Ferritin"", ""label"": ""Ferritin"", ""score"": 0.627}]",CCL ORR apparent Tafel slope(s); CCL ORR effective exchange current density; CCL ORR effective reaction order(s); CCL ORR rate prefactor; CCL average pore radius; CCL conductivity; CCL effective double-layer capacitance; CCL effective proton conductivity; CCL effective water permeability; CCL ionomer effective film thickness; CCL ionomer volume fraction (dry); CCL permeability; CCL porosity; CCL thermal conductivity; CCL thickness; CCL tortuosity; CCL water retention curve; Catalyst loading; Cell clamping pressure; Cell crossover current density
https://w3id.org/h2kg/decode/workflow/concept/fitting-version-of-the-hierachical-model-model,Fitting Version of the Hierachical Model,,Process,https://w3id.org/h2kg/hydrogen-ontology#Process,22,confocal-laser-scanning-microscope-clsm-and-fluorescent-probes-for-local-ph-assessment-in-acidic-med; confocal-laser-scanning-microscope-clsm-and-fluorescent-probes-for-local-ph-assessment-in-alkaline-m; dft-onto-idealized-surfaces; fitting-version-of-the-hierachical-model; hierarchical-model-for-electrocatalytic-reactions; rde-on-mono-or-polycrystalline-electrodes; rde-simulation-in-comsol; rrde-on-model-electrodes-in-acidic-solutions; rrde-on-model-electrodes-in-alkaline-solutions; rrde-simulation-in-comsol; rrde-theory,reviewed_decode,reviewed_decode_anchor,https://w3id.org/h2kg/decode/workflow/anchor/fitting-version-of-the-hierachical-model-model,"A computational, analytical, transformation, or generic workflow process denoted ""Fitting Version of the Hierachical Model"" in DECODE hydrogen-electrochemistry workflows.",,"Reviewed DECODE semantic role, source label, source workflow context, and direct-neighbor context. This is a draft for expert review, not an authoritative ontology definition.","Decide: strict H2KG alias, existing H2KG mapping, new reusable H2KG term, or retain reviewed DECODE anchor.",needs_human_review,,,,[],Activation barriers of elementary steps; Binding energies of intermediates; LRE capacitance (idealized); LRE pH distribution (idealized); LRE potential distribution (idealized); RDE electrochemical protocol; RDE electrochemical response (idealized); Reaction mechanisms (ORR); Transfer coefficients of elementary steps
https://w3id.org/h2kg/decode/workflow/concept/flow-field-geometry-device,Flow-field geometry,device,Parameter,https://w3id.org/h2kg/hydrogen-ontology#Parameter,5,cea-mea-model-europium-2d; current-modulated-hydrogen-flow-rate-spectroscopy-ch2s; determination-of-cl-saturation-by-saxs-or-sans; fitting-of-the-europium-model; mpl-saturation-determination-from-x-ray-ct-data,reviewed_decode,reviewed_decode_anchor,https://w3id.org/h2kg/decode/workflow/anchor/flow-field-geometry-device,"A specified, controlled, reported, or model-input condition or quantity denoted ""Flow-field geometry"" in DECODE hydrogen-electrochemistry workflows.",,"Reviewed DECODE semantic role, source label, source workflow context, and direct-neighbor context. This is a draft for expert review, not an authoritative ontology definition.","Decide: strict H2KG alias, existing H2KG mapping, new reusable H2KG term, or retain reviewed DECODE anchor.",needs_human_review,,,,"[{""iri"": ""https://w3id.org/h2kg/hydrogen-ontology#FlowField"", ""label"": ""Flow Field"", ""score"": 0.69}, {""iri"": ""https://w3id.org/h2kg/hydrogen-ontology#GraphiteBipolarPlate"", ""label"": ""Graphite Bipolar Plate"", ""score"": 0.667}, {""iri"": ""https://w3id.org/h2kg/hydrogen-ontology#FlowFieldRibWidth"", ""label"": ""Flow Field Rib Width"", ""score"": 0.615}]",CEA MEA model (Europium 2D); Current modulated hydrogen flow-rate spectroscopy (CH2S); Determination of CL saturation by SAXS/SANS; Fitting of the Europium model; MPL saturation determination from X-ray CT-data
https://w3id.org/h2kg/decode/workflow/concept/gas-permeability-of-a-gdl-with-defined-compression-method,Gas permeability of a GDL with defined compression,,Property,https://w3id.org/h2kg/hydrogen-ontology#Property,16,cea-mea-model-europium-2d; fitting-of-the-europium-model; gas-permeability-of-a-gdl-with-defined-compression; gdl-compressability; image-parameter-extraction-2d; image-x-ray-tomography-data-parameter-extraction-3d; impregnation-by-immersion-and-blade-coating; microscopy-sem-and-optical-in-mea-cross-section; mpl-parameter-estimation-from-gdl-and-substrate-data; sem-and-edx; sem-and-fib-layer,reviewed_decode,reviewed_decode_anchor,https://w3id.org/h2kg/decode/workflow/anchor/gas-permeability-of-a-gdl-with-defined-compression-method,"A measurable, calculated, or derived scientific characteristic denoted ""Gas permeability of a GDL with defined compression"" in DECODE hydrogen-electrochemistry workflows. Source context: 10-14 - 10-11 m 10-14 - 10-11 m",10-14 - 10-11 m 10-14 - 10-11 m,"Reviewed DECODE semantic role, source label, source workflow context, and direct-neighbor context. This is a draft for expert review, not an authoritative ontology definition.","Decide: strict H2KG alias, existing H2KG mapping, new reusable H2KG term, or retain reviewed DECODE anchor.",needs_human_review,,,,"[{""iri"": ""https://w3id.org/h2kg/hydrogen-ontology#IonomerThinFilmPermeability"", ""label"": ""Ionomer Thin Film Permeability"", ""score"": 0.561}, {""iri"": ""https://w3id.org/h2kg/hydrogen-ontology#OxygenPermeabilityFactorVsNafion"", ""label"": ""Oxygen Permeability Factor Vs Nafion"", ""score"": 0.558}]",GDL; GDL in-plane permeability; GDL stress-strain curve; GDL substrate; GDL substrate in-plane permeability; GDL substrate stress-strain curve; GDL substrate thickness; GDL substrate through-plane permeability; GDL thickness; GDL through-plane permeability
https://w3id.org/h2kg/decode/workflow/concept/gde-component,GDE,component,Matter,https://w3id.org/h2kg/hydrogen-ontology#Matter,5,confocal-laser-scanning-microscope-clsm-and-fluorescent-probes-for-local-ph-assessment-in-acidic-med2; confocal-laser-scanning-microscope-clsm-and-fluorescent-probes-for-local-ph-assessment-in-alkaline-m2; electrospray-deposition-of-catalyst-layers; gde-catalytic-layer-preparation; gde-cell-for-electrochemical-studies,reviewed_decode,reviewed_decode_anchor,https://w3id.org/h2kg/decode/workflow/anchor/gde-component,"A material, component, chemical species, phase, specimen, or assembly denoted ""GDE"" in DECODE hydrogen-electrochemistry workflows.",,"Reviewed DECODE semantic role, source label, source workflow context, and direct-neighbor context. This is a draft for expert review, not an authoritative ontology definition.","Decide: strict H2KG alias, existing H2KG mapping, new reusable H2KG term, or retain reviewed DECODE anchor.",needs_human_review,,,,"[{""iri"": ""https://w3id.org/h2kg/hydrogen-ontology#CathodeGDE"", ""label"": ""Cathode GDE"", ""score"": 1.0}, {""iri"": ""https://w3id.org/h2kg/hydrogen-ontology#AnodeGDE"", ""label"": ""Anode GDE"", ""score"": 0.667}, {""iri"": ""https://w3id.org/h2kg/hydrogen-ontology#DiscreteElementMethodPackingSimulation"", ""label"": ""Discrete Element Method Packing Simulation"", ""score"": 0.667}]",Confocal Laser Scanning Microscope (CLSM) + fluorescent probes for local pH assessment in acidic media in GDE configuration; Confocal Laser Scanning Microscope (CLSM) + fluorescent probes for local pH assessment in alkaline media in GDE configuration; Electrospray deposition of Catalyst Layers; GDE Catalytic Layer Preparation; GDE cell for electrochemical studies
https://w3id.org/h2kg/decode/workflow/concept/gde-catalytic-layer-preparation-process,GDE Catalytic Layer Preparation,,Manufacturing,https://w3id.org/h2kg/hydrogen-ontology#Manufacturing,5,confocal-laser-scanning-microscope-clsm-and-fluorescent-probes-for-local-ph-assessment-in-acidic-med2; confocal-laser-scanning-microscope-clsm-and-fluorescent-probes-for-local-ph-assessment-in-alkaline-m2; gde-catalytic-layer-preparation; gde-cell-for-electrochemical-studies; impregnation-by-immersion-and-blade-coating,reviewed_decode,reviewed_decode_anchor,https://w3id.org/h2kg/decode/workflow/anchor/gde-catalytic-layer-preparation-process,"A fabrication, preparation, deposition, assembly, or conditioning operation denoted ""GDE Catalytic Layer Preparation"" in DECODE hydrogen-electrochemistry workflows. Source context: know-how limited, i.e., mainly to carbon based inks onto hydrophobic GDEs","know-how limited, i.e., mainly to carbon based inks onto hydrophobic GDEs","Reviewed DECODE semantic role, source label, source workflow context, and direct-neighbor context. This is a draft for expert review, not an authoritative ontology definition.","Decide: strict H2KG alias, existing H2KG mapping, new reusable H2KG term, or retain reviewed DECODE anchor.",needs_human_review,,,,"[{""iri"": ""https://w3id.org/h2kg/hydrogen-ontology#CatalystInkPreparation"", ""label"": ""Catalyst Ink Preparation"", ""score"": 0.727}, {""iri"": ""https://w3id.org/h2kg/hydrogen-ontology#CatalystLayerMicrostructureSimulation"", ""label"": ""Catalyst Layer Microstructure Simulation"", ""score"": 0.679}, {""iri"": ""https://w3id.org/h2kg/hydrogen-ontology#DoubleLayerCapacitanceRatio"", ""label"": ""Double Layer Capacitance Ratio"", ""score"": 0.656}]",Catalyst ink composition; Catalyst powder; GDE; GDL; Instruments for mixing and deposition; Ionomer; Solvent
https://w3id.org/h2kg/decode/workflow/concept/gde-cell-for-electrochemical-studies-method,GDE cell for electrochemical studies,,Instrument,https://w3id.org/h2kg/hydrogen-ontology#Instrument,9,electrospray-deposition-of-catalyst-layers; gde-catalytic-layer-preparation; gde-cell-for-electrochemical-studies; impregnation-by-immersion-and-blade-coating,reviewed_decode,reviewed_decode_anchor,https://w3id.org/h2kg/decode/workflow/anchor/gde-cell-for-electrochemical-studies-method,"An apparatus, device, or experimental platform denoted ""GDE cell for electrochemical studies"" in DECODE hydrogen-electrochemistry workflows. Source context: Choice of the reference has to be adapted to the environment, but the setup is valid for all reactions within DECODE (OER, ORR, HOR, HER) in acidic and alkaline. Choice of the reference has to be adapted to the environment, but the setup is valid for all reactions within DECODE (OER, ORR, HOR, HER) in acidic and alkaline.","Choice of the reference has to be adapted to the environment, but the setup is valid for all reactions within DECODE (OER, ORR, HOR, HER) in acidic and alkaline. Choice of the reference has to be adapted to the environment, but the setup is valid for all reactions within DECODE (OER, ORR, HOR, HER) in acidic and alkaline.","Reviewed DECODE semantic role, source label, source workflow context, and direct-neighbor context. This is a draft for expert review, not an authoritative ontology definition.","Decide: strict H2KG alias, existing H2KG mapping, new reusable H2KG term, or retain reviewed DECODE anchor.",needs_human_review,,,,"[{""iri"": ""https://w3id.org/h2kg/hydrogen-ontology#ElectrochemicalWorkstation"", ""label"": ""Electrochemical Workstation"", ""score"": 0.676}, {""iri"": ""https://w3id.org/h2kg/hydrogen-ontology#ElectrochemicalReactionSimulation"", ""label"": ""Electrochemical Reaction Simulation"", ""score"": 0.62}, {""iri"": ""https://w3id.org/h2kg/hydrogen-ontology#ElectrochemicallyActiveSurfaceArea"", ""label"": ""Electrochemically Active Surface Area"", ""score"": 0.603}]",CL on membrane; Electrolyte; GDE; GDE RH; GDE electrochemical protocol; GDE electrochemical response; GDE gas flow rate; GDE temperature; GDL; Membrane
https://w3id.org/h2kg/decode/workflow/concept/gde-eis-component,GDE EIS,component,Data,https://w3id.org/h2kg/hydrogen-ontology#Data,1,transmission-line-model-fitting-of-cl-eis-patterns-for-components-distribution,reviewed_decode,reviewed_decode_anchor,https://w3id.org/h2kg/decode/workflow/anchor/gde-eis-component,"A recorded, calculated, image-based, or otherwise structured data artifact denoted ""GDE EIS"" in DECODE hydrogen-electrochemistry workflows.",,"Reviewed DECODE semantic role, source label, source workflow context, and direct-neighbor context. This is a draft for expert review, not an authoritative ontology definition.","Decide: strict H2KG alias, existing H2KG mapping, new reusable H2KG term, or retain reviewed DECODE anchor.",needs_human_review,,,,"[{""iri"": ""https://w3id.org/h2kg/hydrogen-ontology#AnodeGDE"", ""label"": ""Anode GDE"", ""score"": 0.625}, {""iri"": ""https://w3id.org/h2kg/hydrogen-ontology#CathodeGDE"", ""label"": ""Cathode GDE"", ""score"": 0.6}, {""iri"": ""https://w3id.org/h2kg/hydrogen-ontology#ElectrochemicalImpedanceSpectroscopyGalvanostatic"", ""label"": ""Electrochemical Impedance Spectroscopy Galvanostatic"", ""score"": 0.6}]",Transmission Line Model Fitting of CL EIS patterns for components distribution
https://w3id.org/h2kg/decode/workflow/concept/gde-eis-catalyst-free-component,GDE EIS (catalyst-free),component,Data,https://w3id.org/h2kg/hydrogen-ontology#Data,1,transmission-line-model-fitting-of-cl-eis-patterns-for-components-distribution,reviewed_decode,reviewed_decode_anchor,https://w3id.org/h2kg/decode/workflow/anchor/gde-eis-catalyst-free-component,"A recorded, calculated, image-based, or otherwise structured data artifact denoted ""GDE EIS (catalyst-free)"" in DECODE hydrogen-electrochemistry workflows.",,"Reviewed DECODE semantic role, source label, source workflow context, and direct-neighbor context. This is a draft for expert review, not an authoritative ontology definition.","Decide: strict H2KG alias, existing H2KG mapping, new reusable H2KG term, or retain reviewed DECODE anchor.",needs_human_review,,,,"[{""iri"": ""https://w3id.org/h2kg/hydrogen-ontology#FeNCCatalyst"", ""label"": ""Fe NC Catalyst"", ""score"": 0.789}, {""iri"": ""https://w3id.org/h2kg/hydrogen-ontology#NSPCNFsCatalyst"", ""label"": ""NSPCN Fs Catalyst"", ""score"": 0.714}, {""iri"": ""https://w3id.org/h2kg/hydrogen-ontology#PrintedFerritinPreCatalystPattern"", ""label"": ""Printed Ferritin Pre Catalyst Pattern"", ""score"": 0.683}]",Transmission Line Model Fitting of CL EIS patterns for components distribution
https://w3id.org/h2kg/decode/workflow/concept/gde-eis-ionomer-free-component,GDE EIS (ionomer-free),component,Data,https://w3id.org/h2kg/hydrogen-ontology#Data,1,transmission-line-model-fitting-of-cl-eis-patterns-for-components-distribution,reviewed_decode,reviewed_decode_anchor,https://w3id.org/h2kg/decode/workflow/anchor/gde-eis-ionomer-free-component,"A recorded, calculated, image-based, or otherwise structured data artifact denoted ""GDE EIS (ionomer-free)"" in DECODE hydrogen-electrochemistry workflows.",,"Reviewed DECODE semantic role, source label, source workflow context, and direct-neighbor context. This is a draft for expert review, not an authoritative ontology definition.","Decide: strict H2KG alias, existing H2KG mapping, new reusable H2KG term, or retain reviewed DECODE anchor.",needs_human_review,,,,"[{""iri"": ""https://w3id.org/h2kg/hydrogen-ontology#IonomerPatchSurfaceCoverage"", ""label"": ""Ionomer Patch Surface Coverage"", ""score"": 0.667}, {""iri"": ""https://w3id.org/h2kg/hydrogen-ontology#IonomerConnectedElectrochemicallyActiveSurfaceArea"", ""label"": ""Ionomer Connected Electrochemically Active Surface Area"", ""score"": 0.625}, {""iri"": ""https://w3id.org/h2kg/hydrogen-ontology#IonomerAggregateDiameter"", ""label"": ""Ionomer Aggregate Diameter"", ""score"": 0.609}]",Transmission Line Model Fitting of CL EIS patterns for components distribution
https://w3id.org/h2kg/decode/workflow/concept/gde-electrochemical-protocol-component,GDE electrochemical protocol,component,Process,https://w3id.org/h2kg/hydrogen-ontology#Process,3,development-of-a-zero-gap-cell-for-gde-based-spectrocopy-measurement; gde-cell-for-electrochemical-studies; three-electrode-cell-assesement-of-cl-by-xas-xanes-exafs-xrd,reviewed_decode,reviewed_decode_anchor,https://w3id.org/h2kg/decode/workflow/anchor/gde-electrochemical-protocol-component,"A computational, analytical, transformation, or generic workflow process denoted ""GDE electrochemical protocol"" in DECODE hydrogen-electrochemistry workflows.",,"Reviewed DECODE semantic role, source label, source workflow context, and direct-neighbor context. This is a draft for expert review, not an authoritative ontology definition.","Decide: strict H2KG alias, existing H2KG mapping, new reusable H2KG term, or retain reviewed DECODE anchor.",needs_human_review,,,,"[{""iri"": ""https://w3id.org/h2kg/hydrogen-ontology#ElectrochemicalImpedanceSpectroscopyPotentiostatic"", ""label"": ""Electrochemical Impedance Spectroscopy Potentiostatic"", ""score"": 0.727}, {""iri"": ""https://w3id.org/h2kg/hydrogen-ontology#ElectrochemicalWorkstation"", ""label"": ""Electrochemical Workstation"", ""score"": 0.691}, {""iri"": ""https://w3id.org/h2kg/hydrogen-ontology#ElectrochemicalReactionSimulation"", ""label"": ""Electrochemical Reaction Simulation"", ""score"": 0.635}]","Development of a zero gap cell for GDE based spectrocopy measurement; GDE cell for electrochemical studies; Three electrode cell assesement of CL by XAS, XANES, EXAFS, XRD"
https://w3id.org/h2kg/decode/workflow/concept/gde-electrochemical-response-component,GDE electrochemical response,component,Data,https://w3id.org/h2kg/hydrogen-ontology#Data,3,development-of-a-zero-gap-cell-for-gde-based-spectrocopy-measurement; gde-cell-for-electrochemical-studies; three-electrode-cell-assesement-of-cl-by-xas-xanes-exafs-xrd,reviewed_decode,reviewed_decode_anchor,https://w3id.org/h2kg/decode/workflow/anchor/gde-electrochemical-response-component,"A recorded, calculated, image-based, or otherwise structured data artifact denoted ""GDE electrochemical response"" in DECODE hydrogen-electrochemistry workflows.",,"Reviewed DECODE semantic role, source label, source workflow context, and direct-neighbor context. This is a draft for expert review, not an authoritative ontology definition.","Decide: strict H2KG alias, existing H2KG mapping, new reusable H2KG term, or retain reviewed DECODE anchor.",needs_human_review,,,,"[{""iri"": ""https://w3id.org/h2kg/hydrogen-ontology#ElectrochemicalWorkstation"", ""label"": ""Electrochemical Workstation"", ""score"": 0.727}, {""iri"": ""https://w3id.org/h2kg/hydrogen-ontology#ElectrochemicalImpedanceSpectroscopyPotentiostatic"", ""label"": ""Electrochemical Impedance Spectroscopy Potentiostatic"", ""score"": 0.697}, {""iri"": ""https://w3id.org/h2kg/hydrogen-ontology#ElectrochemicalReactionSimulation"", ""label"": ""Electrochemical Reaction Simulation"", ""score"": 0.667}]","Development of a zero gap cell for GDE based spectrocopy measurement; GDE cell for electrochemical studies; Three electrode cell assesement of CL by XAS, XANES, EXAFS, XRD"
https://w3id.org/h2kg/decode/workflow/concept/gde-gas-flow-rate-component,GDE gas flow rate,component,Parameter,https://w3id.org/h2kg/hydrogen-ontology#Parameter,1,gde-cell-for-electrochemical-studies,reviewed_decode,reviewed_decode_anchor,https://w3id.org/h2kg/decode/workflow/anchor/gde-gas-flow-rate-component,"A specified, controlled, reported, or model-input condition or quantity denoted ""GDE gas flow rate"" in DECODE hydrogen-electrochemistry workflows.",,"Reviewed DECODE semantic role, source label, source workflow context, and direct-neighbor context. This is a draft for expert review, not an authoritative ontology definition.","Decide: strict H2KG alias, existing H2KG mapping, new reusable H2KG term, or retain reviewed DECODE anchor.",needs_human_review,,,,"[{""iri"": ""https://w3id.org/h2kg/hydrogen-ontology#GasFlowRate"", ""label"": ""Gas Flow Rate"", ""score"": 0.867}, {""iri"": ""https://w3id.org/h2kg/hydrogen-ontology#GasVolumetricFlowRate"", ""label"": ""Gas Volumetric Flow Rate"", ""score"": 0.867}, {""iri"": ""https://w3id.org/h2kg/hydrogen-ontology#MassFlowRate"", ""label"": ""Mass Flow Rate"", ""score"": 0.774}]",GDE cell for electrochemical studies
https://w3id.org/h2kg/decode/workflow/concept/gde-rh-component,GDE RH,component,Matter,https://w3id.org/h2kg/hydrogen-ontology#Matter,1,gde-cell-for-electrochemical-studies,reviewed_decode,reviewed_decode_anchor,https://w3id.org/h2kg/decode/workflow/anchor/gde-rh-component,"A material, component, chemical species, phase, specimen, or assembly denoted ""GDE RH"" in DECODE hydrogen-electrochemistry workflows.",,"Reviewed DECODE semantic role, source label, source workflow context, and direct-neighbor context. This is a draft for expert review, not an authoritative ontology definition.","Decide: strict H2KG alias, existing H2KG mapping, new reusable H2KG term, or retain reviewed DECODE anchor.",needs_human_review,,,,"[{""iri"": ""https://w3id.org/h2kg/hydrogen-ontology#AnodeGDE"", ""label"": ""Anode GDE"", ""score"": 0.667}, {""iri"": ""https://w3id.org/h2kg/hydrogen-ontology#CathodeGDE"", ""label"": ""Cathode GDE"", ""score"": 0.667}, {""iri"": ""https://w3id.org/h2kg/hydrogen-ontology#HydrodynamicDiameter"", ""label"": ""Hydrodynamic Diameter"", ""score"": 0.667}]",GDE cell for electrochemical studies
https://w3id.org/h2kg/decode/workflow/concept/gde-temperature-component,GDE temperature,component,Parameter,https://w3id.org/h2kg/hydrogen-ontology#Parameter,3,confocal-laser-scanning-microscope-clsm-and-fluorescent-probes-for-local-ph-assessment-in-acidic-med2; confocal-laser-scanning-microscope-clsm-and-fluorescent-probes-for-local-ph-assessment-in-alkaline-m2; gde-cell-for-electrochemical-studies,reviewed_decode,reviewed_decode_anchor,https://w3id.org/h2kg/decode/workflow/anchor/gde-temperature-component,"A specified, controlled, reported, or model-input condition or quantity denoted ""GDE temperature"" in DECODE hydrogen-electrochemistry workflows.",,"Reviewed DECODE semantic role, source label, source workflow context, and direct-neighbor context. This is a draft for expert review, not an authoritative ontology definition.","Decide: strict H2KG alias, existing H2KG mapping, new reusable H2KG term, or retain reviewed DECODE anchor.",needs_human_review,,,,"[{""iri"": ""https://w3id.org/h2kg/hydrogen-ontology#Temperature"", ""label"": ""Temperature"", ""score"": 0.846}, {""iri"": ""https://w3id.org/h2kg/hydrogen-ontology#BakeTemperature"", ""label"": ""Bake Temperature"", ""score"": 0.839}, {""iri"": ""https://w3id.org/h2kg/hydrogen-ontology#DryingTemperature"", ""label"": ""Drying Temperature"", ""score"": 0.839}]",Confocal Laser Scanning Microscope (CLSM) + fluorescent probes for local pH assessment in acidic media in GDE configuration; Confocal Laser Scanning Microscope (CLSM) + fluorescent probes for local pH assessment in alkaline media in GDE configuration; GDE cell for electrochemical studies
https://w3id.org/h2kg/decode/workflow/concept/gdl-component,GDL,component,Matter,https://w3id.org/h2kg/hydrogen-ontology#Matter,27,cl-for-rde; contact-angle-extraction-of-ct-data; ct-based-capillary-pressure-saturation-curves; determination-of-cl-saturation-by-saxs-or-sans; dropcasted-ink-on-gc-tips; electrical-conductivity; electrical-contact-resistance; electrical-tlm-characterization-of-a-gdl-with-defined-compression; electrospray-deposition-of-catalyst-layers; external-contact-angle-of-a-gdl; fib-measurements-on-gdl-or-mpl-and-catalyst-materials; gas-permeability-of-a-gdl-with-defined-compression; gde-catalytic-layer-preparation; gde-cell-for-electrochemical-studies; gdl-compressability; hg-porosimetry-gdl; impregnation-by-immersion-and-blade-coating; lab-ct-measurements-on-gdl-or-mpl-materials; mea-assembly-for-pefc-ref-mea; mechanical-properties-of-catalyst-layers-gdls-and-meas-by-small-punch-and-nanoindentation; mpl-saturation-determination-from-x-ray-ct-data; neutron-imaging; pulsed-gas-analysis; sem-and-edx; sem-and-fib-layer; synch-ct-measurements-on-gdl-or-mpl-materials; wilhelmy-wettability-measurement,approved_h2kg,existing_h2kg_mapping,https://w3id.org/h2kg/hydrogen-ontology#GasDiffusionLayer,"A material, component, chemical species, phase, specimen, or assembly denoted ""GDL"" in DECODE hydrogen-electrochemistry workflows.",,"Reviewed DECODE semantic role, source label, source workflow context, and direct-neighbor context. This is a draft for expert review, not an authoritative ontology definition.",Verify against the canonical H2KG definition and retain only a true synonym.,needs_human_review,,,,"[{""iri"": ""https://w3id.org/h2kg/hydrogen-ontology#GasDiffusionLayer"", ""label"": ""Gas Diffusion Layer"", ""score"": 1.0}, {""iri"": ""https://w3id.org/h2kg/hydrogen-ontology#GasDiffusionLayerPorosity"", ""label"": ""Gas Diffusion Layer Porosity"", ""score"": 0.857}, {""iri"": ""https://w3id.org/h2kg/hydrogen-ontology#AcidDopingLevel"", ""label"": ""Acid Doping Level"", ""score"": 0.667}]",CL for RDE; CT-based capillary pressure saturation curves; Contact angle extraction of CT data; Determination of CL saturation by SAXS/SANS; Dropcasted Ink on GC Tips; Electrical TLM characterization of a GDL with defined compression; Electrical conductivity; Electrical contact resistance; Electrospray deposition of Catalyst Layers; External contact angle of a GDL; FIB measurements on GDL/MPL and catalyst materials.; GDE Catalytic Layer Preparation; GDE cell for electrochemical studies; GDL compressability; Gas permeability of a GDL with defined compression; Hg porosimetry GDL; Impregnation by immersion and blade coating; LAB-CT measurements on GDL/MPL materials; MEA assembly for PEFC ref MEA; MPL saturation determination from X-ray CT-data
https://w3id.org/h2kg/decode/workflow/concept/gdl-4d-voxel-data-classified-macrohomogeneous-local,GDL 4D voxel data classified,macrohomogeneous local,Data,https://w3id.org/h2kg/hydrogen-ontology#Data,1,neutron-imaging,reviewed_decode,reviewed_decode_anchor,https://w3id.org/h2kg/decode/workflow/anchor/gdl-4d-voxel-data-classified-macrohomogeneous-local,"A recorded, calculated, image-based, or otherwise structured data artifact denoted ""GDL 4D voxel data classified"" in DECODE hydrogen-electrochemistry workflows.",,"Reviewed DECODE semantic role, source label, source workflow context, and direct-neighbor context. This is a draft for expert review, not an authoritative ontology definition.","Decide: strict H2KG alias, existing H2KG mapping, new reusable H2KG term, or retain reviewed DECODE anchor.",needs_human_review,,,,[],Neutron Imaging
https://w3id.org/h2kg/decode/workflow/concept/gdl-compressability-method,GDL compressability,,Measurement,https://w3id.org/h2kg/hydrogen-ontology#Measurement,27,0d-particle-population-degradation-model-coupled-with-performance-model-prediction; 0d-particle-population-degradation-model-coupled-with-performance-model-prediction-without-fitting-methods; cea-mea-model-europium-2d; current-modulated-hydrogen-flow-rate-spectroscopy-ch2s; diffusivities-from-tortuosities; electrical-conductivity; electrical-contact-resistance; electrical-tlm-characterization-of-a-gdl-with-defined-compression; fitting-of-the-europium-model; gas-permeability-of-a-gdl-with-defined-compression; gdl-compressability; iet-1d-mea-with-water-transport-eis-model; iet-1d-mea-with-water-transport-in-ccl-eis-model; iet-1d-performance-model-for-mea-fitting; iet-1d-performance-model-for-mea-prediction; impregnation-by-immersion-and-blade-coating; mpl-parameter-estimation-from-gdl-and-substrate-data,reviewed_decode,reviewed_decode_anchor,https://w3id.org/h2kg/decode/workflow/anchor/gdl-compressability-method,"A characterization or measurement procedure denoted ""GDL compressability"" in DECODE hydrogen-electrochemistry workflows. Source context: samples with uniform thickness between 50 and 3000 m. Method accuracy in order of 2%. samples with uniform thickness between 50 and 3000 m. Method accuracy in order of 2%.",samples with uniform thickness between 50 and 3000 m. Method accuracy in order of 2%. samples with uniform thickness between 50 and 3000 m. Method accuracy in order of 2%.,"Reviewed DECODE semantic role, source label, source workflow context, and direct-neighbor context. This is a draft for expert review, not an authoritative ontology definition.","Decide: strict H2KG alias, existing H2KG mapping, new reusable H2KG term, or retain reviewed DECODE anchor.",needs_human_review,,,,"[{""iri"": ""https://w3id.org/h2kg/hydrogen-ontology#OxygenPermeability"", ""label"": ""Oxygen Permeability"", ""score"": 0.667}, {""iri"": ""https://w3id.org/h2kg/hydrogen-ontology#MicroporousLayerPermeability"", ""label"": ""Microporous Layer Permeability"", ""score"": 0.629}, {""iri"": ""https://w3id.org/h2kg/hydrogen-ontology#CrossheadSpeed"", ""label"": ""Crosshead Speed"", ""score"": 0.611}]",GDL; GDL stress-strain curve; GDL substrate; GDL substrate stress-strain curve; GDL substrate thickness; GDL thickness
https://w3id.org/h2kg/decode/workflow/concept/gdl-contact-resistance-vs-au-component,GDL contact resistance vs Au,component,Property,https://w3id.org/h2kg/hydrogen-ontology#Property,1,electrical-tlm-characterization-of-a-gdl-with-defined-compression,reviewed_decode,reviewed_decode_anchor,https://w3id.org/h2kg/decode/workflow/anchor/gdl-contact-resistance-vs-au-component,"A measurable, calculated, or derived scientific characteristic denoted ""GDL contact resistance vs Au"" in DECODE hydrogen-electrochemistry workflows.",,"Reviewed DECODE semantic role, source label, source workflow context, and direct-neighbor context. This is a draft for expert review, not an authoritative ontology definition.","Decide: strict H2KG alias, existing H2KG mapping, new reusable H2KG term, or retain reviewed DECODE anchor.",needs_human_review,,,,"[{""iri"": ""https://w3id.org/h2kg/hydrogen-ontology#CathodeResistance"", ""label"": ""Cathode Resistance"", ""score"": 0.652}, {""iri"": ""https://w3id.org/h2kg/hydrogen-ontology#LateralElectronicResistance"", ""label"": ""Lateral Electronic Resistance"", ""score"": 0.652}, {""iri"": ""https://w3id.org/h2kg/hydrogen-ontology#ConductivityDataset"", ""label"": ""Conductivity Dataset"", ""score"": 0.651}]",Electrical TLM characterization of a GDL with defined compression
https://w3id.org/h2kg/decode/workflow/concept/gdl-contact-resistance-vs-bpp-component,GDL contact resistance vs BPP,component,Property,https://w3id.org/h2kg/hydrogen-ontology#Property,1,electrical-contact-resistance,reviewed_decode,reviewed_decode_anchor,https://w3id.org/h2kg/decode/workflow/anchor/gdl-contact-resistance-vs-bpp-component,"A measurable, calculated, or derived scientific characteristic denoted ""GDL contact resistance vs BPP"" in DECODE hydrogen-electrochemistry workflows.",,"Reviewed DECODE semantic role, source label, source workflow context, and direct-neighbor context. This is a draft for expert review, not an authoritative ontology definition.","Decide: strict H2KG alias, existing H2KG mapping, new reusable H2KG term, or retain reviewed DECODE anchor.",needs_human_review,,,,"[{""iri"": ""https://w3id.org/h2kg/hydrogen-ontology#CathodeResistance"", ""label"": ""Cathode Resistance"", ""score"": 0.638}, {""iri"": ""https://w3id.org/h2kg/hydrogen-ontology#InterfacialResistance"", ""label"": ""Interfacial Resistance"", ""score"": 0.627}, {""iri"": ""https://w3id.org/h2kg/hydrogen-ontology#TotalInternalResistance"", ""label"": ""Total Internal Resistance"", ""score"": 0.625}]",Electrical contact resistance
https://w3id.org/h2kg/decode/workflow/concept/gdl-cross-section-component,GDL cross section,component,Matter,https://w3id.org/h2kg/hydrogen-ontology#Matter,2,microscopy-sem-and-optical-in-mea-cross-section; sem-and-edx,reviewed_decode,reviewed_decode_anchor,https://w3id.org/h2kg/decode/workflow/anchor/gdl-cross-section-component,"A material, component, chemical species, phase, specimen, or assembly denoted ""GDL cross section"" in DECODE hydrogen-electrochemistry workflows.",,"Reviewed DECODE semantic role, source label, source workflow context, and direct-neighbor context. This is a draft for expert review, not an authoritative ontology definition.","Decide: strict H2KG alias, existing H2KG mapping, new reusable H2KG term, or retain reviewed DECODE anchor.",needs_human_review,,,,"[{""iri"": ""https://w3id.org/h2kg/hydrogen-ontology#ElectronMicroscopyImaging"", ""label"": ""Electron Microscopy Imaging"", ""score"": 0.652}, {""iri"": ""https://w3id.org/h2kg/hydrogen-ontology#CoReductionProcess"", ""label"": ""Co Reduction Process"", ""score"": 0.649}, {""iri"": ""https://w3id.org/h2kg/hydrogen-ontology#ICSEMInstrument"", ""label"": ""IC-SEM Instrument"", ""score"": 0.612}]",Microscopy (SEM and optical) in MEA cross section; SEM and EDX
https://w3id.org/h2kg/decode/workflow/concept/gdl-cross-section-2d-pixel-data-containing-surface-information-of-element-distributions-meso,GDL cross section 2D pixel data containing surface information of element distributions,meso,Data,https://w3id.org/h2kg/hydrogen-ontology#Data,2,image-parameter-extraction-2d; sem-and-edx,reviewed_decode,reviewed_decode_anchor,https://w3id.org/h2kg/decode/workflow/anchor/gdl-cross-section-2d-pixel-data-containing-surface-information-of-element-distributions-meso,"A recorded, calculated, image-based, or otherwise structured data artifact denoted ""GDL cross section 2D pixel data containing surface information of element distributions"" in DECODE hydrogen-electrochemistry workflows.",,"Reviewed DECODE semantic role, source label, source workflow context, and direct-neighbor context. This is a draft for expert review, not an authoritative ontology definition.","Decide: strict H2KG alias, existing H2KG mapping, new reusable H2KG term, or retain reviewed DECODE anchor.",needs_human_review,,,,[],Image parameter extraction 2D; SEM and EDX
https://w3id.org/h2kg/decode/workflow/concept/gdl-effective-o2-diffusivity-component,GDL effective O2 diffusivity,component,Property,https://w3id.org/h2kg/hydrogen-ontology#Property,7,0d-particle-population-degradation-model-coupled-with-performance-model-prediction; 0d-particle-population-degradation-model-coupled-with-performance-model-prediction-without-fitting-methods; diffusivities-from-tortuosities; iet-1d-mea-with-water-transport-eis-model; iet-1d-mea-with-water-transport-in-ccl-eis-model; iet-1d-performance-model-for-mea-fitting; iet-1d-performance-model-for-mea-prediction,reviewed_decode,reviewed_decode_anchor,https://w3id.org/h2kg/decode/workflow/anchor/gdl-effective-o2-diffusivity-component,"A measurable, calculated, or derived scientific characteristic denoted ""GDL effective O2 diffusivity"" in DECODE hydrogen-electrochemistry workflows.",,"Reviewed DECODE semantic role, source label, source workflow context, and direct-neighbor context. This is a draft for expert review, not an authoritative ontology definition.","Decide: strict H2KG alias, existing H2KG mapping, new reusable H2KG term, or retain reviewed DECODE anchor.",needs_human_review,,,,"[{""iri"": ""https://w3id.org/h2kg/hydrogen-ontology#EffectiveIonicConductivity"", ""label"": ""Effective Ionic Conductivity"", ""score"": 0.679}, {""iri"": ""https://w3id.org/h2kg/hydrogen-ontology#CarbonAggregateEffectiveDensity"", ""label"": ""Carbon Aggregate Effective Density"", ""score"": 0.667}, {""iri"": ""https://w3id.org/h2kg/hydrogen-ontology#InPlaneEffectiveDiffusivityMeasurement"", ""label"": ""In Plane Effective Diffusivity Measurement"", ""score"": 0.657}]",0D Particle population degradation model coupled with performance model (prediction); Diffusivities from tortuosities; IET 1D MEA with water transport EIS model; IET 1D MEA with water transport in CCL EIS model; IET 1D Performance model for MEA (fitting); IET 1D Performance model for MEA (prediction)
https://w3id.org/h2kg/decode/workflow/concept/gdl-effective-vapor-diffusivity-component,GDL effective vapor diffusivity,component,Property,https://w3id.org/h2kg/hydrogen-ontology#Property,2,diffusivities-from-tortuosities; iet-1d-mea-with-water-transport-eis-model,reviewed_decode,reviewed_decode_anchor,https://w3id.org/h2kg/decode/workflow/anchor/gdl-effective-vapor-diffusivity-component,"A measurable, calculated, or derived scientific characteristic denoted ""GDL effective vapor diffusivity"" in DECODE hydrogen-electrochemistry workflows.",,"Reviewed DECODE semantic role, source label, source workflow context, and direct-neighbor context. This is a draft for expert review, not an authoritative ontology definition.","Decide: strict H2KG alias, existing H2KG mapping, new reusable H2KG term, or retain reviewed DECODE anchor.",needs_human_review,,,,"[{""iri"": ""https://w3id.org/h2kg/hydrogen-ontology#InPlaneEffectiveDiffusivityMeasurement"", ""label"": ""In Plane Effective Diffusivity Measurement"", ""score"": 0.685}, {""iri"": ""https://w3id.org/h2kg/hydrogen-ontology#EffectiveIonicConductivity"", ""label"": ""Effective Ionic Conductivity"", ""score"": 0.667}, {""iri"": ""https://w3id.org/h2kg/hydrogen-ontology#MolecularDiffusivityInAir"", ""label"": ""Molecular Diffusivity In Air"", ""score"": 0.654}]",Diffusivities from tortuosities; IET 1D MEA with water transport EIS model
https://w3id.org/h2kg/decode/workflow/concept/gdl-effective-water-permeability-component,GDL effective water permeability,component,Property,https://w3id.org/h2kg/hydrogen-ontology#Property,1,iet-1d-mea-with-water-transport-eis-model,reviewed_decode,reviewed_decode_anchor,https://w3id.org/h2kg/decode/workflow/anchor/gdl-effective-water-permeability-component,"A measurable, calculated, or derived scientific characteristic denoted ""GDL effective water permeability"" in DECODE hydrogen-electrochemistry workflows.",,"Reviewed DECODE semantic role, source label, source workflow context, and direct-neighbor context. This is a draft for expert review, not an authoritative ontology definition.","Decide: strict H2KG alias, existing H2KG mapping, new reusable H2KG term, or retain reviewed DECODE anchor.",needs_human_review,,,,"[{""iri"": ""https://w3id.org/h2kg/hydrogen-ontology#RelativeOxygenPermeability"", ""label"": ""Relative Oxygen Permeability"", ""score"": 0.633}, {""iri"": ""https://w3id.org/h2kg/hydrogen-ontology#OxygenPermeabilityFactorVsNafion"", ""label"": ""Oxygen Permeability Factor Vs Nafion"", ""score"": 0.63}, {""iri"": ""https://w3id.org/h2kg/hydrogen-ontology#MethanolPermeability"", ""label"": ""Methanol Permeability"", ""score"": 0.604}]",IET 1D MEA with water transport EIS model
https://w3id.org/h2kg/decode/workflow/concept/gdl-external-contact-angle-component,GDL external contact angle,component,Property,https://w3id.org/h2kg/hydrogen-ontology#Property,1,external-contact-angle-of-a-gdl,reviewed_decode,reviewed_decode_anchor,https://w3id.org/h2kg/decode/workflow/anchor/gdl-external-contact-angle-component,"A measurable, calculated, or derived scientific characteristic denoted ""GDL external contact angle"" in DECODE hydrogen-electrochemistry workflows.",,"Reviewed DECODE semantic role, source label, source workflow context, and direct-neighbor context. This is a draft for expert review, not an authoritative ontology definition.","Decide: strict H2KG alias, existing H2KG mapping, new reusable H2KG term, or retain reviewed DECODE anchor.",needs_human_review,,,,"[{""iri"": ""https://w3id.org/h2kg/hydrogen-ontology#ContactAngle"", ""label"": ""Contact Angle"", ""score"": 0.756}, {""iri"": ""https://w3id.org/h2kg/hydrogen-ontology#ContactAngleMeasurement"", ""label"": ""Contact Angle Measurement"", ""score"": 0.727}, {""iri"": ""https://w3id.org/h2kg/hydrogen-ontology#ContactAngleGoniometer"", ""label"": ""Contact Angle Goniometer"", ""score"": 0.72}]",External contact angle of a GDL
https://w3id.org/h2kg/decode/workflow/concept/gdl-in-plane-2d-pixel-data-containing-surface-information-of-element-distributions-meso,GDL in plane 2D pixel data containing surface information of element distributions,meso,Data,https://w3id.org/h2kg/hydrogen-ontology#Data,1,sem-and-edx,reviewed_decode,reviewed_decode_anchor,https://w3id.org/h2kg/decode/workflow/anchor/gdl-in-plane-2d-pixel-data-containing-surface-information-of-element-distributions-meso,"A recorded, calculated, image-based, or otherwise structured data artifact denoted ""GDL in plane 2D pixel data containing surface information of element distributions"" in DECODE hydrogen-electrochemistry workflows.",,"Reviewed DECODE semantic role, source label, source workflow context, and direct-neighbor context. This is a draft for expert review, not an authoritative ontology definition.","Decide: strict H2KG alias, existing H2KG mapping, new reusable H2KG term, or retain reviewed DECODE anchor.",needs_human_review,,,,[],SEM and EDX
https://w3id.org/h2kg/decode/workflow/concept/gdl-in-plane-conductivity-component,GDL in-plane conductivity,component,Property,https://w3id.org/h2kg/hydrogen-ontology#Property,3,electrical-conductivity; electrical-tlm-characterization-of-a-gdl-with-defined-compression; mpl-parameter-estimation-from-gdl-and-substrate-data,reviewed_decode,reviewed_decode_anchor,https://w3id.org/h2kg/decode/workflow/anchor/gdl-in-plane-conductivity-component,"A measurable, calculated, or derived scientific characteristic denoted ""GDL in-plane conductivity"" in DECODE hydrogen-electrochemistry workflows.",,"Reviewed DECODE semantic role, source label, source workflow context, and direct-neighbor context. This is a draft for expert review, not an authoritative ontology definition.","Decide: strict H2KG alias, existing H2KG mapping, new reusable H2KG term, or retain reviewed DECODE anchor.",needs_human_review,,,,"[{""iri"": ""https://w3id.org/h2kg/hydrogen-ontology#InPlaneElectronicConductivityMeasurement"", ""label"": ""In Plane Electronic Conductivity Measurement"", ""score"": 0.824}, {""iri"": ""https://w3id.org/h2kg/hydrogen-ontology#ElectronicConductivityLossPercent"", ""label"": ""Electronic Conductivity Loss Percent"", ""score"": 0.815}, {""iri"": ""https://w3id.org/h2kg/hydrogen-ontology#InPlaneElectronicConductivity"", ""label"": ""In Plane Electronic Conductivity"", ""score"": 0.807}]",Electrical TLM characterization of a GDL with defined compression; Electrical conductivity; MPL parameter estimation from GDL and substrate data
https://w3id.org/h2kg/decode/workflow/concept/gdl-in-plane-permeability-component,GDL in-plane permeability,component,Property,https://w3id.org/h2kg/hydrogen-ontology#Property,2,gas-permeability-of-a-gdl-with-defined-compression; mpl-parameter-estimation-from-gdl-and-substrate-data,reviewed_decode,reviewed_decode_anchor,https://w3id.org/h2kg/decode/workflow/anchor/gdl-in-plane-permeability-component,"A measurable, calculated, or derived scientific characteristic denoted ""GDL in-plane permeability"" in DECODE hydrogen-electrochemistry workflows.",,"Reviewed DECODE semantic role, source label, source workflow context, and direct-neighbor context. This is a draft for expert review, not an authoritative ontology definition.","Decide: strict H2KG alias, existing H2KG mapping, new reusable H2KG term, or retain reviewed DECODE anchor.",needs_human_review,,,,"[{""iri"": ""https://w3id.org/h2kg/hydrogen-ontology#RelativeOxygenPermeability"", ""label"": ""Relative Oxygen Permeability"", ""score"": 0.717}, {""iri"": ""https://w3id.org/h2kg/hydrogen-ontology#IonomerThinFilmPermeability"", ""label"": ""Ionomer Thin Film Permeability"", ""score"": 0.691}, {""iri"": ""https://w3id.org/h2kg/hydrogen-ontology#MicroporousLayerPermeability"", ""label"": ""Microporous Layer Permeability"", ""score"": 0.683}]",Gas permeability of a GDL with defined compression; MPL parameter estimation from GDL and substrate data
https://w3id.org/h2kg/decode/workflow/concept/gdl-local-mechanical-strength-macrohomogeneous-local,GDL local mechanical strength,macrohomogeneous local,Property,https://w3id.org/h2kg/hydrogen-ontology#Property,1,mechanical-properties-of-catalyst-layers-gdls-and-meas-by-small-punch-and-nanoindentation,reviewed_decode,reviewed_decode_anchor,https://w3id.org/h2kg/decode/workflow/anchor/gdl-local-mechanical-strength-macrohomogeneous-local,"A measurable, calculated, or derived scientific characteristic denoted ""GDL local mechanical strength"" in DECODE hydrogen-electrochemistry workflows.",,"Reviewed DECODE semantic role, source label, source workflow context, and direct-neighbor context. This is a draft for expert review, not an authoritative ontology definition.","Decide: strict H2KG alias, existing H2KG mapping, new reusable H2KG term, or retain reviewed DECODE anchor.",needs_human_review,,,,"[{""iri"": ""https://w3id.org/h2kg/hydrogen-ontology#MagneticFieldStrength"", ""label"": ""Magnetic Field Strength"", ""score"": 0.615}, {""iri"": ""https://w3id.org/h2kg/hydrogen-ontology#IonicStrength"", ""label"": ""Ionic Strength"", ""score"": 0.605}, {""iri"": ""https://w3id.org/h2kg/hydrogen-ontology#CrushStrength"", ""label"": ""Crush Strength"", ""score"": 0.6}]","Mechanical properties of catalyst layers, GDLs, and MEAs by small-punch and nanoindentation"
https://w3id.org/h2kg/decode/workflow/concept/gdl-local-youngs-modulus-macrohomogeneous-local,GDL local Youngs modulus,macrohomogeneous local,Property,https://w3id.org/h2kg/hydrogen-ontology#Property,1,mechanical-properties-of-catalyst-layers-gdls-and-meas-by-small-punch-and-nanoindentation,reviewed_decode,reviewed_decode_anchor,https://w3id.org/h2kg/decode/workflow/anchor/gdl-local-youngs-modulus-macrohomogeneous-local,"A measurable, calculated, or derived scientific characteristic denoted ""GDL local Youngs modulus"" in DECODE hydrogen-electrochemistry workflows.",,"Reviewed DECODE semantic role, source label, source workflow context, and direct-neighbor context. This is a draft for expert review, not an authoritative ontology definition.","Decide: strict H2KG alias, existing H2KG mapping, new reusable H2KG term, or retain reviewed DECODE anchor.",needs_human_review,,,,"[{""iri"": ""https://w3id.org/h2kg/hydrogen-ontology#YoungsModulus"", ""label"": ""Youngs Modulus"", ""score"": 0.737}, {""iri"": ""https://w3id.org/h2kg/hydrogen-ontology#LossModulus"", ""label"": ""Loss Modulus"", ""score"": 0.632}]","Mechanical properties of catalyst layers, GDLs, and MEAs by small-punch and nanoindentation"
https://w3id.org/h2kg/decode/workflow/concept/gdl-pore-size-distribution-component,GDL pore size distribution,component,Data,https://w3id.org/h2kg/hydrogen-ontology#Data,2,hg-porosimetry-gdl; mpl-parameter-estimation-from-gdl-and-substrate-data,reviewed_decode,reviewed_decode_anchor,https://w3id.org/h2kg/decode/workflow/anchor/gdl-pore-size-distribution-component,"A recorded, calculated, image-based, or otherwise structured data artifact denoted ""GDL pore size distribution"" in DECODE hydrogen-electrochemistry workflows.",,"Reviewed DECODE semantic role, source label, source workflow context, and direct-neighbor context. This is a draft for expert review, not an authoritative ontology definition.","Decide: strict H2KG alias, existing H2KG mapping, new reusable H2KG term, or retain reviewed DECODE anchor.",needs_human_review,,,,"[{""iri"": ""https://w3id.org/h2kg/hydrogen-ontology#PoreSizeDistribution"", ""label"": ""Pore Size Distribution"", ""score"": 0.917}, {""iri"": ""https://w3id.org/h2kg/hydrogen-ontology#PoreSizeDistributionDataset"", ""label"": ""Pore Size Distribution Dataset"", ""score"": 0.917}, {""iri"": ""https://w3id.org/h2kg/hydrogen-ontology#PoreSizeDistributionPeakDiameter"", ""label"": ""Pore Size Distribution Peak Diameter"", ""score"": 0.868}]",Hg porosimetry GDL; MPL parameter estimation from GDL and substrate data
https://w3id.org/h2kg/decode/workflow/concept/gdl-porosity-component,GDL porosity,component,Parameter,https://w3id.org/h2kg/hydrogen-ontology#Parameter,3,hg-porosimetry-gdl; iet-1d-performance-model-for-mea-prediction; mpl-parameter-estimation-from-gdl-and-substrate-data,approved_h2kg,strict_alt_label,https://w3id.org/h2kg/hydrogen-ontology#GasDiffusionLayerPorosity,"A specified, controlled, reported, or model-input condition or quantity denoted ""GDL porosity"" in DECODE hydrogen-electrochemistry workflows.",,"Reviewed DECODE semantic role, source label, source workflow context, and direct-neighbor context. This is a draft for expert review, not an authoritative ontology definition.",Verify against the canonical H2KG definition and retain only a true synonym.,needs_human_review,,,,"[{""iri"": ""https://w3id.org/h2kg/hydrogen-ontology#GasDiffusionLayerPorosity"", ""label"": ""Gas Diffusion Layer Porosity"", ""score"": 1.0}, {""iri"": ""https://w3id.org/h2kg/hydrogen-ontology#CatalystLayerPorosity"", ""label"": ""Catalyst Layer Porosity"", ""score"": 0.87}, {""iri"": ""https://w3id.org/h2kg/hydrogen-ontology#MicroporousLayerPorosity"", ""label"": ""Microporous Layer Porosity"", ""score"": 0.833}]",Hg porosimetry GDL; IET 1D Performance model for MEA (prediction); MPL parameter estimation from GDL and substrate data
https://w3id.org/h2kg/decode/workflow/concept/gdl-stress-strain-curve-component,GDL stress-strain curve,component,Data,https://w3id.org/h2kg/hydrogen-ontology#Data,8,cea-mea-model-europium-2d; current-modulated-hydrogen-flow-rate-spectroscopy-ch2s; electrical-conductivity; electrical-contact-resistance; electrical-tlm-characterization-of-a-gdl-with-defined-compression; fitting-of-the-europium-model; gas-permeability-of-a-gdl-with-defined-compression; gdl-compressability,reviewed_decode,reviewed_decode_anchor,https://w3id.org/h2kg/decode/workflow/anchor/gdl-stress-strain-curve-component,"A recorded, calculated, image-based, or otherwise structured data artifact denoted ""GDL stress-strain curve"" in DECODE hydrogen-electrochemistry workflows.",,"Reviewed DECODE semantic role, source label, source workflow context, and direct-neighbor context. This is a draft for expert review, not an authoritative ontology definition.","Decide: strict H2KG alias, existing H2KG mapping, new reusable H2KG term, or retain reviewed DECODE anchor.",needs_human_review,,,,"[{""iri"": ""https://w3id.org/h2kg/hydrogen-ontology#CompressiveStrengthMeasurement"", ""label"": ""Compressive Strength Measurement"", ""score"": 0.75}, {""iri"": ""https://w3id.org/h2kg/hydrogen-ontology#FuelCellTestStation"", ""label"": ""Fuel Cell Test Station"", ""score"": 0.638}, {""iri"": ""https://w3id.org/h2kg/hydrogen-ontology#PoreSizeDistributionDataset"", ""label"": ""Pore Size Distribution Dataset"", ""score"": 0.615}]",CEA MEA model (Europium 2D); Current modulated hydrogen flow-rate spectroscopy (CH2S); Electrical TLM characterization of a GDL with defined compression; Electrical conductivity; Electrical contact resistance; Fitting of the Europium model; GDL compressability; Gas permeability of a GDL with defined compression
https://w3id.org/h2kg/decode/workflow/concept/gdl-structural-parameters-component,GDL structural parameters,component,Matter,https://w3id.org/h2kg/hydrogen-ontology#Matter,1,microscopy-sem-and-optical-in-mea-cross-section,reviewed_decode,reviewed_decode_anchor,https://w3id.org/h2kg/decode/workflow/anchor/gdl-structural-parameters-component,"A material, component, chemical species, phase, specimen, or assembly denoted ""GDL structural parameters"" in DECODE hydrogen-electrochemistry workflows.",,"Reviewed DECODE semantic role, source label, source workflow context, and direct-neighbor context. This is a draft for expert review, not an authoritative ontology definition.","Decide: strict H2KG alias, existing H2KG mapping, new reusable H2KG term, or retain reviewed DECODE anchor.",needs_human_review,,,,"[{""iri"": ""https://w3id.org/h2kg/hydrogen-ontology#CatalystInkStructureDataset"", ""label"": ""Catalyst Ink Structure Dataset"", ""score"": 0.852}, {""iri"": ""https://w3id.org/h2kg/hydrogen-ontology#PrintedGridStructure"", ""label"": ""Printed Grid Structure"", ""score"": 0.681}, {""iri"": ""https://w3id.org/h2kg/hydrogen-ontology#SprayCoatingParameterSpecification"", ""label"": ""Spray Coating Parameter Specification"", ""score"": 0.653}]",Microscopy (SEM and optical) in MEA cross section
https://w3id.org/h2kg/decode/workflow/concept/gdl-substrate-component,GDL substrate,component,Property,https://w3id.org/h2kg/hydrogen-ontology#Property,12,contact-angle-extraction-of-ct-data; ct-based-capillary-pressure-saturation-curves; electrical-conductivity; electrical-contact-resistance; electrical-tlm-characterization-of-a-gdl-with-defined-compression; gas-permeability-of-a-gdl-with-defined-compression; gdl-compressability; hg-porosimetry-gdl; lab-ct-measurements-on-gdl-or-mpl-materials; sem-and-edx; synch-ct-measurements-on-gdl-or-mpl-materials; wilhelmy-wettability-measurement,reviewed_decode,reviewed_decode_anchor,https://w3id.org/h2kg/decode/workflow/anchor/gdl-substrate-component,"A measurable, calculated, or derived scientific characteristic denoted ""GDL substrate"" in DECODE hydrogen-electrochemistry workflows.",,"Reviewed DECODE semantic role, source label, source workflow context, and direct-neighbor context. This is a draft for expert review, not an authoritative ontology definition.","Decide: strict H2KG alias, existing H2KG mapping, new reusable H2KG term, or retain reviewed DECODE anchor.",needs_human_review,,,,"[{""iri"": ""https://w3id.org/h2kg/hydrogen-ontology#AluminumSubstrate"", ""label"": ""Aluminum Substrate"", ""score"": 0.88}, {""iri"": ""https://w3id.org/h2kg/hydrogen-ontology#ETFESheetSubstrate"", ""label"": ""ETFE Sheet Substrate"", ""score"": 0.857}, {""iri"": ""https://w3id.org/h2kg/hydrogen-ontology#NickelPlateSubstrate"", ""label"": ""Nickel Plate Substrate"", ""score"": 0.8}]",CT-based capillary pressure saturation curves; Contact angle extraction of CT data; Electrical TLM characterization of a GDL with defined compression; Electrical conductivity; Electrical contact resistance; GDL compressability; Gas permeability of a GDL with defined compression; Hg porosimetry GDL; LAB-CT measurements on GDL/MPL materials; SEM and EDX; Synch-CT measurements on GDL/MPL materials.; Wilhelmy wettability measurement
https://w3id.org/h2kg/decode/workflow/concept/gdl-substrate-without-ptfe-component,GDL substrate (without PTFE),component,Property,https://w3id.org/h2kg/hydrogen-ontology#Property,1,impregnation-by-immersion-and-blade-coating,reviewed_decode,reviewed_decode_anchor,https://w3id.org/h2kg/decode/workflow/anchor/gdl-substrate-without-ptfe-component,"A measurable, calculated, or derived scientific characteristic denoted ""GDL substrate (without PTFE)"" in DECODE hydrogen-electrochemistry workflows.",,"Reviewed DECODE semantic role, source label, source workflow context, and direct-neighbor context. This is a draft for expert review, not an authoritative ontology definition.","Decide: strict H2KG alias, existing H2KG mapping, new reusable H2KG term, or retain reviewed DECODE anchor.",needs_human_review,,,,"[{""iri"": ""https://w3id.org/h2kg/hydrogen-ontology#PTFEPolymer"", ""label"": ""PTFE Polymer"", ""score"": 0.711}, {""iri"": ""https://w3id.org/h2kg/hydrogen-ontology#TargetSubstrateDistance"", ""label"": ""Target Substrate Distance"", ""score"": 0.627}, {""iri"": ""https://w3id.org/h2kg/hydrogen-ontology#ThermanoxSubstrate"", ""label"": ""Thermanox Substrate"", ""score"": 0.627}]",Impregnation by immersion and blade coating
https://w3id.org/h2kg/decode/workflow/concept/gdl-substrate-3d-voxel-data-classified-meso,GDL substrate 3D voxel data classified,meso,Data,https://w3id.org/h2kg/hydrogen-ontology#Data,13,ai-based-generation-of-structural-digital-twins-of-multi-scale-tomographies; image-classification-of-x-ray-tomography-data; image-x-ray-tomography-data-parameter-extraction-3d; modeling-of-hydrophobic-treatment-of-gdl; modeling-of-mpl-coating-of-gdl; mpl-saturation-determination-from-x-ray-ct-data; simulation-of-single-phase-3d-apparent-properties; simulation-of-two-phase-3d-apparent-properties; voxel-based-3d-effective-diffusivity-simulation; voxel-based-3d-electric-conductiviy-simulation; voxel-based-3d-permability-simulation; voxel-based-3d-thermal-conductivity-simulation; water-retention-curve-simulation,reviewed_decode,reviewed_decode_anchor,https://w3id.org/h2kg/decode/workflow/anchor/gdl-substrate-3d-voxel-data-classified,"A recorded, calculated, image-based, or otherwise structured data artifact denoted ""GDL substrate 3D voxel data classified"" in DECODE hydrogen-electrochemistry workflows.",,"Reviewed DECODE semantic role, source label, source workflow context, and direct-neighbor context. This is a draft for expert review, not an authoritative ontology definition.","Decide: strict H2KG alias, existing H2KG mapping, new reusable H2KG term, or retain reviewed DECODE anchor.",needs_human_review,,,,"[{""iri"": ""https://w3id.org/h2kg/hydrogen-ontology#ElectrospinningNeedleToCollectorDistance"", ""label"": ""Electrospinning Needle To Collector Distance"", ""score"": 0.576}]",AI-based generation of structural digital twins of multi-scale tomographies; Image X-ray tomography data parameter extraction 3D; Image classification of X-ray tomography data; MPL saturation determination from X-ray CT-data; Modeling of Hydrophobic Treatment of GDL; Modeling of MPL coating of GDL; Simulation of single phase 3D apparent properties; Simulation of two phase 3D apparent properties; Voxel based 3D Effective Diffusivity simulation; Voxel based 3D Electric conductiviy simulation; Voxel based 3D Permability simulation; Voxel based 3D Thermal conductivity simulation; Water retention curve simulation
https://w3id.org/h2kg/decode/workflow/concept/gdl-substrate-3d-voxel-data-classified-without-ptfe-meso,GDL substrate 3D voxel data classified (without PTFE),meso,Data,https://w3id.org/h2kg/hydrogen-ontology#Data,1,modeling-of-hydrophobic-treatment-of-gdl,reviewed_decode,reviewed_decode_anchor,https://w3id.org/h2kg/decode/workflow/anchor/gdl-substrate-3d-voxel-data-classified-without-ptfe-meso,"A recorded, calculated, image-based, or otherwise structured data artifact denoted ""GDL substrate 3D voxel data classified (without PTFE)"" in DECODE hydrogen-electrochemistry workflows.",,"Reviewed DECODE semantic role, source label, source workflow context, and direct-neighbor context. This is a draft for expert review, not an authoritative ontology definition.","Decide: strict H2KG alias, existing H2KG mapping, new reusable H2KG term, or retain reviewed DECODE anchor.",needs_human_review,,,,[],Modeling of Hydrophobic Treatment of GDL
https://w3id.org/h2kg/decode/workflow/concept/gdl-substrate-3d-voxel-data-local-contact-angle-meso,GDL substrate 3D voxel data local contact angle,meso,Data,https://w3id.org/h2kg/hydrogen-ontology#Data,1,contact-angle-extraction-of-ct-data,reviewed_decode,reviewed_decode_anchor,https://w3id.org/h2kg/decode/workflow/anchor/gdl-substrate-3d-voxel-data-local-contact-angle-meso,"A recorded, calculated, image-based, or otherwise structured data artifact denoted ""GDL substrate 3D voxel data local contact angle"" in DECODE hydrogen-electrochemistry workflows.",,"Reviewed DECODE semantic role, source label, source workflow context, and direct-neighbor context. This is a draft for expert review, not an authoritative ontology definition.","Decide: strict H2KG alias, existing H2KG mapping, new reusable H2KG term, or retain reviewed DECODE anchor.",needs_human_review,,,,"[{""iri"": ""https://w3id.org/h2kg/hydrogen-ontology#ContactAngleMeasurement"", ""label"": ""Contact Angle Measurement"", ""score"": 0.556}, {""iri"": ""https://w3id.org/h2kg/hydrogen-ontology#ContactAngleDecrease_0to200s"", ""label"": ""Contact Angle Decrease 0 to 200 s"", ""score"": 0.55}]",Contact angle extraction of CT data
https://w3id.org/h2kg/decode/workflow/concept/gdl-substrate-3d-voxel-data-raw-meso,GDL substrate 3D voxel data raw,meso,Data,https://w3id.org/h2kg/hydrogen-ontology#Data,5,ct-based-capillary-pressure-saturation-curves; image-classification-of-x-ray-tomography-data; lab-ct-measurements-on-gdl-or-mpl-materials; mpl-saturation-determination-from-x-ray-ct-data; synch-ct-measurements-on-gdl-or-mpl-materials,reviewed_decode,reviewed_decode_anchor,https://w3id.org/h2kg/decode/workflow/anchor/gdl-substrate-3d-voxel-data-raw-meso,"A recorded, calculated, image-based, or otherwise structured data artifact denoted ""GDL substrate 3D voxel data raw"" in DECODE hydrogen-electrochemistry workflows.",,"Reviewed DECODE semantic role, source label, source workflow context, and direct-neighbor context. This is a draft for expert review, not an authoritative ontology definition.","Decide: strict H2KG alias, existing H2KG mapping, new reusable H2KG term, or retain reviewed DECODE anchor.",needs_human_review,,,,"[{""iri"": ""https://w3id.org/h2kg/hydrogen-ontology#ElectrospinningNeedleToCollectorDistance"", ""label"": ""Electrospinning Needle To Collector Distance"", ""score"": 0.61}, {""iri"": ""https://w3id.org/h2kg/hydrogen-ontology#FTOGlassSubstrate"", ""label"": ""FTO Glass Substrate"", ""score"": 0.6}, {""iri"": ""https://w3id.org/h2kg/hydrogen-ontology#NozzleToSubstrateDistance"", ""label"": ""Nozzle To Substrate Distance"", ""score"": 0.576}]",CT-based capillary pressure saturation curves; Image classification of X-ray tomography data; LAB-CT measurements on GDL/MPL materials; MPL saturation determination from X-ray CT-data; Synch-CT measurements on GDL/MPL materials.
https://w3id.org/h2kg/decode/workflow/concept/gdl-substrate-3d-voxel-data-wet-classified-meso,GDL substrate 3D voxel data wet classified,meso,Data,https://w3id.org/h2kg/hydrogen-ontology#Data,4,ai-based-generation-of-structural-digital-twins-of-multi-scale-tomographies; image-classification-of-x-ray-tomography-data; image-x-ray-tomography-data-parameter-extraction-3d; mpl-saturation-determination-from-x-ray-ct-data,reviewed_decode,reviewed_decode_anchor,https://w3id.org/h2kg/decode/workflow/anchor/gdl-substrate-3d-voxel-data-wet-classified-meso,"A recorded, calculated, image-based, or otherwise structured data artifact denoted ""GDL substrate 3D voxel data wet classified"" in DECODE hydrogen-electrochemistry workflows.",,"Reviewed DECODE semantic role, source label, source workflow context, and direct-neighbor context. This is a draft for expert review, not an authoritative ontology definition.","Decide: strict H2KG alias, existing H2KG mapping, new reusable H2KG term, or retain reviewed DECODE anchor.",needs_human_review,,,,[],AI-based generation of structural digital twins of multi-scale tomographies; Image X-ray tomography data parameter extraction 3D; Image classification of X-ray tomography data; MPL saturation determination from X-ray CT-data
https://w3id.org/h2kg/decode/workflow/concept/gdl-substrate-3d-voxel-data-wet-operando-classified-meso,GDL substrate 3D voxel data wet operando classified,meso,Data,https://w3id.org/h2kg/hydrogen-ontology#Data,3,ai-based-generation-of-structural-digital-twins-of-multi-scale-tomographies; image-classification-of-x-ray-tomography-data; image-x-ray-tomography-data-parameter-extraction-3d,reviewed_decode,reviewed_decode_anchor,https://w3id.org/h2kg/decode/workflow/anchor/gdl-substrate-3d-voxel-data-wet-operando-classified-meso,"A recorded, calculated, image-based, or otherwise structured data artifact denoted ""GDL substrate 3D voxel data wet operando classified"" in DECODE hydrogen-electrochemistry workflows.",,"Reviewed DECODE semantic role, source label, source workflow context, and direct-neighbor context. This is a draft for expert review, not an authoritative ontology definition.","Decide: strict H2KG alias, existing H2KG mapping, new reusable H2KG term, or retain reviewed DECODE anchor.",needs_human_review,,,,[],AI-based generation of structural digital twins of multi-scale tomographies; Image X-ray tomography data parameter extraction 3D; Image classification of X-ray tomography data
https://w3id.org/h2kg/decode/workflow/concept/gdl-substrate-3d-voxel-data-wet-operando-raw-meso,GDL substrate 3D voxel data wet operando raw,meso,Data,https://w3id.org/h2kg/hydrogen-ontology#Data,1,image-classification-of-x-ray-tomography-data,reviewed_decode,reviewed_decode_anchor,https://w3id.org/h2kg/decode/workflow/anchor/gdl-substrate-3d-voxel-data-wet-operando-raw-meso,"A recorded, calculated, image-based, or otherwise structured data artifact denoted ""GDL substrate 3D voxel data wet operando raw"" in DECODE hydrogen-electrochemistry workflows.",,"Reviewed DECODE semantic role, source label, source workflow context, and direct-neighbor context. This is a draft for expert review, not an authoritative ontology definition.","Decide: strict H2KG alias, existing H2KG mapping, new reusable H2KG term, or retain reviewed DECODE anchor.",needs_human_review,,,,[],Image classification of X-ray tomography data
https://w3id.org/h2kg/decode/workflow/concept/gdl-substrate-3d-voxel-data-wet-raw-meso,GDL substrate 3D voxel data wet raw,meso,Data,https://w3id.org/h2kg/hydrogen-ontology#Data,6,contact-angle-extraction-of-ct-data; ct-based-capillary-pressure-saturation-curves; image-classification-of-x-ray-tomography-data; lab-ct-measurements-on-gdl-or-mpl-materials; mpl-saturation-determination-from-x-ray-ct-data; synch-ct-measurements-on-gdl-or-mpl-materials,reviewed_decode,reviewed_decode_anchor,https://w3id.org/h2kg/decode/workflow/anchor/gdl-substrate-3d-voxel-data-wet-raw-meso,"A recorded, calculated, image-based, or otherwise structured data artifact denoted ""GDL substrate 3D voxel data wet raw"" in DECODE hydrogen-electrochemistry workflows.",,"Reviewed DECODE semantic role, source label, source workflow context, and direct-neighbor context. This is a draft for expert review, not an authoritative ontology definition.","Decide: strict H2KG alias, existing H2KG mapping, new reusable H2KG term, or retain reviewed DECODE anchor.",needs_human_review,,,,"[{""iri"": ""https://w3id.org/h2kg/hydrogen-ontology#ElectrospinningNeedleToCollectorDistance"", ""label"": ""Electrospinning Needle To Collector Distance"", ""score"": 0.571}, {""iri"": ""https://w3id.org/h2kg/hydrogen-ontology#FTOGlassSubstrate"", ""label"": ""FTO Glass Substrate"", ""score"": 0.556}]",CT-based capillary pressure saturation curves; Contact angle extraction of CT data; Image classification of X-ray tomography data; LAB-CT measurements on GDL/MPL materials; MPL saturation determination from X-ray CT-data; Synch-CT measurements on GDL/MPL materials.
https://w3id.org/h2kg/decode/workflow/concept/gdl-substrate-average-pore-radius-component,GDL substrate average pore radius,component,Property,https://w3id.org/h2kg/hydrogen-ontology#Property,7,cea-mea-model-europium-2d; fitting-of-the-europium-model; hg-porosimetry-gdl; image-x-ray-tomography-data-parameter-extraction-3d; mpl-parameter-estimation-from-gdl-and-substrate-data; simulation-of-single-phase-3d-apparent-properties; simulation-of-two-phase-3d-apparent-properties,reviewed_decode,reviewed_decode_anchor,https://w3id.org/h2kg/decode/workflow/anchor/gdl-substrate-average-pore-radius-component,"A measurable, calculated, or derived scientific characteristic denoted ""GDL substrate average pore radius"" in DECODE hydrogen-electrochemistry workflows.",,"Reviewed DECODE semantic role, source label, source workflow context, and direct-neighbor context. This is a draft for expert review, not an authoritative ontology definition.","Decide: strict H2KG alias, existing H2KG mapping, new reusable H2KG term, or retain reviewed DECODE anchor.",needs_human_review,,,,"[{""iri"": ""https://w3id.org/h2kg/hydrogen-ontology#CellPressure"", ""label"": ""Cell Pressure"", ""score"": 0.667}, {""iri"": ""https://w3id.org/h2kg/hydrogen-ontology#ElectrodeSubstrate"", ""label"": ""Electrode Substrate"", ""score"": 0.63}, {""iri"": ""https://w3id.org/h2kg/hydrogen-ontology#AveragePoreDiameter"", ""label"": ""Average Pore Diameter"", ""score"": 0.6}]",CEA MEA model (Europium 2D); Fitting of the Europium model; Hg porosimetry GDL; Image X-ray tomography data parameter extraction 3D; MPL parameter estimation from GDL and substrate data; Simulation of single phase 3D apparent properties; Simulation of two phase 3D apparent properties
https://w3id.org/h2kg/decode/workflow/concept/gdl-substrate-breakthrough-pressure-component,GDL substrate breakthrough pressure,component,Parameter,https://w3id.org/h2kg/hydrogen-ontology#Parameter,3,lab-ct-measurements-on-gdl-or-mpl-materials; synch-ct-measurements-on-gdl-or-mpl-materials; water-retention-curve-simulation,reviewed_decode,reviewed_decode_anchor,https://w3id.org/h2kg/decode/workflow/anchor/gdl-substrate-breakthrough-pressure-component,"A specified, controlled, reported, or model-input condition or quantity denoted ""GDL substrate breakthrough pressure"" in DECODE hydrogen-electrochemistry workflows.",,"Reviewed DECODE semantic role, source label, source workflow context, and direct-neighbor context. This is a draft for expert review, not an authoritative ontology definition.","Decide: strict H2KG alias, existing H2KG mapping, new reusable H2KG term, or retain reviewed DECODE anchor.",needs_human_review,,,,"[{""iri"": ""https://w3id.org/h2kg/hydrogen-ontology#FTOGlassSubstrate"", ""label"": ""FTO Glass Substrate"", ""score"": 0.63}, {""iri"": ""https://w3id.org/h2kg/hydrogen-ontology#ElectrodeSubstrate"", ""label"": ""Electrode Substrate"", ""score"": 0.593}, {""iri"": ""https://w3id.org/h2kg/hydrogen-ontology#SurfaceRoughnessRa"", ""label"": ""Surface Roughness Ra"", ""score"": 0.582}]",LAB-CT measurements on GDL/MPL materials; Synch-CT measurements on GDL/MPL materials.; Water retention curve simulation
https://w3id.org/h2kg/decode/workflow/concept/gdl-substrate-contact-angle-distribution-component,GDL substrate contact angle distribution,component,Data,https://w3id.org/h2kg/hydrogen-ontology#Data,1,contact-angle-extraction-of-ct-data,reviewed_decode,reviewed_decode_anchor,https://w3id.org/h2kg/decode/workflow/anchor/gdl-substrate-contact-angle-distribution-component,"A recorded, calculated, image-based, or otherwise structured data artifact denoted ""GDL substrate contact angle distribution"" in DECODE hydrogen-electrochemistry workflows.",,"Reviewed DECODE semantic role, source label, source workflow context, and direct-neighbor context. This is a draft for expert review, not an authoritative ontology definition.","Decide: strict H2KG alias, existing H2KG mapping, new reusable H2KG term, or retain reviewed DECODE anchor.",needs_human_review,,,,"[{""iri"": ""https://w3id.org/h2kg/hydrogen-ontology#AgglomerateSizeDistributionDataset"", ""label"": ""Agglomerate Size Distribution Dataset"", ""score"": 0.638}, {""iri"": ""https://w3id.org/h2kg/hydrogen-ontology#ContactAngleMeasurement"", ""label"": ""Contact Angle Measurement"", ""score"": 0.632}, {""iri"": ""https://w3id.org/h2kg/hydrogen-ontology#ContactAngle"", ""label"": ""Contact Angle"", ""score"": 0.623}]",Contact angle extraction of CT data
https://w3id.org/h2kg/decode/workflow/concept/gdl-substrate-contact-resistance-vs-au-component,GDL substrate contact resistance vs Au,component,Property,https://w3id.org/h2kg/hydrogen-ontology#Property,1,electrical-tlm-characterization-of-a-gdl-with-defined-compression,reviewed_decode,reviewed_decode_anchor,https://w3id.org/h2kg/decode/workflow/anchor/gdl-substrate-contact-resistance-vs-au-component,"A measurable, calculated, or derived scientific characteristic denoted ""GDL substrate contact resistance vs Au"" in DECODE hydrogen-electrochemistry workflows.",,"Reviewed DECODE semantic role, source label, source workflow context, and direct-neighbor context. This is a draft for expert review, not an authoritative ontology definition.","Decide: strict H2KG alias, existing H2KG mapping, new reusable H2KG term, or retain reviewed DECODE anchor.",needs_human_review,,,,"[{""iri"": ""https://w3id.org/h2kg/hydrogen-ontology#LocalGasTransportResistance"", ""label"": ""Local Gas Transport Resistance"", ""score"": 0.618}, {""iri"": ""https://w3id.org/h2kg/hydrogen-ontology#LimitingCurrentDataset"", ""label"": ""Limiting Current Dataset"", ""score"": 0.603}, {""iri"": ""https://w3id.org/h2kg/hydrogen-ontology#TargetSubstrateDistance"", ""label"": ""Target Substrate Distance"", ""score"": 0.603}]",Electrical TLM characterization of a GDL with defined compression
https://w3id.org/h2kg/decode/workflow/concept/gdl-substrate-contact-resistance-vs-bpp-component,GDL substrate contact resistance vs BPP,component,Property,https://w3id.org/h2kg/hydrogen-ontology#Property,1,electrical-contact-resistance,reviewed_decode,reviewed_decode_anchor,https://w3id.org/h2kg/decode/workflow/anchor/gdl-substrate-contact-resistance-vs-bpp-component,"A measurable, calculated, or derived scientific characteristic denoted ""GDL substrate contact resistance vs BPP"" in DECODE hydrogen-electrochemistry workflows.",,"Reviewed DECODE semantic role, source label, source workflow context, and direct-neighbor context. This is a draft for expert review, not an authoritative ontology definition.","Decide: strict H2KG alias, existing H2KG mapping, new reusable H2KG term, or retain reviewed DECODE anchor.",needs_human_review,,,,"[{""iri"": ""https://w3id.org/h2kg/hydrogen-ontology#TargetSubstrateDistance"", ""label"": ""Target Substrate Distance"", ""score"": 0.594}, {""iri"": ""https://w3id.org/h2kg/hydrogen-ontology#SurfaceFilmResistance"", ""label"": ""Surface Film Resistance"", ""score"": 0.588}, {""iri"": ""https://w3id.org/h2kg/hydrogen-ontology#ChargeTransferResistance"", ""label"": ""Charge Transfer Resistance"", ""score"": 0.585}]",Electrical contact resistance
https://w3id.org/h2kg/decode/workflow/concept/gdl-substrate-cross-section-component,GDL substrate cross section,component,Property,https://w3id.org/h2kg/hydrogen-ontology#Property,1,sem-and-edx,reviewed_decode,reviewed_decode_anchor,https://w3id.org/h2kg/decode/workflow/anchor/gdl-substrate-cross-section-component,"A measurable, calculated, or derived scientific characteristic denoted ""GDL substrate cross section"" in DECODE hydrogen-electrochemistry workflows.",,"Reviewed DECODE semantic role, source label, source workflow context, and direct-neighbor context. This is a draft for expert review, not an authoritative ontology definition.","Decide: strict H2KG alias, existing H2KG mapping, new reusable H2KG term, or retain reviewed DECODE anchor.",needs_human_review,,,,"[{""iri"": ""https://w3id.org/h2kg/hydrogen-ontology#SiliconWaferSubstrate"", ""label"": ""Silicon Wafer Substrate"", ""score"": 0.682}, {""iri"": ""https://w3id.org/h2kg/hydrogen-ontology#CarbonClothSubstrate"", ""label"": ""Carbon Cloth Substrate"", ""score"": 0.653}, {""iri"": ""https://w3id.org/h2kg/hydrogen-ontology#KaptonFilm"", ""label"": ""Kapton Film"", ""score"": 0.653}]",SEM and EDX
https://w3id.org/h2kg/decode/workflow/concept/gdl-substrate-cross-section-2d-pixel-data-containing-surface-information-of-element-distributions-meso,GDL substrate cross section 2D pixel data containing surface information of element distributions,meso,Data,https://w3id.org/h2kg/hydrogen-ontology#Data,2,image-parameter-extraction-2d; sem-and-edx,reviewed_decode,reviewed_decode_anchor,https://w3id.org/h2kg/decode/workflow/anchor/gdl-substrate-cross-section-2d-pixel-data-containing-surface-information-of-element-distributions-meso,"A recorded, calculated, image-based, or otherwise structured data artifact denoted ""GDL substrate cross section 2D pixel data containing surface information of element distributions"" in DECODE hydrogen-electrochemistry workflows.",,"Reviewed DECODE semantic role, source label, source workflow context, and direct-neighbor context. This is a draft for expert review, not an authoritative ontology definition.","Decide: strict H2KG alias, existing H2KG mapping, new reusable H2KG term, or retain reviewed DECODE anchor.",needs_human_review,,,,[],Image parameter extraction 2D; SEM and EDX
https://w3id.org/h2kg/decode/workflow/concept/gdl-substrate-density-component,GDL substrate density,component,Property,https://w3id.org/h2kg/hydrogen-ontology#Property,1,image-parameter-extraction-2d,reviewed_decode,reviewed_decode_anchor,https://w3id.org/h2kg/decode/workflow/anchor/gdl-substrate-density-component,"A measurable, calculated, or derived scientific characteristic denoted ""GDL substrate density"" in DECODE hydrogen-electrochemistry workflows.",,"Reviewed DECODE semantic role, source label, source workflow context, and direct-neighbor context. This is a draft for expert review, not an authoritative ontology definition.","Decide: strict H2KG alias, existing H2KG mapping, new reusable H2KG term, or retain reviewed DECODE anchor.",needs_human_review,,,,"[{""iri"": ""https://w3id.org/h2kg/hydrogen-ontology#NickelPlateSubstrate"", ""label"": ""Nickel Plate Substrate"", ""score"": 0.727}, {""iri"": ""https://w3id.org/h2kg/hydrogen-ontology#SiliconWaferSubstrate"", ""label"": ""Silicon Wafer Substrate"", ""score"": 0.727}, {""iri"": ""https://w3id.org/h2kg/hydrogen-ontology#AgNWSurfaceDensity"", ""label"": ""Ag NW Surface Density"", ""score"": 0.722}]",Image parameter extraction 2D
https://w3id.org/h2kg/decode/workflow/concept/gdl-substrate-effective-water-permeability-component,GDL substrate effective water permeability,component,Property,https://w3id.org/h2kg/hydrogen-ontology#Property,3,cea-mea-model-europium-2d; fitting-of-the-europium-model; simulation-of-two-phase-3d-apparent-properties,reviewed_decode,reviewed_decode_anchor,https://w3id.org/h2kg/decode/workflow/anchor/gdl-substrate-effective-water-permeability-component,"A measurable, calculated, or derived scientific characteristic denoted ""GDL substrate effective water permeability"" in DECODE hydrogen-electrochemistry workflows.",,"Reviewed DECODE semantic role, source label, source workflow context, and direct-neighbor context. This is a draft for expert review, not an authoritative ontology definition.","Decide: strict H2KG alias, existing H2KG mapping, new reusable H2KG term, or retain reviewed DECODE anchor.",needs_human_review,,,,"[{""iri"": ""https://w3id.org/h2kg/hydrogen-ontology#RelativeOxygenPermeability"", ""label"": ""Relative Oxygen Permeability"", ""score"": 0.629}, {""iri"": ""https://w3id.org/h2kg/hydrogen-ontology#SaturatedResidualWaterAmount"", ""label"": ""Saturated Residual Water Amount"", ""score"": 0.563}, {""iri"": ""https://w3id.org/h2kg/hydrogen-ontology#ArealWaterStorageSpace"", ""label"": ""Areal Water Storage Space"", ""score"": 0.562}]",CEA MEA model (Europium 2D); Fitting of the Europium model; Simulation of two phase 3D apparent properties
https://w3id.org/h2kg/decode/workflow/concept/gdl-substrate-external-contact-angle-component,GDL substrate external contact angle,component,Property,https://w3id.org/h2kg/hydrogen-ontology#Property,1,wilhelmy-wettability-measurement,reviewed_decode,reviewed_decode_anchor,https://w3id.org/h2kg/decode/workflow/anchor/gdl-substrate-external-contact-angle-component,"A measurable, calculated, or derived scientific characteristic denoted ""GDL substrate external contact angle"" in DECODE hydrogen-electrochemistry workflows.",,"Reviewed DECODE semantic role, source label, source workflow context, and direct-neighbor context. This is a draft for expert review, not an authoritative ontology definition.","Decide: strict H2KG alias, existing H2KG mapping, new reusable H2KG term, or retain reviewed DECODE anchor.",needs_human_review,,,,"[{""iri"": ""https://w3id.org/h2kg/hydrogen-ontology#ContactAngleMeasurement"", ""label"": ""Contact Angle Measurement"", ""score"": 0.667}, {""iri"": ""https://w3id.org/h2kg/hydrogen-ontology#CatalystCoatedSubstrate"", ""label"": ""Catalyst Coated Substrate"", ""score"": 0.623}, {""iri"": ""https://w3id.org/h2kg/hydrogen-ontology#ContactAngle"", ""label"": ""Contact Angle"", ""score"": 0.618}]",Wilhelmy wettability measurement
https://w3id.org/h2kg/decode/workflow/concept/gdl-substrate-in-plane-2d-pixel-data-containing-surface-information-of-element-distributions-meso,GDL substrate in plane 2D pixel data containing surface information of element distributions,meso,Data,https://w3id.org/h2kg/hydrogen-ontology#Data,1,sem-and-edx,reviewed_decode,reviewed_decode_anchor,https://w3id.org/h2kg/decode/workflow/anchor/gdl-substrate-in-plane-2d-pixel-data-containing-surface-information-of-element-distributions-meso,"A recorded, calculated, image-based, or otherwise structured data artifact denoted ""GDL substrate in plane 2D pixel data containing surface information of element distributions"" in DECODE hydrogen-electrochemistry workflows.",,"Reviewed DECODE semantic role, source label, source workflow context, and direct-neighbor context. This is a draft for expert review, not an authoritative ontology definition.","Decide: strict H2KG alias, existing H2KG mapping, new reusable H2KG term, or retain reviewed DECODE anchor.",needs_human_review,,,,[],SEM and EDX
https://w3id.org/h2kg/decode/workflow/concept/gdl-substrate-in-plane-conductivity-component,GDL substrate in-plane conductivity,component,Property,https://w3id.org/h2kg/hydrogen-ontology#Property,7,cea-mea-model-europium-2d; electrical-conductivity; electrical-tlm-characterization-of-a-gdl-with-defined-compression; fitting-of-the-europium-model; mpl-parameter-estimation-from-gdl-and-substrate-data; simulation-of-single-phase-3d-apparent-properties; voxel-based-3d-electric-conductiviy-simulation,reviewed_decode,reviewed_decode_anchor,https://w3id.org/h2kg/decode/workflow/anchor/gdl-substrate-in-plane-conductivity-component,"A measurable, calculated, or derived scientific characteristic denoted ""GDL substrate in-plane conductivity"" in DECODE hydrogen-electrochemistry workflows.",,"Reviewed DECODE semantic role, source label, source workflow context, and direct-neighbor context. This is a draft for expert review, not an authoritative ontology definition.","Decide: strict H2KG alias, existing H2KG mapping, new reusable H2KG term, or retain reviewed DECODE anchor.",needs_human_review,,,,"[{""iri"": ""https://w3id.org/h2kg/hydrogen-ontology#InPlaneElectronicConductivityMeasurement"", ""label"": ""In Plane Electronic Conductivity Measurement"", ""score"": 0.787}, {""iri"": ""https://w3id.org/h2kg/hydrogen-ontology#ElectronicConductivityLossPercent"", ""label"": ""Electronic Conductivity Loss Percent"", ""score"": 0.688}, {""iri"": ""https://w3id.org/h2kg/hydrogen-ontology#InPlaneElectronicConductivity"", ""label"": ""In Plane Electronic Conductivity"", ""score"": 0.687}]",CEA MEA model (Europium 2D); Electrical TLM characterization of a GDL with defined compression; Electrical conductivity; Fitting of the Europium model; MPL parameter estimation from GDL and substrate data; Simulation of single phase 3D apparent properties; Voxel based 3D Electric conductiviy simulation
https://w3id.org/h2kg/decode/workflow/concept/gdl-substrate-in-plane-permeability-component,GDL substrate in-plane permeability,component,Property,https://w3id.org/h2kg/hydrogen-ontology#Property,7,cea-mea-model-europium-2d; fitting-of-the-europium-model; gas-permeability-of-a-gdl-with-defined-compression; mpl-parameter-estimation-from-gdl-and-substrate-data; simulation-of-single-phase-3d-apparent-properties; simulation-of-two-phase-3d-apparent-properties; voxel-based-3d-permability-simulation,reviewed_decode,reviewed_decode_anchor,https://w3id.org/h2kg/decode/workflow/anchor/gdl-substrate-in-plane-permeability-component,"A measurable, calculated, or derived scientific characteristic denoted ""GDL substrate in-plane permeability"" in DECODE hydrogen-electrochemistry workflows.",,"Reviewed DECODE semantic role, source label, source workflow context, and direct-neighbor context. This is a draft for expert review, not an authoritative ontology definition.","Decide: strict H2KG alias, existing H2KG mapping, new reusable H2KG term, or retain reviewed DECODE anchor.",needs_human_review,,,,"[{""iri"": ""https://w3id.org/h2kg/hydrogen-ontology#RelativeOxygenPermeability"", ""label"": ""Relative Oxygen Permeability"", ""score"": 0.635}, {""iri"": ""https://w3id.org/h2kg/hydrogen-ontology#NickelPlateSubstrate"", ""label"": ""Nickel Plate Substrate"", ""score"": 0.632}, {""iri"": ""https://w3id.org/h2kg/hydrogen-ontology#KaptonFilm"", ""label"": ""Kapton Film"", ""score"": 0.596}]",CEA MEA model (Europium 2D); Fitting of the Europium model; Gas permeability of a GDL with defined compression; MPL parameter estimation from GDL and substrate data; Simulation of single phase 3D apparent properties; Simulation of two phase 3D apparent properties; Voxel based 3D Permability simulation
https://w3id.org/h2kg/decode/workflow/concept/gdl-substrate-in-plane-thermal-conductivity-component,GDL substrate in-plane thermal conductivity,component,Property,https://w3id.org/h2kg/hydrogen-ontology#Property,5,cea-mea-model-europium-2d; fitting-of-the-europium-model; simulation-of-single-phase-3d-apparent-properties; simulation-of-two-phase-3d-apparent-properties; voxel-based-3d-thermal-conductivity-simulation,reviewed_decode,reviewed_decode_anchor,https://w3id.org/h2kg/decode/workflow/anchor/gdl-substrate-in-plane-thermal-conductivity-component,"A measurable, calculated, or derived scientific characteristic denoted ""GDL substrate in-plane thermal conductivity"" in DECODE hydrogen-electrochemistry workflows.",,"Reviewed DECODE semantic role, source label, source workflow context, and direct-neighbor context. This is a draft for expert review, not an authoritative ontology definition.","Decide: strict H2KG alias, existing H2KG mapping, new reusable H2KG term, or retain reviewed DECODE anchor.",needs_human_review,,,,"[{""iri"": ""https://w3id.org/h2kg/hydrogen-ontology#InPlaneElectronicConductivityMeasurement"", ""label"": ""In Plane Electronic Conductivity Measurement"", ""score"": 0.725}, {""iri"": ""https://w3id.org/h2kg/hydrogen-ontology#ThroughPlaneThermalConductivityMeasurement"", ""label"": ""Through Plane Thermal Conductivity Measurement"", ""score"": 0.704}, {""iri"": ""https://w3id.org/h2kg/hydrogen-ontology#ThroughPlaneElectronicConductivityMeasurement"", ""label"": ""Through Plane Electronic Conductivity Measurement"", ""score"": 0.676}]",CEA MEA model (Europium 2D); Fitting of the Europium model; Simulation of single phase 3D apparent properties; Simulation of two phase 3D apparent properties; Voxel based 3D Thermal conductivity simulation
https://w3id.org/h2kg/decode/workflow/concept/gdl-substrate-in-plane-tortuosity-component,GDL substrate in-plane tortuosity,component,Property,https://w3id.org/h2kg/hydrogen-ontology#Property,5,cea-mea-model-europium-2d; fitting-of-the-europium-model; simulation-of-single-phase-3d-apparent-properties; simulation-of-two-phase-3d-apparent-properties; voxel-based-3d-effective-diffusivity-simulation,reviewed_decode,reviewed_decode_anchor,https://w3id.org/h2kg/decode/workflow/anchor/gdl-substrate-in-plane-tortuosity-component,"A measurable, calculated, or derived scientific characteristic denoted ""GDL substrate in-plane tortuosity"" in DECODE hydrogen-electrochemistry workflows.",,"Reviewed DECODE semantic role, source label, source workflow context, and direct-neighbor context. This is a draft for expert review, not an authoritative ontology definition.","Decide: strict H2KG alias, existing H2KG mapping, new reusable H2KG term, or retain reviewed DECODE anchor.",needs_human_review,,,,"[{""iri"": ""https://w3id.org/h2kg/hydrogen-ontology#TargetSubstrateDistance"", ""label"": ""Target Substrate Distance"", ""score"": 0.655}, {""iri"": ""https://w3id.org/h2kg/hydrogen-ontology#ElectrospinningNeedleToCollectorDistance"", ""label"": ""Electrospinning Needle To Collector Distance"", ""score"": 0.623}, {""iri"": ""https://w3id.org/h2kg/hydrogen-ontology#NozzleToSubstrateDistance"", ""label"": ""Nozzle To Substrate Distance"", ""score"": 0.623}]",CEA MEA model (Europium 2D); Fitting of the Europium model; Simulation of single phase 3D apparent properties; Simulation of two phase 3D apparent properties; Voxel based 3D Effective Diffusivity simulation
https://w3id.org/h2kg/decode/workflow/concept/gdl-substrate-internal-contact-angle-component,GDL substrate internal contact angle,component,Property,https://w3id.org/h2kg/hydrogen-ontology#Property,1,water-retention-curve-simulation,reviewed_decode,reviewed_decode_anchor,https://w3id.org/h2kg/decode/workflow/anchor/gdl-substrate-internal-contact-angle-component,"A measurable, calculated, or derived scientific characteristic denoted ""GDL substrate internal contact angle"" in DECODE hydrogen-electrochemistry workflows.",,"Reviewed DECODE semantic role, source label, source workflow context, and direct-neighbor context. This is a draft for expert review, not an authoritative ontology definition.","Decide: strict H2KG alias, existing H2KG mapping, new reusable H2KG term, or retain reviewed DECODE anchor.",needs_human_review,,,,"[{""iri"": ""https://w3id.org/h2kg/hydrogen-ontology#ContactAngle"", ""label"": ""Contact Angle"", ""score"": 0.667}, {""iri"": ""https://w3id.org/h2kg/hydrogen-ontology#ContactAngleMeasurement"", ""label"": ""Contact Angle Measurement"", ""score"": 0.667}, {""iri"": ""https://w3id.org/h2kg/hydrogen-ontology#ContactAngleGoniometer"", ""label"": ""Contact Angle Goniometer"", ""score"": 0.633}]",Water retention curve simulation
https://w3id.org/h2kg/decode/workflow/concept/gdl-substrate-pore-size-distribution-component,GDL substrate pore size distribution,component,Data,https://w3id.org/h2kg/hydrogen-ontology#Data,3,hg-porosimetry-gdl; image-x-ray-tomography-data-parameter-extraction-3d; mpl-parameter-estimation-from-gdl-and-substrate-data,reviewed_decode,reviewed_decode_anchor,https://w3id.org/h2kg/decode/workflow/anchor/gdl-substrate-pore-size-distribution-component,"A recorded, calculated, image-based, or otherwise structured data artifact denoted ""GDL substrate pore size distribution"" in DECODE hydrogen-electrochemistry workflows.",,"Reviewed DECODE semantic role, source label, source workflow context, and direct-neighbor context. This is a draft for expert review, not an authoritative ontology definition.","Decide: strict H2KG alias, existing H2KG mapping, new reusable H2KG term, or retain reviewed DECODE anchor.",needs_human_review,,,,"[{""iri"": ""https://w3id.org/h2kg/hydrogen-ontology#PoreSizeDistribution"", ""label"": ""Pore Size Distribution"", ""score"": 0.759}, {""iri"": ""https://w3id.org/h2kg/hydrogen-ontology#PoreSizeDistributionDataset"", ""label"": ""Pore Size Distribution Dataset"", ""score"": 0.759}, {""iri"": ""https://w3id.org/h2kg/hydrogen-ontology#PoreSizeDistributionPeakDiameter"", ""label"": ""Pore Size Distribution Peak Diameter"", ""score"": 0.73}]",Hg porosimetry GDL; Image X-ray tomography data parameter extraction 3D; MPL parameter estimation from GDL and substrate data
https://w3id.org/h2kg/decode/workflow/concept/gdl-substrate-porosity-component,GDL substrate porosity,component,Property,https://w3id.org/h2kg/hydrogen-ontology#Property,9,cea-mea-model-europium-2d; current-modulated-hydrogen-flow-rate-spectroscopy-ch2s; diffusivities-from-tortuosities; fitting-of-the-europium-model; hg-porosimetry-gdl; image-x-ray-tomography-data-parameter-extraction-3d; mpl-parameter-estimation-from-gdl-and-substrate-data; simulation-of-single-phase-3d-apparent-properties; voxel-based-3d-effective-diffusivity-simulation,reviewed_decode,reviewed_decode_anchor,https://w3id.org/h2kg/decode/workflow/anchor/gdl-substrate-porosity-component,"A measurable, calculated, or derived scientific characteristic denoted ""GDL substrate porosity"" in DECODE hydrogen-electrochemistry workflows.",,"Reviewed DECODE semantic role, source label, source workflow context, and direct-neighbor context. This is a draft for expert review, not an authoritative ontology definition.","Decide: strict H2KG alias, existing H2KG mapping, new reusable H2KG term, or retain reviewed DECODE anchor.",needs_human_review,,,,"[{""iri"": ""https://w3id.org/h2kg/hydrogen-ontology#GasDiffusionLayerPorosity"", ""label"": ""Gas Diffusion Layer Porosity"", ""score"": 0.706}, {""iri"": ""https://w3id.org/h2kg/hydrogen-ontology#SiliconWaferSubstrate"", ""label"": ""Silicon Wafer Substrate"", ""score"": 0.706}, {""iri"": ""https://w3id.org/h2kg/hydrogen-ontology#ElectrodeSubstrate"", ""label"": ""Electrode Substrate"", ""score"": 0.698}]",CEA MEA model (Europium 2D); Current modulated hydrogen flow-rate spectroscopy (CH2S); Diffusivities from tortuosities; Fitting of the Europium model; Hg porosimetry GDL; Image X-ray tomography data parameter extraction 3D; MPL parameter estimation from GDL and substrate data; Simulation of single phase 3D apparent properties; Voxel based 3D Effective Diffusivity simulation
https://w3id.org/h2kg/decode/workflow/concept/gdl-substrate-saturation-component,GDL substrate saturation,component,Parameter,https://w3id.org/h2kg/hydrogen-ontology#Parameter,4,cea-mea-model-europium-2d; iet-1d-performance-model-for-mea-prediction; image-x-ray-tomography-data-parameter-extraction-3d; mpl-saturation-determination-from-x-ray-ct-data,reviewed_decode,reviewed_decode_anchor,https://w3id.org/h2kg/decode/workflow/anchor/gdl-substrate-saturation-component,"A specified, controlled, reported, or model-input condition or quantity denoted ""GDL substrate saturation"" in DECODE hydrogen-electrochemistry workflows.",,"Reviewed DECODE semantic role, source label, source workflow context, and direct-neighbor context. This is a draft for expert review, not an authoritative ontology definition.","Decide: strict H2KG alias, existing H2KG mapping, new reusable H2KG term, or retain reviewed DECODE anchor.",needs_human_review,,,,"[{""iri"": ""https://w3id.org/h2kg/hydrogen-ontology#KaptonFilm"", ""label"": ""Kapton Film"", ""score"": 0.739}, {""iri"": ""https://w3id.org/h2kg/hydrogen-ontology#SiliconWaferSubstrate"", ""label"": ""Silicon Wafer Substrate"", ""score"": 0.683}, {""iri"": ""https://w3id.org/h2kg/hydrogen-ontology#AluminumSubstrate"", ""label"": ""Aluminum Substrate"", ""score"": 0.667}]",CEA MEA model (Europium 2D); IET 1D Performance model for MEA (prediction); Image X-ray tomography data parameter extraction 3D; MPL saturation determination from X-ray CT-data
https://w3id.org/h2kg/decode/workflow/concept/gdl-substrate-saturation-profiles-macrohomogeneous-local,GDL substrate saturation profiles,macrohomogeneous local,Parameter,https://w3id.org/h2kg/hydrogen-ontology#Parameter,4,cea-mea-model-europium-2d; iet-1d-performance-model-for-mea-prediction; image-x-ray-tomography-data-parameter-extraction-3d; mpl-saturation-determination-from-x-ray-ct-data,reviewed_decode,reviewed_decode_anchor,https://w3id.org/h2kg/decode/workflow/anchor/gdl-substrate-saturation-profiles-macrohomogeneous-local,"A specified, controlled, reported, or model-input condition or quantity denoted ""GDL substrate saturation profiles"" in DECODE hydrogen-electrochemistry workflows.",,"Reviewed DECODE semantic role, source label, source workflow context, and direct-neighbor context. This is a draft for expert review, not an authoritative ontology definition.","Decide: strict H2KG alias, existing H2KG mapping, new reusable H2KG term, or retain reviewed DECODE anchor.",needs_human_review,,,,"[{""iri"": ""https://w3id.org/h2kg/hydrogen-ontology#KaptonFilm"", ""label"": ""Kapton Film"", ""score"": 0.618}, {""iri"": ""https://w3id.org/h2kg/hydrogen-ontology#SiliconWaferSubstrate"", ""label"": ""Silicon Wafer Substrate"", ""score"": 0.6}, {""iri"": ""https://w3id.org/h2kg/hydrogen-ontology#NickelPlateSubstrate"", ""label"": ""Nickel Plate Substrate"", ""score"": 0.582}]",CEA MEA model (Europium 2D); IET 1D Performance model for MEA (prediction); Image X-ray tomography data parameter extraction 3D; MPL saturation determination from X-ray CT-data
https://w3id.org/h2kg/decode/workflow/concept/gdl-substrate-stress-strain-curve-component,GDL substrate stress-strain curve,component,Data,https://w3id.org/h2kg/hydrogen-ontology#Data,5,electrical-conductivity; electrical-contact-resistance; electrical-tlm-characterization-of-a-gdl-with-defined-compression; gas-permeability-of-a-gdl-with-defined-compression; gdl-compressability,reviewed_decode,reviewed_decode_anchor,https://w3id.org/h2kg/decode/workflow/anchor/gdl-substrate-stress-strain-curve-component,"A recorded, calculated, image-based, or otherwise structured data artifact denoted ""GDL substrate stress-strain curve"" in DECODE hydrogen-electrochemistry workflows.",,"Reviewed DECODE semantic role, source label, source workflow context, and direct-neighbor context. This is a draft for expert review, not an authoritative ontology definition.","Decide: strict H2KG alias, existing H2KG mapping, new reusable H2KG term, or retain reviewed DECODE anchor.",needs_human_review,,,,"[{""iri"": ""https://w3id.org/h2kg/hydrogen-ontology#CompressiveStrengthMeasurement"", ""label"": ""Compressive Strength Measurement"", ""score"": 0.621}, {""iri"": ""https://w3id.org/h2kg/hydrogen-ontology#NickelPlateSubstrate"", ""label"": ""Nickel Plate Substrate"", ""score"": 0.618}, {""iri"": ""https://w3id.org/h2kg/hydrogen-ontology#FTOGlassSubstrate"", ""label"": ""FTO Glass Substrate"", ""score"": 0.615}]",Electrical TLM characterization of a GDL with defined compression; Electrical conductivity; Electrical contact resistance; GDL compressability; Gas permeability of a GDL with defined compression
https://w3id.org/h2kg/decode/workflow/concept/gdl-substrate-structural-parameters-component,GDL substrate structural parameters,component,Property,https://w3id.org/h2kg/hydrogen-ontology#Property,2,image-x-ray-tomography-data-parameter-extraction-3d; neutron-imaging,reviewed_decode,reviewed_decode_anchor,https://w3id.org/h2kg/decode/workflow/anchor/gdl-substrate-structural-parameters-component,"A measurable, calculated, or derived scientific characteristic denoted ""GDL substrate structural parameters"" in DECODE hydrogen-electrochemistry workflows.",,"Reviewed DECODE semantic role, source label, source workflow context, and direct-neighbor context. This is a draft for expert review, not an authoritative ontology definition.","Decide: strict H2KG alias, existing H2KG mapping, new reusable H2KG term, or retain reviewed DECODE anchor.",needs_human_review,,,,"[{""iri"": ""https://w3id.org/h2kg/hydrogen-ontology#CatalystInkStructureDataset"", ""label"": ""Catalyst Ink Structure Dataset"", ""score"": 0.719}, {""iri"": ""https://w3id.org/h2kg/hydrogen-ontology#ETFESheetSubstrate"", ""label"": ""ETFE Sheet Substrate"", ""score"": 0.6}, {""iri"": ""https://w3id.org/h2kg/hydrogen-ontology#PrintedGridStructure"", ""label"": ""Printed Grid Structure"", ""score"": 0.596}]",Image X-ray tomography data parameter extraction 3D; Neutron Imaging
https://w3id.org/h2kg/decode/workflow/concept/gdl-substrate-thickness-component,GDL substrate thickness,component,Property,https://w3id.org/h2kg/hydrogen-ontology#Property,13,cea-mea-model-europium-2d; current-modulated-hydrogen-flow-rate-spectroscopy-ch2s; diffusivities-from-tortuosities; electrical-conductivity; electrical-contact-resistance; electrical-tlm-characterization-of-a-gdl-with-defined-compression; fitting-of-the-europium-model; gas-permeability-of-a-gdl-with-defined-compression; gdl-compressability; image-parameter-extraction-2d; image-x-ray-tomography-data-parameter-extraction-3d; mpl-parameter-estimation-from-gdl-and-substrate-data; sem-and-edx,reviewed_decode,reviewed_decode_anchor,https://w3id.org/h2kg/decode/workflow/anchor/gdl-substrate-thickness-component,"A measurable, calculated, or derived scientific characteristic denoted ""GDL substrate thickness"" in DECODE hydrogen-electrochemistry workflows.",,"Reviewed DECODE semantic role, source label, source workflow context, and direct-neighbor context. This is a draft for expert review, not an authoritative ontology definition.","Decide: strict H2KG alias, existing H2KG mapping, new reusable H2KG term, or retain reviewed DECODE anchor.",needs_human_review,,,,"[{""iri"": ""https://w3id.org/h2kg/hydrogen-ontology#GasDiffusionLayerThickness"", ""label"": ""Gas Diffusion Layer Thickness"", ""score"": 0.769}, {""iri"": ""https://w3id.org/h2kg/hydrogen-ontology#StrutThickness"", ""label"": ""Strut Thickness"", ""score"": 0.737}, {""iri"": ""https://w3id.org/h2kg/hydrogen-ontology#TitaniumSubstrate"", ""label"": ""Titanium Substrate"", ""score"": 0.686}]",CEA MEA model (Europium 2D); Current modulated hydrogen flow-rate spectroscopy (CH2S); Diffusivities from tortuosities; Electrical TLM characterization of a GDL with defined compression; Electrical conductivity; Electrical contact resistance; Fitting of the Europium model; GDL compressability; Gas permeability of a GDL with defined compression; Image X-ray tomography data parameter extraction 3D; Image parameter extraction 2D; MPL parameter estimation from GDL and substrate data; SEM and EDX
https://w3id.org/h2kg/decode/workflow/concept/gdl-substrate-through-plane-conductivity-component,GDL substrate through-plane conductivity,component,Property,https://w3id.org/h2kg/hydrogen-ontology#Property,7,cea-mea-model-europium-2d; electrical-conductivity; electrical-contact-resistance; fitting-of-the-europium-model; mpl-parameter-estimation-from-gdl-and-substrate-data; simulation-of-single-phase-3d-apparent-properties; voxel-based-3d-electric-conductiviy-simulation,reviewed_decode,reviewed_decode_anchor,https://w3id.org/h2kg/decode/workflow/anchor/gdl-substrate-through-plane-conductivity-component,"A measurable, calculated, or derived scientific characteristic denoted ""GDL substrate through-plane conductivity"" in DECODE hydrogen-electrochemistry workflows.",,"Reviewed DECODE semantic role, source label, source workflow context, and direct-neighbor context. This is a draft for expert review, not an authoritative ontology definition.","Decide: strict H2KG alias, existing H2KG mapping, new reusable H2KG term, or retain reviewed DECODE anchor.",needs_human_review,,,,"[{""iri"": ""https://w3id.org/h2kg/hydrogen-ontology#ThroughPlaneElectronicConductivityMeasurement"", ""label"": ""Through Plane Electronic Conductivity Measurement"", ""score"": 0.817}, {""iri"": ""https://w3id.org/h2kg/hydrogen-ontology#ThermalConductivity"", ""label"": ""Thermal Conductivity"", ""score"": 0.811}, {""iri"": ""https://w3id.org/h2kg/hydrogen-ontology#ThroughPlaneElectronicConductivity"", ""label"": ""Through Plane Electronic Conductivity"", ""score"": 0.727}]",CEA MEA model (Europium 2D); Electrical conductivity; Electrical contact resistance; Fitting of the Europium model; MPL parameter estimation from GDL and substrate data; Simulation of single phase 3D apparent properties; Voxel based 3D Electric conductiviy simulation
https://w3id.org/h2kg/decode/workflow/concept/gdl-substrate-through-plane-permeability-component,GDL substrate through-plane permeability,component,Property,https://w3id.org/h2kg/hydrogen-ontology#Property,7,cea-mea-model-europium-2d; fitting-of-the-europium-model; gas-permeability-of-a-gdl-with-defined-compression; mpl-parameter-estimation-from-gdl-and-substrate-data; simulation-of-single-phase-3d-apparent-properties; simulation-of-two-phase-3d-apparent-properties; voxel-based-3d-permability-simulation,reviewed_decode,reviewed_decode_anchor,https://w3id.org/h2kg/decode/workflow/anchor/gdl-substrate-through-plane-permeability-component,"A measurable, calculated, or derived scientific characteristic denoted ""GDL substrate through-plane permeability"" in DECODE hydrogen-electrochemistry workflows.",,"Reviewed DECODE semantic role, source label, source workflow context, and direct-neighbor context. This is a draft for expert review, not an authoritative ontology definition.","Decide: strict H2KG alias, existing H2KG mapping, new reusable H2KG term, or retain reviewed DECODE anchor.",needs_human_review,,,,"[{""iri"": ""https://w3id.org/h2kg/hydrogen-ontology#ThermalConductivity"", ""label"": ""Thermal Conductivity"", ""score"": 0.622}, {""iri"": ""https://w3id.org/h2kg/hydrogen-ontology#ThroughPlaneElectronicConductivityMeasurement"", ""label"": ""Through Plane Electronic Conductivity Measurement"", ""score"": 0.62}, {""iri"": ""https://w3id.org/h2kg/hydrogen-ontology#RelativeOxygenPermeability"", ""label"": ""Relative Oxygen Permeability"", ""score"": 0.618}]",CEA MEA model (Europium 2D); Fitting of the Europium model; Gas permeability of a GDL with defined compression; MPL parameter estimation from GDL and substrate data; Simulation of single phase 3D apparent properties; Simulation of two phase 3D apparent properties; Voxel based 3D Permability simulation
https://w3id.org/h2kg/decode/workflow/concept/gdl-substrate-through-plane-thermal-conductivity-component,GDL substrate through-plane thermal conductivity,component,Property,https://w3id.org/h2kg/hydrogen-ontology#Property,5,cea-mea-model-europium-2d; fitting-of-the-europium-model; simulation-of-single-phase-3d-apparent-properties; simulation-of-two-phase-3d-apparent-properties; voxel-based-3d-thermal-conductivity-simulation,reviewed_decode,reviewed_decode_anchor,https://w3id.org/h2kg/decode/workflow/anchor/gdl-substrate-through-plane-thermal-conductivity-component,"A measurable, calculated, or derived scientific characteristic denoted ""GDL substrate through-plane thermal conductivity"" in DECODE hydrogen-electrochemistry workflows.",,"Reviewed DECODE semantic role, source label, source workflow context, and direct-neighbor context. This is a draft for expert review, not an authoritative ontology definition.","Decide: strict H2KG alias, existing H2KG mapping, new reusable H2KG term, or retain reviewed DECODE anchor.",needs_human_review,,,,"[{""iri"": ""https://w3id.org/h2kg/hydrogen-ontology#ThermalConductivity"", ""label"": ""Thermal Conductivity"", ""score"": 0.829}, {""iri"": ""https://w3id.org/h2kg/hydrogen-ontology#ThroughPlaneElectronicConductivityMeasurement"", ""label"": ""Through Plane Electronic Conductivity Measurement"", ""score"": 0.759}, {""iri"": ""https://w3id.org/h2kg/hydrogen-ontology#ThroughPlaneThermalConductivityMeasurement"", ""label"": ""Through Plane Thermal Conductivity Measurement"", ""score"": 0.745}]",CEA MEA model (Europium 2D); Fitting of the Europium model; Simulation of single phase 3D apparent properties; Simulation of two phase 3D apparent properties; Voxel based 3D Thermal conductivity simulation
https://w3id.org/h2kg/decode/workflow/concept/gdl-substrate-through-plane-tortuosity-component,GDL substrate through-plane tortuosity,component,Property,https://w3id.org/h2kg/hydrogen-ontology#Property,7,cea-mea-model-europium-2d; current-modulated-hydrogen-flow-rate-spectroscopy-ch2s; diffusivities-from-tortuosities; fitting-of-the-europium-model; simulation-of-single-phase-3d-apparent-properties; simulation-of-two-phase-3d-apparent-properties; voxel-based-3d-effective-diffusivity-simulation,reviewed_decode,reviewed_decode_anchor,https://w3id.org/h2kg/decode/workflow/anchor/gdl-substrate-through-plane-tortuosity-component,"A measurable, calculated, or derived scientific characteristic denoted ""GDL substrate through-plane tortuosity"" in DECODE hydrogen-electrochemistry workflows.",,"Reviewed DECODE semantic role, source label, source workflow context, and direct-neighbor context. This is a draft for expert review, not an authoritative ontology definition.","Decide: strict H2KG alias, existing H2KG mapping, new reusable H2KG term, or retain reviewed DECODE anchor.",needs_human_review,,,,"[{""iri"": ""https://w3id.org/h2kg/hydrogen-ontology#ThroughPlaneGasTransportMeasurement"", ""label"": ""Through-Plane Gas Transport Measurement"", ""score"": 0.615}, {""iri"": ""https://w3id.org/h2kg/hydrogen-ontology#ThroughPlaneTransportCell"", ""label"": ""Through-Plane Transport Cell"", ""score"": 0.606}, {""iri"": ""https://w3id.org/h2kg/hydrogen-ontology#TargetSubstrateDistance"", ""label"": ""Target Substrate Distance"", ""score"": 0.603}]",CEA MEA model (Europium 2D); Current modulated hydrogen flow-rate spectroscopy (CH2S); Diffusivities from tortuosities; Fitting of the Europium model; Simulation of single phase 3D apparent properties; Simulation of two phase 3D apparent properties; Voxel based 3D Effective Diffusivity simulation
https://w3id.org/h2kg/decode/workflow/concept/gdl-substrate-water-distribution-meso,GDL substrate water distribution,meso,Data,https://w3id.org/h2kg/hydrogen-ontology#Data,1,ct-based-capillary-pressure-saturation-curves,reviewed_decode,reviewed_decode_anchor,https://w3id.org/h2kg/decode/workflow/anchor/gdl-substrate-water-distribution-meso,"A recorded, calculated, image-based, or otherwise structured data artifact denoted ""GDL substrate water distribution"" in DECODE hydrogen-electrochemistry workflows.",,"Reviewed DECODE semantic role, source label, source workflow context, and direct-neighbor context. This is a draft for expert review, not an authoritative ontology definition.","Decide: strict H2KG alias, existing H2KG mapping, new reusable H2KG term, or retain reviewed DECODE anchor.",needs_human_review,,,,"[{""iri"": ""https://w3id.org/h2kg/hydrogen-ontology#SiliconWaferSubstrate"", ""label"": ""Silicon Wafer Substrate"", ""score"": 0.727}, {""iri"": ""https://w3id.org/h2kg/hydrogen-ontology#ElectrospinningNeedleToCollectorDistance"", ""label"": ""Electrospinning Needle To Collector Distance"", ""score"": 0.667}, {""iri"": ""https://w3id.org/h2kg/hydrogen-ontology#LatticeDistortionPercent"", ""label"": ""Lattice Distortion Percent"", ""score"": 0.633}]",CT-based capillary pressure saturation curves
https://w3id.org/h2kg/decode/workflow/concept/gdl-substrate-water-retention-curve-component,GDL substrate water retention curve,component,Data,https://w3id.org/h2kg/hydrogen-ontology#Data,8,cea-mea-model-europium-2d; ct-based-capillary-pressure-saturation-curves; fitting-of-the-europium-model; iet-1d-mea-with-water-transport-eis-model; iet-1d-performance-model-for-mea-prediction; image-x-ray-tomography-data-parameter-extraction-3d; simulation-of-two-phase-3d-apparent-properties; water-retention-curve-simulation,reviewed_decode,reviewed_decode_anchor,https://w3id.org/h2kg/decode/workflow/anchor/gdl-substrate-water-retention-curve-component,"A recorded, calculated, image-based, or otherwise structured data artifact denoted ""GDL substrate water retention curve"" in DECODE hydrogen-electrochemistry workflows.",,"Reviewed DECODE semantic role, source label, source workflow context, and direct-neighbor context. This is a draft for expert review, not an authoritative ontology definition.","Decide: strict H2KG alias, existing H2KG mapping, new reusable H2KG term, or retain reviewed DECODE anchor.",needs_human_review,,,,"[{""iri"": ""https://w3id.org/h2kg/hydrogen-ontology#SaturatedResidualWaterAmount"", ""label"": ""Saturated Residual Water Amount"", ""score"": 0.656}, {""iri"": ""https://w3id.org/h2kg/hydrogen-ontology#SiliconWaferSubstrate"", ""label"": ""Silicon Wafer Substrate"", ""score"": 0.655}, {""iri"": ""https://w3id.org/h2kg/hydrogen-ontology#SaturatedIonomerWaterContentLambda"", ""label"": ""Saturated Ionomer Water Content Lambda"", ""score"": 0.636}]",CEA MEA model (Europium 2D); CT-based capillary pressure saturation curves; Fitting of the Europium model; IET 1D MEA with water transport EIS model; IET 1D Performance model for MEA (prediction); Image X-ray tomography data parameter extraction 3D; Simulation of two phase 3D apparent properties; Water retention curve simulation
https://w3id.org/h2kg/decode/workflow/concept/gdl-thickness-component,GDL thickness,component,Parameter,https://w3id.org/h2kg/hydrogen-ontology#Parameter,17,0d-particle-population-degradation-model-coupled-with-performance-model-prediction; 0d-particle-population-degradation-model-coupled-with-performance-model-prediction-without-fitting-methods; diffusivities-from-tortuosities; electrical-conductivity; electrical-contact-resistance; electrical-tlm-characterization-of-a-gdl-with-defined-compression; gas-permeability-of-a-gdl-with-defined-compression; gdl-compressability; iet-1d-mea-with-water-transport-eis-model; iet-1d-mea-with-water-transport-in-ccl-eis-model; iet-1d-performance-model-for-mea-fitting; iet-1d-performance-model-for-mea-prediction; image-parameter-extraction-2d; microscopy-sem-and-optical-in-mea-cross-section; mpl-parameter-estimation-from-gdl-and-substrate-data; sem-and-edx; sem-and-fib-layer,approved_h2kg,strict_alt_label,https://w3id.org/h2kg/hydrogen-ontology#GasDiffusionLayerThickness,"A specified, controlled, reported, or model-input condition or quantity denoted ""GDL thickness"" in DECODE hydrogen-electrochemistry workflows.",,"Reviewed DECODE semantic role, source label, source workflow context, and direct-neighbor context. This is a draft for expert review, not an authoritative ontology definition.",Verify against the canonical H2KG definition and retain only a true synonym.,needs_human_review,,,,"[{""iri"": ""https://w3id.org/h2kg/hydrogen-ontology#GasDiffusionLayerThickness"", ""label"": ""Gas Diffusion Layer Thickness"", ""score"": 1.0}, {""iri"": ""https://w3id.org/h2kg/hydrogen-ontology#CatalystLayerThickness_2"", ""label"": ""Catalyst Layer Thickness"", ""score"": 0.88}, {""iri"": ""https://w3id.org/h2kg/hydrogen-ontology#CathodeCatalystLayerThickness"", ""label"": ""Cathode Catalyst Layer Thickness"", ""score"": 0.846}]",0D Particle population degradation model coupled with performance model (prediction); Diffusivities from tortuosities; Electrical TLM characterization of a GDL with defined compression; Electrical conductivity; Electrical contact resistance; GDL compressability; Gas permeability of a GDL with defined compression; IET 1D MEA with water transport EIS model; IET 1D MEA with water transport in CCL EIS model; IET 1D Performance model for MEA (fitting); IET 1D Performance model for MEA (prediction); Image parameter extraction 2D; MPL parameter estimation from GDL and substrate data; Microscopy (SEM and optical) in MEA cross section; SEM and EDX; SEM and FIB (layer)
https://w3id.org/h2kg/decode/workflow/concept/gdl-through-plane-conductivity-component,GDL through-plane conductivity,component,Property,https://w3id.org/h2kg/hydrogen-ontology#Property,3,electrical-conductivity; electrical-contact-resistance; mpl-parameter-estimation-from-gdl-and-substrate-data,reviewed_decode,reviewed_decode_anchor,https://w3id.org/h2kg/decode/workflow/anchor/gdl-through-plane-conductivity-component,"A measurable, calculated, or derived scientific characteristic denoted ""GDL through-plane conductivity"" in DECODE hydrogen-electrochemistry workflows.",,"Reviewed DECODE semantic role, source label, source workflow context, and direct-neighbor context. This is a draft for expert review, not an authoritative ontology definition.","Decide: strict H2KG alias, existing H2KG mapping, new reusable H2KG term, or retain reviewed DECODE anchor.",needs_human_review,,,,"[{""iri"": ""https://w3id.org/h2kg/hydrogen-ontology#ThroughPlaneElectronicConductivityMeasurement"", ""label"": ""Through Plane Electronic Conductivity Measurement"", ""score"": 0.852}, {""iri"": ""https://w3id.org/h2kg/hydrogen-ontology#ThroughPlaneElectronicConductivity"", ""label"": ""Through Plane Electronic Conductivity"", ""score"": 0.836}, {""iri"": ""https://w3id.org/h2kg/hydrogen-ontology#ThermalConductivity"", ""label"": ""Thermal Conductivity"", ""score"": 0.812}]",Electrical conductivity; Electrical contact resistance; MPL parameter estimation from GDL and substrate data
https://w3id.org/h2kg/decode/workflow/concept/gdl-through-plane-permeability-component,GDL through-plane permeability,component,Property,https://w3id.org/h2kg/hydrogen-ontology#Property,2,gas-permeability-of-a-gdl-with-defined-compression; mpl-parameter-estimation-from-gdl-and-substrate-data,reviewed_decode,reviewed_decode_anchor,https://w3id.org/h2kg/decode/workflow/anchor/gdl-through-plane-permeability-component,"A measurable, calculated, or derived scientific characteristic denoted ""GDL through-plane permeability"" in DECODE hydrogen-electrochemistry workflows.",,"Reviewed DECODE semantic role, source label, source workflow context, and direct-neighbor context. This is a draft for expert review, not an authoritative ontology definition.","Decide: strict H2KG alias, existing H2KG mapping, new reusable H2KG term, or retain reviewed DECODE anchor.",needs_human_review,,,,"[{""iri"": ""https://w3id.org/h2kg/hydrogen-ontology#RelativeOxygenPermeability"", ""label"": ""Relative Oxygen Permeability"", ""score"": 0.655}, {""iri"": ""https://w3id.org/h2kg/hydrogen-ontology#ThroughPlaneElectronicConductivityMeasurement"", ""label"": ""Through Plane Electronic Conductivity Measurement"", ""score"": 0.623}, {""iri"": ""https://w3id.org/h2kg/hydrogen-ontology#MicroporousLayerPermeability"", ""label"": ""Microporous Layer Permeability"", ""score"": 0.609}]",Gas permeability of a GDL with defined compression; MPL parameter estimation from GDL and substrate data
https://w3id.org/h2kg/decode/workflow/concept/gdl-vaporization-interfacial-area-factor-component,GDL vaporization interfacial area factor,component,Parameter,https://w3id.org/h2kg/hydrogen-ontology#Parameter,1,iet-1d-mea-with-water-transport-eis-model,reviewed_decode,reviewed_decode_anchor,https://w3id.org/h2kg/decode/workflow/anchor/gdl-vaporization-interfacial-area-factor-component,"A specified, controlled, reported, or model-input condition or quantity denoted ""GDL vaporization interfacial area factor"" in DECODE hydrogen-electrochemistry workflows.",,"Reviewed DECODE semantic role, source label, source workflow context, and direct-neighbor context. This is a draft for expert review, not an authoritative ontology definition.","Decide: strict H2KG alias, existing H2KG mapping, new reusable H2KG term, or retain reviewed DECODE anchor.",needs_human_review,,,,"[{""iri"": ""https://w3id.org/h2kg/hydrogen-ontology#PolarizationPointDuration"", ""label"": ""Polarization Point Duration"", ""score"": 0.567}, {""iri"": ""https://w3id.org/h2kg/hydrogen-ontology#ReactionAreaPositionInCatalystLayer"", ""label"": ""Reaction Area Position In Catalyst Layer"", ""score"": 0.56}, {""iri"": ""https://w3id.org/h2kg/hydrogen-ontology#BETSurfaceAreaWaterVapor"", ""label"": ""BET Surface Area Water Vapor"", ""score"": 0.559}]",IET 1D MEA with water transport EIS model
https://w3id.org/h2kg/decode/workflow/concept/gdl-vaporization-rate-constant-component,GDL vaporization rate constant,component,Property,https://w3id.org/h2kg/hydrogen-ontology#Property,1,iet-1d-mea-with-water-transport-eis-model,reviewed_decode,reviewed_decode_anchor,https://w3id.org/h2kg/decode/workflow/anchor/gdl-vaporization-rate-constant-component,"A measurable, calculated, or derived scientific characteristic denoted ""GDL vaporization rate constant"" in DECODE hydrogen-electrochemistry workflows.",,"Reviewed DECODE semantic role, source label, source workflow context, and direct-neighbor context. This is a draft for expert review, not an authoritative ontology definition.","Decide: strict H2KG alias, existing H2KG mapping, new reusable H2KG term, or retain reviewed DECODE anchor.",needs_human_review,,,,"[{""iri"": ""https://w3id.org/h2kg/hydrogen-ontology#CoverageRelaxationRateConstant"", ""label"": ""Coverage Relaxation Rate Constant"", ""score"": 0.698}, {""iri"": ""https://w3id.org/h2kg/hydrogen-ontology#RelativeVariationPercent"", ""label"": ""Relative Variation Percent"", ""score"": 0.643}, {""iri"": ""https://w3id.org/h2kg/hydrogen-ontology#ContrastVariationSANSUSANSMeasurement"", ""label"": ""Contrast Variation SANSUSANS Measurement"", ""score"": 0.627}]",IET 1D MEA with water transport EIS model
https://w3id.org/h2kg/decode/workflow/concept/glassy-carbon-component,Glassy carbon,component,Matter,https://w3id.org/h2kg/hydrogen-ontology#Matter,1,cl-for-rde,reviewed_decode,reviewed_decode_anchor,https://w3id.org/h2kg/decode/workflow/anchor/glassy-carbon-component,"A material, component, chemical species, phase, specimen, or assembly denoted ""Glassy carbon"" in DECODE hydrogen-electrochemistry workflows.",,"Reviewed DECODE semantic role, source label, source workflow context, and direct-neighbor context. This is a draft for expert review, not an authoritative ontology definition.","Decide: strict H2KG alias, existing H2KG mapping, new reusable H2KG term, or retain reviewed DECODE anchor.",needs_human_review,,,,"[{""iri"": ""https://w3id.org/h2kg/hydrogen-ontology#GlassyCarbonDiskElectrode"", ""label"": ""Glassy Carbon Disk Electrode"", ""score"": 0.839}, {""iri"": ""https://w3id.org/h2kg/hydrogen-ontology#CarbonMass"", ""label"": ""Carbon Mass"", ""score"": 0.833}, {""iri"": ""https://w3id.org/h2kg/hydrogen-ontology#ConductiveCarbonGrease"", ""label"": ""Conductive Carbon Grease"", ""score"": 0.769}]",CL for RDE
https://w3id.org/h2kg/decode/workflow/concept/glassy-carbon-area-component,Glassy carbon area,component,Parameter,https://w3id.org/h2kg/hydrogen-ontology#Parameter,1,rotating-ring-disk-electrode-rrde,reviewed_decode,reviewed_decode_anchor,https://w3id.org/h2kg/decode/workflow/anchor/glassy-carbon-area-component,"A specified, controlled, reported, or model-input condition or quantity denoted ""Glassy carbon area"" in DECODE hydrogen-electrochemistry workflows.",,"Reviewed DECODE semantic role, source label, source workflow context, and direct-neighbor context. This is a draft for expert review, not an authoritative ontology definition.","Decide: strict H2KG alias, existing H2KG mapping, new reusable H2KG term, or retain reviewed DECODE anchor.",needs_human_review,,,,"[{""iri"": ""https://w3id.org/h2kg/hydrogen-ontology#GlassyCarbonDiskElectrode"", ""label"": ""Glassy Carbon Disk Electrode"", ""score"": 0.722}, {""iri"": ""https://w3id.org/h2kg/hydrogen-ontology#CarbonMass"", ""label"": ""Carbon Mass"", ""score"": 0.69}, {""iri"": ""https://w3id.org/h2kg/hydrogen-ontology#ConductiveCarbonGrease"", ""label"": ""Conductive Carbon Grease"", ""score"": 0.645}]",Rotating Ring Disk Electrode (RRDE)
https://w3id.org/h2kg/decode/workflow/concept/global-electric-potential-distribution-nanostructured-lre,Global electric potential distribution (nanostructured),LRE,Data,https://w3id.org/h2kg/hydrogen-ontology#Data,1,density-potential-functional-theory-applied-to-supported-electrocatalysts,reviewed_decode,reviewed_decode_anchor,https://w3id.org/h2kg/decode/workflow/anchor/global-electric-potential-distribution-nanostructured-lre,"A recorded, calculated, image-based, or otherwise structured data artifact denoted ""Global electric potential distribution (nanostructured)"" in DECODE hydrogen-electrochemistry workflows.",,"Reviewed DECODE semantic role, source label, source workflow context, and direct-neighbor context. This is a draft for expert review, not an authoritative ontology definition.","Decide: strict H2KG alias, existing H2KG mapping, new reusable H2KG term, or retain reviewed DECODE anchor.",needs_human_review,,,,[],Density-potential functional theory applied to supported electrocatalysts
https://w3id.org/h2kg/decode/workflow/concept/global-electron-distribution-nanostructured-lre,Global electron distribution (nanostructured),LRE,Data,https://w3id.org/h2kg/hydrogen-ontology#Data,1,density-potential-functional-theory-applied-to-supported-electrocatalysts,reviewed_decode,reviewed_decode_anchor,https://w3id.org/h2kg/decode/workflow/anchor/global-electron-distribution-nanostructured-lre,"A recorded, calculated, image-based, or otherwise structured data artifact denoted ""Global electron distribution (nanostructured)"" in DECODE hydrogen-electrochemistry workflows.",,"Reviewed DECODE semantic role, source label, source workflow context, and direct-neighbor context. This is a draft for expert review, not an authoritative ontology definition.","Decide: strict H2KG alias, existing H2KG mapping, new reusable H2KG term, or retain reviewed DECODE anchor.",needs_human_review,,,,"[{""iri"": ""https://w3id.org/h2kg/hydrogen-ontology#IonomerUniformity"", ""label"": ""Ionomer Uniformity"", ""score"": 0.563}, {""iri"": ""https://w3id.org/h2kg/hydrogen-ontology#DistributionOfRelaxationTimesAnalysis"", ""label"": ""Distribution Of Relaxation Times Analysis"", ""score"": 0.56}]",Density-potential functional theory applied to supported electrocatalysts
https://w3id.org/h2kg/decode/workflow/concept/global-potential-of-zero-charge-nanostructured-lre,Global potential of zero charge (nanostructured),LRE,Property,https://w3id.org/h2kg/hydrogen-ontology#Property,1,density-potential-functional-theory-applied-to-supported-electrocatalysts,reviewed_decode,reviewed_decode_anchor,https://w3id.org/h2kg/decode/workflow/anchor/global-potential-of-zero-charge-nanostructured-lre,"A measurable, calculated, or derived scientific characteristic denoted ""Global potential of zero charge (nanostructured)"" in DECODE hydrogen-electrochemistry workflows.",,"Reviewed DECODE semantic role, source label, source workflow context, and direct-neighbor context. This is a draft for expert review, not an authoritative ontology definition.","Decide: strict H2KG alias, existing H2KG mapping, new reusable H2KG term, or retain reviewed DECODE anchor.",needs_human_review,,,,"[{""iri"": ""https://w3id.org/h2kg/hydrogen-ontology#PotentialOfTotalZeroCharge"", ""label"": ""Potential Of Total Zero Charge"", ""score"": 0.632}, {""iri"": ""https://w3id.org/h2kg/hydrogen-ontology#NiFe2O4Nanostructure"", ""label"": ""Ni Fe 2 O 4 Nanostructure"", ""score"": 0.563}, {""iri"": ""https://w3id.org/h2kg/hydrogen-ontology#AgAgClPotentialVsRHE"", ""label"": ""Ag Ag Cl Potential Vs RHE"", ""score"": 0.56}]",Density-potential functional theory applied to supported electrocatalysts
https://w3id.org/h2kg/decode/workflow/concept/hg-porosimetry-gdl-method,Hg porosimetry GDL,,Measurement,https://w3id.org/h2kg/hydrogen-ontology#Measurement,10,cea-mea-model-europium-2d; current-modulated-hydrogen-flow-rate-spectroscopy-ch2s; diffusivities-from-tortuosities; fitting-of-the-europium-model; hg-porosimetry-gdl; iet-1d-performance-model-for-mea-prediction; impregnation-by-immersion-and-blade-coating; mpl-parameter-estimation-from-gdl-and-substrate-data,reviewed_decode,reviewed_decode_anchor,https://w3id.org/h2kg/decode/workflow/anchor/hg-porosimetry-gdl-method,"A characterization or measurement procedure denoted ""Hg porosimetry GDL"" in DECODE hydrogen-electrochemistry workflows. Source context: Pore diameter 10nm -50m Pore diameter 10nm -50m",Pore diameter 10nm -50m Pore diameter 10nm -50m,"Reviewed DECODE semantic role, source label, source workflow context, and direct-neighbor context. This is a draft for expert review, not an authoritative ontology definition.","Decide: strict H2KG alias, existing H2KG mapping, new reusable H2KG term, or retain reviewed DECODE anchor.",needs_human_review,,,,"[{""iri"": ""https://w3id.org/h2kg/hydrogen-ontology#GasDiffusionLayerPorosity"", ""label"": ""Gas Diffusion Layer Porosity"", ""score"": 0.8}, {""iri"": ""https://w3id.org/h2kg/hydrogen-ontology#CatalystLayerPorosity"", ""label"": ""Catalyst Layer Porosity"", ""score"": 0.69}, {""iri"": ""https://w3id.org/h2kg/hydrogen-ontology#MicroporousLayerPorosity"", ""label"": ""Microporous Layer Porosity"", ""score"": 0.667}]",GDL; GDL pore size distribution; GDL porosity; GDL substrate; GDL substrate average pore radius; GDL substrate pore size distribution; GDL substrate porosity
https://w3id.org/h2kg/decode/workflow/concept/hierarchical-model-for-electrocatalytic-reactions-model,Hierarchical model for electrocatalytic reactions,,Process,https://w3id.org/h2kg/hydrogen-ontology#Process,5,dft-onto-idealized-surfaces; diffusion-theory; fitting-version-of-the-hierachical-model; hierarchical-model-for-electrocatalytic-reactions; molecular-dynamics-for-the-electrode-electrolyte-interface-metalwalls,reviewed_decode,reviewed_decode_anchor,https://w3id.org/h2kg/decode/workflow/anchor/hierarchical-model-for-electrocatalytic-reactions-model,"A computational, analytical, transformation, or generic workflow process denoted ""Hierarchical model for electrocatalytic reactions"" in DECODE hydrogen-electrochemistry workflows. Source context: Validated across various reactions",Validated across various reactions,"Reviewed DECODE semantic role, source label, source workflow context, and direct-neighbor context. This is a draft for expert review, not an authoritative ontology definition.","Decide: strict H2KG alias, existing H2KG mapping, new reusable H2KG term, or retain reviewed DECODE anchor.",needs_human_review,,,,"[{""iri"": ""https://w3id.org/h2kg/hydrogen-ontology#ElectrochemicalWorkstation"", ""label"": ""Electrochemical Workstation"", ""score"": 0.579}, {""iri"": ""https://w3id.org/h2kg/hydrogen-ontology#ElectrochemicalReactionSimulation"", ""label"": ""Electrochemical Reaction Simulation"", ""score"": 0.571}, {""iri"": ""https://w3id.org/h2kg/hydrogen-ontology#ElectrochemicalImpedanceSpectroscopyPotentiostatic"", ""label"": ""Electrochemical Impedance Spectroscopy Potentiostatic"", ""score"": 0.552}]",Activation barriers of elementary steps; Adsorbate conformation on electrode (idealized); Adsorbate coverage on electrode (idealized); Adsorbate dipole moments; Adsorbate types on electrode (idealized); Binding energies of intermediates; Diffusion coefficients of species; Diffusion layer thickness; Effective size of solvated ions; Electrolyte composition; Interaction coefficients between adsorbates; LRE effective ORR rate law (idealized); LRE pH distribution (idealized); LRE potential distribution (idealized); LRE species distribution (idealized); LRE species mobility (idealized); Reaction mechanisms (ORR); Transfer coefficients of elementary steps; Water catalyst interaction strength
https://w3id.org/h2kg/decode/workflow/concept/high-resolution-electron-tomography-for-accessing-pt-and-ionomer-distribution-on-carbon-aggregate-method,High resolution electron tomography for accessing Pt and ionomer distribution on carbon aggregate,,Measurement,https://w3id.org/h2kg/hydrogen-ontology#Measurement,15,blade-coating-and-decal-transfer-for-ref-pefc-ccm; distribution-of-contact-angles-in-ccl-fib-sem-image-from-ionomer-reconstruction; electrospray-deposition-of-catalyst-layers; high-resolution-electron-tomography-for-accessing-pt-and-ionomer-distribution-on-carbon-aggregate; image-based-ccl-effective-transport-property-computation-from-numerical-simulations; image-classification-on-tem-data; image-tem-data-parameter-extraction-3d; ultrasonic-spray-deposition-for-catalytic-layers,reviewed_decode,reviewed_decode_anchor,https://w3id.org/h2kg/decode/workflow/anchor/high-resolution-electron-tomography-for-accessing-pt-and-ionomer-distribution-on-carbon-aggregate-method,"A characterization or measurement procedure denoted ""High resolution electron tomography for accessing Pt and ionomer distribution on carbon aggregate"" in DECODE hydrogen-electrochemistry workflows. Source context: Sub nanometer resolution. The analysed volume may  not be representatif of the CL. An ultra-thin ( less than  1 nm) ionomer layer may not be visible on a porous carbon support. The image of the ionomer and the carbon support should have a different contrast (this is not the case with an amorphous carbon support). Sub nanometer resolution. The analysed volume may  not be representatif of the CL. An ultra-thin ( less than  1 nm) ionomer layer may not be visible on a porous carbon support. The imag",Sub nanometer resolution. The analysed volume may  not be representatif of the CL. An ultra-thin ( less than  1 nm) ionomer layer may not be visible on a porous carbon support. The image of the ionomer and the carbon support should have a different contrast (this is not the case with an amorphous carbon support). Sub nanometer resolution. The analysed volume may  not be representatif of the CL. An ultra-thin ( less than  1 nm) ionomer layer may not be visible on a porous carbon support. The imag,"Reviewed DECODE semantic role, source label, source workflow context, and direct-neighbor context. This is a draft for expert review, not an authoritative ontology definition.","Decide: strict H2KG alias, existing H2KG mapping, new reusable H2KG term, or retain reviewed DECODE anchor.",needs_human_review,,,,[],CCL 3D TEM voxel data raw; CCL 3D voxel data classified with ionomer and Pt; CCM; CL on substrate
https://w3id.org/h2kg/decode/workflow/concept/hydrophobic-treatment-ink-material,Hydrophobic treatment ink,material,Manufacturing,https://w3id.org/h2kg/hydrogen-ontology#Manufacturing,1,impregnation-by-immersion-and-blade-coating,reviewed_decode,reviewed_decode_anchor,https://w3id.org/h2kg/decode/workflow/anchor/hydrophobic-treatment-ink-material,"A fabrication, preparation, deposition, assembly, or conditioning operation denoted ""Hydrophobic treatment ink"" in DECODE hydrogen-electrochemistry workflows.",,"Reviewed DECODE semantic role, source label, source workflow context, and direct-neighbor context. This is a draft for expert review, not an authoritative ontology definition.","Decide: strict H2KG alias, existing H2KG mapping, new reusable H2KG term, or retain reviewed DECODE anchor.",needs_human_review,,,,"[{""iri"": ""https://w3id.org/h2kg/hydrogen-ontology#SubstrateHeatTreatment"", ""label"": ""Substrate Heat Treatment"", ""score"": 0.652}, {""iri"": ""https://w3id.org/h2kg/hydrogen-ontology#BoilingPretreatment"", ""label"": ""Boiling Pretreatment"", ""score"": 0.622}, {""iri"": ""https://w3id.org/h2kg/hydrogen-ontology#SurfaceHydrophilicityRatio"", ""label"": ""Surface Hydrophilicity Ratio"", ""score"": 0.622}]",Impregnation by immersion and blade coating
https://w3id.org/h2kg/decode/workflow/concept/hydrophobization-process-parameters-process,Hydrophobization process parameters,process,Parameter,https://w3id.org/h2kg/hydrogen-ontology#Parameter,1,modeling-of-hydrophobic-treatment-of-gdl,reviewed_decode,reviewed_decode_anchor,https://w3id.org/h2kg/decode/workflow/anchor/hydrophobization-process-parameters-process,"A specified, controlled, reported, or model-input condition or quantity denoted ""Hydrophobization process parameters"" in DECODE hydrogen-electrochemistry workflows.",,"Reviewed DECODE semantic role, source label, source workflow context, and direct-neighbor context. This is a draft for expert review, not an authoritative ontology definition.","Decide: strict H2KG alias, existing H2KG mapping, new reusable H2KG term, or retain reviewed DECODE anchor.",needs_human_review,,,,"[{""iri"": ""https://w3id.org/h2kg/hydrogen-ontology#PreCarbonizationProcess"", ""label"": ""Pre Carbonization Process"", ""score"": 0.7}, {""iri"": ""https://w3id.org/h2kg/hydrogen-ontology#SprayCoatingParameterSpecification"", ""label"": ""Spray Coating Parameter Specification"", ""score"": 0.644}, {""iri"": ""https://w3id.org/h2kg/hydrogen-ontology#CarbonPretreatmentProcess"", ""label"": ""Carbon Pretreatment Process"", ""score"": 0.613}]",Modeling of Hydrophobic Treatment of GDL
https://w3id.org/h2kg/decode/workflow/concept/i-c-ratio-component,I/C-ratio,component,Parameter,https://w3id.org/h2kg/hydrogen-ontology#Parameter,9,0d-particle-population-degradation-model-coupled-with-performance-model-prediction; 0d-particle-population-degradation-model-coupled-with-performance-model-prediction-without-fitting-methods; accelerated-stress-test-ast-on-nanostructured-electrodes; eis-on-nanostructured-electrodes; iet-composition-to-property-model; iet-ink-to-composition-model; ionomer-reconstruction-in-ccl-3d-images; model-electrochemistry-in-a-rde-cell; rotating-ring-disk-electrode-rrde,approved_h2kg,strict_alt_label,https://w3id.org/h2kg/hydrogen-ontology#IonomerToCarbonRatio,"A specified, controlled, reported, or model-input condition or quantity denoted ""I/C-ratio"" in DECODE hydrogen-electrochemistry workflows.",,"Reviewed DECODE semantic role, source label, source workflow context, and direct-neighbor context. This is a draft for expert review, not an authoritative ontology definition.",Verify against the canonical H2KG definition and retain only a true synonym.,needs_human_review,,,,"[{""iri"": ""https://w3id.org/h2kg/hydrogen-ontology#IonomerToCarbonRatio"", ""label"": ""Ionomer To Carbon Ratio"", ""score"": 1.0}, {""iri"": ""https://w3id.org/h2kg/hydrogen-ontology#CoToNRatio"", ""label"": ""Co To N Ratio"", ""score"": 0.842}, {""iri"": ""https://w3id.org/h2kg/hydrogen-ontology#FeToCoMolarRatio"", ""label"": ""Fe To Co Molar Ratio"", ""score"": 0.8}]",0D Particle population degradation model coupled with performance model (prediction); Accelerated Stress Test (AST) on Nanostructured Electrodes; EIS on nanostructured electrodes; IET composition to property model; IET ink to composition model; Ionomer reconstruction in CCL 3D images; Model Electrochemistry in a RDE Cell; Rotating Ring Disk Electrode (RRDE)
https://w3id.org/h2kg/decode/workflow/concept/iet-1d-mea-with-water-transport-eis-model-model,IET 1D MEA with water transport EIS model,,Process,https://w3id.org/h2kg/hydrogen-ontology#Process,22,0d-particle-population-degradation-model-coupled-with-performance-model-prediction; 0d-particle-population-degradation-model-coupled-with-performance-model-prediction-without-fitting-methods; ct-based-capillary-pressure-saturation-curves; differential-cell-testing; diffusivities-from-tortuosities; distribution-of-contact-angles-in-ccl-fib-sem-image-from-ionomer-reconstruction; fib-measurements-on-gdl-or-mpl-and-catalyst-materials; fitting-of-the-europium-model; gdl-compressability; iet-1d-mea-with-water-transport-eis-model; iet-1d-performance-model-for-mea-fitting; iet-composition-to-property-model; iet-ink-to-composition-model; image-based-ccl-effective-transport-property-computation-from-numerical-simulations; image-fib-tomography-dataparameter-extraction-3d; image-parameter-extraction-2d; image-x-ray-tomography-data-parameter-extraction-3d; microscopy-sem-and-optical-in-mea-cross-section; sem-and-edx; sem-and-fib-layer; simulation-of-two-phase-3d-apparent-properties; water-retention-curve-simulation,reviewed_decode,reviewed_decode_anchor,https://w3id.org/h2kg/decode/workflow/anchor/iet-1d-mea-with-water-transport-eis-model-model,"A computational, analytical, transformation, or generic workflow process denoted ""IET 1D MEA with water transport EIS model"" in DECODE hydrogen-electrochemistry workflows. Source context: CCL+GDL",CCL+GDL,"Reviewed DECODE semantic role, source label, source workflow context, and direct-neighbor context. This is a draft for expert review, not an authoritative ontology definition.","Decide: strict H2KG alias, existing H2KG mapping, new reusable H2KG term, or retain reviewed DECODE anchor.",needs_human_review,,,,"[{""iri"": ""https://w3id.org/h2kg/hydrogen-ontology#WaterAssistedLowPressureCVD"", ""label"": ""Water Assisted Low Pressure CVD"", ""score"": 0.602}, {""iri"": ""https://w3id.org/h2kg/hydrogen-ontology#WaterToNPropanolWeightRatio"", ""label"": ""Water To N Propanol Weight Ratio"", ""score"": 0.579}, {""iri"": ""https://w3id.org/h2kg/hydrogen-ontology#DLPProjector"", ""label"": ""DLP Projector"", ""score"": 0.553}]",CCL ORR apparent Tafel slope(s); CCL ORR effective exchange current density; CCL effective O2 diffusivity; CCL effective double-layer capacitance; CCL effective proton conductivity; CCL effective vapor diffusivity; CCL effective water permeability; CCL thickness; CCL vaporization interfacial area factor; CCL vaporization rate constant; CCL water retention curve; Cathode EIS; Cell current density; Cell inlet humidification; Cell inlet pressure; Cell temperature; GDL effective O2 diffusivity; GDL effective vapor diffusivity; GDL effective water permeability; GDL substrate water retention curve
https://w3id.org/h2kg/decode/workflow/concept/iet-1d-mea-with-water-transport-in-ccl-eis-model-model,IET 1D MEA with water transport in CCL EIS model,,Process,https://w3id.org/h2kg/hydrogen-ontology#Process,19,0d-particle-population-degradation-model-coupled-with-performance-model-prediction; 0d-particle-population-degradation-model-coupled-with-performance-model-prediction-without-fitting-methods; differential-cell-testing; diffusivities-from-tortuosities; distribution-of-contact-angles-in-ccl-fib-sem-image-from-ionomer-reconstruction; fib-measurements-on-gdl-or-mpl-and-catalyst-materials; fitting-of-the-europium-model; gdl-compressability; iet-1d-mea-with-water-transport-in-ccl-eis-model; iet-1d-performance-model-for-mea-fitting; iet-composition-to-property-model; iet-ink-to-composition-model; image-based-ccl-effective-transport-property-computation-from-numerical-simulations; image-fib-tomography-dataparameter-extraction-3d; image-parameter-extraction-2d; microscopy-sem-and-optical-in-mea-cross-section; sem-and-edx; sem-and-fib-layer; water-retention-curve-simulation,reviewed_decode,reviewed_decode_anchor,https://w3id.org/h2kg/decode/workflow/anchor/iet-1d-mea-with-water-transport-in-ccl-eis-model-model,"A computational, analytical, transformation, or generic workflow process denoted ""IET 1D MEA with water transport in CCL EIS model"" in DECODE hydrogen-electrochemistry workflows. Source context: CCL+GDL",CCL+GDL,"Reviewed DECODE semantic role, source label, source workflow context, and direct-neighbor context. This is a draft for expert review, not an authoritative ontology definition.","Decide: strict H2KG alias, existing H2KG mapping, new reusable H2KG term, or retain reviewed DECODE anchor.",needs_human_review,,,,"[{""iri"": ""https://w3id.org/h2kg/hydrogen-ontology#WaterAssistedLowPressureCVD"", ""label"": ""Water Assisted Low Pressure CVD"", ""score"": 0.6}]",CCL ORR apparent Tafel slope(s); CCL ORR effective exchange current density; CCL effective O2 diffusivity; CCL effective double-layer capacitance; CCL effective proton conductivity; CCL effective vapor diffusivity; CCL effective water permeability; CCL thickness; CCL vaporization interfacial area factor; CCL vaporization rate constant; CCL water retention curve; Cathode EIS; Cell current density; Cell inlet humidification; Cell inlet pressure; Cell temperature; GDL effective O2 diffusivity; GDL thickness; Ratio of proton conductivity and saturation
https://w3id.org/h2kg/decode/workflow/concept/iet-1d-performance-model-for-mea-fitting-model,IET 1D Performance model for MEA (fitting),,Process,https://w3id.org/h2kg/hydrogen-ontology#Process,21,0d-particle-population-degradation-model-coupled-with-performance-model-prediction; 0d-particle-population-degradation-model-coupled-with-performance-model-prediction-without-fitting-methods; cea-mea-model-europium-2d; data-extraction-from-existing-pewe-measurements-u-i-t; differential-cell-testing; eis-on-pewe-cells; fib-measurements-on-gdl-or-mpl-and-catalyst-materials; fitting-of-the-europium-model; gdl-compressability; iet-1d-mea-with-water-transport-eis-model; iet-1d-mea-with-water-transport-in-ccl-eis-model; iet-1d-performance-model-for-mea-fitting; iet-1d-performance-model-for-mea-prediction; iet-composition-to-property-model; iet-ink-to-composition-model; image-fib-tomography-dataparameter-extraction-3d; image-parameter-extraction-2d; microscopy-sem-and-optical-in-mea-cross-section; pulsed-gas-analysis; sem-and-edx; sem-and-fib-layer,reviewed_decode,reviewed_decode_anchor,https://w3id.org/h2kg/decode/workflow/anchor/iet-1d-performance-model-for-mea-fitting-model,"A computational, analytical, transformation, or generic workflow process denoted ""IET 1D Performance model for MEA (fitting)"" in DECODE hydrogen-electrochemistry workflows. Source context: CCL+GDL",CCL+GDL,"Reviewed DECODE semantic role, source label, source workflow context, and direct-neighbor context. This is a draft for expert review, not an authoritative ontology definition.","Decide: strict H2KG alias, existing H2KG mapping, new reusable H2KG term, or retain reviewed DECODE anchor.",needs_human_review,,,,"[{""iri"": ""https://w3id.org/h2kg/hydrogen-ontology#OERPerformanceDataset"", ""label"": ""OER Performance Dataset"", ""score"": 0.603}, {""iri"": ""https://w3id.org/h2kg/hydrogen-ontology#DRMPerformanceDataset"", ""label"": ""DRM Performance Dataset"", ""score"": 0.571}, {""iri"": ""https://w3id.org/h2kg/hydrogen-ontology#ORRPerformanceDataset"", ""label"": ""ORR Performance Dataset"", ""score"": 0.571}]",CCL ORR effective exchange current density; CCL ORR rate prefactor; CCL effective O2 diffusivity; CCL effective proton conductivity; CCL thickness; Cell crossover current density; Cell high-frequency resistance; Cell inlet humidification; Cell inlet pressure; Cell polarization curve; Cell temperature; GDL effective O2 diffusivity; GDL thickness
https://w3id.org/h2kg/decode/workflow/concept/iet-1d-performance-model-for-mea-prediction-model,IET 1D Performance model for MEA (prediction),,Process,https://w3id.org/h2kg/hydrogen-ontology#Process,24,0d-particle-population-degradation-model-coupled-with-performance-model-prediction; 0d-particle-population-degradation-model-coupled-with-performance-model-prediction-without-fitting-methods; ct-based-capillary-pressure-saturation-curves; differential-cell-testing; diffusivities-from-tortuosities; distribution-of-contact-angles-in-ccl-fib-sem-image-from-ionomer-reconstruction; fib-measurements-on-gdl-or-mpl-and-catalyst-materials; fitting-of-the-europium-model; gdl-compressability; hg-porosimetry-gdl; iet-1d-performance-model-for-mea-fitting; iet-1d-performance-model-for-mea-prediction; iet-composition-to-property-model; iet-ink-to-composition-model; image-based-ccl-effective-transport-property-computation-from-numerical-simulations; image-fib-tomography-dataparameter-extraction-3d; image-parameter-extraction-2d; image-x-ray-tomography-data-parameter-extraction-3d; microscopy-sem-and-optical-in-mea-cross-section; sem-and-edx; sem-and-fib-layer; simulation-of-two-phase-3d-apparent-properties; voxel-based-3d-effective-diffusivity-simulation; water-retention-curve-simulation,reviewed_decode,reviewed_decode_anchor,https://w3id.org/h2kg/decode/workflow/anchor/iet-1d-performance-model-for-mea-prediction-model,"A computational, analytical, transformation, or generic workflow process denoted ""IET 1D Performance model for MEA (prediction)"" in DECODE hydrogen-electrochemistry workflows. Source context: CCL+GDL",CCL+GDL,"Reviewed DECODE semantic role, source label, source workflow context, and direct-neighbor context. This is a draft for expert review, not an authoritative ontology definition.","Decide: strict H2KG alias, existing H2KG mapping, new reusable H2KG term, or retain reviewed DECODE anchor.",needs_human_review,,,,"[{""iri"": ""https://w3id.org/h2kg/hydrogen-ontology#DegradationPredictionEvaluationMeasurement"", ""label"": ""Degradation Prediction Evaluation Measurement"", ""score"": 0.684}, {""iri"": ""https://w3id.org/h2kg/hydrogen-ontology#DryReformingOfMethanePerformanceMeasurement"", ""label"": ""Dry Reforming Of Methane Performance Measurement"", ""score"": 0.615}, {""iri"": ""https://w3id.org/h2kg/hydrogen-ontology#TransesterificationPerformanceMeasurement"", ""label"": ""Transesterification Performance Measurement"", ""score"": 0.605}]",CCL ORR apparent Tafel slope(s); CCL ORR effective exchange current density; CCL ORR rate prefactor; CCL effective O2 diffusivity; CCL effective catalyst utilization; CCL effective mass activity; CCL effective proton conductivity; CCL porosity; CCL saturation; CCL saturation profiles; CCL thickness; CCL water retention curve; Cell crossover current density; Cell inlet O2 mole fraction (dry); Cell inlet humidification; Cell inlet pressure; Cell limiting current; Cell polarization curve; Cell stoichiometries; Cell temperature
https://w3id.org/h2kg/decode/workflow/concept/iet-composition-to-property-model-model,IET composition to property model,,Process,https://w3id.org/h2kg/hydrogen-ontology#Process,15,0d-particle-population-degradation-model-coupled-with-performance-model-prediction; 0d-particle-population-degradation-model-coupled-with-performance-model-prediction-without-fitting-methods; cea-mea-model-europium-2d; fitting-of-the-europium-model; iet-1d-mea-with-water-transport-eis-model; iet-1d-mea-with-water-transport-in-ccl-eis-model; iet-1d-performance-model-for-mea-fitting; iet-1d-performance-model-for-mea-prediction; iet-composition-to-property-model; iet-ink-to-composition-model; image-based-ccl-effective-transport-property-computation-from-numerical-simulations; image-fib-tomography-dataparameter-extraction-3d; image-parameter-extraction-2d; image-tem-data-parameter-extraction-3d; microscopy-sem-and-optical-in-mea-cross-section,reviewed_decode,reviewed_decode_anchor,https://w3id.org/h2kg/decode/workflow/anchor/iet-composition-to-property-model-model,"A computational, analytical, transformation, or generic workflow process denoted ""IET composition to property model"" in DECODE hydrogen-electrochemistry workflows.",,"Reviewed DECODE semantic role, source label, source workflow context, and direct-neighbor context. This is a draft for expert review, not an authoritative ontology definition.","Decide: strict H2KG alias, existing H2KG mapping, new reusable H2KG term, or retain reviewed DECODE anchor.",needs_human_review,,,,"[{""iri"": ""https://w3id.org/h2kg/hydrogen-ontology#IonomerDispersionPropertyCompilation"", ""label"": ""Ionomer Dispersion Property Compilation"", ""score"": 0.667}, {""iri"": ""https://w3id.org/h2kg/hydrogen-ontology#ThermalDecompositionElectrodePreparation"", ""label"": ""Thermal Decomposition Electrode Preparation"", ""score"": 0.658}, {""iri"": ""https://w3id.org/h2kg/hydrogen-ontology#SolventPhysicalPropertyCompilation"", ""label"": ""Solvent Physical Property Compilation"", ""score"": 0.657}]",CCL ORR effective exchange current density; CCL effective O2 diffusivity; CCL effective proton conductivity; CCL effective vapor diffusivity; CCL effective water permeability; CCL refined pore size distribution (with contact angle distribution); CCL structural parameters; CCL vaporization interfacial area factor; Catalyst-support ratio; I/C-ratio; Ionomer proton conductivity; Percolation threshold
https://w3id.org/h2kg/decode/workflow/concept/iet-ink-to-composition-model-model,IET ink to composition model,,Process,https://w3id.org/h2kg/hydrogen-ontology#Process,17,0d-particle-population-degradation-model-coupled-with-performance-model-fitting; cea-mea-model-europium-2d; differential-cell-testing; fitting-of-the-europium-model; iet-1d-mea-with-water-transport-eis-model; iet-1d-mea-with-water-transport-in-ccl-eis-model; iet-1d-performance-model-for-mea-fitting; iet-1d-performance-model-for-mea-prediction; iet-composition-to-property-model; iet-ink-to-composition-model; image-fib-tomography-dataparameter-extraction-3d; image-parameter-extraction-2d; image-tem-data-parameter-extraction-3d; in-situ-fourier-transformed-ir-in-atr-configuration; molecular-dynamics-for-the-electrode-electrolyte-interface-in-presence-of-ionomer; sem-and-fib-powder; tem-and-eds-analysis-of-mea,reviewed_decode,reviewed_decode_anchor,https://w3id.org/h2kg/decode/workflow/anchor/iet-ink-to-composition-model-model,"A computational, analytical, transformation, or generic workflow process denoted ""IET ink to composition model"" in DECODE hydrogen-electrochemistry workflows.",,"Reviewed DECODE semantic role, source label, source workflow context, and direct-neighbor context. This is a draft for expert review, not an authoritative ontology definition.","Decide: strict H2KG alias, existing H2KG mapping, new reusable H2KG term, or retain reviewed DECODE anchor.",needs_human_review,,,,"[{""iri"": ""https://w3id.org/h2kg/hydrogen-ontology#InkCompositionSpecification"", ""label"": ""Ink Composition Specification"", ""score"": 0.698}, {""iri"": ""https://w3id.org/h2kg/hydrogen-ontology#SolutionCompositionMeasurement"", ""label"": ""Solution Composition Measurement"", ""score"": 0.667}, {""iri"": ""https://w3id.org/h2kg/hydrogen-ontology#ThermalDecompositionElectrodePreparation"", ""label"": ""Thermal Decomposition Electrode Preparation"", ""score"": 0.643}]",CCL effective ionomer coverage; CCL effective proton conductivity; CCL fraction of hydrophobic pores; CCL ionomer effective film thickness; CCL refined pore size distribution (with contact angle distribution); CCL structural parameters; CCL thickness; CCL water retention curve; Catalyst active particle contact angle; Catalyst active particle density; Catalyst active particle diameter; Catalyst loading; Catalyst pore size distribution; Catalyst support contact angle; Catalyst-support ratio; I/C-ratio; Ionomer contact angles; Ionomer density (dry); Ionomer initial film thickness; Ionomer proton conductivity
https://w3id.org/h2kg/decode/workflow/concept/image-based-ccl-effective-transport-property-computation-from-numerical-simulations-model,Image based CCL effective transport property computation from numerical simulations,,Process,https://w3id.org/h2kg/hydrogen-ontology#Process,16,0d-particle-population-degradation-model-coupled-with-performance-model-prediction; 0d-particle-population-degradation-model-coupled-with-performance-model-prediction-without-fitting-methods; cea-mea-model-europium-2d; determination-of-cl-saturation-by-saxs-or-sans; diffusivities-from-tortuosities; electron-tomography-for-pt-c-and-ionomer-distribution-in-cl; fitting-of-the-europium-model; high-resolution-electron-tomography-for-accessing-pt-and-ionomer-distribution-on-carbon-aggregate; iet-1d-mea-with-water-transport-eis-model; iet-1d-mea-with-water-transport-in-ccl-eis-model; iet-1d-performance-model-for-mea-prediction; iet-composition-to-property-model; image-based-ccl-effective-transport-property-computation-from-numerical-simulations; image-classification-on-tem-data; inpt-cl-process-model; ionomer-reconstruction-in-ccl-3d-images,reviewed_decode,reviewed_decode_anchor,https://w3id.org/h2kg/decode/workflow/anchor/image-based-ccl-effective-transport-property-computation-from-numerical-simulations-model,"A computational, analytical, transformation, or generic workflow process denoted ""Image based CCL effective transport property computation from numerical simulations"" in DECODE hydrogen-electrochemistry workflows. Source context: Continuum approach. Not suited for very small pores (on the order of 1 nm or less)",Continuum approach. Not suited for very small pores (on the order of 1 nm or less),"Reviewed DECODE semantic role, source label, source workflow context, and direct-neighbor context. This is a draft for expert review, not an authoritative ontology definition.","Decide: strict H2KG alias, existing H2KG mapping, new reusable H2KG term, or retain reviewed DECODE anchor.",needs_human_review,,,,[],CCL 3D voxel data classified with ionomer and Pt; CCL effective proton conductivity; CCL porosity; CCL structural parameters; CCL tortuosity; Ionomer proton conductivity
https://w3id.org/h2kg/decode/workflow/concept/image-classification-of-fib-tomography-data-data,Image classification of FIB tomography data,,Process,https://w3id.org/h2kg/hydrogen-ontology#Process,24,ai-based-generation-of-structural-digital-twins-of-multi-scale-tomographies; fib-measurements-on-gdl-or-mpl-and-catalyst-materials; fib-sem-on-cl-material; image-classification-of-fib-tomography-data; image-fib-tomography-dataparameter-extraction-3d; ionomer-reconstruction-in-ccl-3d-images; lab-ct-measurements-on-gdl-or-mpl-materials; simulation-of-single-phase-3d-apparent-properties; simulation-of-two-phase-3d-apparent-properties; synch-ct-measurements-on-gdl-or-mpl-materials; voxel-based-3d-effective-diffusivity-simulation; voxel-based-3d-electric-conductiviy-simulation; voxel-based-3d-permability-simulation; voxel-based-3d-thermal-conductivity-simulation; water-retention-curve-simulation,reviewed_decode,reviewed_decode_anchor,https://w3id.org/h2kg/decode/workflow/anchor/image-classification-of-fib-tomography-data-data,"A computational, analytical, transformation, or generic workflow process denoted ""Image classification of FIB tomography data"" in DECODE hydrogen-electrochemistry workflows.",,"Reviewed DECODE semantic role, source label, source workflow context, and direct-neighbor context. This is a draft for expert review, not an authoritative ontology definition.","Decide: strict H2KG alias, existing H2KG mapping, new reusable H2KG term, or retain reviewed DECODE anchor.",needs_human_review,,,,"[{""iri"": ""https://w3id.org/h2kg/hydrogen-ontology#ElectronTomographyImaging"", ""label"": ""Electron Tomography Imaging"", ""score"": 0.6}, {""iri"": ""https://w3id.org/h2kg/hydrogen-ontology#SpatialResolution"", ""label"": ""Spatial Resolution"", ""score"": 0.583}]",CCL 3D voxel data classified; CCL 3D voxel data raw; MPL 3D voxel data classified; MPL 3D voxel data raw
https://w3id.org/h2kg/decode/workflow/concept/image-classification-of-x-ray-tomography-data-data,Image classification of X-ray tomography data,,Process,https://w3id.org/h2kg/hydrogen-ontology#Process,39,ai-based-generation-of-structural-digital-twins-of-multi-scale-tomographies; contact-angle-extraction-of-ct-data; ct-based-capillary-pressure-saturation-curves; image-classification-of-x-ray-tomography-data; image-x-ray-tomography-data-parameter-extraction-3d; lab-ct-measurements-on-gdl-or-mpl-materials; modeling-of-mpl-coating-of-gdl; mpl-saturation-determination-from-x-ray-ct-data; simulation-of-single-phase-3d-apparent-properties; simulation-of-two-phase-3d-apparent-properties; synch-ct-measurements-on-gdl-or-mpl-materials; voxel-based-3d-effective-diffusivity-simulation; voxel-based-3d-electric-conductiviy-simulation; voxel-based-3d-permability-simulation; voxel-based-3d-thermal-conductivity-simulation; water-retention-curve-simulation,reviewed_decode,reviewed_decode_anchor,https://w3id.org/h2kg/decode/workflow/anchor/image-classification-of-x-ray-tomography-data-data,"A computational, analytical, transformation, or generic workflow process denoted ""Image classification of X-ray tomography data"" in DECODE hydrogen-electrochemistry workflows.",,"Reviewed DECODE semantic role, source label, source workflow context, and direct-neighbor context. This is a draft for expert review, not an authoritative ontology definition.","Decide: strict H2KG alias, existing H2KG mapping, new reusable H2KG term, or retain reviewed DECODE anchor.",needs_human_review,,,,"[{""iri"": ""https://w3id.org/h2kg/hydrogen-ontology#XRayComputedTomographyImaging"", ""label"": ""X Ray Computed Tomography Imaging"", ""score"": 0.641}, {""iri"": ""https://w3id.org/h2kg/hydrogen-ontology#XRayCTInstrument"", ""label"": ""X Ray CT Instrument"", ""score"": 0.6}, {""iri"": ""https://w3id.org/h2kg/hydrogen-ontology#XRayComputedTomographyMeasurement"", ""label"": ""X Ray Computed Tomography Measurement"", ""score"": 0.6}]",GDL substrate 3D voxel data classified; GDL substrate 3D voxel data raw; GDL substrate 3D voxel data wet classified; GDL substrate 3D voxel data wet operando classified; GDL substrate 3D voxel data wet operando raw; GDL substrate 3D voxel data wet raw; MPL X-ray 3D voxel data classified; MPL X-ray 3D voxel data raw; MPL X-ray 3D voxel data wet classified; MPL X-ray 3D voxel data wet operando classified; MPL X-ray 3D voxel data wet operando raw; MPL X-ray 3D voxel data wet raw
https://w3id.org/h2kg/decode/workflow/concept/image-classification-on-nm-scale-method,Image classification on nm scale,,Process,https://w3id.org/h2kg/hydrogen-ontology#Process,24,ai-based-generation-of-structural-digital-twins-of-multi-scale-tomographies; fib-measurements-on-gdl-or-mpl-and-catalyst-materials; fib-sem-on-cl-material; image-classification-on-nm-scale; image-fib-tomography-dataparameter-extraction-3d; ionomer-reconstruction-in-ccl-3d-images; lab-ct-measurements-on-gdl-or-mpl-materials; simulation-of-single-phase-3d-apparent-properties; simulation-of-two-phase-3d-apparent-properties; synch-ct-measurements-on-gdl-or-mpl-materials; voxel-based-3d-effective-diffusivity-simulation; voxel-based-3d-electric-conductiviy-simulation; voxel-based-3d-permability-simulation; voxel-based-3d-thermal-conductivity-simulation; water-retention-curve-simulation,reviewed_decode,reviewed_decode_anchor,https://w3id.org/h2kg/decode/workflow/anchor/image-classification-on-nm-scale-method,"A computational, analytical, transformation, or generic workflow process denoted ""Image classification on nm scale"" in DECODE hydrogen-electrochemistry workflows.",,"Reviewed DECODE semantic role, source label, source workflow context, and direct-neighbor context. This is a draft for expert review, not an authoritative ontology definition.","Decide: strict H2KG alias, existing H2KG mapping, new reusable H2KG term, or retain reviewed DECODE anchor.",needs_human_review,,,,"[{""iri"": ""https://w3id.org/h2kg/hydrogen-ontology#ActivationMechanismTimeScale"", ""label"": ""Activation Mechanism Time Scale"", ""score"": 0.571}, {""iri"": ""https://w3id.org/h2kg/hydrogen-ontology#MembraneImmobilizationOnPyrexGlass"", ""label"": ""Membrane Immobilization On Pyrex Glass"", ""score"": 0.571}, {""iri"": ""https://w3id.org/h2kg/hydrogen-ontology#NiFractionInNiPlusMg"", ""label"": ""Ni Fraction In Ni Plus Mg"", ""score"": 0.561}]",CCL 3D voxel data classified; CCL 3D voxel data raw; MPL 3D voxel data classified; MPL 3D voxel data raw
https://w3id.org/h2kg/decode/workflow/concept/image-classification-on-tem-data-method,Image classification on TEM data,,Process,https://w3id.org/h2kg/hydrogen-ontology#Process,6,distribution-of-contact-angles-in-ccl-fib-sem-image-from-ionomer-reconstruction; electron-tomography-for-pt-c-and-ionomer-distribution-in-cl; high-resolution-electron-tomography-for-accessing-pt-and-ionomer-distribution-on-carbon-aggregate; image-based-ccl-effective-transport-property-computation-from-numerical-simulations; image-classification-on-tem-data; image-tem-data-parameter-extraction-3d,reviewed_decode,reviewed_decode_anchor,https://w3id.org/h2kg/decode/workflow/anchor/image-classification-on-tem-data-method,"A computational, analytical, transformation, or generic workflow process denoted ""Image classification on TEM data"" in DECODE hydrogen-electrochemistry workflows.",,"Reviewed DECODE semantic role, source label, source workflow context, and direct-neighbor context. This is a draft for expert review, not an authoritative ontology definition.","Decide: strict H2KG alias, existing H2KG mapping, new reusable H2KG term, or retain reviewed DECODE anchor.",needs_human_review,,,,"[{""iri"": ""https://w3id.org/h2kg/hydrogen-ontology#PreCarbonizationTime"", ""label"": ""Pre Carbonization Time"", ""score"": 0.586}, {""iri"": ""https://w3id.org/h2kg/hydrogen-ontology#Magnification"", ""label"": ""Magnification"", ""score"": 0.571}, {""iri"": ""https://w3id.org/h2kg/hydrogen-ontology#MembraneImmobilizationOnPyrexGlass"", ""label"": ""Membrane Immobilization On Pyrex Glass"", ""score"": 0.571}]",CCL 3D TEM voxel data raw; CCL 3D voxel data classified with ionomer and Pt
https://w3id.org/h2kg/decode/workflow/concept/image-fib-tomography-dataparameter-extraction-3d-data,Image FIB tomography dataparameter extraction 3D,,Process,https://w3id.org/h2kg/hydrogen-ontology#Process,34,0d-particle-population-degradation-model-coupled-with-performance-model-fitting; 0d-particle-population-degradation-model-coupled-with-performance-model-prediction; 0d-particle-population-degradation-model-coupled-with-performance-model-prediction-without-fitting-methods; accelerated-stress-test-ast-on-nanostructured-electrodes; ai-based-generation-of-structural-digital-twins-of-multi-scale-tomographies; cea-mea-model-europium-2d; current-modulated-hydrogen-flow-rate-spectroscopy-ch2s; differential-cell-testing; diffusivities-from-tortuosities; eis-on-nanostructured-electrodes; fib-sem-on-cl-material; fitting-of-the-europium-model; iet-1d-mea-with-water-transport-eis-model; iet-1d-mea-with-water-transport-in-ccl-eis-model; iet-1d-performance-model-for-mea-fitting; iet-1d-performance-model-for-mea-prediction; iet-composition-to-property-model; iet-ink-to-composition-model; image-classification-of-fib-tomography-data; image-classification-on-nm-scale; image-fib-tomography-dataparameter-extraction-3d; inpt-cl-process-model; ionomer-reconstruction-in-ccl-3d-images; irras-operando-or-in-situ-ftir; model-electrochemistry-in-a-rde-cell; modeling-of-mpl-coating-of-gdl; prism-preparation-for-atr-ftir; rotating-ring-disk-electrode-rrde,reviewed_decode,reviewed_decode_anchor,https://w3id.org/h2kg/decode/workflow/anchor/image-fib-tomography-dataparameter-extraction-3d-data,"A computational, analytical, transformation, or generic workflow process denoted ""Image FIB tomography dataparameter extraction 3D"" in DECODE hydrogen-electrochemistry workflows.",,"Reviewed DECODE semantic role, source label, source workflow context, and direct-neighbor context. This is a draft for expert review, not an authoritative ontology definition.","Decide: strict H2KG alias, existing H2KG mapping, new reusable H2KG term, or retain reviewed DECODE anchor.",needs_human_review,,,,"[{""iri"": ""https://w3id.org/h2kg/hydrogen-ontology#TomographicReconstructionDataset"", ""label"": ""Tomographic Reconstruction Dataset"", ""score"": 0.61}, {""iri"": ""https://w3id.org/h2kg/hydrogen-ontology#TomographicProjectionDataset"", ""label"": ""Tomographic Projection Dataset"", ""score"": 0.59}, {""iri"": ""https://w3id.org/h2kg/hydrogen-ontology#ElectronTomographyImaging"", ""label"": ""Electron Tomography Imaging"", ""score"": 0.587}]",CCL 3D voxel data classified; CCL thickness; Catalyst active particle density; Catalyst elemental composition; Catalyst loading; Catalyst support density; Catalyst-support ratio; MPL 3D voxel data classified; MPL density; MPL thickness; Mass of Pt in the membrane (aged)
https://w3id.org/h2kg/decode/workflow/concept/image-parameter-extraction-2d-method,Image parameter extraction 2D,,Process,https://w3id.org/h2kg/hydrogen-ontology#Process,55,0d-particle-population-degradation-model-coupled-with-performance-model-fitting; 0d-particle-population-degradation-model-coupled-with-performance-model-prediction; 0d-particle-population-degradation-model-coupled-with-performance-model-prediction-without-fitting-methods; accelerated-stress-test-ast-on-nanostructured-electrodes; cea-mea-model-europium-2d; current-modulated-hydrogen-flow-rate-spectroscopy-ch2s; differential-cell-testing; diffusivities-from-tortuosities; eis-on-nanostructured-electrodes; electrical-conductivity; electrical-contact-resistance; electrical-tlm-characterization-of-a-gdl-with-defined-compression; fitting-of-the-europium-model; gas-permeability-of-a-gdl-with-defined-compression; iet-1d-mea-with-water-transport-eis-model; iet-1d-mea-with-water-transport-in-ccl-eis-model; iet-1d-performance-model-for-mea-fitting; iet-1d-performance-model-for-mea-prediction; iet-composition-to-property-model; iet-ink-to-composition-model; image-parameter-extraction-2d; ionomer-reconstruction-in-ccl-3d-images; irras-operando-or-in-situ-ftir; model-electrochemistry-in-a-rde-cell; mpl-parameter-estimation-from-gdl-and-substrate-data; prism-preparation-for-atr-ftir; rotating-ring-disk-electrode-rrde; sem-and-edx,reviewed_decode,reviewed_decode_anchor,https://w3id.org/h2kg/decode/workflow/anchor/image-parameter-extraction-2d-method,"A computational, analytical, transformation, or generic workflow process denoted ""Image parameter extraction 2D"" in DECODE hydrogen-electrochemistry workflows.",,"Reviewed DECODE semantic role, source label, source workflow context, and direct-neighbor context. This is a draft for expert review, not an authoritative ontology definition.","Decide: strict H2KG alias, existing H2KG mapping, new reusable H2KG term, or retain reviewed DECODE anchor.",needs_human_review,,,,"[{""iri"": ""https://w3id.org/h2kg/hydrogen-ontology#DipCoatingWithdrawalRate"", ""label"": ""Dip Coating Withdrawal Rate"", ""score"": 0.704}, {""iri"": ""https://w3id.org/h2kg/hydrogen-ontology#LatticeDistortionPercent"", ""label"": ""Lattice Distortion Percent"", ""score"": 0.702}, {""iri"": ""https://w3id.org/h2kg/hydrogen-ontology#InkFormulationSpecificationMeasurement"", ""label"": ""Ink Formulation Specification Measurement"", ""score"": 0.655}]",Binder distribution; CCL cross section 2D pixel data containing surface information of element distributions; CCL thickness; Catalyst active particle density; Catalyst elemental composition; Catalyst loading; Catalyst support density; Catalyst-support ratio; GDL cross section 2D pixel data containing surface information of element distributions; GDL substrate cross section 2D pixel data containing surface information of element distributions; GDL substrate density; GDL substrate thickness; GDL thickness; MPL cross section 2D pixel data containing surface information of element distributions; MPL density; MPL thickness; Mass of Pt in the membrane (aged); Teflon distribution
https://w3id.org/h2kg/decode/workflow/concept/image-tem-data-parameter-extraction-3d-method,Image TEM data parameter extraction 3D,,Process,https://w3id.org/h2kg/hydrogen-ontology#Process,12,0d-particle-population-degradation-model-coupled-with-performance-model-prediction; 0d-particle-population-degradation-model-coupled-with-performance-model-prediction-without-fitting-methods; 0d-particle-population-degradation-model-prediction; determination-of-cl-saturation-by-saxs-or-sans; electron-tomography-for-pt-c-and-ionomer-distribution-in-cl; high-resolution-electron-tomography-for-accessing-pt-and-ionomer-distribution-on-carbon-aggregate; iet-composition-to-property-model; iet-ink-to-composition-model; image-classification-on-tem-data; image-tem-data-parameter-extraction-3d; inpt-cl-process-model; ionomer-reconstruction-in-ccl-3d-images,reviewed_decode,reviewed_decode_anchor,https://w3id.org/h2kg/decode/workflow/anchor/image-tem-data-parameter-extraction-3d-method,"A computational, analytical, transformation, or generic workflow process denoted ""Image TEM data parameter extraction 3D"" in DECODE hydrogen-electrochemistry workflows.",,"Reviewed DECODE semantic role, source label, source workflow context, and direct-neighbor context. This is a draft for expert review, not an authoritative ontology definition.","Decide: strict H2KG alias, existing H2KG mapping, new reusable H2KG term, or retain reviewed DECODE anchor.",needs_human_review,,,,"[{""iri"": ""https://w3id.org/h2kg/hydrogen-ontology#LatticeDistortionPercent"", ""label"": ""Lattice Distortion Percent"", ""score"": 0.606}, {""iri"": ""https://w3id.org/h2kg/hydrogen-ontology#DipCoatingWithdrawalRate"", ""label"": ""Dip Coating Withdrawal Rate"", ""score"": 0.603}, {""iri"": ""https://w3id.org/h2kg/hydrogen-ontology#SemiEmpiricalParameterA"", ""label"": ""Semi Empirical Parameter A"", ""score"": 0.594}]",CCL 3D voxel data classified with ionomer and Pt; CCL ionomer distribution statistics; CCL structural parameters; Catalyst active particle density; Catalyst active particle diameter; Catalyst active particle radius distribution; Catalyst morphology; Catalyst support particle diameter; Catalyst-support ratio; Electrocatalyst structure
https://w3id.org/h2kg/decode/workflow/concept/image-x-ray-tomography-data-parameter-extraction-3d-data,Image X-ray tomography data parameter extraction 3D,,Process,https://w3id.org/h2kg/hydrogen-ontology#Process,42,ai-based-generation-of-structural-digital-twins-of-multi-scale-tomographies; cea-mea-model-europium-2d; current-modulated-hydrogen-flow-rate-spectroscopy-ch2s; diffusivities-from-tortuosities; electrical-conductivity; electrical-contact-resistance; electrical-tlm-characterization-of-a-gdl-with-defined-compression; fitting-of-the-europium-model; gas-permeability-of-a-gdl-with-defined-compression; iet-1d-mea-with-water-transport-eis-model; iet-1d-performance-model-for-mea-prediction; image-classification-of-x-ray-tomography-data; image-x-ray-tomography-data-parameter-extraction-3d; modeling-of-hydrophobic-treatment-of-gdl; modeling-of-mpl-coating-of-gdl; mpl-parameter-estimation-from-gdl-and-substrate-data; mpl-saturation-determination-from-x-ray-ct-data,reviewed_decode,reviewed_decode_anchor,https://w3id.org/h2kg/decode/workflow/anchor/image-x-ray-tomography-data-parameter-extraction-3d-data,"A computational, analytical, transformation, or generic workflow process denoted ""Image X-ray tomography data parameter extraction 3D"" in DECODE hydrogen-electrochemistry workflows.",,"Reviewed DECODE semantic role, source label, source workflow context, and direct-neighbor context. This is a draft for expert review, not an authoritative ontology definition.","Decide: strict H2KG alias, existing H2KG mapping, new reusable H2KG term, or retain reviewed DECODE anchor.",needs_human_review,,,,"[{""iri"": ""https://w3id.org/h2kg/hydrogen-ontology#XRayComputedTomographyMeasurement"", ""label"": ""X Ray Computed Tomography Measurement"", ""score"": 0.614}, {""iri"": ""https://w3id.org/h2kg/hydrogen-ontology#XRayCTInstrument"", ""label"": ""X Ray CT Instrument"", ""score"": 0.605}, {""iri"": ""https://w3id.org/h2kg/hydrogen-ontology#XRayComputedTomographyImaging"", ""label"": ""X Ray Computed Tomography Imaging"", ""score"": 0.605}]",GDL substrate 3D voxel data classified; GDL substrate 3D voxel data wet classified; GDL substrate 3D voxel data wet operando classified; GDL substrate average pore radius; GDL substrate pore size distribution; GDL substrate porosity; GDL substrate saturation; GDL substrate saturation profiles; GDL substrate structural parameters; GDL substrate thickness; GDL substrate water retention curve; MPL X-ray 3D voxel data classified; MPL X-ray 3D voxel data wet classified; MPL X-ray 3D voxel data wet operando classified; MPL saturation; MPL saturation maps; MPL thickness
https://w3id.org/h2kg/decode/workflow/concept/impregnation-by-immersion-and-blade-coating-process,Impregnation by immersion and blade coating,,Manufacturing,https://w3id.org/h2kg/hydrogen-ontology#Manufacturing,27,cl-for-rde; contact-angle-extraction-of-ct-data; ct-based-capillary-pressure-saturation-curves; determination-of-cl-saturation-by-saxs-or-sans; dropcasted-ink-on-gc-tips; electrical-conductivity; electrical-contact-resistance; electrical-tlm-characterization-of-a-gdl-with-defined-compression; electrospray-deposition-of-catalyst-layers; external-contact-angle-of-a-gdl; fib-measurements-on-gdl-or-mpl-and-catalyst-materials; gas-permeability-of-a-gdl-with-defined-compression; gde-catalytic-layer-preparation; gde-cell-for-electrochemical-studies; gdl-compressability; hg-porosimetry-gdl; impregnation-by-immersion-and-blade-coating; lab-ct-measurements-on-gdl-or-mpl-materials; mea-assembly-for-pefc-ref-mea; mechanical-properties-of-catalyst-layers-gdls-and-meas-by-small-punch-and-nanoindentation; mpl-saturation-determination-from-x-ray-ct-data; neutron-imaging; pulsed-gas-analysis; sem-and-edx; sem-and-fib-layer; synch-ct-measurements-on-gdl-or-mpl-materials; wilhelmy-wettability-measurement,reviewed_decode,reviewed_decode_anchor,https://w3id.org/h2kg/decode/workflow/anchor/impregnation-by-immersion-and-blade-coating-process,"A fabrication, preparation, deposition, assembly, or conditioning operation denoted ""Impregnation by immersion and blade coating"" in DECODE hydrogen-electrochemistry workflows.",,"Reviewed DECODE semantic role, source label, source workflow context, and direct-neighbor context. This is a draft for expert review, not an authoritative ontology definition.","Decide: strict H2KG alias, existing H2KG mapping, new reusable H2KG term, or retain reviewed DECODE anchor.",needs_human_review,,,,"[{""iri"": ""https://w3id.org/h2kg/hydrogen-ontology#IonomerCoatingSimulation"", ""label"": ""Ionomer Coating Simulation"", ""score"": 0.58}, {""iri"": ""https://w3id.org/h2kg/hydrogen-ontology#DipCoatingWithdrawalRate"", ""label"": ""Dip Coating Withdrawal Rate"", ""score"": 0.559}, {""iri"": ""https://w3id.org/h2kg/hydrogen-ontology#ReactionAreaPositionInCatalystLayer"", ""label"": ""Reaction Area Position In Catalyst Layer"", ""score"": 0.554}]",GDL; GDL substrate (without PTFE); Hydrophobic treatment ink; MPL ink
https://w3id.org/h2kg/decode/workflow/concept/in-situ-fourier-transformed-ir-in-atr-configuration-method,In Situ Fourier Transformed IR in ATR configuration,,Parameter,https://w3id.org/h2kg/hydrogen-ontology#Parameter,4,dft-onto-idealized-surfaces; iet-ink-to-composition-model; in-situ-fourier-transformed-ir-in-atr-configuration; prism-preparation-for-atr-ftir,reviewed_decode,reviewed_decode_anchor,https://w3id.org/h2kg/decode/workflow/anchor/in-situ-fourier-transformed-ir-in-atr-configuration-method,"A specified, controlled, reported, or model-input condition or quantity denoted ""In Situ Fourier Transformed IR in ATR configuration"" in DECODE hydrogen-electrochemistry workflows. Source context: pH from ~1 to ~13, but more robust in the acidic region due to better established tools.","pH from ~1 to ~13, but more robust in the acidic region due to better established tools.","Reviewed DECODE semantic role, source label, source workflow context, and direct-neighbor context. This is a draft for expert review, not an authoritative ontology definition.","Decide: strict H2KG alias, existing H2KG mapping, new reusable H2KG term, or retain reviewed DECODE anchor.",needs_human_review,,,,[],ATR-FTIR cell temperature; ATR-FTIR electrochemical protocol; ATR-FTIR electrochemical response; ATR-FTIR electrode; Adsorbate conformation on electrode (idealized); Adsorbate coverage on electrode (idealized); Adsorbate types on electrode (idealized); Electrolyte; Electrolyte flow rate; Ionomer contact angles; LRE species distribution (idealized)
https://w3id.org/h2kg/decode/workflow/concept/inert-substrate-component,Inert substrate,component,Matter,https://w3id.org/h2kg/hydrogen-ontology#Matter,3,blade-coating-and-decal-transfer-for-ref-pefc-ccm; electrospray-deposition-of-catalyst-layers; ultrasonic-spray-deposition-for-catalytic-layers,reviewed_decode,reviewed_decode_anchor,https://w3id.org/h2kg/decode/workflow/anchor/inert-substrate-component,"A material, component, chemical species, phase, specimen, or assembly denoted ""Inert substrate"" in DECODE hydrogen-electrochemistry workflows.",,"Reviewed DECODE semantic role, source label, source workflow context, and direct-neighbor context. This is a draft for expert review, not an authoritative ontology definition.","Decide: strict H2KG alias, existing H2KG mapping, new reusable H2KG term, or retain reviewed DECODE anchor.",needs_human_review,,,,"[{""iri"": ""https://w3id.org/h2kg/hydrogen-ontology#PETSubstrate"", ""label"": ""PET Substrate"", ""score"": 0.857}, {""iri"": ""https://w3id.org/h2kg/hydrogen-ontology#NickelPlateSubstrate"", ""label"": ""Nickel Plate Substrate"", ""score"": 0.815}, {""iri"": ""https://w3id.org/h2kg/hydrogen-ontology#SiliconWaferSubstrate"", ""label"": ""Silicon Wafer Substrate"", ""score"": 0.815}]",Blade coating and Decal transfer for ref PEFC CCM; Electrospray deposition of Catalyst Layers; Ultrasonic spray deposition for catalytic layers
https://w3id.org/h2kg/decode/workflow/concept/information-on-corrosion-device,Information on corrosion,device,Metadata,https://w3id.org/h2kg/hydrogen-ontology#Metadata,1,additional-measurements-on-pewe-during-operation,reviewed_decode,reviewed_decode_anchor,https://w3id.org/h2kg/decode/workflow/anchor/information-on-corrosion-device,"Contextual, descriptive, or provenance information denoted ""Information on corrosion"" in DECODE hydrogen-electrochemistry workflows.",,"Reviewed DECODE semantic role, source label, source workflow context, and direct-neighbor context. This is a draft for expert review, not an authoritative ontology definition.","Decide: strict H2KG alias, existing H2KG mapping, new reusable H2KG term, or retain reviewed DECODE anchor.",needs_human_review,,,,"[{""iri"": ""https://w3id.org/h2kg/hydrogen-ontology#CatalystToNafionWeightRatio"", ""label"": ""Catalyst To Nafion Weight Ratio"", ""score"": 0.652}, {""iri"": ""https://w3id.org/h2kg/hydrogen-ontology#IonomerToCarbonRatio"", ""label"": ""Ionomer To Carbon Ratio"", ""score"": 0.638}, {""iri"": ""https://w3id.org/h2kg/hydrogen-ontology#InkCompositionSpecification"", ""label"": ""Ink Composition Specification"", ""score"": 0.604}]",Additional measurements on PEWE during operation
https://w3id.org/h2kg/decode/workflow/concept/ink-preparation-for-deposition-of-catalytic-layers-process,Ink preparation for deposition of catalytic layers,,Manufacturing,https://w3id.org/h2kg/hydrogen-ontology#Manufacturing,5,blade-coating-and-decal-transfer-for-ref-pefc-ccm; electrospray-deposition-of-catalyst-layers; ink-preparation-for-deposition-of-catalytic-layers; rheology; turbiscan-transmission-and-backscattering-stability-testing,reviewed_decode,reviewed_decode_anchor,https://w3id.org/h2kg/decode/workflow/anchor/ink-preparation-for-deposition-of-catalytic-layers-process,"A fabrication, preparation, deposition, assembly, or conditioning operation denoted ""Ink preparation for deposition of catalytic layers"" in DECODE hydrogen-electrochemistry workflows. Source context: Pt/C: 0.01 - 0.5 mgPt/cm^2 (electrode loading)Ionomer: 0 - 40 wt% (catalyst layer)Solvent: 1 - 10 wt% (ink)",Pt/C: 0.01 - 0.5 mgPt/cm^2 (electrode loading)Ionomer: 0 - 40 wt% (catalyst layer)Solvent: 1 - 10 wt% (ink),"Reviewed DECODE semantic role, source label, source workflow context, and direct-neighbor context. This is a draft for expert review, not an authoritative ontology definition.","Decide: strict H2KG alias, existing H2KG mapping, new reusable H2KG term, or retain reviewed DECODE anchor.",needs_human_review,,,,"[{""iri"": ""https://w3id.org/h2kg/hydrogen-ontology#CatalystLayerCompositionSpecification"", ""label"": ""Catalyst Layer Composition Specification"", ""score"": 0.667}, {""iri"": ""https://w3id.org/h2kg/hydrogen-ontology#CatalystInkPreparation"", ""label"": ""Catalyst Ink Preparation"", ""score"": 0.649}, {""iri"": ""https://w3id.org/h2kg/hydrogen-ontology#IonicResistance"", ""label"": ""Ionic Resistance"", ""score"": 0.619}]",Catalyst ink; Catalyst ink composition; Catalyst powder; Ionomer; Mixing duration; Mixing speed; Solvent
https://w3id.org/h2kg/decode/workflow/concept/inpt-cl-process-model-model,INPT CL process model,,Process,https://w3id.org/h2kg/hydrogen-ontology#Process,12,ai-based-generation-of-structural-digital-twins-of-multi-scale-tomographies; distribution-of-contact-angles-in-ccl-fib-sem-image-from-ionomer-reconstruction; image-based-ccl-effective-transport-property-computation-from-numerical-simulations; image-fib-tomography-dataparameter-extraction-3d; image-tem-data-parameter-extraction-3d; inpt-cl-process-model; ionomer-reconstruction-in-ccl-3d-images; voxel-based-3d-effective-diffusivity-simulation; voxel-based-3d-electric-conductiviy-simulation; voxel-based-3d-permability-simulation; voxel-based-3d-thermal-conductivity-simulation; water-retention-curve-simulation,reviewed_decode,reviewed_decode_anchor,https://w3id.org/h2kg/decode/workflow/anchor/inpt-cl-process-model-model,"A computational, analytical, transformation, or generic workflow process denoted ""INPT CL process model"" in DECODE hydrogen-electrochemistry workflows.",,"Reviewed DECODE semantic role, source label, source workflow context, and direct-neighbor context. This is a draft for expert review, not an authoritative ontology definition.","Decide: strict H2KG alias, existing H2KG mapping, new reusable H2KG term, or retain reviewed DECODE anchor.",needs_human_review,,,,"[{""iri"": ""https://w3id.org/h2kg/hydrogen-ontology#DipCoatingProcess"", ""label"": ""Dip Coating Process"", ""score"": 0.65}, {""iri"": ""https://w3id.org/h2kg/hydrogen-ontology#ModelFitR2"", ""label"": ""Model Fit R 2"", ""score"": 0.647}, {""iri"": ""https://w3id.org/h2kg/hydrogen-ontology#DropCastingProcess"", ""label"": ""Drop Casting Process"", ""score"": 0.634}]",CCL 3D voxel data classified; CCL 3D voxel data classified with ionomer and Pt; CCL coating process parameters; Catalyst ink composition
https://w3id.org/h2kg/decode/workflow/concept/instruments-for-mixing-and-deposition-process,Instruments for mixing and deposition,process,Instrument,https://w3id.org/h2kg/hydrogen-ontology#Instrument,2,cl-for-rde; gde-catalytic-layer-preparation,reviewed_decode,reviewed_decode_anchor,https://w3id.org/h2kg/decode/workflow/anchor/instruments-for-mixing-and-deposition-process,"An apparatus, device, or experimental platform denoted ""Instruments for mixing and deposition"" in DECODE hydrogen-electrochemistry workflows.",,"Reviewed DECODE semantic role, source label, source workflow context, and direct-neighbor context. This is a draft for expert review, not an authoritative ontology definition.","Decide: strict H2KG alias, existing H2KG mapping, new reusable H2KG term, or retain reviewed DECODE anchor.",needs_human_review,,,,"[{""iri"": ""https://w3id.org/h2kg/hydrogen-ontology#DepositionPotential"", ""label"": ""Deposition Potential"", ""score"": 0.596}, {""iri"": ""https://w3id.org/h2kg/hydrogen-ontology#SputterCoating"", ""label"": ""Sputter Coating"", ""score"": 0.586}, {""iri"": ""https://w3id.org/h2kg/hydrogen-ontology#CarbonNanotubeDecompositionOnsetTemperature"", ""label"": ""Carbon Nanotube Decomposition Onset Temperature"", ""score"": 0.571}]",CL for RDE; GDE Catalytic Layer Preparation
https://w3id.org/h2kg/decode/workflow/concept/interaction-coefficients-between-adsorbates-lre,Interaction coefficients between adsorbates,LRE,Property,https://w3id.org/h2kg/hydrogen-ontology#Property,2,dft-onto-idealized-surfaces; hierarchical-model-for-electrocatalytic-reactions,reviewed_decode,reviewed_decode_anchor,https://w3id.org/h2kg/decode/workflow/anchor/interaction-coefficients-between-adsorbates-lre,"A measurable, calculated, or derived scientific characteristic denoted ""Interaction coefficients between adsorbates"" in DECODE hydrogen-electrochemistry workflows.",,"Reviewed DECODE semantic role, source label, source workflow context, and direct-neighbor context. This is a draft for expert review, not an authoritative ontology definition.","Decide: strict H2KG alias, existing H2KG mapping, new reusable H2KG term, or retain reviewed DECODE anchor.",needs_human_review,,,,"[{""iri"": ""https://w3id.org/h2kg/hydrogen-ontology#ChargeTransferCoefficient"", ""label"": ""Charge Transfer Coefficient"", ""score"": 0.571}, {""iri"": ""https://w3id.org/h2kg/hydrogen-ontology#ExchangeCoefficient"", ""label"": ""Exchange Coefficient"", ""score"": 0.571}, {""iri"": ""https://w3id.org/h2kg/hydrogen-ontology#CoefficientOfDeterminationR2"", ""label"": ""Coefficient Of Determination R 2"", ""score"": 0.563}]",DFT onto idealized surfaces; Hierarchical model for electrocatalytic reactions
https://w3id.org/h2kg/decode/workflow/concept/ionomer-material,Ionomer,material,Matter,https://w3id.org/h2kg/hydrogen-ontology#Matter,8,cl-for-rde; dropcasted-ink-on-gc-tips; gde-catalytic-layer-preparation; ink-preparation-for-deposition-of-catalytic-layers; irras-operando-or-in-situ-ftir; prism-preparation-for-atr-ftir; roller-mixer-and-zirconia-beads-for-ref-pefc-inks; ultrasonic-spray-deposition-for-catalytic-layers,reviewed_decode,reviewed_decode_anchor,https://w3id.org/h2kg/decode/workflow/anchor/ionomer-material,"A material, component, chemical species, phase, specimen, or assembly denoted ""Ionomer"" in DECODE hydrogen-electrochemistry workflows.",,"Reviewed DECODE semantic role, source label, source workflow context, and direct-neighbor context. This is a draft for expert review, not an authoritative ontology definition.","Decide: strict H2KG alias, existing H2KG mapping, new reusable H2KG term, or retain reviewed DECODE anchor.",needs_human_review,,,,"[{""iri"": ""https://w3id.org/h2kg/hydrogen-ontology#IonomerThinFilmPermeability"", ""label"": ""Ionomer Thin Film Permeability"", ""score"": 1.0}, {""iri"": ""https://w3id.org/h2kg/hydrogen-ontology#OxygenDiffusionCoefficientInIonomer"", ""label"": ""Oxygen Diffusion Coefficient In Ionomer"", ""score"": 0.933}, {""iri"": ""https://w3id.org/h2kg/hydrogen-ontology#IonomerOxygenTransportResistanceComponent"", ""label"": ""Ionomer Oxygen Transport Resistance Component"", ""score"": 0.875}]",CL for RDE; Dropcasted Ink on GC Tips; GDE Catalytic Layer Preparation; IRRAS operando/in-situ FTIR; Ink preparation for deposition of catalytic layers; Prism Preparation for ATR-FTIR; Roller mixer and zirconia beads for ref PEFC inks; Ultrasonic spray deposition for catalytic layers
https://w3id.org/h2kg/decode/workflow/concept/ionomer-chemical-structure-material,Ionomer chemical structure,material,Property,https://w3id.org/h2kg/hydrogen-ontology#Property,1,molecular-dynamics-for-the-electrode-electrolyte-interface-in-presence-of-ionomer,reviewed_decode,reviewed_decode_anchor,https://w3id.org/h2kg/decode/workflow/anchor/ionomer-chemical-structure-material,"A measurable, calculated, or derived scientific characteristic denoted ""Ionomer chemical structure"" in DECODE hydrogen-electrochemistry workflows.",,"Reviewed DECODE semantic role, source label, source workflow context, and direct-neighbor context. This is a draft for expert review, not an authoritative ontology definition.","Decide: strict H2KG alias, existing H2KG mapping, new reusable H2KG term, or retain reviewed DECODE anchor.",needs_human_review,,,,"[{""iri"": ""https://w3id.org/h2kg/hydrogen-ontology#CatalystInkStructureDataset"", ""label"": ""Catalyst Ink Structure Dataset"", ""score"": 0.667}, {""iri"": ""https://w3id.org/h2kg/hydrogen-ontology#PrintedCNTStructureHeight"", ""label"": ""Printed CNT Structure Height"", ""score"": 0.667}, {""iri"": ""https://w3id.org/h2kg/hydrogen-ontology#PrintedCompositeStructure"", ""label"": ""Printed Composite Structure"", ""score"": 0.642}]",Molecular Dynamics for the Electrode | Electrolyte Interface in presence of ionomer
https://w3id.org/h2kg/decode/workflow/concept/ionomer-contact-angles-material,Ionomer contact angles,material,Property,https://w3id.org/h2kg/hydrogen-ontology#Property,3,iet-ink-to-composition-model; in-situ-fourier-transformed-ir-in-atr-configuration; molecular-dynamics-for-the-electrode-electrolyte-interface-in-presence-of-ionomer,reviewed_decode,reviewed_decode_anchor,https://w3id.org/h2kg/decode/workflow/anchor/ionomer-contact-angles-material,"A measurable, calculated, or derived scientific characteristic denoted ""Ionomer contact angles"" in DECODE hydrogen-electrochemistry workflows.",,"Reviewed DECODE semantic role, source label, source workflow context, and direct-neighbor context. This is a draft for expert review, not an authoritative ontology definition.","Decide: strict H2KG alias, existing H2KG mapping, new reusable H2KG term, or retain reviewed DECODE anchor.",needs_human_review,,,,"[{""iri"": ""https://w3id.org/h2kg/hydrogen-ontology#ContactAngleGoniometer"", ""label"": ""Contact Angle Goniometer"", ""score"": 0.87}, {""iri"": ""https://w3id.org/h2kg/hydrogen-ontology#ContactAngle"", ""label"": ""Contact Angle"", ""score"": 0.78}, {""iri"": ""https://w3id.org/h2kg/hydrogen-ontology#ContactAngleMeasurement"", ""label"": ""Contact Angle Measurement"", ""score"": 0.75}]",IET ink to composition model; In Situ Fourier Transformed IR in ATR configuration; Molecular Dynamics for the Electrode | Electrolyte Interface in presence of ionomer
https://w3id.org/h2kg/decode/workflow/concept/ionomer-density-dry-material,Ionomer density (dry),material,Property,https://w3id.org/h2kg/hydrogen-ontology#Property,4,0d-particle-population-degradation-model-coupled-with-performance-model-prediction; 0d-particle-population-degradation-model-coupled-with-performance-model-prediction-without-fitting-methods; iet-ink-to-composition-model; molecular-dynamics-for-the-electrode-electrolyte-interface-in-presence-of-ionomer,reviewed_decode,reviewed_decode_anchor,https://w3id.org/h2kg/decode/workflow/anchor/ionomer-density-dry-material,"A measurable, calculated, or derived scientific characteristic denoted ""Ionomer density (dry)"" in DECODE hydrogen-electrochemistry workflows.",,"Reviewed DECODE semantic role, source label, source workflow context, and direct-neighbor context. This is a draft for expert review, not an authoritative ontology definition.","Decide: strict H2KG alias, existing H2KG mapping, new reusable H2KG term, or retain reviewed DECODE anchor.",needs_human_review,,,,"[{""iri"": ""https://w3id.org/h2kg/hydrogen-ontology#FeN4SiteDensity"", ""label"": ""Fe N 4 Site Density"", ""score"": 0.706}, {""iri"": ""https://w3id.org/h2kg/hydrogen-ontology#DispersionMediumDensity"", ""label"": ""Dispersion Medium Density"", ""score"": 0.698}, {""iri"": ""https://w3id.org/h2kg/hydrogen-ontology#PowerDensity"", ""label"": ""Power Density"", ""score"": 0.688}]",0D Particle population degradation model coupled with performance model (prediction); IET ink to composition model; Molecular Dynamics for the Electrode | Electrolyte Interface in presence of ionomer
https://w3id.org/h2kg/decode/workflow/concept/ionomer-film-thickness-lre,Ionomer film thickness,LRE,Property,https://w3id.org/h2kg/hydrogen-ontology#Property,2,molecular-dynamics-for-the-electrode-electrolyte-interface-in-presence-of-ionomer; tem-and-eds-analysis-of-mea,approved_h2kg,strict_alt_label,https://w3id.org/h2kg/hydrogen-ontology#IonomerFilmThickness,"A measurable, calculated, or derived scientific characteristic denoted ""Ionomer film thickness"" in DECODE hydrogen-electrochemistry workflows.",,"Reviewed DECODE semantic role, source label, source workflow context, and direct-neighbor context. This is a draft for expert review, not an authoritative ontology definition.",Verify against the canonical H2KG definition and retain only a true synonym.,needs_human_review,,,,"[{""iri"": ""https://w3id.org/h2kg/hydrogen-ontology#IonomerFilmThickness"", ""label"": ""Ionomer Film Thickness"", ""score"": 1.0}, {""iri"": ""https://w3id.org/h2kg/hydrogen-ontology#IonomerThinFilmThickness"", ""label"": ""Ionomer Thin Film Thickness"", ""score"": 0.898}, {""iri"": ""https://w3id.org/h2kg/hydrogen-ontology#IonomerFilm"", ""label"": ""Ionomer Film"", ""score"": 0.872}]",Molecular Dynamics for the Electrode | Electrolyte Interface in presence of ionomer; TEM and EDS analysis of MEA
https://w3id.org/h2kg/decode/workflow/concept/ionomer-gas-diffusivities-component,Ionomer gas diffusivities,component,Matter,https://w3id.org/h2kg/hydrogen-ontology#Matter,2,cea-mea-model-europium-2d; fitting-of-the-europium-model,reviewed_decode,reviewed_decode_anchor,https://w3id.org/h2kg/decode/workflow/anchor/ionomer-gas-diffusivities-component,"A material, component, chemical species, phase, specimen, or assembly denoted ""Ionomer gas diffusivities"" in DECODE hydrogen-electrochemistry workflows.",,"Reviewed DECODE semantic role, source label, source workflow context, and direct-neighbor context. This is a draft for expert review, not an authoritative ontology definition.","Decide: strict H2KG alias, existing H2KG mapping, new reusable H2KG term, or retain reviewed DECODE anchor.",needs_human_review,,,,"[{""iri"": ""https://w3id.org/h2kg/hydrogen-ontology#GasDiffusionLayer"", ""label"": ""Gas Diffusion Layer"", ""score"": 0.636}, {""iri"": ""https://w3id.org/h2kg/hydrogen-ontology#TotalGasDiffusionResistance"", ""label"": ""Total Gas Diffusion Resistance"", ""score"": 0.612}, {""iri"": ""https://w3id.org/h2kg/hydrogen-ontology#MolecularDiffusivityInAir"", ""label"": ""Molecular Diffusivity In Air"", ""score"": 0.609}]",CEA MEA model (Europium 2D); Fitting of the Europium model
https://w3id.org/h2kg/decode/workflow/concept/ionomer-gas-sorption-properties-component,Ionomer gas sorption properties,component,Property,https://w3id.org/h2kg/hydrogen-ontology#Property,2,cea-mea-model-europium-2d; fitting-of-the-europium-model,reviewed_decode,reviewed_decode_anchor,https://w3id.org/h2kg/decode/workflow/anchor/ionomer-gas-sorption-properties-component,"A measurable, calculated, or derived scientific characteristic denoted ""Ionomer gas sorption properties"" in DECODE hydrogen-electrochemistry workflows.",,"Reviewed DECODE semantic role, source label, source workflow context, and direct-neighbor context. This is a draft for expert review, not an authoritative ontology definition.","Decide: strict H2KG alias, existing H2KG mapping, new reusable H2KG term, or retain reviewed DECODE anchor.",needs_human_review,,,,"[{""iri"": ""https://w3id.org/h2kg/hydrogen-ontology#IonomerToCatalystMassRatio"", ""label"": ""Ionomer To Catalyst Mass Ratio"", ""score"": 0.607}, {""iri"": ""https://w3id.org/h2kg/hydrogen-ontology#SolventPropertyMeasurement"", ""label"": ""Solvent Property Measurement"", ""score"": 0.604}, {""iri"": ""https://w3id.org/h2kg/hydrogen-ontology#CatalystAndIonomerToPEGRatio"", ""label"": ""Catalyst And Ionomer To PEG Ratio"", ""score"": 0.597}]",CEA MEA model (Europium 2D); Fitting of the Europium model
https://w3id.org/h2kg/decode/workflow/concept/ionomer-initial-film-thickness-material,Ionomer initial film thickness,material,Property,https://w3id.org/h2kg/hydrogen-ontology#Property,1,iet-ink-to-composition-model,reviewed_decode,reviewed_decode_anchor,https://w3id.org/h2kg/decode/workflow/anchor/ionomer-initial-film-thickness-material,"A measurable, calculated, or derived scientific characteristic denoted ""Ionomer initial film thickness"" in DECODE hydrogen-electrochemistry workflows.",,"Reviewed DECODE semantic role, source label, source workflow context, and direct-neighbor context. This is a draft for expert review, not an authoritative ontology definition.","Decide: strict H2KG alias, existing H2KG mapping, new reusable H2KG term, or retain reviewed DECODE anchor.",needs_human_review,,,,"[{""iri"": ""https://w3id.org/h2kg/hydrogen-ontology#IonomerFilmThickness"", ""label"": ""Ionomer Film Thickness"", ""score"": 0.846}, {""iri"": ""https://w3id.org/h2kg/hydrogen-ontology#IonomerThinFilmThickness"", ""label"": ""Ionomer Thin Film Thickness"", ""score"": 0.772}, {""iri"": ""https://w3id.org/h2kg/hydrogen-ontology#EquivalentIonomerFilmThickness"", ""label"": ""Equivalent Ionomer Film Thickness"", ""score"": 0.762}]",IET ink to composition model
https://w3id.org/h2kg/decode/workflow/concept/ionomer-pka-material,Ionomer pKa,material,Matter,https://w3id.org/h2kg/hydrogen-ontology#Matter,1,molecular-dynamics-for-the-electrode-electrolyte-interface-in-presence-of-ionomer,reviewed_decode,reviewed_decode_anchor,https://w3id.org/h2kg/decode/workflow/anchor/ionomer-pka-material,"A material, component, chemical species, phase, specimen, or assembly denoted ""Ionomer pKa"" in DECODE hydrogen-electrochemistry workflows.",,"Reviewed DECODE semantic role, source label, source workflow context, and direct-neighbor context. This is a draft for expert review, not an authoritative ontology definition.","Decide: strict H2KG alias, existing H2KG mapping, new reusable H2KG term, or retain reviewed DECODE anchor.",needs_human_review,,,,"[{""iri"": ""https://w3id.org/h2kg/hydrogen-ontology#PFSAIonomer"", ""label"": ""PFSA Ionomer"", ""score"": 0.87}, {""iri"": ""https://w3id.org/h2kg/hydrogen-ontology#IonomerOxygenTransportResistanceComponent"", ""label"": ""Ionomer Oxygen Transport Resistance Component"", ""score"": 0.8}, {""iri"": ""https://w3id.org/h2kg/hydrogen-ontology#IonomerMass"", ""label"": ""Ionomer Mass"", ""score"": 0.783}]",Molecular Dynamics for the Electrode | Electrolyte Interface in presence of ionomer
https://w3id.org/h2kg/decode/workflow/concept/ionomer-proton-conductivity-material,Ionomer proton conductivity,material,Property,https://w3id.org/h2kg/hydrogen-ontology#Property,3,iet-composition-to-property-model; iet-ink-to-composition-model; image-based-ccl-effective-transport-property-computation-from-numerical-simulations,reviewed_decode,reviewed_decode_anchor,https://w3id.org/h2kg/decode/workflow/anchor/ionomer-proton-conductivity-material,"A measurable, calculated, or derived scientific characteristic denoted ""Ionomer proton conductivity"" in DECODE hydrogen-electrochemistry workflows.",,"Reviewed DECODE semantic role, source label, source workflow context, and direct-neighbor context. This is a draft for expert review, not an authoritative ontology definition.","Decide: strict H2KG alias, existing H2KG mapping, new reusable H2KG term, or retain reviewed DECODE anchor.",needs_human_review,,,,"[{""iri"": ""https://w3id.org/h2kg/hydrogen-ontology#EffectiveIonicConductivity"", ""label"": ""Effective Ionic Conductivity"", ""score"": 0.826}, {""iri"": ""https://w3id.org/h2kg/hydrogen-ontology#ProtonConductivityMeasurement"", ""label"": ""Proton Conductivity Measurement"", ""score"": 0.826}, {""iri"": ""https://w3id.org/h2kg/hydrogen-ontology#ProtonConductLayer"", ""label"": ""Proton Conduct Layer"", ""score"": 0.723}]",IET composition to property model; IET ink to composition model; Image based CCL effective transport property computation from numerical simulations
https://w3id.org/h2kg/decode/workflow/concept/ionomer-reconstruction-in-ccl-3d-images-method,Ionomer reconstruction in CCL 3D images,,Process,https://w3id.org/h2kg/hydrogen-ontology#Process,11,ai-based-generation-of-structural-digital-twins-of-multi-scale-tomographies; distribution-of-contact-angles-in-ccl-fib-sem-image-from-ionomer-reconstruction; fib-sem-on-cl-material; image-based-ccl-effective-transport-property-computation-from-numerical-simulations; image-classification-of-fib-tomography-data; image-classification-on-nm-scale; image-fib-tomography-dataparameter-extraction-3d; image-parameter-extraction-2d; image-tem-data-parameter-extraction-3d; inpt-cl-process-model; ionomer-reconstruction-in-ccl-3d-images,reviewed_decode,reviewed_decode_anchor,https://w3id.org/h2kg/decode/workflow/anchor/ionomer-reconstruction-in-ccl-3d-images-method,"A computational, analytical, transformation, or generic workflow process denoted ""Ionomer reconstruction in CCL 3D images"" in DECODE hydrogen-electrochemistry workflows. Source context: CCL initial state (dry).",CCL initial state (dry).,"Reviewed DECODE semantic role, source label, source workflow context, and direct-neighbor context. This is a draft for expert review, not an authoritative ontology definition.","Decide: strict H2KG alias, existing H2KG mapping, new reusable H2KG term, or retain reviewed DECODE anchor.",needs_human_review,,,,"[{""iri"": ""https://w3id.org/h2kg/hydrogen-ontology#IonomerDispersionPropertyCompilation"", ""label"": ""Ionomer Dispersion Property Compilation"", ""score"": 0.627}, {""iri"": ""https://w3id.org/h2kg/hydrogen-ontology#IonomerCoatingSimulation"", ""label"": ""Ionomer Coating Simulation"", ""score"": 0.585}, {""iri"": ""https://w3id.org/h2kg/hydrogen-ontology#IonomerInterParticleDistance"", ""label"": ""Ionomer Inter Particle Distance"", ""score"": 0.563}]",CCL 3D voxel data classified; CCL 3D voxel data classified with ionomer and Pt; CCL ionomer distribution statistics; Catalyst loading; I/C-ratio
https://w3id.org/h2kg/decode/workflow/concept/ionomer-water-diffusivity-component,Ionomer water diffusivity,component,Property,https://w3id.org/h2kg/hydrogen-ontology#Property,2,cea-mea-model-europium-2d; fitting-of-the-europium-model,reviewed_decode,reviewed_decode_anchor,https://w3id.org/h2kg/decode/workflow/anchor/ionomer-water-diffusivity-component,"A measurable, calculated, or derived scientific characteristic denoted ""Ionomer water diffusivity"" in DECODE hydrogen-electrochemistry workflows.",,"Reviewed DECODE semantic role, source label, source workflow context, and direct-neighbor context. This is a draft for expert review, not an authoritative ontology definition.","Decide: strict H2KG alias, existing H2KG mapping, new reusable H2KG term, or retain reviewed DECODE anchor.",needs_human_review,,,,"[{""iri"": ""https://w3id.org/h2kg/hydrogen-ontology#MolecularDiffusivityInAir"", ""label"": ""Molecular Diffusivity In Air"", ""score"": 0.696}, {""iri"": ""https://w3id.org/h2kg/hydrogen-ontology#EffectiveOxygenDiffusionCoefficient"", ""label"": ""Effective Oxygen Diffusion Coefficient"", ""score"": 0.651}, {""iri"": ""https://w3id.org/h2kg/hydrogen-ontology#OxygenDiffusionCoefficientInIonomer"", ""label"": ""Oxygen Diffusion Coefficient In Ionomer"", ""score"": 0.651}]",CEA MEA model (Europium 2D); Fitting of the Europium model
https://w3id.org/h2kg/decode/workflow/concept/ionomer-water-sorption-properties-component,Ionomer water sorption properties,component,Property,https://w3id.org/h2kg/hydrogen-ontology#Property,3,cea-mea-model-europium-2d; determination-of-cl-saturation-by-saxs-or-sans; fitting-of-the-europium-model,reviewed_decode,reviewed_decode_anchor,https://w3id.org/h2kg/decode/workflow/anchor/ionomer-water-sorption-properties-component,"A measurable, calculated, or derived scientific characteristic denoted ""Ionomer water sorption properties"" in DECODE hydrogen-electrochemistry workflows.",,"Reviewed DECODE semantic role, source label, source workflow context, and direct-neighbor context. This is a draft for expert review, not an authoritative ontology definition.","Decide: strict H2KG alias, existing H2KG mapping, new reusable H2KG term, or retain reviewed DECODE anchor.",needs_human_review,,,,"[{""iri"": ""https://w3id.org/h2kg/hydrogen-ontology#SolventPropertyMeasurement"", ""label"": ""Solvent Property Measurement"", ""score"": 0.618}, {""iri"": ""https://w3id.org/h2kg/hydrogen-ontology#SolventPhysicalPropertyCompilation"", ""label"": ""Solvent Physical Property Compilation"", ""score"": 0.61}, {""iri"": ""https://w3id.org/h2kg/hydrogen-ontology#PtPoisoningByIonomer"", ""label"": ""Pt Poisoning by Ionomer"", ""score"": 0.607}]",CEA MEA model (Europium 2D); Determination of CL saturation by SAXS/SANS; Fitting of the Europium model
https://w3id.org/h2kg/decode/workflow/concept/ionomer-catalyst-adsorption-energy-material,Ionomer-catalyst adsorption energy,material,Property,https://w3id.org/h2kg/hydrogen-ontology#Property,1,molecular-dynamics-for-the-electrode-electrolyte-interface-in-presence-of-ionomer,reviewed_decode,reviewed_decode_anchor,https://w3id.org/h2kg/decode/workflow/anchor/ionomer-catalyst-adsorption-energy-material,"A measurable, calculated, or derived scientific characteristic denoted ""Ionomer-catalyst adsorption energy"" in DECODE hydrogen-electrochemistry workflows.",,"Reviewed DECODE semantic role, source label, source workflow context, and direct-neighbor context. This is a draft for expert review, not an authoritative ontology definition.","Decide: strict H2KG alias, existing H2KG mapping, new reusable H2KG term, or retain reviewed DECODE anchor.",needs_human_review,,,,"[{""iri"": ""https://w3id.org/h2kg/hydrogen-ontology#IonomerAdsorptionRatio"", ""label"": ""Ionomer Adsorption Ratio"", ""score"": 0.692}, {""iri"": ""https://w3id.org/h2kg/hydrogen-ontology#IonomerAdsorptionRateMeasurement"", ""label"": ""Ionomer Adsorption Rate Measurement"", ""score"": 0.687}, {""iri"": ""https://w3id.org/h2kg/hydrogen-ontology#IonomerAdsorptionCapacityPerMass"", ""label"": ""Ionomer Adsorption Capacity Per Mass"", ""score"": 0.686}]",Molecular Dynamics for the Electrode | Electrolyte Interface in presence of ionomer
https://w3id.org/h2kg/decode/workflow/concept/ionomer-catalyst-degree-of-alignment-component,Ionomer-catalyst degree of alignment,component,Property,https://w3id.org/h2kg/hydrogen-ontology#Property,1,iet-ink-to-composition-model,reviewed_decode,reviewed_decode_anchor,https://w3id.org/h2kg/decode/workflow/anchor/ionomer-catalyst-degree-of-alignment-component,"A measurable, calculated, or derived scientific characteristic denoted ""Ionomer-catalyst degree of alignment"" in DECODE hydrogen-electrochemistry workflows.",,"Reviewed DECODE semantic role, source label, source workflow context, and direct-neighbor context. This is a draft for expert review, not an authoritative ontology definition.","Decide: strict H2KG alias, existing H2KG mapping, new reusable H2KG term, or retain reviewed DECODE anchor.",needs_human_review,,,,"[{""iri"": ""https://w3id.org/h2kg/hydrogen-ontology#CatalystTransferRate"", ""label"": ""Catalyst Transfer Rate"", ""score"": 0.635}, {""iri"": ""https://w3id.org/h2kg/hydrogen-ontology#CatalystAndIonomerToPEGRatio"", ""label"": ""Catalyst And Ionomer To PEG Ratio"", ""score"": 0.611}, {""iri"": ""https://w3id.org/h2kg/hydrogen-ontology#IonomerToCatalystMassRatio"", ""label"": ""Ionomer To Catalyst Mass Ratio"", ""score"": 0.6}]",IET ink to composition model
https://w3id.org/h2kg/decode/workflow/concept/ionomer-catalyst-dispersion-parameter-component,Ionomer-catalyst dispersion parameter,component,Property,https://w3id.org/h2kg/hydrogen-ontology#Property,1,iet-ink-to-composition-model,reviewed_decode,reviewed_decode_anchor,https://w3id.org/h2kg/decode/workflow/anchor/ionomer-catalyst-dispersion-parameter-component,"A measurable, calculated, or derived scientific characteristic denoted ""Ionomer-catalyst dispersion parameter"" in DECODE hydrogen-electrochemistry workflows.",,"Reviewed DECODE semantic role, source label, source workflow context, and direct-neighbor context. This is a draft for expert review, not an authoritative ontology definition.","Decide: strict H2KG alias, existing H2KG mapping, new reusable H2KG term, or retain reviewed DECODE anchor.",needs_human_review,,,,"[{""iri"": ""https://w3id.org/h2kg/hydrogen-ontology#IonomerDispersionPropertyDataset"", ""label"": ""Ionomer Dispersion Property Dataset"", ""score"": 0.806}, {""iri"": ""https://w3id.org/h2kg/hydrogen-ontology#IonomerDispersionPropertyCompilation"", ""label"": ""Ionomer Dispersion Property Compilation"", ""score"": 0.711}, {""iri"": ""https://w3id.org/h2kg/hydrogen-ontology#IronIronOxideCatalystNanoparticle"", ""label"": ""Iron Iron Oxide Catalyst Nanoparticle"", ""score"": 0.704}]",IET ink to composition model
https://w3id.org/h2kg/decode/workflow/concept/irras-operando-in-situ-ftir-method,IRRAS operando/in-situ FTIR,,Measurement,https://w3id.org/h2kg/hydrogen-ontology#Measurement,16,ab-initio-molecular-dynamics-aimd-of-the-solid-liquid-interface-at-a-pt-electrode; density-potential-functional-theory-applied-to-supported-electrocatalysts; dft-onto-idealized-surfaces; image-fib-tomography-dataparameter-extraction-3d; image-parameter-extraction-2d; irras-operando-or-in-situ-ftir; molecular-dynamics-for-the-electrode-electrolyte-interface-in-presence-of-ionomer; molecular-dynamics-for-the-electrode-electrolyte-interface-metalwalls,reviewed_decode,reviewed_decode_anchor,https://w3id.org/h2kg/decode/workflow/anchor/irras-operando-in-situ-ftir-method,"A characterization or measurement procedure denoted ""IRRAS operando/in-situ FTIR"" in DECODE hydrogen-electrochemistry workflows. Source context: pH from ~1 to ~13, but more robust in the acidic region due to better established tools and better stability of the prism. Experiments are not accurate for long time/high current densities. pH from ~1 to ~13, but more robust in the acidic region due to better established tools and better stability of the prism. Experiments are not accurate for long time/high current densities.","pH from ~1 to ~13, but more robust in the acidic region due to better established tools and better stability of the prism. Experiments are not accurate for long time/high current densities. pH from ~1 to ~13, but more robust in the acidic region due to better established tools and better stability of the prism. Experiments are not accurate for long time/high current densities.","Reviewed DECODE semantic role, source label, source workflow context, and direct-neighbor context. This is a draft for expert review, not an authoritative ontology definition.","Decide: strict H2KG alias, existing H2KG mapping, new reusable H2KG term, or retain reviewed DECODE anchor.",needs_human_review,,,,"[{""iri"": ""https://w3id.org/h2kg/hydrogen-ontology#IsopropanolMassFractionInInk"", ""label"": ""Isopropanol Mass Fraction In Ink"", ""score"": 0.576}, {""iri"": ""https://w3id.org/h2kg/hydrogen-ontology#PalladiumMassFractionInInk"", ""label"": ""Palladium Mass Fraction In Ink"", ""score"": 0.561}, {""iri"": ""https://w3id.org/h2kg/hydrogen-ontology#NPropanolMassFractionInInk"", ""label"": ""N Propanol Mass Fraction In Ink"", ""score"": 0.552}]",Catalyst ink composition; Catalyst loading; Catalyst powder; Cell current density; Electrode chemistry; Electrolyte; Ionomer; Prism for ATR-FTIR
https://w3id.org/h2kg/decode/workflow/concept/ito-sputter-target-material,ITO sputter target,material,Matter,https://w3id.org/h2kg/hydrogen-ontology#Matter,1,transparent-electrodes-for-clsm-applications,reviewed_decode,reviewed_decode_anchor,https://w3id.org/h2kg/decode/workflow/anchor/ito-sputter-target-material,"A material, component, chemical species, phase, specimen, or assembly denoted ""ITO sputter target"" in DECODE hydrogen-electrochemistry workflows.",,"Reviewed DECODE semantic role, source label, source workflow context, and direct-neighbor context. This is a draft for expert review, not an authoritative ontology definition.","Decide: strict H2KG alias, existing H2KG mapping, new reusable H2KG term, or retain reviewed DECODE anchor.",needs_human_review,,,,"[{""iri"": ""https://w3id.org/h2kg/hydrogen-ontology#TargetSubstrateDistance"", ""label"": ""Target Substrate Distance"", ""score"": 0.698}, {""iri"": ""https://w3id.org/h2kg/hydrogen-ontology#SputterCoatingTime"", ""label"": ""Sputter Coating Time"", ""score"": 0.632}, {""iri"": ""https://w3id.org/h2kg/hydrogen-ontology#CatalystLoading"", ""label"": ""Catalyst Loading"", ""score"": 0.629}]",Transparent Electrodes for CLSM applications
https://w3id.org/h2kg/decode/workflow/concept/lab-ct-measurements-on-gdl-mpl-materials-method,LAB-CT measurements on GDL/MPL materials,,Measurement,https://w3id.org/h2kg/hydrogen-ontology#Measurement,7,image-classification-of-fib-tomography-data; image-classification-of-x-ray-tomography-data; image-classification-on-nm-scale; impregnation-by-immersion-and-blade-coating; lab-ct-measurements-on-gdl-or-mpl-materials,reviewed_decode,reviewed_decode_anchor,https://w3id.org/h2kg/decode/workflow/anchor/lab-ct-measurements-on-gdl-mpl-materials-method,"A characterization or measurement procedure denoted ""LAB-CT measurements on GDL/MPL materials"" in DECODE hydrogen-electrochemistry workflows. Source context: maximum resolution 1-2 m, however here we aim for 5 m resolution, therefore no binder/teflon classification possible, only GDL fibre and MPL layer maximum resolution 1-2 m, however here we aim for 5 m resolution, therefore no binder/teflon classification possible, only GDL fibre and MPL layer","maximum resolution 1-2 m, however here we aim for 5 m resolution, therefore no binder/teflon classification possible, only GDL fibre and MPL layer maximum resolution 1-2 m, however here we aim for 5 m resolution, therefore no binder/teflon classification possible, only GDL fibre and MPL layer","Reviewed DECODE semantic role, source label, source workflow context, and direct-neighbor context. This is a draft for expert review, not an authoritative ontology definition.","Decide: strict H2KG alias, existing H2KG mapping, new reusable H2KG term, or retain reviewed DECODE anchor.",needs_human_review,,,,"[{""iri"": ""https://w3id.org/h2kg/hydrogen-ontology#MaterialSpecificationMeasurement"", ""label"": ""Material Specification Measurement"", ""score"": 0.649}, {""iri"": ""https://w3id.org/h2kg/hydrogen-ontology#FuelCellPolarizationMeasurement"", ""label"": ""Fuel Cell Polarization Measurement"", ""score"": 0.622}, {""iri"": ""https://w3id.org/h2kg/hydrogen-ontology#PolymerCharacterizationMeasurement"", ""label"": ""Polymer Characterization Measurement"", ""score"": 0.605}]",GDL; GDL substrate; GDL substrate 3D voxel data raw; GDL substrate 3D voxel data wet raw; GDL substrate breakthrough pressure; MPL 3D voxel data raw
https://w3id.org/h2kg/decode/workflow/concept/lennard-jones-parameters-material,Lennard-Jones parameters,material,Matter,https://w3id.org/h2kg/hydrogen-ontology#Matter,1,molecular-dynamics-for-the-electrode-electrolyte-interface-metalwalls,reviewed_decode,reviewed_decode_anchor,https://w3id.org/h2kg/decode/workflow/anchor/lennard-jones-parameters-material,"A material, component, chemical species, phase, specimen, or assembly denoted ""Lennard-Jones parameters"" in DECODE hydrogen-electrochemistry workflows.",,"Reviewed DECODE semantic role, source label, source workflow context, and direct-neighbor context. This is a draft for expert review, not an authoritative ontology definition.","Decide: strict H2KG alias, existing H2KG mapping, new reusable H2KG term, or retain reviewed DECODE anchor.",needs_human_review,,,,"[{""iri"": ""https://w3id.org/h2kg/hydrogen-ontology#GraphiticPlaneOrientationOrderParameter"", ""label"": ""Graphitic Plane Orientation Order Parameter"", ""score"": 0.667}, {""iri"": ""https://w3id.org/h2kg/hydrogen-ontology#MassTransportLossParameterN"", ""label"": ""Mass Transport Loss Parameter N"", ""score"": 0.629}, {""iri"": ""https://w3id.org/h2kg/hydrogen-ontology#SemiEmpiricalParameterA"", ""label"": ""Semi Empirical Parameter A"", ""score"": 0.629}]",Molecular Dynamics for the Electrode | Electrolyte Interface - MetalWalls
https://w3id.org/h2kg/decode/workflow/concept/local-electronic-structure-lre,Local electronic structure,LRE,Data,https://w3id.org/h2kg/hydrogen-ontology#Data,2,development-of-a-zero-gap-cell-for-gde-based-spectrocopy-measurement; three-electrode-cell-assesement-of-cl-by-xas-xanes-exafs-xrd,reviewed_decode,reviewed_decode_anchor,https://w3id.org/h2kg/decode/workflow/anchor/local-electronic-structure-lre,"A recorded, calculated, image-based, or otherwise structured data artifact denoted ""Local electronic structure"" in DECODE hydrogen-electrochemistry workflows.",,"Reviewed DECODE semantic role, source label, source workflow context, and direct-neighbor context. This is a draft for expert review, not an authoritative ontology definition.","Decide: strict H2KG alias, existing H2KG mapping, new reusable H2KG term, or retain reviewed DECODE anchor.",needs_human_review,,,,"[{""iri"": ""https://w3id.org/h2kg/hydrogen-ontology#LateralElectronicResistance"", ""label"": ""Lateral Electronic Resistance"", ""score"": 0.691}, {""iri"": ""https://w3id.org/h2kg/hydrogen-ontology#ElectricLoad"", ""label"": ""Electric Load"", ""score"": 0.683}, {""iri"": ""https://w3id.org/h2kg/hydrogen-ontology#PrintedGridStructure"", ""label"": ""Printed Grid Structure"", ""score"": 0.636}]","Development of a zero gap cell for GDE based spectrocopy measurement; Three electrode cell assesement of CL by XAS, XANES, EXAFS, XRD"
https://w3id.org/h2kg/decode/workflow/concept/local-potential-of-zero-charge-nanostructured-lre,Local potential of zero charge (nanostructured),LRE,Property,https://w3id.org/h2kg/hydrogen-ontology#Property,1,density-potential-functional-theory-applied-to-supported-electrocatalysts,reviewed_decode,reviewed_decode_anchor,https://w3id.org/h2kg/decode/workflow/anchor/local-potential-of-zero-charge-nanostructured-lre,"A measurable, calculated, or derived scientific characteristic denoted ""Local potential of zero charge (nanostructured)"" in DECODE hydrogen-electrochemistry workflows.",,"Reviewed DECODE semantic role, source label, source workflow context, and direct-neighbor context. This is a draft for expert review, not an authoritative ontology definition.","Decide: strict H2KG alias, existing H2KG mapping, new reusable H2KG term, or retain reviewed DECODE anchor.",needs_human_review,,,,"[{""iri"": ""https://w3id.org/h2kg/hydrogen-ontology#PotentialOfTotalZeroCharge"", ""label"": ""Potential Of Total Zero Charge"", ""score"": 0.64}, {""iri"": ""https://w3id.org/h2kg/hydrogen-ontology#NiFe2O4Nanostructure"", ""label"": ""Ni Fe 2 O 4 Nanostructure"", ""score"": 0.571}, {""iri"": ""https://w3id.org/h2kg/hydrogen-ontology#AgAgClPotentialVsRHE"", ""label"": ""Ag Ag Cl Potential Vs RHE"", ""score"": 0.568}]",Density-potential functional theory applied to supported electrocatalysts
https://w3id.org/h2kg/decode/workflow/concept/local-potential-of-zero-ionic-charge-nanostructured-lre,Local potential of zero ionic charge (nanostructured),LRE,Property,https://w3id.org/h2kg/hydrogen-ontology#Property,1,density-potential-functional-theory-applied-to-supported-electrocatalysts,reviewed_decode,reviewed_decode_anchor,https://w3id.org/h2kg/decode/workflow/anchor/local-potential-of-zero-ionic-charge-nanostructured-lre,"A measurable, calculated, or derived scientific characteristic denoted ""Local potential of zero ionic charge (nanostructured)"" in DECODE hydrogen-electrochemistry workflows.",,"Reviewed DECODE semantic role, source label, source workflow context, and direct-neighbor context. This is a draft for expert review, not an authoritative ontology definition.","Decide: strict H2KG alias, existing H2KG mapping, new reusable H2KG term, or retain reviewed DECODE anchor.",needs_human_review,,,,"[{""iri"": ""https://w3id.org/h2kg/hydrogen-ontology#PotentialOfTotalZeroCharge"", ""label"": ""Potential Of Total Zero Charge"", ""score"": 0.593}, {""iri"": ""https://w3id.org/h2kg/hydrogen-ontology#NiFe2O4Nanostructure"", ""label"": ""Ni Fe 2 O 4 Nanostructure"", ""score"": 0.553}]",Density-potential functional theory applied to supported electrocatalysts
https://w3id.org/h2kg/decode/workflow/concept/lre-capacitance-idealized-lre,LRE capacitance (idealized),LRE,Property,https://w3id.org/h2kg/hydrogen-ontology#Property,2,ab-initio-molecular-dynamics-aimd-of-the-solid-liquid-interface-at-a-pt-electrode; fitting-version-of-the-hierachical-model,reviewed_decode,reviewed_decode_anchor,https://w3id.org/h2kg/decode/workflow/anchor/lre-capacitance-idealized-lre,"A measurable, calculated, or derived scientific characteristic denoted ""LRE capacitance (idealized)"" in DECODE hydrogen-electrochemistry workflows.",,"Reviewed DECODE semantic role, source label, source workflow context, and direct-neighbor context. This is a draft for expert review, not an authoritative ontology definition.","Decide: strict H2KG alias, existing H2KG mapping, new reusable H2KG term, or retain reviewed DECODE anchor.",needs_human_review,,,,"[{""iri"": ""https://w3id.org/h2kg/hydrogen-ontology#DoubleLayerCapacitance"", ""label"": ""Double Layer Capacitance"", ""score"": 0.735}, {""iri"": ""https://w3id.org/h2kg/hydrogen-ontology#CellCapacitance"", ""label"": ""Cell Capacitance"", ""score"": 0.732}, {""iri"": ""https://w3id.org/h2kg/hydrogen-ontology#CathodeCapacitance"", ""label"": ""Cathode Capacitance"", ""score"": 0.682}]",Ab-initio molecular dynamics (AIMD) of the solid-liquid interface at a Pt electrode; Fitting Version of the Hierachical Model
https://w3id.org/h2kg/decode/workflow/concept/lre-effective-orr-rate-law-idealized-lre,LRE effective ORR rate law (idealized),LRE,Process,https://w3id.org/h2kg/hydrogen-ontology#Process,1,hierarchical-model-for-electrocatalytic-reactions,reviewed_decode,reviewed_decode_anchor,https://w3id.org/h2kg/decode/workflow/anchor/lre-effective-orr-rate-law-idealized-lre,"A computational, analytical, transformation, or generic workflow process denoted ""LRE effective ORR rate law (idealized)"" in DECODE hydrogen-electrochemistry workflows.",,"Reviewed DECODE semantic role, source label, source workflow context, and direct-neighbor context. This is a draft for expert review, not an authoritative ontology definition.","Decide: strict H2KG alias, existing H2KG mapping, new reusable H2KG term, or retain reviewed DECODE anchor.",needs_human_review,,,,[],Hierarchical model for electrocatalytic reactions
https://w3id.org/h2kg/decode/workflow/concept/lre-ph-distribution-lre,LRE pH distribution,LRE,Data,https://w3id.org/h2kg/hydrogen-ontology#Data,2,0d-particle-population-degradation-model-coupled-with-performance-model-prediction; 0d-particle-population-degradation-model-coupled-with-performance-model-prediction-without-fitting-methods,reviewed_decode,reviewed_decode_anchor,https://w3id.org/h2kg/decode/workflow/anchor/lre-ph-distribution-lre,"A recorded, calculated, image-based, or otherwise structured data artifact denoted ""LRE pH distribution"" in DECODE hydrogen-electrochemistry workflows.",,"Reviewed DECODE semantic role, source label, source workflow context, and direct-neighbor context. This is a draft for expert review, not an authoritative ontology definition.","Decide: strict H2KG alias, existing H2KG mapping, new reusable H2KG term, or retain reviewed DECODE anchor.",needs_human_review,,,,"[{""iri"": ""https://w3id.org/h2kg/hydrogen-ontology#PoreSizeDistribution"", ""label"": ""Pore Size Distribution"", ""score"": 0.78}, {""iri"": ""https://w3id.org/h2kg/hydrogen-ontology#PoreSizeDistributionDataset"", ""label"": ""Pore Size Distribution Dataset"", ""score"": 0.78}, {""iri"": ""https://w3id.org/h2kg/hydrogen-ontology#AgglomerateSizeDistributionDataset"", ""label"": ""Agglomerate Size Distribution Dataset"", ""score"": 0.778}]",0D Particle population degradation model coupled with performance model (prediction)
https://w3id.org/h2kg/decode/workflow/concept/lre-ph-distribution-idealized-lre,LRE pH distribution (idealized),LRE,Data,https://w3id.org/h2kg/hydrogen-ontology#Data,7,confocal-laser-scanning-microscope-clsm-and-fluorescent-probes-for-local-ph-assessment-in-acidic-med; confocal-laser-scanning-microscope-clsm-and-fluorescent-probes-for-local-ph-assessment-in-alkaline-m; fitting-version-of-the-hierachical-model; hierarchical-model-for-electrocatalytic-reactions; rde-simulation-in-comsol; rrde-simulation-in-comsol; rrde-theory,reviewed_decode,reviewed_decode_anchor,https://w3id.org/h2kg/decode/workflow/anchor/lre-ph-distribution-idealized-lre,"A recorded, calculated, image-based, or otherwise structured data artifact denoted ""LRE pH distribution (idealized)"" in DECODE hydrogen-electrochemistry workflows.",,"Reviewed DECODE semantic role, source label, source workflow context, and direct-neighbor context. This is a draft for expert review, not an authoritative ontology definition.","Decide: strict H2KG alias, existing H2KG mapping, new reusable H2KG term, or retain reviewed DECODE anchor.",needs_human_review,,,,"[{""iri"": ""https://w3id.org/h2kg/hydrogen-ontology#AgglomerateSizeDistributionDataset"", ""label"": ""Agglomerate Size Distribution Dataset"", ""score"": 0.696}, {""iri"": ""https://w3id.org/h2kg/hydrogen-ontology#PoreSizeDistributionPeakDiameter"", ""label"": ""Pore Size Distribution Peak Diameter"", ""score"": 0.679}, {""iri"": ""https://w3id.org/h2kg/hydrogen-ontology#PoreSizeDistribution"", ""label"": ""Pore Size Distribution"", ""score"": 0.667}]",Confocal Laser Scanning Microscope (CLSM) + fluorescent probes for local pH assessment in acidic media on model /unsupported electrodes; Confocal Laser Scanning Microscope (CLSM) + fluorescent probes for local pH assessment in alkaline media on model/unsupported electrodes; Fitting Version of the Hierachical Model; Hierarchical model for electrocatalytic reactions; RDE simulation in COMSOL; RRDE Theory; RRDE simulation in COMSOL
https://w3id.org/h2kg/decode/workflow/concept/lre-potential-distribution-idealized-lre,LRE potential distribution (idealized),LRE,Data,https://w3id.org/h2kg/hydrogen-ontology#Data,2,fitting-version-of-the-hierachical-model; hierarchical-model-for-electrocatalytic-reactions,reviewed_decode,reviewed_decode_anchor,https://w3id.org/h2kg/decode/workflow/anchor/lre-potential-distribution-idealized-lre,"A recorded, calculated, image-based, or otherwise structured data artifact denoted ""LRE potential distribution (idealized)"" in DECODE hydrogen-electrochemistry workflows.",,"Reviewed DECODE semantic role, source label, source workflow context, and direct-neighbor context. This is a draft for expert review, not an authoritative ontology definition.","Decide: strict H2KG alias, existing H2KG mapping, new reusable H2KG term, or retain reviewed DECODE anchor.",needs_human_review,,,,"[{""iri"": ""https://w3id.org/h2kg/hydrogen-ontology#PoreSizeDistributionPeakDiameter"", ""label"": ""Pore Size Distribution Peak Diameter"", ""score"": 0.635}, {""iri"": ""https://w3id.org/h2kg/hydrogen-ontology#AgglomerateSizeDistributionDataset"", ""label"": ""Agglomerate Size Distribution Dataset"", ""score"": 0.613}, {""iri"": ""https://w3id.org/h2kg/hydrogen-ontology#LaserDiffractionScatteringParticleSizeMeasurement"", ""label"": ""Laser Diffraction Scattering Particle Size Measurement"", ""score"": 0.613}]",Fitting Version of the Hierachical Model; Hierarchical model for electrocatalytic reactions
https://w3id.org/h2kg/decode/workflow/concept/lre-relevance-of-surface-diffusion-on-support-lre,LRE relevance of surface diffusion on support,LRE,Property,https://w3id.org/h2kg/hydrogen-ontology#Property,1,adsorbate-surface-diffusion-on-electrocatalyst-support,reviewed_decode,reviewed_decode_anchor,https://w3id.org/h2kg/decode/workflow/anchor/lre-relevance-of-surface-diffusion-on-support-lre,"A measurable, calculated, or derived scientific characteristic denoted ""LRE relevance of surface diffusion on support"" in DECODE hydrogen-electrochemistry workflows.",,"Reviewed DECODE semantic role, source label, source workflow context, and direct-neighbor context. This is a draft for expert review, not an authoritative ontology definition.","Decide: strict H2KG alias, existing H2KG mapping, new reusable H2KG term, or retain reviewed DECODE anchor.",needs_human_review,,,,"[{""iri"": ""https://w3id.org/h2kg/hydrogen-ontology#LocalOxygenTransportResistance"", ""label"": ""Local Oxygen Transport Resistance"", ""score"": 0.595}, {""iri"": ""https://w3id.org/h2kg/hydrogen-ontology#PhosphoricAcidAdsorptionEnergyOnPt"", ""label"": ""Phosphoric Acid Adsorption Energy On Pt"", ""score"": 0.582}, {""iri"": ""https://w3id.org/h2kg/hydrogen-ontology#MassTransportResistance"", ""label"": ""Mass Transport Resistance"", ""score"": 0.56}]",Adsorbate Surface Diffusion on Electrocatalyst Support
https://w3id.org/h2kg/decode/workflow/concept/lre-species-distribution-idealized-lre,LRE species distribution (idealized),LRE,Data,https://w3id.org/h2kg/hydrogen-ontology#Data,5,ab-initio-molecular-dynamics-aimd-of-the-solid-liquid-interface-at-a-pt-electrode; hierarchical-model-for-electrocatalytic-reactions; in-situ-fourier-transformed-ir-in-atr-configuration; molecular-dynamics-for-the-electrode-electrolyte-interface-in-presence-of-ionomer; molecular-dynamics-for-the-electrode-electrolyte-interface-metalwalls,reviewed_decode,reviewed_decode_anchor,https://w3id.org/h2kg/decode/workflow/anchor/lre-species-distribution-idealized-lre,"A recorded, calculated, image-based, or otherwise structured data artifact denoted ""LRE species distribution (idealized)"" in DECODE hydrogen-electrochemistry workflows.",,"Reviewed DECODE semantic role, source label, source workflow context, and direct-neighbor context. This is a draft for expert review, not an authoritative ontology definition.","Decide: strict H2KG alias, existing H2KG mapping, new reusable H2KG term, or retain reviewed DECODE anchor.",needs_human_review,,,,"[{""iri"": ""https://w3id.org/h2kg/hydrogen-ontology#PoreSizeDistributionPeakDiameter"", ""label"": ""Pore Size Distribution Peak Diameter"", ""score"": 0.721}, {""iri"": ""https://w3id.org/h2kg/hydrogen-ontology#AgglomerateSizeDistributionDataset"", ""label"": ""Agglomerate Size Distribution Dataset"", ""score"": 0.7}, {""iri"": ""https://w3id.org/h2kg/hydrogen-ontology#LaserDiffractionScatteringParticleSizeMeasurement"", ""label"": ""Laser Diffraction Scattering Particle Size Measurement"", ""score"": 0.7}]",Ab-initio molecular dynamics (AIMD) of the solid-liquid interface at a Pt electrode; Hierarchical model for electrocatalytic reactions; In Situ Fourier Transformed IR in ATR configuration; Molecular Dynamics for the Electrode | Electrolyte Interface - MetalWalls; Molecular Dynamics for the Electrode | Electrolyte Interface in presence of ionomer
https://w3id.org/h2kg/decode/workflow/concept/lre-species-mobility-idealized-lre,LRE species mobility (idealized),LRE,Property,https://w3id.org/h2kg/hydrogen-ontology#Property,2,hierarchical-model-for-electrocatalytic-reactions; molecular-dynamics-for-the-electrode-electrolyte-interface-metalwalls,reviewed_decode,reviewed_decode_anchor,https://w3id.org/h2kg/decode/workflow/anchor/lre-species-mobility-idealized-lre,"A measurable, calculated, or derived scientific characteristic denoted ""LRE species mobility (idealized)"" in DECODE hydrogen-electrochemistry workflows.",,"Reviewed DECODE semantic role, source label, source workflow context, and direct-neighbor context. This is a draft for expert review, not an authoritative ontology definition.","Decide: strict H2KG alias, existing H2KG mapping, new reusable H2KG term, or retain reviewed DECODE anchor.",needs_human_review,,,,"[{""iri"": ""https://w3id.org/h2kg/hydrogen-ontology#NafionSideChainMobility"", ""label"": ""Nafion Side Chain Mobility"", ""score"": 0.612}, {""iri"": ""https://w3id.org/h2kg/hydrogen-ontology#HallMobility"", ""label"": ""Hall Mobility"", ""score"": 0.558}]",Hierarchical model for electrocatalytic reactions; Molecular Dynamics for the Electrode | Electrolyte Interface - MetalWalls
https://w3id.org/h2kg/decode/workflow/concept/lre-surface-diffusivity-of-rate-determining-species-on-support-lre,LRE surface diffusivity of rate-determining species on support,LRE,Property,https://w3id.org/h2kg/hydrogen-ontology#Property,1,adsorbate-surface-diffusion-on-electrocatalyst-support,reviewed_decode,reviewed_decode_anchor,https://w3id.org/h2kg/decode/workflow/anchor/lre-surface-diffusivity-of-rate-determining-species-on-support-lre,"A measurable, calculated, or derived scientific characteristic denoted ""LRE surface diffusivity of rate-determining species on support"" in DECODE hydrogen-electrochemistry workflows.",,"Reviewed DECODE semantic role, source label, source workflow context, and direct-neighbor context. This is a draft for expert review, not an authoritative ontology definition.","Decide: strict H2KG alias, existing H2KG mapping, new reusable H2KG term, or retain reviewed DECODE anchor.",needs_human_review,,,,"[{""iri"": ""https://w3id.org/h2kg/hydrogen-ontology#PressureDependentGasDiffusionResistance"", ""label"": ""Pressure Dependent Gas Diffusion Resistance"", ""score"": 0.552}]",Adsorbate Surface Diffusion on Electrocatalyst Support
https://w3id.org/h2kg/decode/workflow/concept/mass-of-pt-in-the-membrane-aged-component,Mass of Pt in the membrane (aged),component,Parameter,https://w3id.org/h2kg/hydrogen-ontology#Parameter,3,0d-particle-population-degradation-model-coupled-with-performance-model-fitting; image-fib-tomography-dataparameter-extraction-3d; image-parameter-extraction-2d,reviewed_decode,reviewed_decode_anchor,https://w3id.org/h2kg/decode/workflow/anchor/mass-of-pt-in-the-membrane-aged-component,"A specified, controlled, reported, or model-input condition or quantity denoted ""Mass of Pt in the membrane (aged)"" in DECODE hydrogen-electrochemistry workflows.",,"Reviewed DECODE semantic role, source label, source workflow context, and direct-neighbor context. This is a draft for expert review, not an authoritative ontology definition.","Decide: strict H2KG alias, existing H2KG mapping, new reusable H2KG term, or retain reviewed DECODE anchor.",needs_human_review,,,,"[{""iri"": ""https://w3id.org/h2kg/hydrogen-ontology#MembraneThickness"", ""label"": ""Membrane Thickness"", ""score"": 0.679}, {""iri"": ""https://w3id.org/h2kg/hydrogen-ontology#CapillaryPressureInMembrane"", ""label"": ""Capillary Pressure In Membrane"", ""score"": 0.607}, {""iri"": ""https://w3id.org/h2kg/hydrogen-ontology#SaturatedResidualWaterAmount"", ""label"": ""Saturated Residual Water Amount"", ""score"": 0.582}]",0D Particle population degradation model coupled with performance model (fitting); Image FIB tomography dataparameter extraction 3D; Image parameter extraction 2D
https://w3id.org/h2kg/decode/workflow/concept/mea-component,MEA,component,Matter,https://w3id.org/h2kg/hydrogen-ontology#Matter,4,current-modulated-hydrogen-flow-rate-spectroscopy-ch2s; differential-cell-testing; mea-assembly-for-pefc-ref-mea; microscopy-sem-and-optical-in-mea-cross-section,approved_h2kg,existing_h2kg_mapping,https://w3id.org/h2kg/hydrogen-ontology#MEAAssembly,"A material, component, chemical species, phase, specimen, or assembly denoted ""MEA"" in DECODE hydrogen-electrochemistry workflows.",,"Reviewed DECODE semantic role, source label, source workflow context, and direct-neighbor context. This is a draft for expert review, not an authoritative ontology definition.",Verify against the canonical H2KG definition and retain only a true synonym.,needs_human_review,,,,"[{""iri"": ""https://w3id.org/h2kg/hydrogen-ontology#MEAAssembly"", ""label"": ""MEA Assembly"", ""score"": 1.0}, {""iri"": ""https://w3id.org/h2kg/hydrogen-ontology#MetalAtomicPercent"", ""label"": ""Metal Atomic Percent"", ""score"": 0.75}, {""iri"": ""https://w3id.org/h2kg/hydrogen-ontology#MetallicMetalFractionPercent"", ""label"": ""Metallic Metal Fraction Percent"", ""score"": 0.75}]","Current modulated hydrogen flow-rate spectroscopy (CH2S); Differential Cell Testing; MEA assembly for PEFC ref MEA; Microscopy (SEM and optical) in MEA cross section; Single cell test bench: polarization, EIS"
https://w3id.org/h2kg/decode/workflow/concept/mea-assembly-for-pefc-ref-mea-process,MEA assembly for PEFC ref MEA,,Manufacturing,https://w3id.org/h2kg/hydrogen-ontology#Manufacturing,8,blade-coating-and-decal-transfer-for-ref-pefc-ccm; current-modulated-hydrogen-flow-rate-spectroscopy-ch2s; differential-cell-testing; electrospray-deposition-of-catalyst-layers; impregnation-by-immersion-and-blade-coating; mea-assembly-for-pefc-ref-mea; microscopy-sem-and-optical-in-mea-cross-section; ultrasonic-spray-deposition-for-catalytic-layers,reviewed_decode,reviewed_decode_anchor,https://w3id.org/h2kg/decode/workflow/anchor/mea-assembly-for-pefc-ref-mea-process,"A fabrication, preparation, deposition, assembly, or conditioning operation denoted ""MEA assembly for PEFC ref MEA"" in DECODE hydrogen-electrochemistry workflows.",,"Reviewed DECODE semantic role, source label, source workflow context, and direct-neighbor context. This is a draft for expert review, not an authoritative ontology definition.","Decide: strict H2KG alias, existing H2KG mapping, new reusable H2KG term, or retain reviewed DECODE anchor.",needs_human_review,,,,"[{""iri"": ""https://w3id.org/h2kg/hydrogen-ontology#MEAAssemblyProcess"", ""label"": ""MEA Assembly Process"", ""score"": 0.653}, {""iri"": ""https://w3id.org/h2kg/hydrogen-ontology#MEAAssemblyGap"", ""label"": ""MEA Assembly Gap"", ""score"": 0.622}, {""iri"": ""https://w3id.org/h2kg/hydrogen-ontology#MEAAssembly"", ""label"": ""MEA Assembly"", ""score"": 0.585}]",CCM; GDL; MEA; subgasket
https://w3id.org/h2kg/decode/workflow/concept/mea-electron-potential-distribution-macrohomogeneous-local,MEA electron potential distribution,macrohomogeneous local,Property,https://w3id.org/h2kg/hydrogen-ontology#Property,1,cea-mea-model-europium-2d,reviewed_decode,reviewed_decode_anchor,https://w3id.org/h2kg/decode/workflow/anchor/mea-electron-potential-distribution-macrohomogeneous-local,"A measurable, calculated, or derived scientific characteristic denoted ""MEA electron potential distribution"" in DECODE hydrogen-electrochemistry workflows.",,"Reviewed DECODE semantic role, source label, source workflow context, and direct-neighbor context. This is a draft for expert review, not an authoritative ontology definition.","Decide: strict H2KG alias, existing H2KG mapping, new reusable H2KG term, or retain reviewed DECODE anchor.",needs_human_review,,,,"[{""iri"": ""https://w3id.org/h2kg/hydrogen-ontology#CathodePotential"", ""label"": ""Cathode Potential"", ""score"": 0.667}, {""iri"": ""https://w3id.org/h2kg/hydrogen-ontology#ElectronBeamEvaporationDeposition"", ""label"": ""Electron Beam Evaporation Deposition"", ""score"": 0.648}, {""iri"": ""https://w3id.org/h2kg/hydrogen-ontology#PoreSizeDistributionPeakDiameter"", ""label"": ""Pore Size Distribution Peak Diameter"", ""score"": 0.645}]",CEA MEA model (Europium 2D)
https://w3id.org/h2kg/decode/workflow/concept/mea-elemental-distribution-meso,MEA elemental distribution,meso,Data,https://w3id.org/h2kg/hydrogen-ontology#Data,1,sem-and-fib-layer,reviewed_decode,reviewed_decode_anchor,https://w3id.org/h2kg/decode/workflow/anchor/mea-elemental-distribution-meso,"A recorded, calculated, image-based, or otherwise structured data artifact denoted ""MEA elemental distribution"" in DECODE hydrogen-electrochemistry workflows.",,"Reviewed DECODE semantic role, source label, source workflow context, and direct-neighbor context. This is a draft for expert review, not an authoritative ontology definition.","Decide: strict H2KG alias, existing H2KG mapping, new reusable H2KG term, or retain reviewed DECODE anchor.",needs_human_review,,,,"[{""iri"": ""https://w3id.org/h2kg/hydrogen-ontology#PoreSizeDistribution"", ""label"": ""Pore Size Distribution"", ""score"": 0.667}, {""iri"": ""https://w3id.org/h2kg/hydrogen-ontology#PoreSizeDistributionDataset"", ""label"": ""Pore Size Distribution Dataset"", ""score"": 0.667}, {""iri"": ""https://w3id.org/h2kg/hydrogen-ontology#XPSDataset"", ""label"": ""XPS Dataset"", ""score"": 0.667}]",SEM and FIB (layer)
https://w3id.org/h2kg/decode/workflow/concept/mea-layer-morphologies-component,MEA layer morphologies,component,Matter,https://w3id.org/h2kg/hydrogen-ontology#Matter,1,sem-and-fib-layer,reviewed_decode,reviewed_decode_anchor,https://w3id.org/h2kg/decode/workflow/anchor/mea-layer-morphologies-component,"A material, component, chemical species, phase, specimen, or assembly denoted ""MEA layer morphologies"" in DECODE hydrogen-electrochemistry workflows.",,"Reviewed DECODE semantic role, source label, source workflow context, and direct-neighbor context. This is a draft for expert review, not an authoritative ontology definition.","Decide: strict H2KG alias, existing H2KG mapping, new reusable H2KG term, or retain reviewed DECODE anchor.",needs_human_review,,,,"[{""iri"": ""https://w3id.org/h2kg/hydrogen-ontology#CatalystLayerMorphology"", ""label"": ""Catalyst Layer Morphology"", ""score"": 0.638}, {""iri"": ""https://w3id.org/h2kg/hydrogen-ontology#ProbabilityDensityMorphologyParameterK"", ""label"": ""Probability Density Morphology Parameter K"", ""score"": 0.634}, {""iri"": ""https://w3id.org/h2kg/hydrogen-ontology#MicroporousLayer"", ""label"": ""Microporous Layer"", ""score"": 0.615}]",SEM and FIB (layer)
https://w3id.org/h2kg/decode/workflow/concept/mea-o2-concentration-distribution-macrohomogeneous-local,MEA O2 concentration distribution,macrohomogeneous local,Parameter,https://w3id.org/h2kg/hydrogen-ontology#Parameter,1,cea-mea-model-europium-2d,reviewed_decode,reviewed_decode_anchor,https://w3id.org/h2kg/decode/workflow/anchor/mea-o2-concentration-distribution-macrohomogeneous-local,"A specified, controlled, reported, or model-input condition or quantity denoted ""MEA O2 concentration distribution"" in DECODE hydrogen-electrochemistry workflows.",,"Reviewed DECODE semantic role, source label, source workflow context, and direct-neighbor context. This is a draft for expert review, not an authoritative ontology definition.","Decide: strict H2KG alias, existing H2KG mapping, new reusable H2KG term, or retain reviewed DECODE anchor.",needs_human_review,,,,"[{""iri"": ""https://w3id.org/h2kg/hydrogen-ontology#CatalystSuspensionConcentration"", ""label"": ""Catalyst Suspension Concentration"", ""score"": 0.764}, {""iri"": ""https://w3id.org/h2kg/hydrogen-ontology#FerritinMassConcentration"", ""label"": ""Ferritin Mass Concentration"", ""score"": 0.733}, {""iri"": ""https://w3id.org/h2kg/hydrogen-ontology#InitiatorConcentration"", ""label"": ""Initiator Concentration"", ""score"": 0.714}]",CEA MEA model (Europium 2D)
https://w3id.org/h2kg/decode/workflow/concept/mea-pressure-dependent-o2-transport-resistance-component,MEA pressure dependent O2 transport resistance,component,Parameter,https://w3id.org/h2kg/hydrogen-ontology#Parameter,1,pulsed-gas-analysis,reviewed_decode,reviewed_decode_anchor,https://w3id.org/h2kg/decode/workflow/anchor/mea-pressure-dependent-o2-transport-resistance-component,"A specified, controlled, reported, or model-input condition or quantity denoted ""MEA pressure dependent O2 transport resistance"" in DECODE hydrogen-electrochemistry workflows.",,"Reviewed DECODE semantic role, source label, source workflow context, and direct-neighbor context. This is a draft for expert review, not an authoritative ontology definition.","Decide: strict H2KG alias, existing H2KG mapping, new reusable H2KG term, or retain reviewed DECODE anchor.",needs_human_review,,,,"[{""iri"": ""https://w3id.org/h2kg/hydrogen-ontology#MassTransportResistance"", ""label"": ""Mass Transport Resistance"", ""score"": 0.821}, {""iri"": ""https://w3id.org/h2kg/hydrogen-ontology#LocalOxygenTransportResistance"", ""label"": ""Local Oxygen Transport Resistance"", ""score"": 0.8}, {""iri"": ""https://w3id.org/h2kg/hydrogen-ontology#PressureDependentGasDiffusionResistance"", ""label"": ""Pressure Dependent Gas Diffusion Resistance"", ""score"": 0.773}]",Pulsed gas analysis
https://w3id.org/h2kg/decode/workflow/concept/mea-pressure-independent-o2-transport-resistance-component,MEA pressure independent O2 transport resistance,component,Parameter,https://w3id.org/h2kg/hydrogen-ontology#Parameter,1,pulsed-gas-analysis,reviewed_decode,reviewed_decode_anchor,https://w3id.org/h2kg/decode/workflow/anchor/mea-pressure-independent-o2-transport-resistance-component,"A specified, controlled, reported, or model-input condition or quantity denoted ""MEA pressure independent O2 transport resistance"" in DECODE hydrogen-electrochemistry workflows.",,"Reviewed DECODE semantic role, source label, source workflow context, and direct-neighbor context. This is a draft for expert review, not an authoritative ontology definition.","Decide: strict H2KG alias, existing H2KG mapping, new reusable H2KG term, or retain reviewed DECODE anchor.",needs_human_review,,,,"[{""iri"": ""https://w3id.org/h2kg/hydrogen-ontology#LocalOxygenTransportResistance"", ""label"": ""Local Oxygen Transport Resistance"", ""score"": 0.829}, {""iri"": ""https://w3id.org/h2kg/hydrogen-ontology#MassTransportResistance"", ""label"": ""Mass Transport Resistance"", ""score"": 0.8}, {""iri"": ""https://w3id.org/h2kg/hydrogen-ontology#PressureIndependentGasDiffusionResistance"", ""label"": ""Pressure Independent Gas Diffusion Resistance"", ""score"": 0.785}]",Pulsed gas analysis
https://w3id.org/h2kg/decode/workflow/concept/mea-temperature-distribution-macrohomogeneous-local,MEA temperature distribution,macrohomogeneous local,Parameter,https://w3id.org/h2kg/hydrogen-ontology#Parameter,1,cea-mea-model-europium-2d,reviewed_decode,reviewed_decode_anchor,https://w3id.org/h2kg/decode/workflow/anchor/mea-temperature-distribution-macrohomogeneous-local,"A specified, controlled, reported, or model-input condition or quantity denoted ""MEA temperature distribution"" in DECODE hydrogen-electrochemistry workflows.",,"Reviewed DECODE semantic role, source label, source workflow context, and direct-neighbor context. This is a draft for expert review, not an authoritative ontology definition.","Decide: strict H2KG alias, existing H2KG mapping, new reusable H2KG term, or retain reviewed DECODE anchor.",needs_human_review,,,,"[{""iri"": ""https://w3id.org/h2kg/hydrogen-ontology#CoatingTemperature"", ""label"": ""Coating Temperature"", ""score"": 0.76}, {""iri"": ""https://w3id.org/h2kg/hydrogen-ontology#SubstrateTemperature"", ""label"": ""Substrate Temperature"", ""score"": 0.75}, {""iri"": ""https://w3id.org/h2kg/hydrogen-ontology#InterdiffusionOnsetTemperature"", ""label"": ""Interdiffusion Onset Temperature"", ""score"": 0.733}]",CEA MEA model (Europium 2D)
https://w3id.org/h2kg/decode/workflow/concept/mechanical-properties-of-catalyst-layers-gdls-and-meas-by-small-punch-and-nanoindentation-method,"Mechanical properties of catalyst layers, GDLs, and MEAs by small-punch and nanoindentation",,Measurement,https://w3id.org/h2kg/hydrogen-ontology#Measurement,9,blade-coating-and-decal-transfer-for-ref-pefc-ccm; electrospray-deposition-of-catalyst-layers; impregnation-by-immersion-and-blade-coating; mechanical-properties-of-catalyst-layers-gdls-and-meas-by-small-punch-and-nanoindentation; ultrasonic-spray-deposition-for-catalytic-layers,reviewed_decode,reviewed_decode_anchor,https://w3id.org/h2kg/decode/workflow/anchor/mechanical-properties-of-catalyst-layers-gdls-and-meas-by-small-punch-and-nanoindentation-method,"A characterization or measurement procedure denoted ""Mechanical properties of catalyst layers, GDLs, and MEAs by small-punch and nanoindentation"" in DECODE hydrogen-electrochemistry workflows. Source context: Spatial resolution:Millimetric for small punchMicrometric for nanoindenter Spatial resolution:Millimetric for small punchMicrometric for nanoindenter",Spatial resolution:Millimetric for small punchMicrometric for nanoindenter Spatial resolution:Millimetric for small punchMicrometric for nanoindenter,"Reviewed DECODE semantic role, source label, source workflow context, and direct-neighbor context. This is a draft for expert review, not an authoritative ontology definition.","Decide: strict H2KG alias, existing H2KG mapping, new reusable H2KG term, or retain reviewed DECODE anchor.",needs_human_review,,,,[],CCM; CCM local Youngs modulus; CCM local mechanical strength; CL local Youngs modulus; CL local mechanical strength; CL on substrate; GDL; GDL local Youngs modulus; GDL local mechanical strength
https://w3id.org/h2kg/decode/workflow/concept/membrane-component,Membrane,component,Matter,https://w3id.org/h2kg/hydrogen-ontology#Matter,4,blade-coating-and-decal-transfer-for-ref-pefc-ccm; electrospray-deposition-of-catalyst-layers; gde-cell-for-electrochemical-studies; ultrasonic-spray-deposition-for-catalytic-layers,approved_h2kg,existing_h2kg_mapping,https://w3id.org/h2kg/hydrogen-ontology#ProtonExchangeMembrane,"A material, component, chemical species, phase, specimen, or assembly denoted ""Membrane"" in DECODE hydrogen-electrochemistry workflows.",,"Reviewed DECODE semantic role, source label, source workflow context, and direct-neighbor context. This is a draft for expert review, not an authoritative ontology definition.",Verify against the canonical H2KG definition and retain only a true synonym.,needs_human_review,,,,"[{""iri"": ""https://w3id.org/h2kg/hydrogen-ontology#MembraneType"", ""label"": ""Membrane Type"", ""score"": 0.762}, {""iri"": ""https://w3id.org/h2kg/hydrogen-ontology#Nafion211Membrane"", ""label"": ""Nafion 211 Membrane"", ""score"": 0.727}, {""iri"": ""https://w3id.org/h2kg/hydrogen-ontology#MembraneThickness"", ""label"": ""Membrane Thickness"", ""score"": 0.696}]",Blade coating and Decal transfer for ref PEFC CCM; Electrospray deposition of Catalyst Layers; GDE cell for electrochemical studies; Ultrasonic spray deposition for catalytic layers
https://w3id.org/h2kg/decode/workflow/concept/membrane-aged-component,Membrane (aged),component,Matter,https://w3id.org/h2kg/hydrogen-ontology#Matter,1,additional-measurements-on-pewe-during-operation,reviewed_decode,reviewed_decode_anchor,https://w3id.org/h2kg/decode/workflow/anchor/membrane-aged-component,"A material, component, chemical species, phase, specimen, or assembly denoted ""Membrane (aged)"" in DECODE hydrogen-electrochemistry workflows.",,"Reviewed DECODE semantic role, source label, source workflow context, and direct-neighbor context. This is a draft for expert review, not an authoritative ontology definition.","Decide: strict H2KG alias, existing H2KG mapping, new reusable H2KG term, or retain reviewed DECODE anchor.",needs_human_review,,,,"[{""iri"": ""https://w3id.org/h2kg/hydrogen-ontology#PhosphoricAcidDopedPESPVPCompositeMembrane"", ""label"": ""Phosphoric Acid Doped PESPVP Composite Membrane"", ""score"": 0.733}, {""iri"": ""https://w3id.org/h2kg/hydrogen-ontology#MembraneThickness"", ""label"": ""Membrane Thickness"", ""score"": 0.714}, {""iri"": ""https://w3id.org/h2kg/hydrogen-ontology#AnionExchangeMembrane"", ""label"": ""Anion Exchange Membrane"", ""score"": 0.667}]",Additional measurements on PEWE during operation
https://w3id.org/h2kg/decode/workflow/concept/membrane-h2-diffusivity-component,Membrane H2 diffusivity,component,Property,https://w3id.org/h2kg/hydrogen-ontology#Property,3,cea-mea-model-europium-2d; differential-cell-testing; fitting-of-the-europium-model,reviewed_decode,reviewed_decode_anchor,https://w3id.org/h2kg/decode/workflow/anchor/membrane-h2-diffusivity-component,"A measurable, calculated, or derived scientific characteristic denoted ""Membrane H2 diffusivity"" in DECODE hydrogen-electrochemistry workflows.",,"Reviewed DECODE semantic role, source label, source workflow context, and direct-neighbor context. This is a draft for expert review, not an authoritative ontology definition.","Decide: strict H2KG alias, existing H2KG mapping, new reusable H2KG term, or retain reviewed DECODE anchor.",needs_human_review,,,,"[{""iri"": ""https://w3id.org/h2kg/hydrogen-ontology#EffectiveOxygenDiffusionCoefficient"", ""label"": ""Effective Oxygen Diffusion Coefficient"", ""score"": 0.683}, {""iri"": ""https://w3id.org/h2kg/hydrogen-ontology#OxygenDiffusionCoefficientInIonomer"", ""label"": ""Oxygen Diffusion Coefficient In Ionomer"", ""score"": 0.683}, {""iri"": ""https://w3id.org/h2kg/hydrogen-ontology#MolecularDiffusivityInAir"", ""label"": ""Molecular Diffusivity In Air"", ""score"": 0.682}]",CEA MEA model (Europium 2D); Differential Cell Testing; Fitting of the Europium model
https://w3id.org/h2kg/decode/workflow/concept/membrane-proton-conductivity-component,Membrane proton conductivity,component,Property,https://w3id.org/h2kg/hydrogen-ontology#Property,5,0d-particle-population-degradation-model-coupled-with-performance-model-prediction; 0d-particle-population-degradation-model-coupled-with-performance-model-prediction-without-fitting-methods; cea-mea-model-europium-2d; fitting-of-the-europium-model; iet-1d-performance-model-for-mea-prediction,reviewed_decode,reviewed_decode_anchor,https://w3id.org/h2kg/decode/workflow/anchor/membrane-proton-conductivity-component,"A measurable, calculated, or derived scientific characteristic denoted ""Membrane proton conductivity"" in DECODE hydrogen-electrochemistry workflows.",,"Reviewed DECODE semantic role, source label, source workflow context, and direct-neighbor context. This is a draft for expert review, not an authoritative ontology definition.","Decide: strict H2KG alias, existing H2KG mapping, new reusable H2KG term, or retain reviewed DECODE anchor.",needs_human_review,,,,"[{""iri"": ""https://w3id.org/h2kg/hydrogen-ontology#ProtonConductivityMeasurement"", ""label"": ""Proton Conductivity Measurement"", ""score"": 0.814}, {""iri"": ""https://w3id.org/h2kg/hydrogen-ontology#EffectiveIonicConductivity"", ""label"": ""Effective Ionic Conductivity"", ""score"": 0.809}, {""iri"": ""https://w3id.org/h2kg/hydrogen-ontology#ProtonConductLayer"", ""label"": ""Proton Conduct Layer"", ""score"": 0.708}]",0D Particle population degradation model coupled with performance model (prediction); CEA MEA model (Europium 2D); Fitting of the Europium model; IET 1D Performance model for MEA (prediction)
https://w3id.org/h2kg/decode/workflow/concept/membrane-thermal-conductivity-component,Membrane thermal conductivity,component,Property,https://w3id.org/h2kg/hydrogen-ontology#Property,2,cea-mea-model-europium-2d; fitting-of-the-europium-model,reviewed_decode,reviewed_decode_anchor,https://w3id.org/h2kg/decode/workflow/anchor/membrane-thermal-conductivity-component,"A measurable, calculated, or derived scientific characteristic denoted ""Membrane thermal conductivity"" in DECODE hydrogen-electrochemistry workflows.",,"Reviewed DECODE semantic role, source label, source workflow context, and direct-neighbor context. This is a draft for expert review, not an authoritative ontology definition.","Decide: strict H2KG alias, existing H2KG mapping, new reusable H2KG term, or retain reviewed DECODE anchor.",needs_human_review,,,,"[{""iri"": ""https://w3id.org/h2kg/hydrogen-ontology#ThermalConductivity"", ""label"": ""Thermal Conductivity"", ""score"": 0.816}, {""iri"": ""https://w3id.org/h2kg/hydrogen-ontology#ThroughPlaneThermalConductivityMeasurement"", ""label"": ""Through Plane Thermal Conductivity Measurement"", ""score"": 0.772}, {""iri"": ""https://w3id.org/h2kg/hydrogen-ontology#InPlaneElectronicConductivity"", ""label"": ""In Plane Electronic Conductivity"", ""score"": 0.731}]",CEA MEA model (Europium 2D); Fitting of the Europium model
https://w3id.org/h2kg/decode/workflow/concept/membrane-thickness-component,Membrane thickness,component,Property,https://w3id.org/h2kg/hydrogen-ontology#Property,7,0d-particle-population-degradation-model-coupled-with-performance-model-prediction; 0d-particle-population-degradation-model-coupled-with-performance-model-prediction-without-fitting-methods; cea-mea-model-europium-2d; differential-cell-testing; fitting-of-the-europium-model; iet-1d-performance-model-for-mea-prediction; sem-and-fib-layer,reviewed_decode,reviewed_decode_anchor,https://w3id.org/h2kg/decode/workflow/anchor/membrane-thickness-component,"A measurable, calculated, or derived scientific characteristic denoted ""Membrane thickness"" in DECODE hydrogen-electrochemistry workflows.",,"Reviewed DECODE semantic role, source label, source workflow context, and direct-neighbor context. This is a draft for expert review, not an authoritative ontology definition.","Decide: strict H2KG alias, existing H2KG mapping, new reusable H2KG term, or retain reviewed DECODE anchor.",needs_human_review,,,,"[{""iri"": ""https://w3id.org/h2kg/hydrogen-ontology#MembraneThickness"", ""label"": ""Membrane Thickness"", ""score"": 1.0}, {""iri"": ""https://w3id.org/h2kg/hydrogen-ontology#MembraneThicknessMeasurement"", ""label"": ""Membrane Thickness Measurement"", ""score"": 1.0}, {""iri"": ""https://w3id.org/h2kg/hydrogen-ontology#MembraneElectrodeAssemblyThickness"", ""label"": ""Membrane Electrode Assembly Thickness"", ""score"": 0.839}]",0D Particle population degradation model coupled with performance model (prediction); CEA MEA model (Europium 2D); Differential Cell Testing; Fitting of the Europium model; IET 1D Performance model for MEA (prediction); SEM and FIB (layer)
https://w3id.org/h2kg/decode/workflow/concept/membrane-thickness-aged-component,Membrane thickness (aged),component,Property,https://w3id.org/h2kg/hydrogen-ontology#Property,1,additional-measurements-on-pewe-during-operation,reviewed_decode,reviewed_decode_anchor,https://w3id.org/h2kg/decode/workflow/anchor/membrane-thickness-aged-component,"A measurable, calculated, or derived scientific characteristic denoted ""Membrane thickness (aged)"" in DECODE hydrogen-electrochemistry workflows.",,"Reviewed DECODE semantic role, source label, source workflow context, and direct-neighbor context. This is a draft for expert review, not an authoritative ontology definition.","Decide: strict H2KG alias, existing H2KG mapping, new reusable H2KG term, or retain reviewed DECODE anchor.",needs_human_review,,,,"[{""iri"": ""https://w3id.org/h2kg/hydrogen-ontology#MembraneThickness"", ""label"": ""Membrane Thickness"", ""score"": 0.878}, {""iri"": ""https://w3id.org/h2kg/hydrogen-ontology#MembraneThicknessMeasurement"", ""label"": ""Membrane Thickness Measurement"", ""score"": 0.878}, {""iri"": ""https://w3id.org/h2kg/hydrogen-ontology#MembranePorousLayerThickness"", ""label"": ""Membrane Porous Layer Thickness"", ""score"": 0.778}]",Additional measurements on PEWE during operation
https://w3id.org/h2kg/decode/workflow/concept/metal-sheet-with-ptl-like-surface-component,Metal sheet with PTL-like surface,component,Matter,https://w3id.org/h2kg/hydrogen-ontology#Matter,1,ptl-corrosion-measurement,reviewed_decode,reviewed_decode_anchor,https://w3id.org/h2kg/decode/workflow/anchor/metal-sheet-with-ptl-like-surface-component,"A material, component, chemical species, phase, specimen, or assembly denoted ""Metal sheet with PTL-like surface"" in DECODE hydrogen-electrochemistry workflows.",,"Reviewed DECODE semantic role, source label, source workflow context, and direct-neighbor context. This is a draft for expert review, not an authoritative ontology definition.","Decide: strict H2KG alias, existing H2KG mapping, new reusable H2KG term, or retain reviewed DECODE anchor.",needs_human_review,,,,"[{""iri"": ""https://w3id.org/h2kg/hydrogen-ontology#IonomerConnectedElectrochemicallyActiveSurfaceArea"", ""label"": ""Ionomer Connected Electrochemically Active Surface Area"", ""score"": 0.597}, {""iri"": ""https://w3id.org/h2kg/hydrogen-ontology#Pt111Surface"", ""label"": ""Pt 111 Surface"", ""score"": 0.581}, {""iri"": ""https://w3id.org/h2kg/hydrogen-ontology#CatalystParticleSurfaceArea"", ""label"": ""Catalyst Particle Surface Area"", ""score"": 0.571}]",PTL corrosion measurement
https://w3id.org/h2kg/decode/workflow/concept/microscopy-sem-and-optical-in-mea-cross-section-method,Microscopy (SEM and optical) in MEA cross section,,Measurement,https://w3id.org/h2kg/hydrogen-ontology#Measurement,20,0d-particle-population-degradation-model-coupled-with-performance-model-fitting; 0d-particle-population-degradation-model-coupled-with-performance-model-prediction; 0d-particle-population-degradation-model-coupled-with-performance-model-prediction-without-fitting-methods; cea-mea-model-europium-2d; differential-cell-testing; diffusivities-from-tortuosities; electrical-conductivity; electrical-contact-resistance; electrical-tlm-characterization-of-a-gdl-with-defined-compression; fitting-of-the-europium-model; gas-permeability-of-a-gdl-with-defined-compression; iet-1d-mea-with-water-transport-eis-model; iet-1d-mea-with-water-transport-in-ccl-eis-model; iet-1d-performance-model-for-mea-fitting; iet-1d-performance-model-for-mea-prediction; iet-composition-to-property-model; mea-assembly-for-pefc-ref-mea; microscopy-sem-and-optical-in-mea-cross-section; mpl-parameter-estimation-from-gdl-and-substrate-data; sem-and-edx,reviewed_decode,reviewed_decode_anchor,https://w3id.org/h2kg/decode/workflow/anchor/microscopy-sem-and-optical-in-mea-cross-section-method,"A characterization or measurement procedure denoted ""Microscopy (SEM and optical) in MEA cross section"" in DECODE hydrogen-electrochemistry workflows.",,"Reviewed DECODE semantic role, source label, source workflow context, and direct-neighbor context. This is a draft for expert review, not an authoritative ontology definition.","Decide: strict H2KG alias, existing H2KG mapping, new reusable H2KG term, or retain reviewed DECODE anchor.",needs_human_review,,,,"[{""iri"": ""https://w3id.org/h2kg/hydrogen-ontology#OpticalMicroscopyImagingMeasurement"", ""label"": ""Optical Microscopy Imaging Measurement"", ""score"": 0.612}, {""iri"": ""https://w3id.org/h2kg/hydrogen-ontology#ElectronMicroscopyImaging"", ""label"": ""Electron Microscopy Imaging"", ""score"": 0.605}, {""iri"": ""https://w3id.org/h2kg/hydrogen-ontology#OpticalMicroscope"", ""label"": ""Optical Microscope"", ""score"": 0.575}]",CCL average pore radius; CCL cross section; CCL structural parameters; CCL thickness; GDL cross section; GDL structural parameters; GDL thickness; MEA
https://w3id.org/h2kg/decode/workflow/concept/mixing-duration-process,Mixing duration,process,Parameter,https://w3id.org/h2kg/hydrogen-ontology#Parameter,2,ink-preparation-for-deposition-of-catalytic-layers; roller-mixer-and-zirconia-beads-for-ref-pefc-inks,reviewed_decode,reviewed_decode_anchor,https://w3id.org/h2kg/decode/workflow/anchor/mixing-duration-process,"A specified, controlled, reported, or model-input condition or quantity denoted ""Mixing duration"" in DECODE hydrogen-electrochemistry workflows.",,"Reviewed DECODE semantic role, source label, source workflow context, and direct-neighbor context. This is a draft for expert review, not an authoritative ontology definition.","Decide: strict H2KG alias, existing H2KG mapping, new reusable H2KG term, or retain reviewed DECODE anchor.",needs_human_review,,,,"[{""iri"": ""https://w3id.org/h2kg/hydrogen-ontology#WorkingTimeDuration"", ""label"": ""Working Time Duration"", ""score"": 0.722}, {""iri"": ""https://w3id.org/h2kg/hydrogen-ontology#PolymerizationDuration"", ""label"": ""Polymerization Duration"", ""score"": 0.684}, {""iri"": ""https://w3id.org/h2kg/hydrogen-ontology#PrintJobDuration"", ""label"": ""Print Job Duration"", ""score"": 0.667}]",Ink preparation for deposition of catalytic layers; Roller mixer and zirconia beads for ref PEFC inks
https://w3id.org/h2kg/decode/workflow/concept/mixing-speed-process,Mixing speed,process,Parameter,https://w3id.org/h2kg/hydrogen-ontology#Parameter,2,ink-preparation-for-deposition-of-catalytic-layers; roller-mixer-and-zirconia-beads-for-ref-pefc-inks,reviewed_decode,reviewed_decode_anchor,https://w3id.org/h2kg/decode/workflow/anchor/mixing-speed-process,"A specified, controlled, reported, or model-input condition or quantity denoted ""Mixing speed"" in DECODE hydrogen-electrochemistry workflows.",,"Reviewed DECODE semantic role, source label, source workflow context, and direct-neighbor context. This is a draft for expert review, not an authoritative ontology definition.","Decide: strict H2KG alias, existing H2KG mapping, new reusable H2KG term, or retain reviewed DECODE anchor.",needs_human_review,,,,"[{""iri"": ""https://w3id.org/h2kg/hydrogen-ontology#InkMixingSpeed"", ""label"": ""Ink Mixing Speed"", ""score"": 1.0}, {""iri"": ""https://w3id.org/h2kg/hydrogen-ontology#StirringSpeed"", ""label"": ""Stirring Speed"", ""score"": 1.0}, {""iri"": ""https://w3id.org/h2kg/hydrogen-ontology#PrintSpeed"", ""label"": ""Print Speed"", ""score"": 0.769}]",Ink preparation for deposition of catalytic layers; Roller mixer and zirconia beads for ref PEFC inks
https://w3id.org/h2kg/decode/workflow/concept/model-electrochemistry-in-a-rde-cell-model,Model Electrochemistry in a RDE Cell,,Process,https://w3id.org/h2kg/hydrogen-ontology#Process,8,cl-for-rde; image-fib-tomography-dataparameter-extraction-3d; image-parameter-extraction-2d; model-electrochemistry-in-a-rde-cell,reviewed_decode,reviewed_decode_anchor,https://w3id.org/h2kg/decode/workflow/anchor/model-electrochemistry-in-a-rde-cell-model,"A computational, analytical, transformation, or generic workflow process denoted ""Model Electrochemistry in a RDE Cell"" in DECODE hydrogen-electrochemistry workflows. Source context: Valid for the oxygen reactions (OER/ORR - but bubble generation of OER has to be considered) owing to thier slow kinetics, indepently of acidic/alkaline) and for all reactions when using non-Pt (i.e., slow kinetics systems). Design of the cell/choice of the reference/counter electrode has to be considered when moving from an acidic to alkaline pH range. Valid for the oxygen reactions (OER/ORR - but bubble generation of OER has to be considered) owing to thier slow kinetics, indepently of acidic/","Valid for the oxygen reactions (OER/ORR - but bubble generation of OER has to be considered) owing to thier slow kinetics, indepently of acidic/alkaline) and for all reactions when using non-Pt (i.e., slow kinetics systems). Design of the cell/choice of the reference/counter electrode has to be considered when moving from an acidic to alkaline pH range. Valid for the oxygen reactions (OER/ORR - but bubble generation of OER has to be considered) owing to thier slow kinetics, indepently of acidic/","Reviewed DECODE semantic role, source label, source workflow context, and direct-neighbor context. This is a draft for expert review, not an authoritative ontology definition.","Decide: strict H2KG alias, existing H2KG mapping, new reusable H2KG term, or retain reviewed DECODE anchor.",needs_human_review,,,,"[{""iri"": ""https://w3id.org/h2kg/hydrogen-ontology#IonomerConnectedElectrochemicallyActiveSurfaceArea"", ""label"": ""Ionomer Connected Electrochemically Active Surface Area"", ""score"": 0.571}, {""iri"": ""https://w3id.org/h2kg/hydrogen-ontology#AgAgCl"", ""label"": ""Ag/AgCl"", ""score"": 0.563}]",CL on glassy carbon; Catalyst loading; Electrolyte; Electrolyte composition; I/C-ratio; Monomer concentration in the electrolyte; RDE CV; RDE ECSA; RDE diffusion current; RDE kinetic current
https://w3id.org/h2kg/decode/workflow/concept/modeling-of-hydrophobic-treatment-of-gdl-model,Modeling of Hydrophobic Treatment of GDL,,Manufacturing,https://w3id.org/h2kg/hydrogen-ontology#Manufacturing,11,ai-based-generation-of-structural-digital-twins-of-multi-scale-tomographies; image-x-ray-tomography-data-parameter-extraction-3d; modeling-of-hydrophobic-treatment-of-gdl; modeling-of-mpl-coating-of-gdl; simulation-of-single-phase-3d-apparent-properties; simulation-of-two-phase-3d-apparent-properties; voxel-based-3d-effective-diffusivity-simulation; voxel-based-3d-electric-conductiviy-simulation; voxel-based-3d-permability-simulation; voxel-based-3d-thermal-conductivity-simulation; water-retention-curve-simulation,reviewed_decode,reviewed_decode_anchor,https://w3id.org/h2kg/decode/workflow/anchor/modeling-of-hydrophobic-treatment-of-gdl-model,"A fabrication, preparation, deposition, assembly, or conditioning operation denoted ""Modeling of Hydrophobic Treatment of GDL"" in DECODE hydrogen-electrochemistry workflows.",,"Reviewed DECODE semantic role, source label, source workflow context, and direct-neighbor context. This is a draft for expert review, not an authoritative ontology definition.","Decide: strict H2KG alias, existing H2KG mapping, new reusable H2KG term, or retain reviewed DECODE anchor.",needs_human_review,,,,"[{""iri"": ""https://w3id.org/h2kg/hydrogen-ontology#AcidTreatmentOfCCM"", ""label"": ""Acid Treatment Of CCM"", ""score"": 0.557}]",Binder distribution; GDL substrate 3D voxel data classified; GDL substrate 3D voxel data classified (without PTFE); Hydrophobization process parameters; PTFE ink composition and properties; Teflon distribution
https://w3id.org/h2kg/decode/workflow/concept/modeling-of-mpl-coating-of-gdl-model,Modeling of MPL coating of GDL,,Manufacturing,https://w3id.org/h2kg/hydrogen-ontology#Manufacturing,14,ai-based-generation-of-structural-digital-twins-of-multi-scale-tomographies; image-classification-of-x-ray-tomography-data; image-fib-tomography-dataparameter-extraction-3d; image-x-ray-tomography-data-parameter-extraction-3d; modeling-of-hydrophobic-treatment-of-gdl; modeling-of-mpl-coating-of-gdl; mpl-saturation-determination-from-x-ray-ct-data; simulation-of-single-phase-3d-apparent-properties; simulation-of-two-phase-3d-apparent-properties; voxel-based-3d-effective-diffusivity-simulation; voxel-based-3d-electric-conductiviy-simulation; voxel-based-3d-permability-simulation; voxel-based-3d-thermal-conductivity-simulation; water-retention-curve-simulation,reviewed_decode,reviewed_decode_anchor,https://w3id.org/h2kg/decode/workflow/anchor/modeling-of-mpl-coating-of-gdl-model,"A fabrication, preparation, deposition, assembly, or conditioning operation denoted ""Modeling of MPL coating of GDL"" in DECODE hydrogen-electrochemistry workflows.",,"Reviewed DECODE semantic role, source label, source workflow context, and direct-neighbor context. This is a draft for expert review, not an authoritative ontology definition.","Decide: strict H2KG alias, existing H2KG mapping, new reusable H2KG term, or retain reviewed DECODE anchor.",needs_human_review,,,,"[{""iri"": ""https://w3id.org/h2kg/hydrogen-ontology#SlotDieCoating"", ""label"": ""Slot Die Coating"", ""score"": 0.565}]",GDL substrate 3D voxel data classified; MPL 3D voxel data classified; MPL coating process parameters; MPL ink composition and properties
https://w3id.org/h2kg/decode/workflow/concept/molecular-dynamics-for-the-electrode-electrolyte-interface-metalwalls-method,Molecular Dynamics for the Electrode | Electrolyte Interface - MetalWalls,,Process,https://w3id.org/h2kg/hydrogen-ontology#Process,8,density-potential-functional-theory-applied-to-supported-electrocatalysts; dip-and-pull-operando-or-in-situ-xps; hierarchical-model-for-electrocatalytic-reactions; irras-operando-or-in-situ-ftir; molecular-dynamics-for-the-electrode-electrolyte-interface-metalwalls; operando-or-in-situ-xas-photon-out; operando-saxs-or-waxs-small-or-wide-angle-x-ray-spectroscopy; thin-windows-operando-or-in-situ-xps,reviewed_decode,reviewed_decode_anchor,https://w3id.org/h2kg/decode/workflow/anchor/molecular-dynamics-for-the-electrode-electrolyte-interface-metalwalls-method,"A computational, analytical, transformation, or generic workflow process denoted ""Molecular Dynamics for the Electrode | Electrolyte Interface - MetalWalls"" in DECODE hydrogen-electrochemistry workflows. Source context: - Madrid-2019 model ions does not fit properties for concentration over 3M - Concentration  less than  0.1M are difficult to access owing to the low number of ions in the calculation box.",- Madrid-2019 model ions does not fit properties for concentration over 3M - Concentration  less than  0.1M are difficult to access owing to the low number of ions in the calculation box.,"Reviewed DECODE semantic role, source label, source workflow context, and direct-neighbor context. This is a draft for expert review, not an authoritative ontology definition.","Decide: strict H2KG alias, existing H2KG mapping, new reusable H2KG term, or retain reviewed DECODE anchor.",needs_human_review,,,,[],Effective size of solvated ions; Electrode chemistry; Electrode morphology; Electrolyte composition; LRE species distribution (idealized); LRE species mobility (idealized); Lennard-Jones parameters
https://w3id.org/h2kg/decode/workflow/concept/molecular-dynamics-for-the-electrode-electrolyte-interface-in-presence-of-ionomer-method,Molecular Dynamics for the Electrode | Electrolyte Interface in presence of ionomer,,Process,https://w3id.org/h2kg/hydrogen-ontology#Process,9,dft-onto-idealized-surfaces; dip-and-pull-operando-or-in-situ-xps; iet-ink-to-composition-model; irras-operando-or-in-situ-ftir; molecular-dynamics-for-the-electrode-electrolyte-interface-in-presence-of-ionomer; operando-or-in-situ-xas-photon-out; operando-saxs-or-waxs-small-or-wide-angle-x-ray-spectroscopy; tem-and-eds-analysis-of-mea; thin-windows-operando-or-in-situ-xps,reviewed_decode,reviewed_decode_anchor,https://w3id.org/h2kg/decode/workflow/anchor/molecular-dynamics-for-the-electrode-electrolyte-interface-in-presence-of-ionomer-method,"A computational, analytical, transformation, or generic workflow process denoted ""Molecular Dynamics for the Electrode | Electrolyte Interface in presence of ionomer"" in DECODE hydrogen-electrochemistry workflows. Source context: timescale: 100 nano seconds",timescale: 100 nano seconds,"Reviewed DECODE semantic role, source label, source workflow context, and direct-neighbor context. This is a draft for expert review, not an authoritative ontology definition.","Decide: strict H2KG alias, existing H2KG mapping, new reusable H2KG term, or retain reviewed DECODE anchor.",needs_human_review,,,,[],Adsorbate conformation on electrode (idealized); Adsorbate coverage on electrode (idealized); Adsorbate types on electrode (idealized); Electrode chemistry; Electrode morphology; Ionomer chemical structure; Ionomer contact angles; Ionomer density (dry); Ionomer film thickness; Ionomer pKa; Ionomer-catalyst adsorption energy; LRE species distribution (idealized); Water film thickness
https://w3id.org/h2kg/decode/workflow/concept/molecular-fluorescent-probe-acidic-material,Molecular fluorescent probe (acidic),material,Matter,https://w3id.org/h2kg/hydrogen-ontology#Matter,2,confocal-laser-scanning-microscope-clsm-and-fluorescent-probes-for-local-ph-assessment-in-acidic-med; confocal-laser-scanning-microscope-clsm-and-fluorescent-probes-for-local-ph-assessment-in-acidic-med2,reviewed_decode,reviewed_decode_anchor,https://w3id.org/h2kg/decode/workflow/anchor/molecular-fluorescent-probe-acidic-material,"A material, component, chemical species, phase, specimen, or assembly denoted ""Molecular fluorescent probe (acidic)"" in DECODE hydrogen-electrochemistry workflows.",,"Reviewed DECODE semantic role, source label, source workflow context, and direct-neighbor context. This is a draft for expert review, not an authoritative ontology definition.","Decide: strict H2KG alias, existing H2KG mapping, new reusable H2KG term, or retain reviewed DECODE anchor.",needs_human_review,,,,"[{""iri"": ""https://w3id.org/h2kg/hydrogen-ontology#MassTransportResistance"", ""label"": ""Mass Transport Resistance"", ""score"": 0.594}, {""iri"": ""https://w3id.org/h2kg/hydrogen-ontology#MolecularDiffusivityInAir"", ""label"": ""Molecular Diffusivity In Air"", ""score"": 0.582}, {""iri"": ""https://w3id.org/h2kg/hydrogen-ontology#FluorescenceMicroscopyImaging"", ""label"": ""Fluorescence Microscopy Imaging"", ""score"": 0.577}]",Confocal Laser Scanning Microscope (CLSM) + fluorescent probes for local pH assessment in acidic media in GDE configuration; Confocal Laser Scanning Microscope (CLSM) + fluorescent probes for local pH assessment in acidic media on model /unsupported electrodes
https://w3id.org/h2kg/decode/workflow/concept/molecular-fluorescent-probe-alkaline-material,Molecular fluorescent probe (alkaline),material,Matter,https://w3id.org/h2kg/hydrogen-ontology#Matter,3,confocal-laser-scanning-microscope-clsm-and-fluorescent-probes-for-local-ph-assessment-in-alkaline-m; confocal-laser-scanning-microscope-clsm-and-fluorescent-probes-for-local-ph-assessment-in-alkaline-m2; development-of-ratiometric-fluorescent-probes-for-local-ph-assessement-in-alkaline-media,reviewed_decode,reviewed_decode_anchor,https://w3id.org/h2kg/decode/workflow/anchor/molecular-fluorescent-probe-alkaline-material,"A material, component, chemical species, phase, specimen, or assembly denoted ""Molecular fluorescent probe (alkaline)"" in DECODE hydrogen-electrochemistry workflows.",,"Reviewed DECODE semantic role, source label, source workflow context, and direct-neighbor context. This is a draft for expert review, not an authoritative ontology definition.","Decide: strict H2KG alias, existing H2KG mapping, new reusable H2KG term, or retain reviewed DECODE anchor.",needs_human_review,,,,"[{""iri"": ""https://w3id.org/h2kg/hydrogen-ontology#FluorescenceMicroscopyImaging"", ""label"": ""Fluorescence Microscopy Imaging"", ""score"": 0.556}, {""iri"": ""https://w3id.org/h2kg/hydrogen-ontology#MolecularlyImprintedPolymer"", ""label"": ""Molecularly Imprinted Polymer"", ""score"": 0.554}]",Confocal Laser Scanning Microscope (CLSM) + fluorescent probes for local pH assessment in alkaline media in GDE configuration; Confocal Laser Scanning Microscope (CLSM) + fluorescent probes for local pH assessment in alkaline media on model/unsupported electrodes; Development of ratiometric fluorescent probes for local pH assessement in alkaline media
https://w3id.org/h2kg/decode/workflow/concept/monomer-concentration-in-the-electrolyte-material,Monomer concentration in the electrolyte,material,Parameter,https://w3id.org/h2kg/hydrogen-ontology#Parameter,3,accelerated-stress-test-ast-on-nanostructured-electrodes; eis-on-nanostructured-electrodes; model-electrochemistry-in-a-rde-cell,reviewed_decode,reviewed_decode_anchor,https://w3id.org/h2kg/decode/workflow/anchor/monomer-concentration-in-the-electrolyte-material,"A specified, controlled, reported, or model-input condition or quantity denoted ""Monomer concentration in the electrolyte"" in DECODE hydrogen-electrochemistry workflows.",,"Reviewed DECODE semantic role, source label, source workflow context, and direct-neighbor context. This is a draft for expert review, not an authoritative ontology definition.","Decide: strict H2KG alias, existing H2KG mapping, new reusable H2KG term, or retain reviewed DECODE anchor.",needs_human_review,,,,"[{""iri"": ""https://w3id.org/h2kg/hydrogen-ontology#ElectrolyteConcentration"", ""label"": ""Electrolyte Concentration"", ""score"": 0.769}, {""iri"": ""https://w3id.org/h2kg/hydrogen-ontology#MonomerConcentration"", ""label"": ""Monomer Concentration"", ""score"": 0.689}, {""iri"": ""https://w3id.org/h2kg/hydrogen-ontology#DetectionLimit"", ""label"": ""Detection Limit"", ""score"": 0.676}]",Accelerated Stress Test (AST) on Nanostructured Electrodes; EIS on nanostructured electrodes; Model Electrochemistry in a RDE Cell
https://w3id.org/h2kg/decode/workflow/concept/mpl-3d-voxel-data-classified-meso,MPL 3D voxel data classified,meso,Data,https://w3id.org/h2kg/hydrogen-ontology#Data,12,ai-based-generation-of-structural-digital-twins-of-multi-scale-tomographies; image-classification-of-fib-tomography-data; image-classification-on-nm-scale; image-fib-tomography-dataparameter-extraction-3d; modeling-of-mpl-coating-of-gdl; simulation-of-single-phase-3d-apparent-properties; simulation-of-two-phase-3d-apparent-properties; voxel-based-3d-effective-diffusivity-simulation; voxel-based-3d-electric-conductiviy-simulation; voxel-based-3d-permability-simulation; voxel-based-3d-thermal-conductivity-simulation; water-retention-curve-simulation,reviewed_decode,reviewed_decode_anchor,https://w3id.org/h2kg/decode/workflow/anchor/mpl-3d-voxel-data-classified,"A recorded, calculated, image-based, or otherwise structured data artifact denoted ""MPL 3D voxel data classified"" in DECODE hydrogen-electrochemistry workflows.",,"Reviewed DECODE semantic role, source label, source workflow context, and direct-neighbor context. This is a draft for expert review, not an authoritative ontology definition.","Decide: strict H2KG alias, existing H2KG mapping, new reusable H2KG term, or retain reviewed DECODE anchor.",needs_human_review,,,,[],AI-based generation of structural digital twins of multi-scale tomographies; Image FIB tomography dataparameter extraction 3D; Image classification of FIB tomography data; Image classification on nm scale; Modeling of MPL coating of GDL; Simulation of single phase 3D apparent properties; Simulation of two phase 3D apparent properties; Voxel based 3D Effective Diffusivity simulation; Voxel based 3D Electric conductiviy simulation; Voxel based 3D Permability simulation; Voxel based 3D Thermal conductivity simulation; Water retention curve simulation
https://w3id.org/h2kg/decode/workflow/concept/mpl-3d-voxel-data-raw-meso,MPL 3D voxel data raw,meso,Data,https://w3id.org/h2kg/hydrogen-ontology#Data,5,fib-measurements-on-gdl-or-mpl-and-catalyst-materials; image-classification-of-fib-tomography-data; image-classification-on-nm-scale; lab-ct-measurements-on-gdl-or-mpl-materials; synch-ct-measurements-on-gdl-or-mpl-materials,reviewed_decode,reviewed_decode_anchor,https://w3id.org/h2kg/decode/workflow/anchor/mpl-3d-voxel-data-raw-meso,"A recorded, calculated, image-based, or otherwise structured data artifact denoted ""MPL 3D voxel data raw"" in DECODE hydrogen-electrochemistry workflows.",,"Reviewed DECODE semantic role, source label, source workflow context, and direct-neighbor context. This is a draft for expert review, not an authoritative ontology definition.","Decide: strict H2KG alias, existing H2KG mapping, new reusable H2KG term, or retain reviewed DECODE anchor.",needs_human_review,,,,[],FIB measurements on GDL/MPL and catalyst materials.; Image classification of FIB tomography data; Image classification on nm scale; LAB-CT measurements on GDL/MPL materials; Synch-CT measurements on GDL/MPL materials.
https://w3id.org/h2kg/decode/workflow/concept/mpl-average-pore-radius-component,MPL average pore radius,component,Property,https://w3id.org/h2kg/hydrogen-ontology#Property,5,cea-mea-model-europium-2d; fitting-of-the-europium-model; mpl-parameter-estimation-from-gdl-and-substrate-data; simulation-of-single-phase-3d-apparent-properties; simulation-of-two-phase-3d-apparent-properties,reviewed_decode,reviewed_decode_anchor,https://w3id.org/h2kg/decode/workflow/anchor/mpl-average-pore-radius-component,"A measurable, calculated, or derived scientific characteristic denoted ""MPL average pore radius"" in DECODE hydrogen-electrochemistry workflows.",,"Reviewed DECODE semantic role, source label, source workflow context, and direct-neighbor context. This is a draft for expert review, not an authoritative ontology definition.","Decide: strict H2KG alias, existing H2KG mapping, new reusable H2KG term, or retain reviewed DECODE anchor.",needs_human_review,,,,"[{""iri"": ""https://w3id.org/h2kg/hydrogen-ontology#AveragePoreDiameter"", ""label"": ""Average Pore Diameter"", ""score"": 0.7}, {""iri"": ""https://w3id.org/h2kg/hydrogen-ontology#AveragePoreSize"", ""label"": ""Average Pore Size"", ""score"": 0.7}, {""iri"": ""https://w3id.org/h2kg/hydrogen-ontology#InterAgglomeratePoreSize"", ""label"": ""Inter Agglomerate Pore Size"", ""score"": 0.7}]",CEA MEA model (Europium 2D); Fitting of the Europium model; MPL parameter estimation from GDL and substrate data; Simulation of single phase 3D apparent properties; Simulation of two phase 3D apparent properties
https://w3id.org/h2kg/decode/workflow/concept/mpl-breakthrough-pressure-component,MPL breakthrough pressure,component,Parameter,https://w3id.org/h2kg/hydrogen-ontology#Parameter,1,water-retention-curve-simulation,reviewed_decode,reviewed_decode_anchor,https://w3id.org/h2kg/decode/workflow/anchor/mpl-breakthrough-pressure-component,"A specified, controlled, reported, or model-input condition or quantity denoted ""MPL breakthrough pressure"" in DECODE hydrogen-electrochemistry workflows.",,"Reviewed DECODE semantic role, source label, source workflow context, and direct-neighbor context. This is a draft for expert review, not an authoritative ontology definition.","Decide: strict H2KG alias, existing H2KG mapping, new reusable H2KG term, or retain reviewed DECODE anchor.",needs_human_review,,,,"[{""iri"": ""https://w3id.org/h2kg/hydrogen-ontology#SprayAirPressure"", ""label"": ""Spray Air Pressure"", ""score"": 0.619}, {""iri"": ""https://w3id.org/h2kg/hydrogen-ontology#CellPressure"", ""label"": ""Cell Pressure"", ""score"": 0.609}, {""iri"": ""https://w3id.org/h2kg/hydrogen-ontology#BreakInProcedure"", ""label"": ""Break In Procedure"", ""score"": 0.605}]",Water retention curve simulation
https://w3id.org/h2kg/decode/workflow/concept/mpl-coating-process-parameters-process,MPL coating process parameters,process,Parameter,https://w3id.org/h2kg/hydrogen-ontology#Parameter,1,modeling-of-mpl-coating-of-gdl,reviewed_decode,reviewed_decode_anchor,https://w3id.org/h2kg/decode/workflow/anchor/mpl-coating-process-parameters-process,"A specified, controlled, reported, or model-input condition or quantity denoted ""MPL coating process parameters"" in DECODE hydrogen-electrochemistry workflows.",,"Reviewed DECODE semantic role, source label, source workflow context, and direct-neighbor context. This is a draft for expert review, not an authoritative ontology definition.","Decide: strict H2KG alias, existing H2KG mapping, new reusable H2KG term, or retain reviewed DECODE anchor.",needs_human_review,,,,"[{""iri"": ""https://w3id.org/h2kg/hydrogen-ontology#SprayCoatingParameterSpecification"", ""label"": ""Spray Coating Parameter Specification"", ""score"": 0.778}, {""iri"": ""https://w3id.org/h2kg/hydrogen-ontology#MembraneCastingProcess"", ""label"": ""Membrane Casting Process"", ""score"": 0.704}, {""iri"": ""https://w3id.org/h2kg/hydrogen-ontology#DipCoatingProcess"", ""label"": ""Dip Coating Process"", ""score"": 0.694}]",Modeling of MPL coating of GDL
https://w3id.org/h2kg/decode/workflow/concept/mpl-conductivity-component,MPL conductivity,component,Property,https://w3id.org/h2kg/hydrogen-ontology#Property,5,cea-mea-model-europium-2d; fitting-of-the-europium-model; mpl-parameter-estimation-from-gdl-and-substrate-data; simulation-of-single-phase-3d-apparent-properties; voxel-based-3d-electric-conductiviy-simulation,reviewed_decode,reviewed_decode_anchor,https://w3id.org/h2kg/decode/workflow/anchor/mpl-conductivity-component,"A measurable, calculated, or derived scientific characteristic denoted ""MPL conductivity"" in DECODE hydrogen-electrochemistry workflows.",,"Reviewed DECODE semantic role, source label, source workflow context, and direct-neighbor context. This is a draft for expert review, not an authoritative ontology definition.","Decide: strict H2KG alias, existing H2KG mapping, new reusable H2KG term, or retain reviewed DECODE anchor.",needs_human_review,,,,"[{""iri"": ""https://w3id.org/h2kg/hydrogen-ontology#ElectronicConductivityLossPercent"", ""label"": ""Electronic Conductivity Loss Percent"", ""score"": 0.848}, {""iri"": ""https://w3id.org/h2kg/hydrogen-ontology#ThermalConductivity"", ""label"": ""Thermal Conductivity"", ""score"": 0.833}, {""iri"": ""https://w3id.org/h2kg/hydrogen-ontology#EffectiveIonicConductivity"", ""label"": ""Effective Ionic Conductivity"", ""score"": 0.8}]",CEA MEA model (Europium 2D); Fitting of the Europium model; MPL parameter estimation from GDL and substrate data; Simulation of single phase 3D apparent properties; Voxel based 3D Electric conductiviy simulation
https://w3id.org/h2kg/decode/workflow/concept/mpl-cross-section-2d-pixel-data-containing-surface-information-of-element-distributions-meso,MPL cross section 2D pixel data containing surface information of element distributions,meso,Data,https://w3id.org/h2kg/hydrogen-ontology#Data,2,image-parameter-extraction-2d; sem-and-edx,reviewed_decode,reviewed_decode_anchor,https://w3id.org/h2kg/decode/workflow/anchor/mpl-cross-section-2d-pixel-data-containing-surface-information-of-element-distributions-meso,"A recorded, calculated, image-based, or otherwise structured data artifact denoted ""MPL cross section 2D pixel data containing surface information of element distributions"" in DECODE hydrogen-electrochemistry workflows.",,"Reviewed DECODE semantic role, source label, source workflow context, and direct-neighbor context. This is a draft for expert review, not an authoritative ontology definition.","Decide: strict H2KG alias, existing H2KG mapping, new reusable H2KG term, or retain reviewed DECODE anchor.",needs_human_review,,,,[],Image parameter extraction 2D; SEM and EDX
https://w3id.org/h2kg/decode/workflow/concept/mpl-density-component,MPL density,component,Property,https://w3id.org/h2kg/hydrogen-ontology#Property,2,image-fib-tomography-dataparameter-extraction-3d; image-parameter-extraction-2d,reviewed_decode,reviewed_decode_anchor,https://w3id.org/h2kg/decode/workflow/anchor/mpl-density-component,"A measurable, calculated, or derived scientific characteristic denoted ""MPL density"" in DECODE hydrogen-electrochemistry workflows.",,"Reviewed DECODE semantic role, source label, source workflow context, and direct-neighbor context. This is a draft for expert review, not an authoritative ontology definition.","Decide: strict H2KG alias, existing H2KG mapping, new reusable H2KG term, or retain reviewed DECODE anchor.",needs_human_review,,,,"[{""iri"": ""https://w3id.org/h2kg/hydrogen-ontology#DensityMeasurement"", ""label"": ""Density Measurement"", ""score"": 0.778}, {""iri"": ""https://w3id.org/h2kg/hydrogen-ontology#OpticalDensity"", ""label"": ""Optical Density"", ""score"": 0.769}, {""iri"": ""https://w3id.org/h2kg/hydrogen-ontology#PowerDensity"", ""label"": ""Power Density"", ""score"": 0.75}]",Image FIB tomography dataparameter extraction 3D; Image parameter extraction 2D
https://w3id.org/h2kg/decode/workflow/concept/mpl-effective-water-permeability-component,MPL effective water permeability,component,Property,https://w3id.org/h2kg/hydrogen-ontology#Property,3,cea-mea-model-europium-2d; fitting-of-the-europium-model; simulation-of-two-phase-3d-apparent-properties,reviewed_decode,reviewed_decode_anchor,https://w3id.org/h2kg/decode/workflow/anchor/mpl-effective-water-permeability-component,"A measurable, calculated, or derived scientific characteristic denoted ""MPL effective water permeability"" in DECODE hydrogen-electrochemistry workflows.",,"Reviewed DECODE semantic role, source label, source workflow context, and direct-neighbor context. This is a draft for expert review, not an authoritative ontology definition.","Decide: strict H2KG alias, existing H2KG mapping, new reusable H2KG term, or retain reviewed DECODE anchor.",needs_human_review,,,,"[{""iri"": ""https://w3id.org/h2kg/hydrogen-ontology#MicroporousLayerPermeability"", ""label"": ""Microporous Layer Permeability"", ""score"": 0.667}, {""iri"": ""https://w3id.org/h2kg/hydrogen-ontology#RelativeOxygenPermeability"", ""label"": ""Relative Oxygen Permeability"", ""score"": 0.633}, {""iri"": ""https://w3id.org/h2kg/hydrogen-ontology#OxygenPermeabilityFactorVsNafion"", ""label"": ""Oxygen Permeability Factor Vs Nafion"", ""score"": 0.63}]",CEA MEA model (Europium 2D); Fitting of the Europium model; Simulation of two phase 3D apparent properties
https://w3id.org/h2kg/decode/workflow/concept/mpl-external-contact-angle-component,MPL external contact angle,component,Property,https://w3id.org/h2kg/hydrogen-ontology#Property,1,wilhelmy-wettability-measurement,reviewed_decode,reviewed_decode_anchor,https://w3id.org/h2kg/decode/workflow/anchor/mpl-external-contact-angle-component,"A measurable, calculated, or derived scientific characteristic denoted ""MPL external contact angle"" in DECODE hydrogen-electrochemistry workflows.",,"Reviewed DECODE semantic role, source label, source workflow context, and direct-neighbor context. This is a draft for expert review, not an authoritative ontology definition.","Decide: strict H2KG alias, existing H2KG mapping, new reusable H2KG term, or retain reviewed DECODE anchor.",needs_human_review,,,,"[{""iri"": ""https://w3id.org/h2kg/hydrogen-ontology#ContactAngle"", ""label"": ""Contact Angle"", ""score"": 0.756}, {""iri"": ""https://w3id.org/h2kg/hydrogen-ontology#ContactAngleMeasurement"", ""label"": ""Contact Angle Measurement"", ""score"": 0.727}, {""iri"": ""https://w3id.org/h2kg/hydrogen-ontology#ContactAngleGoniometer"", ""label"": ""Contact Angle Goniometer"", ""score"": 0.72}]",Wilhelmy wettability measurement
https://w3id.org/h2kg/decode/workflow/concept/mpl-in-plane-2d-pixel-data-containing-surface-information-of-element-distributions-meso,MPL in plane 2D pixel data containing surface information of element distributions,meso,Data,https://w3id.org/h2kg/hydrogen-ontology#Data,1,sem-and-edx,reviewed_decode,reviewed_decode_anchor,https://w3id.org/h2kg/decode/workflow/anchor/mpl-in-plane-2d-pixel-data-containing-surface-information-of-element-distributions-meso,"A recorded, calculated, image-based, or otherwise structured data artifact denoted ""MPL in plane 2D pixel data containing surface information of element distributions"" in DECODE hydrogen-electrochemistry workflows.",,"Reviewed DECODE semantic role, source label, source workflow context, and direct-neighbor context. This is a draft for expert review, not an authoritative ontology definition.","Decide: strict H2KG alias, existing H2KG mapping, new reusable H2KG term, or retain reviewed DECODE anchor.",needs_human_review,,,,[],SEM and EDX
https://w3id.org/h2kg/decode/workflow/concept/mpl-ink-material,MPL ink,material,Matter,https://w3id.org/h2kg/hydrogen-ontology#Matter,1,impregnation-by-immersion-and-blade-coating,approved_h2kg,strict_alt_label,https://w3id.org/h2kg/hydrogen-ontology#MicroporousLayerInk,"A material, component, chemical species, phase, specimen, or assembly denoted ""MPL ink"" in DECODE hydrogen-electrochemistry workflows.",,"Reviewed DECODE semantic role, source label, source workflow context, and direct-neighbor context. This is a draft for expert review, not an authoritative ontology definition.",Verify against the canonical H2KG definition and retain only a true synonym.,needs_human_review,,,,"[{""iri"": ""https://w3id.org/h2kg/hydrogen-ontology#MicroporousLayerInk"", ""label"": ""Microporous Layer Ink"", ""score"": 1.0}, {""iri"": ""https://w3id.org/h2kg/hydrogen-ontology#GasFlowRate"", ""label"": ""Gas Flow Rate"", ""score"": 0.769}, {""iri"": ""https://w3id.org/h2kg/hydrogen-ontology#MicroporousLayerPermeability"", ""label"": ""Microporous Layer Permeability"", ""score"": 0.727}]",Impregnation by immersion and blade coating
https://w3id.org/h2kg/decode/workflow/concept/mpl-ink-composition-and-properties-material,MPL ink composition and properties,material,Matter,https://w3id.org/h2kg/hydrogen-ontology#Matter,1,modeling-of-mpl-coating-of-gdl,reviewed_decode,reviewed_decode_anchor,https://w3id.org/h2kg/decode/workflow/anchor/mpl-ink-composition-and-properties-material,"A material, component, chemical species, phase, specimen, or assembly denoted ""MPL ink composition and properties"" in DECODE hydrogen-electrochemistry workflows.",,"Reviewed DECODE semantic role, source label, source workflow context, and direct-neighbor context. This is a draft for expert review, not an authoritative ontology definition.","Decide: strict H2KG alias, existing H2KG mapping, new reusable H2KG term, or retain reviewed DECODE anchor.",needs_human_review,,,,"[{""iri"": ""https://w3id.org/h2kg/hydrogen-ontology#InkCompositionSpecification"", ""label"": ""Ink Composition Specification"", ""score"": 0.635}, {""iri"": ""https://w3id.org/h2kg/hydrogen-ontology#AnodeGasComposition"", ""label"": ""Anode Gas Composition"", ""score"": 0.618}, {""iri"": ""https://w3id.org/h2kg/hydrogen-ontology#CarbonNanotubeDecompositionOnsetTemperature"", ""label"": ""Carbon Nanotube Decomposition Onset Temperature"", ""score"": 0.604}]",Modeling of MPL coating of GDL
https://w3id.org/h2kg/decode/workflow/concept/mpl-internal-contact-angle-component,MPL internal contact angle,component,Property,https://w3id.org/h2kg/hydrogen-ontology#Property,1,water-retention-curve-simulation,reviewed_decode,reviewed_decode_anchor,https://w3id.org/h2kg/decode/workflow/anchor/mpl-internal-contact-angle-component,"A measurable, calculated, or derived scientific characteristic denoted ""MPL internal contact angle"" in DECODE hydrogen-electrochemistry workflows.",,"Reviewed DECODE semantic role, source label, source workflow context, and direct-neighbor context. This is a draft for expert review, not an authoritative ontology definition.","Decide: strict H2KG alias, existing H2KG mapping, new reusable H2KG term, or retain reviewed DECODE anchor.",needs_human_review,,,,"[{""iri"": ""https://w3id.org/h2kg/hydrogen-ontology#ContactAngle"", ""label"": ""Contact Angle"", ""score"": 0.809}, {""iri"": ""https://w3id.org/h2kg/hydrogen-ontology#ContactAngleMeasurement"", ""label"": ""Contact Angle Measurement"", ""score"": 0.727}, {""iri"": ""https://w3id.org/h2kg/hydrogen-ontology#ContactAngleGoniometer"", ""label"": ""Contact Angle Goniometer"", ""score"": 0.72}]",Water retention curve simulation
https://w3id.org/h2kg/decode/workflow/concept/mpl-parameter-estimation-from-gdl-and-substrate-data-method,MPL parameter estimation from GDL and substrate data,,Property,https://w3id.org/h2kg/hydrogen-ontology#Property,21,cea-mea-model-europium-2d; current-modulated-hydrogen-flow-rate-spectroscopy-ch2s; diffusivities-from-tortuosities; electrical-conductivity; electrical-contact-resistance; electrical-tlm-characterization-of-a-gdl-with-defined-compression; fitting-of-the-europium-model; gas-permeability-of-a-gdl-with-defined-compression; gdl-compressability; hg-porosimetry-gdl; image-parameter-extraction-2d; image-x-ray-tomography-data-parameter-extraction-3d; microscopy-sem-and-optical-in-mea-cross-section; mpl-parameter-estimation-from-gdl-and-substrate-data; sem-and-edx; sem-and-fib-layer; simulation-of-single-phase-3d-apparent-properties; simulation-of-two-phase-3d-apparent-properties; voxel-based-3d-effective-diffusivity-simulation; voxel-based-3d-electric-conductiviy-simulation; voxel-based-3d-permability-simulation,reviewed_decode,reviewed_decode_anchor,https://w3id.org/h2kg/decode/workflow/anchor/mpl-parameter-estimation-from-gdl-and-substrate-data-method,"A measurable, calculated, or derived scientific characteristic denoted ""MPL parameter estimation from GDL and substrate data"" in DECODE hydrogen-electrochemistry workflows. Source context: Accuracy/validity depends strongly on the specific material, and especially on the extent to which MPL material intrudes into the substrate. Results should be validated against other methods (i.e. property estimations based on tomography data)","Accuracy/validity depends strongly on the specific material, and especially on the extent to which MPL material intrudes into the substrate. Results should be validated against other methods (i.e. property estimations based on tomography data)","Reviewed DECODE semantic role, source label, source workflow context, and direct-neighbor context. This is a draft for expert review, not an authoritative ontology definition.","Decide: strict H2KG alias, existing H2KG mapping, new reusable H2KG term, or retain reviewed DECODE anchor.",needs_human_review,,,,[],GDL in-plane conductivity; GDL in-plane permeability; GDL pore size distribution; GDL porosity; GDL substrate average pore radius; GDL substrate in-plane conductivity; GDL substrate in-plane permeability; GDL substrate pore size distribution; GDL substrate porosity; GDL substrate thickness; GDL substrate through-plane conductivity; GDL substrate through-plane permeability; GDL thickness; GDL through-plane conductivity; GDL through-plane permeability; MPL average pore radius; MPL conductivity; MPL permeability; MPL porosity; MPL thickness
https://w3id.org/h2kg/decode/workflow/concept/mpl-permeability-component,MPL permeability,component,Parameter,https://w3id.org/h2kg/hydrogen-ontology#Parameter,6,cea-mea-model-europium-2d; fitting-of-the-europium-model; mpl-parameter-estimation-from-gdl-and-substrate-data; simulation-of-single-phase-3d-apparent-properties; simulation-of-two-phase-3d-apparent-properties; voxel-based-3d-permability-simulation,approved_h2kg,strict_alt_label,https://w3id.org/h2kg/hydrogen-ontology#MicroporousLayerPermeability,"A specified, controlled, reported, or model-input condition or quantity denoted ""MPL permeability"" in DECODE hydrogen-electrochemistry workflows.",,"Reviewed DECODE semantic role, source label, source workflow context, and direct-neighbor context. This is a draft for expert review, not an authoritative ontology definition.",Verify against the canonical H2KG definition and retain only a true synonym.,needs_human_review,,,,"[{""iri"": ""https://w3id.org/h2kg/hydrogen-ontology#MicroporousLayerPermeability"", ""label"": ""Microporous Layer Permeability"", ""score"": 1.0}, {""iri"": ""https://w3id.org/h2kg/hydrogen-ontology#HydrogenPermeability"", ""label"": ""Hydrogen Permeability"", ""score"": 0.867}, {""iri"": ""https://w3id.org/h2kg/hydrogen-ontology#OxygenPermeability"", ""label"": ""Oxygen Permeability"", ""score"": 0.867}]",CEA MEA model (Europium 2D); Fitting of the Europium model; MPL parameter estimation from GDL and substrate data; Simulation of single phase 3D apparent properties; Simulation of two phase 3D apparent properties; Voxel based 3D Permability simulation
https://w3id.org/h2kg/decode/workflow/concept/mpl-porosity-component,MPL porosity,component,Parameter,https://w3id.org/h2kg/hydrogen-ontology#Parameter,7,cea-mea-model-europium-2d; current-modulated-hydrogen-flow-rate-spectroscopy-ch2s; diffusivities-from-tortuosities; fitting-of-the-europium-model; mpl-parameter-estimation-from-gdl-and-substrate-data; simulation-of-single-phase-3d-apparent-properties; voxel-based-3d-effective-diffusivity-simulation,approved_h2kg,strict_alt_label,https://w3id.org/h2kg/hydrogen-ontology#MicroporousLayerPorosity,"A specified, controlled, reported, or model-input condition or quantity denoted ""MPL porosity"" in DECODE hydrogen-electrochemistry workflows.",,"Reviewed DECODE semantic role, source label, source workflow context, and direct-neighbor context. This is a draft for expert review, not an authoritative ontology definition.",Verify against the canonical H2KG definition and retain only a true synonym.,needs_human_review,,,,"[{""iri"": ""https://w3id.org/h2kg/hydrogen-ontology#MicroporousLayerPorosity"", ""label"": ""Microporous Layer Porosity"", ""score"": 1.0}, {""iri"": ""https://w3id.org/h2kg/hydrogen-ontology#CatalystLayerPorosity"", ""label"": ""Catalyst Layer Porosity"", ""score"": 0.87}, {""iri"": ""https://w3id.org/h2kg/hydrogen-ontology#GasDiffusionLayerPorosity"", ""label"": ""Gas Diffusion Layer Porosity"", ""score"": 0.833}]",CEA MEA model (Europium 2D); Current modulated hydrogen flow-rate spectroscopy (CH2S); Diffusivities from tortuosities; Fitting of the Europium model; MPL parameter estimation from GDL and substrate data; Simulation of single phase 3D apparent properties; Voxel based 3D Effective Diffusivity simulation
https://w3id.org/h2kg/decode/workflow/concept/mpl-saturation-component,MPL saturation,component,Parameter,https://w3id.org/h2kg/hydrogen-ontology#Parameter,4,cea-mea-model-europium-2d; determination-of-cl-saturation-by-saxs-or-sans; image-x-ray-tomography-data-parameter-extraction-3d; mpl-saturation-determination-from-x-ray-ct-data,reviewed_decode,reviewed_decode_anchor,https://w3id.org/h2kg/decode/workflow/anchor/mpl-saturation-component,"A specified, controlled, reported, or model-input condition or quantity denoted ""MPL saturation"" in DECODE hydrogen-electrochemistry workflows.",,"Reviewed DECODE semantic role, source label, source workflow context, and direct-neighbor context. This is a draft for expert review, not an authoritative ontology definition.","Decide: strict H2KG alias, existing H2KG mapping, new reusable H2KG term, or retain reviewed DECODE anchor.",needs_human_review,,,,"[{""iri"": ""https://w3id.org/h2kg/hydrogen-ontology#EISPerturbationAmplitude"", ""label"": ""EIS Perturbation Amplitude"", ""score"": 0.667}, {""iri"": ""https://w3id.org/h2kg/hydrogen-ontology#MEAPolarization"", ""label"": ""MEA Polarization"", ""score"": 0.667}, {""iri"": ""https://w3id.org/h2kg/hydrogen-ontology#MolecularDynamicsSimulation"", ""label"": ""Molecular Dynamics Simulation"", ""score"": 0.667}]",CEA MEA model (Europium 2D); Determination of CL saturation by SAXS/SANS; Image X-ray tomography data parameter extraction 3D; MPL saturation determination from X-ray CT-data
https://w3id.org/h2kg/decode/workflow/concept/mpl-saturation-determination-from-x-ray-ct-data-method,MPL saturation determination from X-ray CT-data,,Parameter,https://w3id.org/h2kg/hydrogen-ontology#Parameter,16,ai-based-generation-of-structural-digital-twins-of-multi-scale-tomographies; blade-coating-and-decal-transfer-for-ref-pefc-ccm; electrospray-deposition-of-catalyst-layers; image-classification-of-x-ray-tomography-data; image-x-ray-tomography-data-parameter-extraction-3d; impregnation-by-immersion-and-blade-coating; modeling-of-mpl-coating-of-gdl; mpl-saturation-determination-from-x-ray-ct-data; simulation-of-single-phase-3d-apparent-properties; simulation-of-two-phase-3d-apparent-properties; ultrasonic-spray-deposition-for-catalytic-layers; voxel-based-3d-effective-diffusivity-simulation; voxel-based-3d-electric-conductiviy-simulation; voxel-based-3d-permability-simulation; voxel-based-3d-thermal-conductivity-simulation; water-retention-curve-simulation,reviewed_decode,reviewed_decode_anchor,https://w3id.org/h2kg/decode/workflow/anchor/mpl-saturation-determination-from-x-ray-ct-data-method,"A specified, controlled, reported, or model-input condition or quantity denoted ""MPL saturation determination from X-ray CT-data"" in DECODE hydrogen-electrochemistry workflows. Source context: the lower the noise level in the CT data, the more statistical relevant small differences in saturation are","the lower the noise level in the CT data, the more statistical relevant small differences in saturation are","Reviewed DECODE semantic role, source label, source workflow context, and direct-neighbor context. This is a draft for expert review, not an authoritative ontology definition.","Decide: strict H2KG alias, existing H2KG mapping, new reusable H2KG term, or retain reviewed DECODE anchor.",needs_human_review,,,,"[{""iri"": ""https://w3id.org/h2kg/hydrogen-ontology#CatalystLayerAcidLoadingDetermination"", ""label"": ""Catalyst Layer Acid Loading Determination"", ""score"": 0.614}, {""iri"": ""https://w3id.org/h2kg/hydrogen-ontology#CatalystLoadingDetermination"", ""label"": ""Catalyst Loading Determination"", ""score"": 0.597}]",CCM; Cell current density; Cell inlet humidification; Cell stoichiometries; Cell temperature; Flow-field geometry; GDL; GDL substrate 3D voxel data classified; GDL substrate 3D voxel data raw; GDL substrate 3D voxel data wet classified; GDL substrate 3D voxel data wet raw; GDL substrate saturation; GDL substrate saturation profiles; MPL X-ray 3D voxel data classified; MPL X-ray 3D voxel data raw; MPL X-ray 3D voxel data wet classified; MPL X-ray 3D voxel data wet raw; MPL saturation; MPL saturation maps
https://w3id.org/h2kg/decode/workflow/concept/mpl-saturation-maps-meso,MPL saturation maps,meso,Parameter,https://w3id.org/h2kg/hydrogen-ontology#Parameter,2,image-x-ray-tomography-data-parameter-extraction-3d; mpl-saturation-determination-from-x-ray-ct-data,reviewed_decode,reviewed_decode_anchor,https://w3id.org/h2kg/decode/workflow/anchor/mpl-saturation-maps-meso,"A specified, controlled, reported, or model-input condition or quantity denoted ""MPL saturation maps"" in DECODE hydrogen-electrochemistry workflows.",,"Reviewed DECODE semantic role, source label, source workflow context, and direct-neighbor context. This is a draft for expert review, not an authoritative ontology definition.","Decide: strict H2KG alias, existing H2KG mapping, new reusable H2KG term, or retain reviewed DECODE anchor.",needs_human_review,,,,"[{""iri"": ""https://w3id.org/h2kg/hydrogen-ontology#MEAPolarization"", ""label"": ""MEA Polarization"", ""score"": 0.686}, {""iri"": ""https://w3id.org/h2kg/hydrogen-ontology#PhosphoricAcidSaturationInCracks"", ""label"": ""Phosphoric Acid Saturation In Cracks"", ""score"": 0.636}, {""iri"": ""https://w3id.org/h2kg/hydrogen-ontology#EISPerturbationAmplitude"", ""label"": ""EIS Perturbation Amplitude"", ""score"": 0.634}]",Image X-ray tomography data parameter extraction 3D; MPL saturation determination from X-ray CT-data
https://w3id.org/h2kg/decode/workflow/concept/mpl-saturation-profiles-macrohomogeneous-local,MPL saturation profiles,macrohomogeneous local,Parameter,https://w3id.org/h2kg/hydrogen-ontology#Parameter,2,cea-mea-model-europium-2d; determination-of-cl-saturation-by-saxs-or-sans,reviewed_decode,reviewed_decode_anchor,https://w3id.org/h2kg/decode/workflow/anchor/mpl-saturation-profiles-macrohomogeneous-local,"A specified, controlled, reported, or model-input condition or quantity denoted ""MPL saturation profiles"" in DECODE hydrogen-electrochemistry workflows.",,"Reviewed DECODE semantic role, source label, source workflow context, and direct-neighbor context. This is a draft for expert review, not an authoritative ontology definition.","Decide: strict H2KG alias, existing H2KG mapping, new reusable H2KG term, or retain reviewed DECODE anchor.",needs_human_review,,,,"[{""iri"": ""https://w3id.org/h2kg/hydrogen-ontology#OpticalSurfaceProfiler"", ""label"": ""Optical Surface Profiler"", ""score"": 0.638}, {""iri"": ""https://w3id.org/h2kg/hydrogen-ontology#EISPerturbationAmplitude"", ""label"": ""EIS Perturbation Amplitude"", ""score"": 0.622}, {""iri"": ""https://w3id.org/h2kg/hydrogen-ontology#MEAPolarization"", ""label"": ""MEA Polarization"", ""score"": 0.615}]",CEA MEA model (Europium 2D); Determination of CL saturation by SAXS/SANS
https://w3id.org/h2kg/decode/workflow/concept/mpl-structural-parameters-component,MPL structural parameters,component,Matter,https://w3id.org/h2kg/hydrogen-ontology#Matter,1,neutron-imaging,reviewed_decode,reviewed_decode_anchor,https://w3id.org/h2kg/decode/workflow/anchor/mpl-structural-parameters-component,"A material, component, chemical species, phase, specimen, or assembly denoted ""MPL structural parameters"" in DECODE hydrogen-electrochemistry workflows.",,"Reviewed DECODE semantic role, source label, source workflow context, and direct-neighbor context. This is a draft for expert review, not an authoritative ontology definition.","Decide: strict H2KG alias, existing H2KG mapping, new reusable H2KG term, or retain reviewed DECODE anchor.",needs_human_review,,,,"[{""iri"": ""https://w3id.org/h2kg/hydrogen-ontology#CatalystInkStructureDataset"", ""label"": ""Catalyst Ink Structure Dataset"", ""score"": 0.815}, {""iri"": ""https://w3id.org/h2kg/hydrogen-ontology#PrintedCompositeStructure"", ""label"": ""Printed Composite Structure"", ""score"": 0.615}, {""iri"": ""https://w3id.org/h2kg/hydrogen-ontology#SprayCoatingParameterSpecification"", ""label"": ""Spray Coating Parameter Specification"", ""score"": 0.612}]",Neutron Imaging
https://w3id.org/h2kg/decode/workflow/concept/mpl-thermal-conductivity-component,MPL thermal conductivity,component,Property,https://w3id.org/h2kg/hydrogen-ontology#Property,5,cea-mea-model-europium-2d; fitting-of-the-europium-model; simulation-of-single-phase-3d-apparent-properties; simulation-of-two-phase-3d-apparent-properties; voxel-based-3d-thermal-conductivity-simulation,reviewed_decode,reviewed_decode_anchor,https://w3id.org/h2kg/decode/workflow/anchor/mpl-thermal-conductivity-component,"A measurable, calculated, or derived scientific characteristic denoted ""MPL thermal conductivity"" in DECODE hydrogen-electrochemistry workflows.",,"Reviewed DECODE semantic role, source label, source workflow context, and direct-neighbor context. This is a draft for expert review, not an authoritative ontology definition.","Decide: strict H2KG alias, existing H2KG mapping, new reusable H2KG term, or retain reviewed DECODE anchor.",needs_human_review,,,,"[{""iri"": ""https://w3id.org/h2kg/hydrogen-ontology#ThermalConductivity"", ""label"": ""Thermal Conductivity"", ""score"": 0.909}, {""iri"": ""https://w3id.org/h2kg/hydrogen-ontology#ThroughPlaneThermalConductivityMeasurement"", ""label"": ""Through Plane Thermal Conductivity Measurement"", ""score"": 0.808}, {""iri"": ""https://w3id.org/h2kg/hydrogen-ontology#InPlaneElectronicConductivity"", ""label"": ""In Plane Electronic Conductivity"", ""score"": 0.766}]",CEA MEA model (Europium 2D); Fitting of the Europium model; Simulation of single phase 3D apparent properties; Simulation of two phase 3D apparent properties; Voxel based 3D Thermal conductivity simulation
https://w3id.org/h2kg/decode/workflow/concept/mpl-thickness-component,MPL thickness,component,Property,https://w3id.org/h2kg/hydrogen-ontology#Property,11,cea-mea-model-europium-2d; current-modulated-hydrogen-flow-rate-spectroscopy-ch2s; diffusivities-from-tortuosities; fib-measurements-on-gdl-or-mpl-and-catalyst-materials; fitting-of-the-europium-model; image-fib-tomography-dataparameter-extraction-3d; image-parameter-extraction-2d; image-x-ray-tomography-data-parameter-extraction-3d; mpl-parameter-estimation-from-gdl-and-substrate-data; sem-and-edx; sem-and-fib-layer,approved_h2kg,strict_alt_label,https://w3id.org/h2kg/hydrogen-ontology#MicroporousLayerThickness,"A measurable, calculated, or derived scientific characteristic denoted ""MPL thickness"" in DECODE hydrogen-electrochemistry workflows.",,"Reviewed DECODE semantic role, source label, source workflow context, and direct-neighbor context. This is a draft for expert review, not an authoritative ontology definition.",Verify against the canonical H2KG definition and retain only a true synonym.,needs_human_review,,,,"[{""iri"": ""https://w3id.org/h2kg/hydrogen-ontology#MicroporousLayerThickness"", ""label"": ""Microporous Layer Thickness"", ""score"": 1.0}, {""iri"": ""https://w3id.org/h2kg/hydrogen-ontology#CatalystLayerThickness_2"", ""label"": ""Catalyst Layer Thickness"", ""score"": 0.88}, {""iri"": ""https://w3id.org/h2kg/hydrogen-ontology#CathodeCatalystLayerThickness"", ""label"": ""Cathode Catalyst Layer Thickness"", ""score"": 0.846}]",CEA MEA model (Europium 2D); Current modulated hydrogen flow-rate spectroscopy (CH2S); Diffusivities from tortuosities; FIB measurements on GDL/MPL and catalyst materials.; Fitting of the Europium model; Image FIB tomography dataparameter extraction 3D; Image X-ray tomography data parameter extraction 3D; Image parameter extraction 2D; MPL parameter estimation from GDL and substrate data; SEM and EDX; SEM and FIB (layer)
https://w3id.org/h2kg/decode/workflow/concept/mpl-tortuosity-component,MPL tortuosity,component,Property,https://w3id.org/h2kg/hydrogen-ontology#Property,7,cea-mea-model-europium-2d; current-modulated-hydrogen-flow-rate-spectroscopy-ch2s; diffusivities-from-tortuosities; fitting-of-the-europium-model; simulation-of-single-phase-3d-apparent-properties; simulation-of-two-phase-3d-apparent-properties; voxel-based-3d-effective-diffusivity-simulation,reviewed_decode,reviewed_decode_anchor,https://w3id.org/h2kg/decode/workflow/anchor/mpl-tortuosity-component,"A measurable, calculated, or derived scientific characteristic denoted ""MPL tortuosity"" in DECODE hydrogen-electrochemistry workflows.",,"Reviewed DECODE semantic role, source label, source workflow context, and direct-neighbor context. This is a draft for expert review, not an authoritative ontology definition.","Decide: strict H2KG alias, existing H2KG mapping, new reusable H2KG term, or retain reviewed DECODE anchor.",needs_human_review,,,,"[{""iri"": ""https://w3id.org/h2kg/hydrogen-ontology#MicroporousLayerPorosity"", ""label"": ""Microporous Layer Porosity"", ""score"": 0.846}, {""iri"": ""https://w3id.org/h2kg/hydrogen-ontology#PorosityMeasurement"", ""label"": ""Porosity Measurement"", ""score"": 0.727}, {""iri"": ""https://w3id.org/h2kg/hydrogen-ontology#TotalPorosity"", ""label"": ""Total Porosity"", ""score"": 0.727}]",CEA MEA model (Europium 2D); Current modulated hydrogen flow-rate spectroscopy (CH2S); Diffusivities from tortuosities; Fitting of the Europium model; Simulation of single phase 3D apparent properties; Simulation of two phase 3D apparent properties; Voxel based 3D Effective Diffusivity simulation
https://w3id.org/h2kg/decode/workflow/concept/mpl-water-distribution-meso,MPL water distribution,meso,Data,https://w3id.org/h2kg/hydrogen-ontology#Data,1,ct-based-capillary-pressure-saturation-curves,reviewed_decode,reviewed_decode_anchor,https://w3id.org/h2kg/decode/workflow/anchor/mpl-water-distribution-meso,"A recorded, calculated, image-based, or otherwise structured data artifact denoted ""MPL water distribution"" in DECODE hydrogen-electrochemistry workflows.",,"Reviewed DECODE semantic role, source label, source workflow context, and direct-neighbor context. This is a draft for expert review, not an authoritative ontology definition.","Decide: strict H2KG alias, existing H2KG mapping, new reusable H2KG term, or retain reviewed DECODE anchor.",needs_human_review,,,,"[{""iri"": ""https://w3id.org/h2kg/hydrogen-ontology#PoreSizeDistribution"", ""label"": ""Pore Size Distribution"", ""score"": 0.727}, {""iri"": ""https://w3id.org/h2kg/hydrogen-ontology#PoreSizeDistributionDataset"", ""label"": ""Pore Size Distribution Dataset"", ""score"": 0.727}, {""iri"": ""https://w3id.org/h2kg/hydrogen-ontology#AgglomerateSizeDistributionDataset"", ""label"": ""Agglomerate Size Distribution Dataset"", ""score"": 0.718}]",CT-based capillary pressure saturation curves
https://w3id.org/h2kg/decode/workflow/concept/mpl-water-retention-curve-component,MPL water retention curve,component,Data,https://w3id.org/h2kg/hydrogen-ontology#Data,5,cea-mea-model-europium-2d; ct-based-capillary-pressure-saturation-curves; fitting-of-the-europium-model; simulation-of-two-phase-3d-apparent-properties; water-retention-curve-simulation,reviewed_decode,reviewed_decode_anchor,https://w3id.org/h2kg/decode/workflow/anchor/mpl-water-retention-curve-component,"A recorded, calculated, image-based, or otherwise structured data artifact denoted ""MPL water retention curve"" in DECODE hydrogen-electrochemistry workflows.",,"Reviewed DECODE semantic role, source label, source workflow context, and direct-neighbor context. This is a draft for expert review, not an authoritative ontology definition.","Decide: strict H2KG alias, existing H2KG mapping, new reusable H2KG term, or retain reviewed DECODE anchor.",needs_human_review,,,,"[{""iri"": ""https://w3id.org/h2kg/hydrogen-ontology#CurrentRetentionPercentAfterChronoamperometry"", ""label"": ""Current Retention Percent After Chronoamperometry"", ""score"": 0.667}, {""iri"": ""https://w3id.org/h2kg/hydrogen-ontology#WetCoImpregnation"", ""label"": ""Wet Co Impregnation"", ""score"": 0.636}, {""iri"": ""https://w3id.org/h2kg/hydrogen-ontology#WaterToNPropanolVolumeRatio"", ""label"": ""Water To N Propanol Volume Ratio"", ""score"": 0.622}]",CEA MEA model (Europium 2D); CT-based capillary pressure saturation curves; Fitting of the Europium model; Simulation of two phase 3D apparent properties; Water retention curve simulation
https://w3id.org/h2kg/decode/workflow/concept/mpl-x-ray-3d-voxel-data-classified-meso,MPL X-ray 3D voxel data classified,meso,Data,https://w3id.org/h2kg/hydrogen-ontology#Data,4,ai-based-generation-of-structural-digital-twins-of-multi-scale-tomographies; image-classification-of-x-ray-tomography-data; image-x-ray-tomography-data-parameter-extraction-3d; mpl-saturation-determination-from-x-ray-ct-data,reviewed_decode,reviewed_decode_anchor,https://w3id.org/h2kg/decode/workflow/anchor/mpl-x-ray-3d-voxel-data-classified-meso,"A recorded, calculated, image-based, or otherwise structured data artifact denoted ""MPL X-ray 3D voxel data classified"" in DECODE hydrogen-electrochemistry workflows.",,"Reviewed DECODE semantic role, source label, source workflow context, and direct-neighbor context. This is a draft for expert review, not an authoritative ontology definition.","Decide: strict H2KG alias, existing H2KG mapping, new reusable H2KG term, or retain reviewed DECODE anchor.",needs_human_review,,,,[],AI-based generation of structural digital twins of multi-scale tomographies; Image X-ray tomography data parameter extraction 3D; Image classification of X-ray tomography data; MPL saturation determination from X-ray CT-data
https://w3id.org/h2kg/decode/workflow/concept/mpl-x-ray-3d-voxel-data-raw-meso,MPL X-ray 3D voxel data raw,meso,Data,https://w3id.org/h2kg/hydrogen-ontology#Data,3,ct-based-capillary-pressure-saturation-curves; image-classification-of-x-ray-tomography-data; mpl-saturation-determination-from-x-ray-ct-data,reviewed_decode,reviewed_decode_anchor,https://w3id.org/h2kg/decode/workflow/anchor/mpl-x-ray-3d-voxel-data-raw-meso,"A recorded, calculated, image-based, or otherwise structured data artifact denoted ""MPL X-ray 3D voxel data raw"" in DECODE hydrogen-electrochemistry workflows.",,"Reviewed DECODE semantic role, source label, source workflow context, and direct-neighbor context. This is a draft for expert review, not an authoritative ontology definition.","Decide: strict H2KG alias, existing H2KG mapping, new reusable H2KG term, or retain reviewed DECODE anchor.",needs_human_review,,,,[],CT-based capillary pressure saturation curves; Image classification of X-ray tomography data; MPL saturation determination from X-ray CT-data
https://w3id.org/h2kg/decode/workflow/concept/mpl-x-ray-3d-voxel-data-wet-classified-meso,MPL X-ray 3D voxel data wet classified,meso,Data,https://w3id.org/h2kg/hydrogen-ontology#Data,4,ai-based-generation-of-structural-digital-twins-of-multi-scale-tomographies; image-classification-of-x-ray-tomography-data; image-x-ray-tomography-data-parameter-extraction-3d; mpl-saturation-determination-from-x-ray-ct-data,reviewed_decode,reviewed_decode_anchor,https://w3id.org/h2kg/decode/workflow/anchor/mpl-x-ray-3d-voxel-data-wet-classified-meso,"A recorded, calculated, image-based, or otherwise structured data artifact denoted ""MPL X-ray 3D voxel data wet classified"" in DECODE hydrogen-electrochemistry workflows.",,"Reviewed DECODE semantic role, source label, source workflow context, and direct-neighbor context. This is a draft for expert review, not an authoritative ontology definition.","Decide: strict H2KG alias, existing H2KG mapping, new reusable H2KG term, or retain reviewed DECODE anchor.",needs_human_review,,,,[],AI-based generation of structural digital twins of multi-scale tomographies; Image X-ray tomography data parameter extraction 3D; Image classification of X-ray tomography data; MPL saturation determination from X-ray CT-data
https://w3id.org/h2kg/decode/workflow/concept/mpl-x-ray-3d-voxel-data-wet-operando-classified-meso,MPL X-ray 3D voxel data wet operando classified,meso,Data,https://w3id.org/h2kg/hydrogen-ontology#Data,3,ai-based-generation-of-structural-digital-twins-of-multi-scale-tomographies; image-classification-of-x-ray-tomography-data; image-x-ray-tomography-data-parameter-extraction-3d,reviewed_decode,reviewed_decode_anchor,https://w3id.org/h2kg/decode/workflow/anchor/mpl-x-ray-3d-voxel-data-wet-operando-classified-meso,"A recorded, calculated, image-based, or otherwise structured data artifact denoted ""MPL X-ray 3D voxel data wet operando classified"" in DECODE hydrogen-electrochemistry workflows.",,"Reviewed DECODE semantic role, source label, source workflow context, and direct-neighbor context. This is a draft for expert review, not an authoritative ontology definition.","Decide: strict H2KG alias, existing H2KG mapping, new reusable H2KG term, or retain reviewed DECODE anchor.",needs_human_review,,,,[],AI-based generation of structural digital twins of multi-scale tomographies; Image X-ray tomography data parameter extraction 3D; Image classification of X-ray tomography data
https://w3id.org/h2kg/decode/workflow/concept/mpl-x-ray-3d-voxel-data-wet-operando-raw-meso,MPL X-ray 3D voxel data wet operando raw,meso,Data,https://w3id.org/h2kg/hydrogen-ontology#Data,1,image-classification-of-x-ray-tomography-data,reviewed_decode,reviewed_decode_anchor,https://w3id.org/h2kg/decode/workflow/anchor/mpl-x-ray-3d-voxel-data-wet-operando-raw-meso,"A recorded, calculated, image-based, or otherwise structured data artifact denoted ""MPL X-ray 3D voxel data wet operando raw"" in DECODE hydrogen-electrochemistry workflows.",,"Reviewed DECODE semantic role, source label, source workflow context, and direct-neighbor context. This is a draft for expert review, not an authoritative ontology definition.","Decide: strict H2KG alias, existing H2KG mapping, new reusable H2KG term, or retain reviewed DECODE anchor.",needs_human_review,,,,[],Image classification of X-ray tomography data
https://w3id.org/h2kg/decode/workflow/concept/mpl-x-ray-3d-voxel-data-wet-raw-meso,MPL X-ray 3D voxel data wet raw,meso,Data,https://w3id.org/h2kg/hydrogen-ontology#Data,3,ct-based-capillary-pressure-saturation-curves; image-classification-of-x-ray-tomography-data; mpl-saturation-determination-from-x-ray-ct-data,reviewed_decode,reviewed_decode_anchor,https://w3id.org/h2kg/decode/workflow/anchor/mpl-x-ray-3d-voxel-data-wet-raw-meso,"A recorded, calculated, image-based, or otherwise structured data artifact denoted ""MPL X-ray 3D voxel data wet raw"" in DECODE hydrogen-electrochemistry workflows.",,"Reviewed DECODE semantic role, source label, source workflow context, and direct-neighbor context. This is a draft for expert review, not an authoritative ontology definition.","Decide: strict H2KG alias, existing H2KG mapping, new reusable H2KG term, or retain reviewed DECODE anchor.",needs_human_review,,,,[],CT-based capillary pressure saturation curves; Image classification of X-ray tomography data; MPL saturation determination from X-ray CT-data
https://w3id.org/h2kg/decode/workflow/concept/neutron-imaging-method,Neutron Imaging,,Measurement,https://w3id.org/h2kg/hydrogen-ontology#Measurement,5,blade-coating-and-decal-transfer-for-ref-pefc-ccm; electrospray-deposition-of-catalyst-layers; impregnation-by-immersion-and-blade-coating; neutron-imaging; ultrasonic-spray-deposition-for-catalytic-layers,reviewed_decode,reviewed_decode_anchor,https://w3id.org/h2kg/decode/workflow/anchor/neutron-imaging-method,"A characterization or measurement procedure denoted ""Neutron Imaging"" in DECODE hydrogen-electrochemistry workflows.",,"Reviewed DECODE semantic role, source label, source workflow context, and direct-neighbor context. This is a draft for expert review, not an authoritative ontology definition.","Decide: strict H2KG alias, existing H2KG mapping, new reusable H2KG term, or retain reviewed DECODE anchor.",needs_human_review,,,,"[{""iri"": ""https://w3id.org/h2kg/hydrogen-ontology#SEMImaging"", ""label"": ""SEM Imaging"", ""score"": 0.692}, {""iri"": ""https://w3id.org/h2kg/hydrogen-ontology#SEMImagingMeasurement"", ""label"": ""SEM Imaging Measurement"", ""score"": 0.692}, {""iri"": ""https://w3id.org/h2kg/hydrogen-ontology#ScanningElectronMicroscopyImaging"", ""label"": ""Scanning Electron Microscopy Imaging"", ""score"": 0.692}]",CCM; Cell clamping pressure; Cell current density; Cell inlet humidification; Cell inlet pressure; Cell temperature; GDL; GDL 4D voxel data classified; GDL substrate structural parameters; MPL structural parameters
https://w3id.org/h2kg/decode/workflow/concept/operando-saxs-waxs-small-wide-angle-x-ray-spectroscopy-method,operando SAXS/WAXS (small/wide angle X-ray spectroscopy),,Measurement,https://w3id.org/h2kg/hydrogen-ontology#Measurement,6,ab-initio-molecular-dynamics-aimd-of-the-solid-liquid-interface-at-a-pt-electrode; density-potential-functional-theory-applied-to-supported-electrocatalysts; dft-onto-idealized-surfaces; molecular-dynamics-for-the-electrode-electrolyte-interface-in-presence-of-ionomer; molecular-dynamics-for-the-electrode-electrolyte-interface-metalwalls; operando-saxs-or-waxs-small-or-wide-angle-x-ray-spectroscopy,reviewed_decode,reviewed_decode_anchor,https://w3id.org/h2kg/decode/workflow/anchor/operando-saxs-waxs-small-wide-angle-x-ray-spectroscopy-method,"A characterization or measurement procedure denoted ""operando SAXS/WAXS (small/wide angle X-ray spectroscopy)"" in DECODE hydrogen-electrochemistry workflows. Source context: Valid for all electrode complexity/system complexity.",Valid for all electrode complexity/system complexity.,"Reviewed DECODE semantic role, source label, source workflow context, and direct-neighbor context. This is a draft for expert review, not an authoritative ontology definition.","Decide: strict H2KG alias, existing H2KG mapping, new reusable H2KG term, or retain reviewed DECODE anchor.",needs_human_review,,,,"[{""iri"": ""https://w3id.org/h2kg/hydrogen-ontology#UltraSmallAngleXRayScatteringMeasurement"", ""label"": ""Ultra Small Angle X Ray Scattering Measurement"", ""score"": 0.56}]",Catalyst powder; Cell current density; Cell electrolyte flow; Cell temperature; Electrode chemistry; Electrode morphology; Electrolyte
https://w3id.org/h2kg/decode/workflow/concept/operando-in-situ-xas-photon-out-method,operando/in-situ XAS (photon-out),,Measurement,https://w3id.org/h2kg/hydrogen-ontology#Measurement,6,ab-initio-molecular-dynamics-aimd-of-the-solid-liquid-interface-at-a-pt-electrode; density-potential-functional-theory-applied-to-supported-electrocatalysts; dft-onto-idealized-surfaces; molecular-dynamics-for-the-electrode-electrolyte-interface-in-presence-of-ionomer; molecular-dynamics-for-the-electrode-electrolyte-interface-metalwalls; operando-or-in-situ-xas-photon-out,reviewed_decode,reviewed_decode_anchor,https://w3id.org/h2kg/decode/workflow/anchor/operando-in-situ-xas-photon-out-method,"A characterization or measurement procedure denoted ""operando/in-situ XAS (photon-out)"" in DECODE hydrogen-electrochemistry workflows. Source context: Valid for nanostructured samples/single atome catalysts. Not valid for bulk electrodes",Valid for nanostructured samples/single atome catalysts. Not valid for bulk electrodes,"Reviewed DECODE semantic role, source label, source workflow context, and direct-neighbor context. This is a draft for expert review, not an authoritative ontology definition.","Decide: strict H2KG alias, existing H2KG mapping, new reusable H2KG term, or retain reviewed DECODE anchor.",needs_human_review,,,,"[{""iri"": ""https://w3id.org/h2kg/hydrogen-ontology#UltraSmallAngleXRayScatteringMeasurement"", ""label"": ""Ultra Small Angle X Ray Scattering Measurement"", ""score"": 0.582}]",Adsorbate types on electrode (nanostructured); Catalyst powder; Cell electrolyte flow; Electrode chemistry; Electrode morphology; Electrolyte
https://w3id.org/h2kg/decode/workflow/concept/operating-pewe-cell-device,Operating PEWE cell,device,Instrument,https://w3id.org/h2kg/hydrogen-ontology#Instrument,2,additional-measurements-on-pewe-during-operation; eis-on-pewe-cells,reviewed_decode,reviewed_decode_anchor,https://w3id.org/h2kg/decode/workflow/anchor/operating-pewe-cell-device,"An apparatus, device, or experimental platform denoted ""Operating PEWE cell"" in DECODE hydrogen-electrochemistry workflows.",,"Reviewed DECODE semantic role, source label, source workflow context, and direct-neighbor context. This is a draft for expert review, not an authoritative ontology definition.","Decide: strict H2KG alias, existing H2KG mapping, new reusable H2KG term, or retain reviewed DECODE anchor.",needs_human_review,,,,"[{""iri"": ""https://w3id.org/h2kg/hydrogen-ontology#OperatingTemperature"", ""label"": ""Operating Temperature"", ""score"": 0.8}, {""iri"": ""https://w3id.org/h2kg/hydrogen-ontology#FuelCellOperationTime"", ""label"": ""Fuel Cell Operation Time"", ""score"": 0.698}, {""iri"": ""https://w3id.org/h2kg/hydrogen-ontology#CoatingSpeed"", ""label"": ""Coating Speed"", ""score"": 0.688}]",Additional measurements on PEWE during operation; EIS on PEWE cells
https://w3id.org/h2kg/decode/workflow/concept/optimal-catalyst-loading-for-xas-signal-component,Optimal catalyst loading for XAS signal,component,Parameter,https://w3id.org/h2kg/hydrogen-ontology#Parameter,2,development-of-a-zero-gap-cell-for-gde-based-spectrocopy-measurement; three-electrode-cell-assesement-of-cl-by-xas-xanes-exafs-xrd,reviewed_decode,reviewed_decode_anchor,https://w3id.org/h2kg/decode/workflow/anchor/optimal-catalyst-loading-for-xas-signal-component,"A specified, controlled, reported, or model-input condition or quantity denoted ""Optimal catalyst loading for XAS signal"" in DECODE hydrogen-electrochemistry workflows.",,"Reviewed DECODE semantic role, source label, source workflow context, and direct-neighbor context. This is a draft for expert review, not an authoritative ontology definition.","Decide: strict H2KG alias, existing H2KG mapping, new reusable H2KG term, or retain reviewed DECODE anchor.",needs_human_review,,,,"[{""iri"": ""https://w3id.org/h2kg/hydrogen-ontology#PtLoading"", ""label"": ""Pt Loading"", ""score"": 0.655}, {""iri"": ""https://w3id.org/h2kg/hydrogen-ontology#CatalystMassFractionInInk"", ""label"": ""Catalyst Mass Fraction In Ink"", ""score"": 0.647}, {""iri"": ""https://w3id.org/h2kg/hydrogen-ontology#CatalystLoadingPattern"", ""label"": ""Catalyst Loading Pattern"", ""score"": 0.635}]","Development of a zero gap cell for GDE based spectrocopy measurement; Three electrode cell assesement of CL by XAS, XANES, EXAFS, XRD"
https://w3id.org/h2kg/decode/workflow/concept/orr-charge-transfer-coefficient-lre,ORR charge transfer coefficient,LRE,Property,https://w3id.org/h2kg/hydrogen-ontology#Property,1,adsorbate-surface-diffusion-on-electrocatalyst-support,reviewed_decode,reviewed_decode_anchor,https://w3id.org/h2kg/decode/workflow/anchor/orr-charge-transfer-coefficient-lre,"A measurable, calculated, or derived scientific characteristic denoted ""ORR charge transfer coefficient"" in DECODE hydrogen-electrochemistry workflows.",,"Reviewed DECODE semantic role, source label, source workflow context, and direct-neighbor context. This is a draft for expert review, not an authoritative ontology definition.","Decide: strict H2KG alias, existing H2KG mapping, new reusable H2KG term, or retain reviewed DECODE anchor.",needs_human_review,,,,"[{""iri"": ""https://w3id.org/h2kg/hydrogen-ontology#ChargeTransferCoefficient"", ""label"": ""Charge Transfer Coefficient"", ""score"": 0.931}, {""iri"": ""https://w3id.org/h2kg/hydrogen-ontology#ExchangeCoefficient"", ""label"": ""Exchange Coefficient"", ""score"": 0.931}, {""iri"": ""https://w3id.org/h2kg/hydrogen-ontology#ChargeTransferResistance"", ""label"": ""Charge Transfer Resistance"", ""score"": 0.702}]",Adsorbate Surface Diffusion on Electrocatalyst Support
https://w3id.org/h2kg/decode/workflow/concept/oxidation-state-changes-lre,Oxidation state changes,LRE,Property,https://w3id.org/h2kg/hydrogen-ontology#Property,2,development-of-a-zero-gap-cell-for-gde-based-spectrocopy-measurement; three-electrode-cell-assesement-of-cl-by-xas-xanes-exafs-xrd,reviewed_decode,reviewed_decode_anchor,https://w3id.org/h2kg/decode/workflow/anchor/oxidation-state-changes-lre,"A measurable, calculated, or derived scientific characteristic denoted ""Oxidation state changes"" in DECODE hydrogen-electrochemistry workflows.",,"Reviewed DECODE semantic role, source label, source workflow context, and direct-neighbor context. This is a draft for expert review, not an authoritative ontology definition.","Decide: strict H2KG alias, existing H2KG mapping, new reusable H2KG term, or retain reviewed DECODE anchor.",needs_human_review,,,,"[{""iri"": ""https://w3id.org/h2kg/hydrogen-ontology#LigandExchangeReactionTime"", ""label"": ""Ligand Exchange Reaction Time"", ""score"": 0.654}, {""iri"": ""https://w3id.org/h2kg/hydrogen-ontology#AnnealingTime"", ""label"": ""Annealing Time"", ""score"": 0.649}, {""iri"": ""https://w3id.org/h2kg/hydrogen-ontology#SolidStateLigandExchange"", ""label"": ""Solid State Ligand Exchange"", ""score"": 0.64}]","Development of a zero gap cell for GDE based spectrocopy measurement; Three electrode cell assesement of CL by XAS, XANES, EXAFS, XRD"
https://w3id.org/h2kg/decode/workflow/concept/percolation-threshold-component,Percolation threshold,component,Matter,https://w3id.org/h2kg/hydrogen-ontology#Matter,1,iet-composition-to-property-model,reviewed_decode,reviewed_decode_anchor,https://w3id.org/h2kg/decode/workflow/anchor/percolation-threshold-component,"A material, component, chemical species, phase, specimen, or assembly denoted ""Percolation threshold"" in DECODE hydrogen-electrochemistry workflows.",,"Reviewed DECODE semantic role, source label, source workflow context, and direct-neighbor context. This is a draft for expert review, not an authoritative ontology definition.","Decide: strict H2KG alias, existing H2KG mapping, new reusable H2KG term, or retain reviewed DECODE anchor.",needs_human_review,,,,"[{""iri"": ""https://w3id.org/h2kg/hydrogen-ontology#AgNWSurfaceDensity"", ""label"": ""Ag NW Surface Density"", ""score"": 0.724}, {""iri"": ""https://w3id.org/h2kg/hydrogen-ontology#FuelCellOperationTime"", ""label"": ""Fuel Cell Operation Time"", ""score"": 0.629}, {""iri"": ""https://w3id.org/h2kg/hydrogen-ontology#ThresholdAggregateDiameter"", ""label"": ""Threshold Aggregate Diameter"", ""score"": 0.622}]",IET composition to property model
https://w3id.org/h2kg/decode/workflow/concept/polished-gc-tips-material,Polished GC tips,material,Matter,https://w3id.org/h2kg/hydrogen-ontology#Matter,1,dropcasted-ink-on-gc-tips,reviewed_decode,reviewed_decode_anchor,https://w3id.org/h2kg/decode/workflow/anchor/polished-gc-tips-material,"A material, component, chemical species, phase, specimen, or assembly denoted ""Polished GC tips"" in DECODE hydrogen-electrochemistry workflows.",,"Reviewed DECODE semantic role, source label, source workflow context, and direct-neighbor context. This is a draft for expert review, not an authoritative ontology definition.","Decide: strict H2KG alias, existing H2KG mapping, new reusable H2KG term, or retain reviewed DECODE anchor.",needs_human_review,,,,"[{""iri"": ""https://w3id.org/h2kg/hydrogen-ontology#ContaminationTime"", ""label"": ""Contamination Time"", ""score"": 0.562}]",Dropcasted Ink on GC Tips
https://w3id.org/h2kg/decode/workflow/concept/precursors-for-molecular-probe-synthesis-material,Precursors for molecular probe synthesis,material,Matter,https://w3id.org/h2kg/hydrogen-ontology#Matter,1,development-of-ratiometric-fluorescent-probes-for-local-ph-assessement-in-alkaline-media,reviewed_decode,reviewed_decode_anchor,https://w3id.org/h2kg/decode/workflow/anchor/precursors-for-molecular-probe-synthesis-material,"A material, component, chemical species, phase, specimen, or assembly denoted ""Precursors for molecular probe synthesis"" in DECODE hydrogen-electrochemistry workflows.",,"Reviewed DECODE semantic role, source label, source workflow context, and direct-neighbor context. This is a draft for expert review, not an authoritative ontology definition.","Decide: strict H2KG alias, existing H2KG mapping, new reusable H2KG term, or retain reviewed DECODE anchor.",needs_human_review,,,,"[{""iri"": ""https://w3id.org/h2kg/hydrogen-ontology#ColloidalSynthesisProcess"", ""label"": ""Colloidal Synthesis Process"", ""score"": 0.597}, {""iri"": ""https://w3id.org/h2kg/hydrogen-ontology#HydrothermalSynthesisProcess"", ""label"": ""Hydrothermal Synthesis Process"", ""score"": 0.571}, {""iri"": ""https://w3id.org/h2kg/hydrogen-ontology#MassTransportResistance"", ""label"": ""Mass Transport Resistance"", ""score"": 0.558}]",Development of ratiometric fluorescent probes for local pH assessement in alkaline media
https://w3id.org/h2kg/decode/workflow/concept/prism-for-atr-ftir-material,Prism for ATR-FTIR,material,Matter,https://w3id.org/h2kg/hydrogen-ontology#Matter,2,irras-operando-or-in-situ-ftir; prism-preparation-for-atr-ftir,reviewed_decode,reviewed_decode_anchor,https://w3id.org/h2kg/decode/workflow/anchor/prism-for-atr-ftir-material,"A material, component, chemical species, phase, specimen, or assembly denoted ""Prism for ATR-FTIR"" in DECODE hydrogen-electrochemistry workflows.",,"Reviewed DECODE semantic role, source label, source workflow context, and direct-neighbor context. This is a draft for expert review, not an authoritative ontology definition.","Decide: strict H2KG alias, existing H2KG mapping, new reusable H2KG term, or retain reviewed DECODE anchor.",needs_human_review,,,,"[{""iri"": ""https://w3id.org/h2kg/hydrogen-ontology#ATRFTIRMeasurement"", ""label"": ""ATRFTIR Measurement"", ""score"": 0.615}, {""iri"": ""https://w3id.org/h2kg/hydrogen-ontology#HotPress"", ""label"": ""Hot Press"", ""score"": 0.562}, {""iri"": ""https://w3id.org/h2kg/hydrogen-ontology#FiberIonomerToCarbonRatio"", ""label"": ""Fiber Ionomer To Carbon Ratio"", ""score"": 0.556}]",IRRAS operando/in-situ FTIR; Prism Preparation for ATR-FTIR
https://w3id.org/h2kg/decode/workflow/concept/prism-preparation-for-atr-ftir-process,Prism Preparation for ATR-FTIR,,Manufacturing,https://w3id.org/h2kg/hydrogen-ontology#Manufacturing,4,image-fib-tomography-dataparameter-extraction-3d; image-parameter-extraction-2d; in-situ-fourier-transformed-ir-in-atr-configuration; prism-preparation-for-atr-ftir,reviewed_decode,reviewed_decode_anchor,https://w3id.org/h2kg/decode/workflow/anchor/prism-preparation-for-atr-ftir-process,"A fabrication, preparation, deposition, assembly, or conditioning operation denoted ""Prism Preparation for ATR-FTIR"" in DECODE hydrogen-electrochemistry workflows.",,"Reviewed DECODE semantic role, source label, source workflow context, and direct-neighbor context. This is a draft for expert review, not an authoritative ontology definition.","Decide: strict H2KG alias, existing H2KG mapping, new reusable H2KG term, or retain reviewed DECODE anchor.",needs_human_review,,,,"[{""iri"": ""https://w3id.org/h2kg/hydrogen-ontology#CatalystInkPreparation"", ""label"": ""Catalyst Ink Preparation"", ""score"": 0.593}, {""iri"": ""https://w3id.org/h2kg/hydrogen-ontology#PressureBondingElectrodePreparation"", ""label"": ""Pressure Bonding Electrode Preparation"", ""score"": 0.588}, {""iri"": ""https://w3id.org/h2kg/hydrogen-ontology#InkPreparationBurningReaction"", ""label"": ""Ink Preparation Burning Reaction"", ""score"": 0.581}]",ATR-FTIR electrode; Catalyst ink composition; Catalyst loading; Catalyst powder; Chemicals for prism preparation; Ionomer; Prism for ATR-FTIR; Solvent
https://w3id.org/h2kg/decode/workflow/concept/process-water-samples-taken-during-operation-device,Process water samples taken during operation,device,Matter,https://w3id.org/h2kg/hydrogen-ontology#Matter,1,additional-measurements-on-pewe-during-operation,reviewed_decode,reviewed_decode_anchor,https://w3id.org/h2kg/decode/workflow/anchor/process-water-samples-taken-during-operation-device,"A material, component, chemical species, phase, specimen, or assembly denoted ""Process water samples taken during operation"" in DECODE hydrogen-electrochemistry workflows.",,"Reviewed DECODE semantic role, source label, source workflow context, and direct-neighbor context. This is a draft for expert review, not an authoritative ontology definition.","Decide: strict H2KG alias, existing H2KG mapping, new reusable H2KG term, or retain reviewed DECODE anchor.",needs_human_review,,,,"[{""iri"": ""https://w3id.org/h2kg/hydrogen-ontology#RelativeHumidityOperation"", ""label"": ""Relative Humidity Operation"", ""score"": 0.571}, {""iri"": ""https://w3id.org/h2kg/hydrogen-ontology#WaterStorageSpaceCalculation"", ""label"": ""Water Storage Space Calculation"", ""score"": 0.56}, {""iri"": ""https://w3id.org/h2kg/hydrogen-ontology#SteamActivationProcess"", ""label"": ""Steam Activation Process"", ""score"": 0.559}]",Additional measurements on PEWE during operation
https://w3id.org/h2kg/decode/workflow/concept/ptfe-ink-composition-and-properties-material,PTFE ink composition and properties,material,Matter,https://w3id.org/h2kg/hydrogen-ontology#Matter,1,modeling-of-hydrophobic-treatment-of-gdl,reviewed_decode,reviewed_decode_anchor,https://w3id.org/h2kg/decode/workflow/anchor/ptfe-ink-composition-and-properties-material,"A material, component, chemical species, phase, specimen, or assembly denoted ""PTFE ink composition and properties"" in DECODE hydrogen-electrochemistry workflows.",,"Reviewed DECODE semantic role, source label, source workflow context, and direct-neighbor context. This is a draft for expert review, not an authoritative ontology definition.","Decide: strict H2KG alias, existing H2KG mapping, new reusable H2KG term, or retain reviewed DECODE anchor.",needs_human_review,,,,"[{""iri"": ""https://w3id.org/h2kg/hydrogen-ontology#InkCompositionSpecification"", ""label"": ""Ink Composition Specification"", ""score"": 0.625}, {""iri"": ""https://w3id.org/h2kg/hydrogen-ontology#AnodeGasComposition"", ""label"": ""Anode Gas Composition"", ""score"": 0.607}, {""iri"": ""https://w3id.org/h2kg/hydrogen-ontology#CarbonNanotubeDecompositionOnsetTemperature"", ""label"": ""Carbon Nanotube Decomposition Onset Temperature"", ""score"": 0.593}]",Modeling of Hydrophobic Treatment of GDL
https://w3id.org/h2kg/decode/workflow/concept/ptl-component,PTL,component,Matter,https://w3id.org/h2kg/hydrogen-ontology#Matter,1,contact-resistance-measurement,reviewed_decode,reviewed_decode_anchor,https://w3id.org/h2kg/decode/workflow/anchor/ptl-component,"A material, component, chemical species, phase, specimen, or assembly denoted ""PTL"" in DECODE hydrogen-electrochemistry workflows.",,"Reviewed DECODE semantic role, source label, source workflow context, and direct-neighbor context. This is a draft for expert review, not an authoritative ontology definition.","Decide: strict H2KG alias, existing H2KG mapping, new reusable H2KG term, or retain reviewed DECODE anchor.",needs_human_review,,,,"[{""iri"": ""https://w3id.org/h2kg/hydrogen-ontology#PlatinumWeightPercentInCatalystLayer"", ""label"": ""Platinum Weight Percent In Catalyst Layer"", ""score"": 0.8}, {""iri"": ""https://w3id.org/h2kg/hydrogen-ontology#PrintingLayerThickness"", ""label"": ""Printing Layer Thickness"", ""score"": 0.8}, {""iri"": ""https://w3id.org/h2kg/hydrogen-ontology#MicroporousLayerPorosity"", ""label"": ""Microporous Layer Porosity"", ""score"": 0.667}]",Contact resistance measurement
https://w3id.org/h2kg/decode/workflow/concept/ptl-3d-voxel-data-classified-meso,PTL 3D voxel data classified,meso,Data,https://w3id.org/h2kg/hydrogen-ontology#Data,5,voxel-based-3d-effective-diffusivity-simulation; voxel-based-3d-electric-conductiviy-simulation; voxel-based-3d-permability-simulation; voxel-based-3d-thermal-conductivity-simulation; water-retention-curve-simulation,reviewed_decode,reviewed_decode_anchor,https://w3id.org/h2kg/decode/workflow/anchor/ptl-3d-voxel-data-classified-meso,"A recorded, calculated, image-based, or otherwise structured data artifact denoted ""PTL 3D voxel data classified"" in DECODE hydrogen-electrochemistry workflows.",,"Reviewed DECODE semantic role, source label, source workflow context, and direct-neighbor context. This is a draft for expert review, not an authoritative ontology definition.","Decide: strict H2KG alias, existing H2KG mapping, new reusable H2KG term, or retain reviewed DECODE anchor.",needs_human_review,,,,[],Voxel based 3D Effective Diffusivity simulation; Voxel based 3D Electric conductiviy simulation; Voxel based 3D Permability simulation; Voxel based 3D Thermal conductivity simulation; Water retention curve simulation
https://w3id.org/h2kg/decode/workflow/concept/ptl-breakthrough-pressure-component,PTL breakthrough pressure,component,Parameter,https://w3id.org/h2kg/hydrogen-ontology#Parameter,1,water-retention-curve-simulation,reviewed_decode,reviewed_decode_anchor,https://w3id.org/h2kg/decode/workflow/anchor/ptl-breakthrough-pressure-component,"A specified, controlled, reported, or model-input condition or quantity denoted ""PTL breakthrough pressure"" in DECODE hydrogen-electrochemistry workflows.",,"Reviewed DECODE semantic role, source label, source workflow context, and direct-neighbor context. This is a draft for expert review, not an authoritative ontology definition.","Decide: strict H2KG alias, existing H2KG mapping, new reusable H2KG term, or retain reviewed DECODE anchor.",needs_human_review,,,,"[{""iri"": ""https://w3id.org/h2kg/hydrogen-ontology#ExtrusionPressure"", ""label"": ""Extrusion Pressure"", ""score"": 0.605}, {""iri"": ""https://w3id.org/h2kg/hydrogen-ontology#PrintPressure"", ""label"": ""Print Pressure"", ""score"": 0.605}, {""iri"": ""https://w3id.org/h2kg/hydrogen-ontology#SprayAirPressure"", ""label"": ""Spray Air Pressure"", ""score"": 0.605}]",Water retention curve simulation
https://w3id.org/h2kg/decode/workflow/concept/ptl-conductivity-component,PTL conductivity,component,Property,https://w3id.org/h2kg/hydrogen-ontology#Property,1,voxel-based-3d-electric-conductiviy-simulation,reviewed_decode,reviewed_decode_anchor,https://w3id.org/h2kg/decode/workflow/anchor/ptl-conductivity-component,"A measurable, calculated, or derived scientific characteristic denoted ""PTL conductivity"" in DECODE hydrogen-electrochemistry workflows.",,"Reviewed DECODE semantic role, source label, source workflow context, and direct-neighbor context. This is a draft for expert review, not an authoritative ontology definition.","Decide: strict H2KG alias, existing H2KG mapping, new reusable H2KG term, or retain reviewed DECODE anchor.",needs_human_review,,,,"[{""iri"": ""https://w3id.org/h2kg/hydrogen-ontology#EffectiveIonicConductivity"", ""label"": ""Effective Ionic Conductivity"", ""score"": 0.857}, {""iri"": ""https://w3id.org/h2kg/hydrogen-ontology#ProtonConductivityMeasurement"", ""label"": ""Proton Conductivity Measurement"", ""score"": 0.857}, {""iri"": ""https://w3id.org/h2kg/hydrogen-ontology#ConductivityDataset"", ""label"": ""Conductivity Dataset"", ""score"": 0.848}]",Voxel based 3D Electric conductiviy simulation
https://w3id.org/h2kg/decode/workflow/concept/ptl-contact-resistance-component,PTL contact resistance,component,Property,https://w3id.org/h2kg/hydrogen-ontology#Property,1,contact-resistance-measurement,reviewed_decode,reviewed_decode_anchor,https://w3id.org/h2kg/decode/workflow/anchor/ptl-contact-resistance-component,"A measurable, calculated, or derived scientific characteristic denoted ""PTL contact resistance"" in DECODE hydrogen-electrochemistry workflows.",,"Reviewed DECODE semantic role, source label, source workflow context, and direct-neighbor context. This is a draft for expert review, not an authoritative ontology definition.","Decide: strict H2KG alias, existing H2KG mapping, new reusable H2KG term, or retain reviewed DECODE anchor.",needs_human_review,,,,"[{""iri"": ""https://w3id.org/h2kg/hydrogen-ontology#CompressionPressure"", ""label"": ""Compression Pressure"", ""score"": 0.737}, {""iri"": ""https://w3id.org/h2kg/hydrogen-ontology#IonicResistance"", ""label"": ""Ionic Resistance"", ""score"": 0.737}, {""iri"": ""https://w3id.org/h2kg/hydrogen-ontology#TotalInternalResistance"", ""label"": ""Total Internal Resistance"", ""score"": 0.732}]",Contact resistance measurement
https://w3id.org/h2kg/decode/workflow/concept/ptl-corrosion-measurement-method,PTL corrosion measurement,,Property,https://w3id.org/h2kg/hydrogen-ontology#Property,1,ptl-corrosion-measurement,reviewed_decode,reviewed_decode_anchor,https://w3id.org/h2kg/decode/workflow/anchor/ptl-corrosion-measurement-method,"A measurable, calculated, or derived scientific characteristic denoted ""PTL corrosion measurement"" in DECODE hydrogen-electrochemistry workflows. Source context: see assumptions",see assumptions,"Reviewed DECODE semantic role, source label, source workflow context, and direct-neighbor context. This is a draft for expert review, not an authoritative ontology definition.","Decide: strict H2KG alias, existing H2KG mapping, new reusable H2KG term, or retain reviewed DECODE anchor.",needs_human_review,,,,"[{""iri"": ""https://w3id.org/h2kg/hydrogen-ontology#SolutionCompositionMeasurement"", ""label"": ""Solution Composition Measurement"", ""score"": 0.737}, {""iri"": ""https://w3id.org/h2kg/hydrogen-ontology#IonomerAdsorptionRateMeasurement"", ""label"": ""Ionomer Adsorption Rate Measurement"", ""score"": 0.731}, {""iri"": ""https://w3id.org/h2kg/hydrogen-ontology#IonomerAdsorptionIsothermMeasurement"", ""label"": ""Ionomer Adsorption Isotherm Measurement"", ""score"": 0.717}]",Corrosion current; Corrosion potential; Corrosion potential of zero current; Electrolyte; Electrolyte pH; Metal sheet with PTL-like surface
https://w3id.org/h2kg/decode/workflow/concept/ptl-internal-contact-angle-component,PTL internal contact angle,component,Property,https://w3id.org/h2kg/hydrogen-ontology#Property,1,water-retention-curve-simulation,reviewed_decode,reviewed_decode_anchor,https://w3id.org/h2kg/decode/workflow/anchor/ptl-internal-contact-angle-component,"A measurable, calculated, or derived scientific characteristic denoted ""PTL internal contact angle"" in DECODE hydrogen-electrochemistry workflows.",,"Reviewed DECODE semantic role, source label, source workflow context, and direct-neighbor context. This is a draft for expert review, not an authoritative ontology definition.","Decide: strict H2KG alias, existing H2KG mapping, new reusable H2KG term, or retain reviewed DECODE anchor.",needs_human_review,,,,"[{""iri"": ""https://w3id.org/h2kg/hydrogen-ontology#ContactAngle"", ""label"": ""Contact Angle"", ""score"": 0.809}, {""iri"": ""https://w3id.org/h2kg/hydrogen-ontology#ContactAngleMeasurement"", ""label"": ""Contact Angle Measurement"", ""score"": 0.773}, {""iri"": ""https://w3id.org/h2kg/hydrogen-ontology#ContactAngleGoniometer"", ""label"": ""Contact Angle Goniometer"", ""score"": 0.72}]",Water retention curve simulation
https://w3id.org/h2kg/decode/workflow/concept/ptl-permeability-component,PTL permeability,component,Property,https://w3id.org/h2kg/hydrogen-ontology#Property,1,voxel-based-3d-permability-simulation,reviewed_decode,reviewed_decode_anchor,https://w3id.org/h2kg/decode/workflow/anchor/ptl-permeability-component,"A measurable, calculated, or derived scientific characteristic denoted ""PTL permeability"" in DECODE hydrogen-electrochemistry workflows.",,"Reviewed DECODE semantic role, source label, source workflow context, and direct-neighbor context. This is a draft for expert review, not an authoritative ontology definition.","Decide: strict H2KG alias, existing H2KG mapping, new reusable H2KG term, or retain reviewed DECODE anchor.",needs_human_review,,,,"[{""iri"": ""https://w3id.org/h2kg/hydrogen-ontology#HydrogenPermeability"", ""label"": ""Hydrogen Permeability"", ""score"": 0.8}, {""iri"": ""https://w3id.org/h2kg/hydrogen-ontology#OxygenPermeability"", ""label"": ""Oxygen Permeability"", ""score"": 0.8}, {""iri"": ""https://w3id.org/h2kg/hydrogen-ontology#MicroporousLayerPermeability"", ""label"": ""Microporous Layer Permeability"", ""score"": 0.75}]",Voxel based 3D Permability simulation
https://w3id.org/h2kg/decode/workflow/concept/ptl-porosity-component,PTL porosity,component,Property,https://w3id.org/h2kg/hydrogen-ontology#Property,1,voxel-based-3d-effective-diffusivity-simulation,reviewed_decode,reviewed_decode_anchor,https://w3id.org/h2kg/decode/workflow/anchor/ptl-porosity-component,"A measurable, calculated, or derived scientific characteristic denoted ""PTL porosity"" in DECODE hydrogen-electrochemistry workflows.",,"Reviewed DECODE semantic role, source label, source workflow context, and direct-neighbor context. This is a draft for expert review, not an authoritative ontology definition.","Decide: strict H2KG alias, existing H2KG mapping, new reusable H2KG term, or retain reviewed DECODE anchor.",needs_human_review,,,,"[{""iri"": ""https://w3id.org/h2kg/hydrogen-ontology#TotalPorosity"", ""label"": ""Total Porosity"", ""score"": 0.846}, {""iri"": ""https://w3id.org/h2kg/hydrogen-ontology#PorosityMeasurement"", ""label"": ""Porosity Measurement"", ""score"": 0.8}, {""iri"": ""https://w3id.org/h2kg/hydrogen-ontology#CatalystLayerPorosity"", ""label"": ""Catalyst Layer Porosity"", ""score"": 0.696}]",Voxel based 3D Effective Diffusivity simulation
https://w3id.org/h2kg/decode/workflow/concept/ptl-thermal-conductivity-component,PTL thermal conductivity,component,Property,https://w3id.org/h2kg/hydrogen-ontology#Property,1,voxel-based-3d-thermal-conductivity-simulation,reviewed_decode,reviewed_decode_anchor,https://w3id.org/h2kg/decode/workflow/anchor/ptl-thermal-conductivity-component,"A measurable, calculated, or derived scientific characteristic denoted ""PTL thermal conductivity"" in DECODE hydrogen-electrochemistry workflows.",,"Reviewed DECODE semantic role, source label, source workflow context, and direct-neighbor context. This is a draft for expert review, not an authoritative ontology definition.","Decide: strict H2KG alias, existing H2KG mapping, new reusable H2KG term, or retain reviewed DECODE anchor.",needs_human_review,,,,"[{""iri"": ""https://w3id.org/h2kg/hydrogen-ontology#ThermalConductivity"", ""label"": ""Thermal Conductivity"", ""score"": 0.909}, {""iri"": ""https://w3id.org/h2kg/hydrogen-ontology#ThroughPlaneThermalConductivityMeasurement"", ""label"": ""Through Plane Thermal Conductivity Measurement"", ""score"": 0.846}, {""iri"": ""https://w3id.org/h2kg/hydrogen-ontology#InPlaneElectronicConductivity"", ""label"": ""In Plane Electronic Conductivity"", ""score"": 0.766}]",Voxel based 3D Thermal conductivity simulation
https://w3id.org/h2kg/decode/workflow/concept/ptl-tortuosity-component,PTL tortuosity,component,Property,https://w3id.org/h2kg/hydrogen-ontology#Property,1,voxel-based-3d-effective-diffusivity-simulation,reviewed_decode,reviewed_decode_anchor,https://w3id.org/h2kg/decode/workflow/anchor/ptl-tortuosity-component,"A measurable, calculated, or derived scientific characteristic denoted ""PTL tortuosity"" in DECODE hydrogen-electrochemistry workflows.",,"Reviewed DECODE semantic role, source label, source workflow context, and direct-neighbor context. This is a draft for expert review, not an authoritative ontology definition.","Decide: strict H2KG alias, existing H2KG mapping, new reusable H2KG term, or retain reviewed DECODE anchor.",needs_human_review,,,,"[{""iri"": ""https://w3id.org/h2kg/hydrogen-ontology#TortuosityFactor"", ""label"": ""Tortuosity Factor"", ""score"": 0.774}, {""iri"": ""https://w3id.org/h2kg/hydrogen-ontology#MicroporousLayerPorosity"", ""label"": ""Microporous Layer Porosity"", ""score"": 0.769}, {""iri"": ""https://w3id.org/h2kg/hydrogen-ontology#PorosityMeasurement"", ""label"": ""Porosity Measurement"", ""score"": 0.727}]",Voxel based 3D Effective Diffusivity simulation
https://w3id.org/h2kg/decode/workflow/concept/ptl-water-retention-curve-component,PTL water retention curve,component,Data,https://w3id.org/h2kg/hydrogen-ontology#Data,1,water-retention-curve-simulation,reviewed_decode,reviewed_decode_anchor,https://w3id.org/h2kg/decode/workflow/anchor/ptl-water-retention-curve-component,"A recorded, calculated, image-based, or otherwise structured data artifact denoted ""PTL water retention curve"" in DECODE hydrogen-electrochemistry workflows.",,"Reviewed DECODE semantic role, source label, source workflow context, and direct-neighbor context. This is a draft for expert review, not an authoritative ontology definition.","Decide: strict H2KG alias, existing H2KG mapping, new reusable H2KG term, or retain reviewed DECODE anchor.",needs_human_review,,,,"[{""iri"": ""https://w3id.org/h2kg/hydrogen-ontology#CurrentRetentionPercentAfterChronoamperometry"", ""label"": ""Current Retention Percent After Chronoamperometry"", ""score"": 0.714}, {""iri"": ""https://w3id.org/h2kg/hydrogen-ontology#WaterContentFraction"", ""label"": ""Water Content Fraction"", ""score"": 0.638}, {""iri"": ""https://w3id.org/h2kg/hydrogen-ontology#WaterToEthanolRatio"", ""label"": ""Water To Ethanol Ratio"", ""score"": 0.636}]",Water retention curve simulation
https://w3id.org/h2kg/decode/workflow/concept/pulsed-gas-analysis-method,Pulsed gas analysis,,Process,https://w3id.org/h2kg/hydrogen-ontology#Process,7,blade-coating-and-decal-transfer-for-ref-pefc-ccm; electrospray-deposition-of-catalyst-layers; fitting-of-the-europium-model; iet-1d-performance-model-for-mea-fitting; impregnation-by-immersion-and-blade-coating; pulsed-gas-analysis; ultrasonic-spray-deposition-for-catalytic-layers,reviewed_decode,reviewed_decode_anchor,https://w3id.org/h2kg/decode/workflow/anchor/pulsed-gas-analysis-method,"A computational, analytical, transformation, or generic workflow process denoted ""Pulsed gas analysis"" in DECODE hydrogen-electrochemistry workflows.",,"Reviewed DECODE semantic role, source label, source workflow context, and direct-neighbor context. This is a draft for expert review, not an authoritative ontology definition.","Decide: strict H2KG alias, existing H2KG mapping, new reusable H2KG term, or retain reviewed DECODE anchor.",needs_human_review,,,,"[{""iri"": ""https://w3id.org/h2kg/hydrogen-ontology#XPSAnalysisArea"", ""label"": ""XPS Analysis Area"", ""score"": 0.722}, {""iri"": ""https://w3id.org/h2kg/hydrogen-ontology#ResidualRate"", ""label"": ""Residual Rate"", ""score"": 0.667}, {""iri"": ""https://w3id.org/h2kg/hydrogen-ontology#ImageAnalysisPoreMeasurement"", ""label"": ""Image Analysis Pore Measurement"", ""score"": 0.636}]",CCM; Cell polarization curve; GDL; MEA pressure dependent O2 transport resistance; MEA pressure independent O2 transport resistance; Pulsed gas analysis test protocol
https://w3id.org/h2kg/decode/workflow/concept/pulsed-gas-analysis-test-protocol-device,Pulsed gas analysis test protocol,device,Process,https://w3id.org/h2kg/hydrogen-ontology#Process,1,pulsed-gas-analysis,reviewed_decode,reviewed_decode_anchor,https://w3id.org/h2kg/decode/workflow/anchor/pulsed-gas-analysis-test-protocol-device,"A computational, analytical, transformation, or generic workflow process denoted ""Pulsed gas analysis test protocol"" in DECODE hydrogen-electrochemistry workflows.",,"Reviewed DECODE semantic role, source label, source workflow context, and direct-neighbor context. This is a draft for expert review, not an authoritative ontology definition.","Decide: strict H2KG alias, existing H2KG mapping, new reusable H2KG term, or retain reviewed DECODE anchor.",needs_human_review,,,,"[{""iri"": ""https://w3id.org/h2kg/hydrogen-ontology#TafelSlopeStepAnalysis"", ""label"": ""Tafel Slope Step Analysis"", ""score"": 0.604}, {""iri"": ""https://w3id.org/h2kg/hydrogen-ontology#XPSAnalysisArea"", ""label"": ""XPS Analysis Area"", ""score"": 0.588}, {""iri"": ""https://w3id.org/h2kg/hydrogen-ontology#ProtocolSpecification"", ""label"": ""Protocol Specification"", ""score"": 0.565}]",Pulsed gas analysis
https://w3id.org/h2kg/decode/workflow/concept/ratio-of-proton-conductivity-and-saturation-component,Ratio of proton conductivity and saturation,component,Parameter,https://w3id.org/h2kg/hydrogen-ontology#Parameter,2,iet-1d-mea-with-water-transport-eis-model; iet-1d-mea-with-water-transport-in-ccl-eis-model,reviewed_decode,reviewed_decode_anchor,https://w3id.org/h2kg/decode/workflow/anchor/ratio-of-proton-conductivity-and-saturation-component,"A specified, controlled, reported, or model-input condition or quantity denoted ""Ratio of proton conductivity and saturation"" in DECODE hydrogen-electrochemistry workflows.",,"Reviewed DECODE semantic role, source label, source workflow context, and direct-neighbor context. This is a draft for expert review, not an authoritative ontology definition.","Decide: strict H2KG alias, existing H2KG mapping, new reusable H2KG term, or retain reviewed DECODE anchor.",needs_human_review,,,,"[{""iri"": ""https://w3id.org/h2kg/hydrogen-ontology#RelativeProtonConductivityCoefficientLowRIC"", ""label"": ""Relative Proton Conductivity Coefficient Low RIC"", ""score"": 0.681}, {""iri"": ""https://w3id.org/h2kg/hydrogen-ontology#RelativeProtonConductivity"", ""label"": ""Relative Proton Conductivity"", ""score"": 0.676}, {""iri"": ""https://w3id.org/h2kg/hydrogen-ontology#RelativeProtonConductivityExponentRICLow"", ""label"": ""Relative Proton Conductivity Exponent RIC Low"", ""score"": 0.659}]",IET 1D MEA with water transport EIS model; IET 1D MEA with water transport in CCL EIS model
https://w3id.org/h2kg/decode/workflow/concept/rde-cv-component,RDE CV,component,Data,https://w3id.org/h2kg/hydrogen-ontology#Data,1,model-electrochemistry-in-a-rde-cell,reviewed_decode,reviewed_decode_anchor,https://w3id.org/h2kg/decode/workflow/anchor/rde-cv-component,"A recorded, calculated, image-based, or otherwise structured data artifact denoted ""RDE CV"" in DECODE hydrogen-electrochemistry workflows.",,"Reviewed DECODE semantic role, source label, source workflow context, and direct-neighbor context. This is a draft for expert review, not an authoritative ontology definition.","Decide: strict H2KG alias, existing H2KG mapping, new reusable H2KG term, or retain reviewed DECODE anchor.",needs_human_review,,,,"[{""iri"": ""https://w3id.org/h2kg/hydrogen-ontology#RotatingDiskElectrodeSystem"", ""label"": ""Rotating Disk Electrode System"", ""score"": 0.667}, {""iri"": ""https://w3id.org/h2kg/hydrogen-ontology#ChargeTransferResistance"", ""label"": ""Charge Transfer Resistance"", ""score"": 0.6}, {""iri"": ""https://w3id.org/h2kg/hydrogen-ontology#CellActiveArea"", ""label"": ""Cell Active Area"", ""score"": 0.588}]",Model Electrochemistry in a RDE Cell
https://w3id.org/h2kg/decode/workflow/concept/rde-diffusion-current-component,RDE diffusion current,component,Property,https://w3id.org/h2kg/hydrogen-ontology#Property,1,model-electrochemistry-in-a-rde-cell,reviewed_decode,reviewed_decode_anchor,https://w3id.org/h2kg/decode/workflow/anchor/rde-diffusion-current-component,"A measurable, calculated, or derived scientific characteristic denoted ""RDE diffusion current"" in DECODE hydrogen-electrochemistry workflows.",,"Reviewed DECODE semantic role, source label, source workflow context, and direct-neighbor context. This is a draft for expert review, not an authoritative ontology definition.","Decide: strict H2KG alias, existing H2KG mapping, new reusable H2KG term, or retain reviewed DECODE anchor.",needs_human_review,,,,"[{""iri"": ""https://w3id.org/h2kg/hydrogen-ontology#TriiodideDiffusionCoefficient"", ""label"": ""Triiodide Diffusion Coefficient"", ""score"": 0.692}, {""iri"": ""https://w3id.org/h2kg/hydrogen-ontology#ReductionPeakCurrent"", ""label"": ""Reduction Peak Current"", ""score"": 0.684}, {""iri"": ""https://w3id.org/h2kg/hydrogen-ontology#WaterDiffusionCoefficient"", ""label"": ""Water Diffusion Coefficient"", ""score"": 0.667}]",Model Electrochemistry in a RDE Cell
https://w3id.org/h2kg/decode/workflow/concept/rde-ecsa-component,RDE ECSA,component,Matter,https://w3id.org/h2kg/hydrogen-ontology#Matter,1,model-electrochemistry-in-a-rde-cell,reviewed_decode,reviewed_decode_anchor,https://w3id.org/h2kg/decode/workflow/anchor/rde-ecsa-component,"A material, component, chemical species, phase, specimen, or assembly denoted ""RDE ECSA"" in DECODE hydrogen-electrochemistry workflows.",,"Reviewed DECODE semantic role, source label, source workflow context, and direct-neighbor context. This is a draft for expert review, not an authoritative ontology definition.","Decide: strict H2KG alias, existing H2KG mapping, new reusable H2KG term, or retain reviewed DECODE anchor.",needs_human_review,,,,"[{""iri"": ""https://w3id.org/h2kg/hydrogen-ontology#CurrentDensityDecayRate"", ""label"": ""Current Density Decay Rate"", ""score"": 0.667}, {""iri"": ""https://w3id.org/h2kg/hydrogen-ontology#ElectrochemicallyActiveSurfaceArea"", ""label"": ""Electrochemically Active Surface Area"", ""score"": 0.667}, {""iri"": ""https://w3id.org/h2kg/hydrogen-ontology#PtChemicalSurfaceArea"", ""label"": ""Pt Chemical Surface Area"", ""score"": 0.667}]",Model Electrochemistry in a RDE Cell
https://w3id.org/h2kg/decode/workflow/concept/rde-eis-component,RDE EIS,component,Data,https://w3id.org/h2kg/hydrogen-ontology#Data,1,transmission-line-model-fitting-of-cl-eis-patterns-for-components-distribution,reviewed_decode,reviewed_decode_anchor,https://w3id.org/h2kg/decode/workflow/anchor/rde-eis-component,"A recorded, calculated, image-based, or otherwise structured data artifact denoted ""RDE EIS"" in DECODE hydrogen-electrochemistry workflows.",,"Reviewed DECODE semantic role, source label, source workflow context, and direct-neighbor context. This is a draft for expert review, not an authoritative ontology definition.","Decide: strict H2KG alias, existing H2KG mapping, new reusable H2KG term, or retain reviewed DECODE anchor.",needs_human_review,,,,"[{""iri"": ""https://w3id.org/h2kg/hydrogen-ontology#ExchangeCurrentDensity"", ""label"": ""Exchange Current Density"", ""score"": 0.667}, {""iri"": ""https://w3id.org/h2kg/hydrogen-ontology#ElectrochemicalImpedanceSpectroscopyGalvanostatic"", ""label"": ""Electrochemical Impedance Spectroscopy Galvanostatic"", ""score"": 0.6}, {""iri"": ""https://w3id.org/h2kg/hydrogen-ontology#ElectrochemicalImpedanceSpectroscopyPotentiostatic"", ""label"": ""Electrochemical Impedance Spectroscopy Potentiostatic"", ""score"": 0.6}]",Transmission Line Model Fitting of CL EIS patterns for components distribution
https://w3id.org/h2kg/decode/workflow/concept/rde-eis-catalyst-free-component,RDE EIS (catalyst-free),component,Data,https://w3id.org/h2kg/hydrogen-ontology#Data,1,transmission-line-model-fitting-of-cl-eis-patterns-for-components-distribution,reviewed_decode,reviewed_decode_anchor,https://w3id.org/h2kg/decode/workflow/anchor/rde-eis-catalyst-free-component,"A recorded, calculated, image-based, or otherwise structured data artifact denoted ""RDE EIS (catalyst-free)"" in DECODE hydrogen-electrochemistry workflows.",,"Reviewed DECODE semantic role, source label, source workflow context, and direct-neighbor context. This is a draft for expert review, not an authoritative ontology definition.","Decide: strict H2KG alias, existing H2KG mapping, new reusable H2KG term, or retain reviewed DECODE anchor.",needs_human_review,,,,"[{""iri"": ""https://w3id.org/h2kg/hydrogen-ontology#FeNCCatalyst"", ""label"": ""Fe NC Catalyst"", ""score"": 0.737}, {""iri"": ""https://w3id.org/h2kg/hydrogen-ontology#NSPCNFsCatalyst"", ""label"": ""NSPCN Fs Catalyst"", ""score"": 0.714}, {""iri"": ""https://w3id.org/h2kg/hydrogen-ontology#PrintedFerritinPreCatalystPattern"", ""label"": ""Printed Ferritin Pre Catalyst Pattern"", ""score"": 0.683}]",Transmission Line Model Fitting of CL EIS patterns for components distribution
https://w3id.org/h2kg/decode/workflow/concept/rde-eis-ionomer-free-component,RDE EIS (ionomer-free),component,Data,https://w3id.org/h2kg/hydrogen-ontology#Data,1,transmission-line-model-fitting-of-cl-eis-patterns-for-components-distribution,reviewed_decode,reviewed_decode_anchor,https://w3id.org/h2kg/decode/workflow/anchor/rde-eis-ionomer-free-component,"A recorded, calculated, image-based, or otherwise structured data artifact denoted ""RDE EIS (ionomer-free)"" in DECODE hydrogen-electrochemistry workflows.",,"Reviewed DECODE semantic role, source label, source workflow context, and direct-neighbor context. This is a draft for expert review, not an authoritative ontology definition.","Decide: strict H2KG alias, existing H2KG mapping, new reusable H2KG term, or retain reviewed DECODE anchor.",needs_human_review,,,,"[{""iri"": ""https://w3id.org/h2kg/hydrogen-ontology#IonomerConnectedElectrochemicallyActiveSurfaceArea"", ""label"": ""Ionomer Connected Electrochemically Active Surface Area"", ""score"": 0.625}, {""iri"": ""https://w3id.org/h2kg/hydrogen-ontology#IonomerOxygenTransportResistanceComponent"", ""label"": ""Ionomer Oxygen Transport Resistance Component"", ""score"": 0.621}, {""iri"": ""https://w3id.org/h2kg/hydrogen-ontology#IonomerAggregateDiameter"", ""label"": ""Ionomer Aggregate Diameter"", ""score"": 0.619}]",Transmission Line Model Fitting of CL EIS patterns for components distribution
https://w3id.org/h2kg/decode/workflow/concept/rde-eis-nanostructured-component,RDE EIS (nanostructured),component,Data,https://w3id.org/h2kg/hydrogen-ontology#Data,1,eis-on-nanostructured-electrodes,reviewed_decode,reviewed_decode_anchor,https://w3id.org/h2kg/decode/workflow/anchor/rde-eis-nanostructured-component,"A recorded, calculated, image-based, or otherwise structured data artifact denoted ""RDE EIS (nanostructured)"" in DECODE hydrogen-electrochemistry workflows.",,"Reviewed DECODE semantic role, source label, source workflow context, and direct-neighbor context. This is a draft for expert review, not an authoritative ontology definition.","Decide: strict H2KG alias, existing H2KG mapping, new reusable H2KG term, or retain reviewed DECODE anchor.",needs_human_review,,,,"[{""iri"": ""https://w3id.org/h2kg/hydrogen-ontology#NiFe2O4Nanostructure"", ""label"": ""Ni Fe 2 O 4 Nanostructure"", ""score"": 0.681}, {""iri"": ""https://w3id.org/h2kg/hydrogen-ontology#BiomimeticVeinStructure"", ""label"": ""Biomimetic Vein Structure"", ""score"": 0.634}, {""iri"": ""https://w3id.org/h2kg/hydrogen-ontology#LatticeStructureSize"", ""label"": ""Lattice Structure Size"", ""score"": 0.611}]",EIS on nanostructured electrodes
https://w3id.org/h2kg/decode/workflow/concept/rde-electrochemical-protocol-component,RDE electrochemical protocol,component,Process,https://w3id.org/h2kg/hydrogen-ontology#Process,7,fitting-version-of-the-hierachical-model; rde-on-mono-or-polycrystalline-electrodes; rde-on-nanostructured-electrodes; rde-simulation-in-comsol; rrde-on-model-electrodes-in-acidic-solutions; rrde-on-model-electrodes-in-alkaline-solutions; rrde-simulation-in-comsol,reviewed_decode,reviewed_decode_anchor,https://w3id.org/h2kg/decode/workflow/anchor/rde-electrochemical-protocol-component,"A computational, analytical, transformation, or generic workflow process denoted ""RDE electrochemical protocol"" in DECODE hydrogen-electrochemistry workflows.",,"Reviewed DECODE semantic role, source label, source workflow context, and direct-neighbor context. This is a draft for expert review, not an authoritative ontology definition.","Decide: strict H2KG alias, existing H2KG mapping, new reusable H2KG term, or retain reviewed DECODE anchor.",needs_human_review,,,,"[{""iri"": ""https://w3id.org/h2kg/hydrogen-ontology#ElectrochemicalWorkstation"", ""label"": ""Electrochemical Workstation"", ""score"": 0.691}, {""iri"": ""https://w3id.org/h2kg/hydrogen-ontology#ElectrochemicalImpedanceSpectroscopyPotentiostatic"", ""label"": ""Electrochemical Impedance Spectroscopy Potentiostatic"", ""score"": 0.636}, {""iri"": ""https://w3id.org/h2kg/hydrogen-ontology#ElectrochemicalReactionSimulation"", ""label"": ""Electrochemical Reaction Simulation"", ""score"": 0.635}]",Fitting Version of the Hierachical Model; RDE on mono- or polycrystalline electrodes; RDE on nanostructured electrodes; RDE simulation in COMSOL; RRDE on model electrodes in acidic solutions; RRDE on model electrodes in alkaline solutions; RRDE simulation in COMSOL
https://w3id.org/h2kg/decode/workflow/concept/rde-electrochemical-response-idealized-lre,RDE electrochemical response (idealized),LRE,Data,https://w3id.org/h2kg/hydrogen-ontology#Data,9,adsorbate-surface-diffusion-on-electrocatalyst-support; diffusion-theory; fitting-version-of-the-hierachical-model; rde-on-mono-or-polycrystalline-electrodes; rde-simulation-in-comsol; rrde-on-model-electrodes-in-acidic-solutions; rrde-on-model-electrodes-in-alkaline-solutions; rrde-simulation-in-comsol; rrde-theory,reviewed_decode,reviewed_decode_anchor,https://w3id.org/h2kg/decode/workflow/anchor/rde-electrochemical-response-idealized-lre,"A recorded, calculated, image-based, or otherwise structured data artifact denoted ""RDE electrochemical response (idealized)"" in DECODE hydrogen-electrochemistry workflows.",,"Reviewed DECODE semantic role, source label, source workflow context, and direct-neighbor context. This is a draft for expert review, not an authoritative ontology definition.","Decide: strict H2KG alias, existing H2KG mapping, new reusable H2KG term, or retain reviewed DECODE anchor.",needs_human_review,,,,"[{""iri"": ""https://w3id.org/h2kg/hydrogen-ontology#ElectrochemicalImpedanceSpectroscopyPotentiostatic"", ""label"": ""Electrochemical Impedance Spectroscopy Potentiostatic"", ""score"": 0.658}, {""iri"": ""https://w3id.org/h2kg/hydrogen-ontology#ElectrochemicalReactionSimulation"", ""label"": ""Electrochemical Reaction Simulation"", ""score"": 0.63}, {""iri"": ""https://w3id.org/h2kg/hydrogen-ontology#ElectrochemicalWorkstation"", ""label"": ""Electrochemical Workstation"", ""score"": 0.629}]",Adsorbate Surface Diffusion on Electrocatalyst Support; Diffusion Theory; Fitting Version of the Hierachical Model; RDE on mono- or polycrystalline electrodes; RDE simulation in COMSOL; RRDE Theory; RRDE on model electrodes in acidic solutions; RRDE on model electrodes in alkaline solutions; RRDE simulation in COMSOL
https://w3id.org/h2kg/decode/workflow/concept/rde-electrochemical-response-nanostructured-component,RDE electrochemical response (nanostructured),component,Data,https://w3id.org/h2kg/hydrogen-ontology#Data,1,rde-on-nanostructured-electrodes,reviewed_decode,reviewed_decode_anchor,https://w3id.org/h2kg/decode/workflow/anchor/rde-electrochemical-response-nanostructured-component,"A recorded, calculated, image-based, or otherwise structured data artifact denoted ""RDE electrochemical response (nanostructured)"" in DECODE hydrogen-electrochemistry workflows.",,"Reviewed DECODE semantic role, source label, source workflow context, and direct-neighbor context. This is a draft for expert review, not an authoritative ontology definition.","Decide: strict H2KG alias, existing H2KG mapping, new reusable H2KG term, or retain reviewed DECODE anchor.",needs_human_review,,,,"[{""iri"": ""https://w3id.org/h2kg/hydrogen-ontology#ElectrochemicalImpedanceSpectroscopyGalvanostatic"", ""label"": ""Electrochemical Impedance Spectroscopy Galvanostatic"", ""score"": 0.632}, {""iri"": ""https://w3id.org/h2kg/hydrogen-ontology#ElectrochemicalWorkstation"", ""label"": ""Electrochemical Workstation"", ""score"": 0.629}, {""iri"": ""https://w3id.org/h2kg/hydrogen-ontology#ElectrochemicalImpedanceSpectroscopyPotentiostatic"", ""label"": ""Electrochemical Impedance Spectroscopy Potentiostatic"", ""score"": 0.617}]",RDE on nanostructured electrodes
https://w3id.org/h2kg/decode/workflow/concept/rde-electrode-nanostructured-component,RDE electrode (nanostructured),component,Property,https://w3id.org/h2kg/hydrogen-ontology#Property,4,accelerated-stress-test-ast-on-nanostructured-electrodes; dropcasted-ink-on-gc-tips; eis-on-nanostructured-electrodes; rde-on-nanostructured-electrodes,reviewed_decode,reviewed_decode_anchor,https://w3id.org/h2kg/decode/workflow/anchor/rde-electrode-nanostructured-component,"A measurable, calculated, or derived scientific characteristic denoted ""RDE electrode (nanostructured)"" in DECODE hydrogen-electrochemistry workflows.",,"Reviewed DECODE semantic role, source label, source workflow context, and direct-neighbor context. This is a draft for expert review, not an authoritative ontology definition.","Decide: strict H2KG alias, existing H2KG mapping, new reusable H2KG term, or retain reviewed DECODE anchor.",needs_human_review,,,,"[{""iri"": ""https://w3id.org/h2kg/hydrogen-ontology#ElectrodeSubstrate"", ""label"": ""Electrode Substrate"", ""score"": 0.638}, {""iri"": ""https://w3id.org/h2kg/hydrogen-ontology#ElectronTransferNumber"", ""label"": ""Electron Transfer Number"", ""score"": 0.627}, {""iri"": ""https://w3id.org/h2kg/hydrogen-ontology#AmorphousCarbonDeposit"", ""label"": ""Amorphous Carbon Deposit"", ""score"": 0.618}]",Accelerated Stress Test (AST) on Nanostructured Electrodes; Dropcasted Ink on GC Tips; EIS on nanostructured electrodes; RDE on nanostructured electrodes
https://w3id.org/h2kg/decode/workflow/concept/rde-electrode-geometry-device,RDE electrode geometry,device,Parameter,https://w3id.org/h2kg/hydrogen-ontology#Parameter,1,rde-simulation-in-comsol,reviewed_decode,reviewed_decode_anchor,https://w3id.org/h2kg/decode/workflow/anchor/rde-electrode-geometry-device,"A specified, controlled, reported, or model-input condition or quantity denoted ""RDE electrode geometry"" in DECODE hydrogen-electrochemistry workflows.",,"Reviewed DECODE semantic role, source label, source workflow context, and direct-neighbor context. This is a draft for expert review, not an authoritative ontology definition.","Decide: strict H2KG alias, existing H2KG mapping, new reusable H2KG term, or retain reviewed DECODE anchor.",needs_human_review,,,,"[{""iri"": ""https://w3id.org/h2kg/hydrogen-ontology#PrintedGoldElectrode"", ""label"": ""Printed Gold Electrode"", ""score"": 0.722}, {""iri"": ""https://w3id.org/h2kg/hydrogen-ontology#ElectrodeSideLength"", ""label"": ""Electrode Side Length"", ""score"": 0.698}, {""iri"": ""https://w3id.org/h2kg/hydrogen-ontology#ElectrosprayedCatalystLayer"", ""label"": ""Electrosprayed Catalyst Layer"", ""score"": 0.696}]",RDE simulation in COMSOL
https://w3id.org/h2kg/decode/workflow/concept/rde-electrode-kinetic-parameters-material,RDE electrode kinetic parameters,material,Property,https://w3id.org/h2kg/hydrogen-ontology#Property,2,rde-simulation-in-comsol; rrde-simulation-in-comsol,reviewed_decode,reviewed_decode_anchor,https://w3id.org/h2kg/decode/workflow/anchor/rde-electrode-kinetic-parameters-material,"A measurable, calculated, or derived scientific characteristic denoted ""RDE electrode kinetic parameters"" in DECODE hydrogen-electrochemistry workflows.",,"Reviewed DECODE semantic role, source label, source workflow context, and direct-neighbor context. This is a draft for expert review, not an authoritative ontology definition.","Decide: strict H2KG alias, existing H2KG mapping, new reusable H2KG term, or retain reviewed DECODE anchor.",needs_human_review,,,,"[{""iri"": ""https://w3id.org/h2kg/hydrogen-ontology#ZetaPotential"", ""label"": ""Zeta Potential"", ""score"": 0.643}, {""iri"": ""https://w3id.org/h2kg/hydrogen-ontology#InterdigitatedElectrodeArray"", ""label"": ""Interdigitated Electrode Array"", ""score"": 0.632}, {""iri"": ""https://w3id.org/h2kg/hydrogen-ontology#LatticeParameter"", ""label"": ""Lattice Parameter"", ""score"": 0.612}]",RDE simulation in COMSOL; RRDE simulation in COMSOL
https://w3id.org/h2kg/decode/workflow/concept/rde-kinetic-current-component,RDE kinetic current,component,Property,https://w3id.org/h2kg/hydrogen-ontology#Property,1,model-electrochemistry-in-a-rde-cell,reviewed_decode,reviewed_decode_anchor,https://w3id.org/h2kg/decode/workflow/anchor/rde-kinetic-current-component,"A measurable, calculated, or derived scientific characteristic denoted ""RDE kinetic current"" in DECODE hydrogen-electrochemistry workflows.",,"Reviewed DECODE semantic role, source label, source workflow context, and direct-neighbor context. This is a draft for expert review, not an authoritative ontology definition.","Decide: strict H2KG alias, existing H2KG mapping, new reusable H2KG term, or retain reviewed DECODE anchor.",needs_human_review,,,,"[{""iri"": ""https://w3id.org/h2kg/hydrogen-ontology#KineticCurrent"", ""label"": ""Kinetic Current"", ""score"": 0.882}, {""iri"": ""https://w3id.org/h2kg/hydrogen-ontology#CurrentDensityDecayRate"", ""label"": ""Current Density Decay Rate"", ""score"": 0.703}, {""iri"": ""https://w3id.org/h2kg/hydrogen-ontology#CurrentInterruptHFRMeasurement"", ""label"": ""Current-Interrupt HFR Measurement"", ""score"": 0.667}]",Model Electrochemistry in a RDE Cell
https://w3id.org/h2kg/decode/workflow/concept/rde-local-ph-component,RDE local pH,component,Property,https://w3id.org/h2kg/hydrogen-ontology#Property,1,rotating-ring-disk-electrode-rrde,reviewed_decode,reviewed_decode_anchor,https://w3id.org/h2kg/decode/workflow/anchor/rde-local-ph-component,"A measurable, calculated, or derived scientific characteristic denoted ""RDE local pH"" in DECODE hydrogen-electrochemistry workflows.",,"Reviewed DECODE semantic role, source label, source workflow context, and direct-neighbor context. This is a draft for expert review, not an authoritative ontology definition.","Decide: strict H2KG alias, existing H2KG mapping, new reusable H2KG term, or retain reviewed DECODE anchor.",needs_human_review,,,,"[{""iri"": ""https://w3id.org/h2kg/hydrogen-ontology#LocalGasTransportResistance"", ""label"": ""Local Gas Transport Resistance"", ""score"": 0.737}, {""iri"": ""https://w3id.org/h2kg/hydrogen-ontology#PtRuOnCarbonCatalyst"", ""label"": ""Pt Ru On Carbon Catalyst"", ""score"": 0.562}, {""iri"": ""https://w3id.org/h2kg/hydrogen-ontology#CatalystLoading"", ""label"": ""Catalyst Loading"", ""score"": 0.552}]",Rotating Ring Disk Electrode (RRDE)
https://w3id.org/h2kg/decode/workflow/concept/rde-monocrystalline-electrode-material,RDE monocrystalline electrode,material,Instrument,https://w3id.org/h2kg/hydrogen-ontology#Instrument,3,rde-on-mono-or-polycrystalline-electrodes; rrde-on-model-electrodes-in-acidic-solutions; rrde-on-model-electrodes-in-alkaline-solutions,reviewed_decode,reviewed_decode_anchor,https://w3id.org/h2kg/decode/workflow/anchor/rde-monocrystalline-electrode-material,"An apparatus, device, or experimental platform denoted ""RDE monocrystalline electrode"" in DECODE hydrogen-electrochemistry workflows.",,"Reviewed DECODE semantic role, source label, source workflow context, and direct-neighbor context. This is a draft for expert review, not an authoritative ontology definition.","Decide: strict H2KG alias, existing H2KG mapping, new reusable H2KG term, or retain reviewed DECODE anchor.",needs_human_review,,,,"[{""iri"": ""https://w3id.org/h2kg/hydrogen-ontology#SHE"", ""label"": ""SHE"", ""score"": 0.643}, {""iri"": ""https://w3id.org/h2kg/hydrogen-ontology#RingPotential"", ""label"": ""Ring Potential"", ""score"": 0.642}, {""iri"": ""https://w3id.org/h2kg/hydrogen-ontology#PrintedGoldElectrode"", ""label"": ""Printed Gold Electrode"", ""score"": 0.627}]",RDE on mono- or polycrystalline electrodes; RRDE on model electrodes in acidic solutions; RRDE on model electrodes in alkaline solutions
https://w3id.org/h2kg/decode/workflow/concept/rde-on-mono-or-polycrystalline-electrodes-method,RDE on mono- or polycrystalline electrodes,,Measurement,https://w3id.org/h2kg/hydrogen-ontology#Measurement,10,adsorbate-surface-diffusion-on-electrocatalyst-support; diffusion-theory; fitting-version-of-the-hierachical-model; rde-on-mono-or-polycrystalline-electrodes; rrde-theory,reviewed_decode,reviewed_decode_anchor,https://w3id.org/h2kg/decode/workflow/anchor/rde-on-mono-or-polycrystalline-electrodes-method,"A characterization or measurement procedure denoted ""RDE on mono- or polycrystalline electrodes"" in DECODE hydrogen-electrochemistry workflows.",,"Reviewed DECODE semantic role, source label, source workflow context, and direct-neighbor context. This is a draft for expert review, not an authoritative ontology definition.","Decide: strict H2KG alias, existing H2KG mapping, new reusable H2KG term, or retain reviewed DECODE anchor.",needs_human_review,,,,"[{""iri"": ""https://w3id.org/h2kg/hydrogen-ontology#PrintedGoldElectrode"", ""label"": ""Printed Gold Electrode"", ""score"": 0.571}, {""iri"": ""https://w3id.org/h2kg/hydrogen-ontology#SHE"", ""label"": ""SHE"", ""score"": 0.559}]",Electrolyte; RDE electrochemical protocol; RDE electrochemical response (idealized); RDE monocrystalline electrode; RDE polycrystalline electrode; RDE rotation rate; RDE temperature
https://w3id.org/h2kg/decode/workflow/concept/rde-on-nanostructured-electrodes-method,RDE on nanostructured electrodes,,Property,https://w3id.org/h2kg/hydrogen-ontology#Property,2,dropcasted-ink-on-gc-tips; rde-on-nanostructured-electrodes,reviewed_decode,reviewed_decode_anchor,https://w3id.org/h2kg/decode/workflow/anchor/rde-on-nanostructured-electrodes-method,"A measurable, calculated, or derived scientific characteristic denoted ""RDE on nanostructured electrodes"" in DECODE hydrogen-electrochemistry workflows. Source context: Valid for the oxygen reactions (OER/ORR) owing to thier slow kinetics, indepently of acidic/alkaline) and for all reactions when using non-Pt (i.e., slow kinetics systems). Design of the cell/choice of the reference/counter electrode has to be considered when moving from an acidic to alkaline pH range.","Valid for the oxygen reactions (OER/ORR) owing to thier slow kinetics, indepently of acidic/alkaline) and for all reactions when using non-Pt (i.e., slow kinetics systems). Design of the cell/choice of the reference/counter electrode has to be considered when moving from an acidic to alkaline pH range.","Reviewed DECODE semantic role, source label, source workflow context, and direct-neighbor context. This is a draft for expert review, not an authoritative ontology definition.","Decide: strict H2KG alias, existing H2KG mapping, new reusable H2KG term, or retain reviewed DECODE anchor.",needs_human_review,,,,"[{""iri"": ""https://w3id.org/h2kg/hydrogen-ontology#NiFe2O4Nanostructure"", ""label"": ""Ni Fe 2 O 4 Nanostructure"", ""score"": 0.632}, {""iri"": ""https://w3id.org/h2kg/hydrogen-ontology#ElectronTransferNumber"", ""label"": ""Electron Transfer Number"", ""score"": 0.618}, {""iri"": ""https://w3id.org/h2kg/hydrogen-ontology#AmorphousCarbonDeposit"", ""label"": ""Amorphous Carbon Deposit"", ""score"": 0.61}]",Electrolyte; RDE electrochemical protocol; RDE electrochemical response (nanostructured); RDE electrode (nanostructured); RDE rotation rate; RDE temperature
https://w3id.org/h2kg/decode/workflow/concept/rde-polarization-curve-component,RDE polarization curve,component,Data,https://w3id.org/h2kg/hydrogen-ontology#Data,1,rotating-ring-disk-electrode-rrde,reviewed_decode,reviewed_decode_anchor,https://w3id.org/h2kg/decode/workflow/anchor/rde-polarization-curve-component,"A recorded, calculated, image-based, or otherwise structured data artifact denoted ""RDE polarization curve"" in DECODE hydrogen-electrochemistry workflows.",,"Reviewed DECODE semantic role, source label, source workflow context, and direct-neighbor context. This is a draft for expert review, not an authoritative ontology definition.","Decide: strict H2KG alias, existing H2KG mapping, new reusable H2KG term, or retain reviewed DECODE anchor.",needs_human_review,,,,"[{""iri"": ""https://w3id.org/h2kg/hydrogen-ontology#PolarizationCurveDataset"", ""label"": ""Polarization Curve Dataset"", ""score"": 0.8}, {""iri"": ""https://w3id.org/h2kg/hydrogen-ontology#FuelCellPolarizationMeasurement"", ""label"": ""Fuel Cell Polarization Measurement"", ""score"": 0.769}, {""iri"": ""https://w3id.org/h2kg/hydrogen-ontology#PolarizationCurveFitting"", ""label"": ""Polarization Curve Fitting"", ""score"": 0.75}]",Rotating Ring Disk Electrode (RRDE)
https://w3id.org/h2kg/decode/workflow/concept/rde-polycrystalline-electrode-material,RDE polycrystalline electrode,material,Instrument,https://w3id.org/h2kg/hydrogen-ontology#Instrument,3,rde-on-mono-or-polycrystalline-electrodes; rrde-on-model-electrodes-in-acidic-solutions; rrde-on-model-electrodes-in-alkaline-solutions,reviewed_decode,reviewed_decode_anchor,https://w3id.org/h2kg/decode/workflow/anchor/rde-polycrystalline-electrode-material,"An apparatus, device, or experimental platform denoted ""RDE polycrystalline electrode"" in DECODE hydrogen-electrochemistry workflows.",,"Reviewed DECODE semantic role, source label, source workflow context, and direct-neighbor context. This is a draft for expert review, not an authoritative ontology definition.","Decide: strict H2KG alias, existing H2KG mapping, new reusable H2KG term, or retain reviewed DECODE anchor.",needs_human_review,,,,"[{""iri"": ""https://w3id.org/h2kg/hydrogen-ontology#PrintedGoldElectrode"", ""label"": ""Printed Gold Electrode"", ""score"": 0.667}, {""iri"": ""https://w3id.org/h2kg/hydrogen-ontology#SHE"", ""label"": ""SHE"", ""score"": 0.643}, {""iri"": ""https://w3id.org/h2kg/hydrogen-ontology#ElectrosprayedCatalystLayer"", ""label"": ""Electrosprayed Catalyst Layer"", ""score"": 0.642}]",RDE on mono- or polycrystalline electrodes; RRDE on model electrodes in acidic solutions; RRDE on model electrodes in alkaline solutions
https://w3id.org/h2kg/decode/workflow/concept/rde-rotation-rate-component,RDE rotation rate,component,Parameter,https://w3id.org/h2kg/hydrogen-ontology#Parameter,8,diffusion-theory; rde-on-mono-or-polycrystalline-electrodes; rde-on-nanostructured-electrodes; rde-simulation-in-comsol; rrde-on-model-electrodes-in-acidic-solutions; rrde-on-model-electrodes-in-alkaline-solutions; rrde-simulation-in-comsol; rrde-theory,reviewed_decode,reviewed_decode_anchor,https://w3id.org/h2kg/decode/workflow/anchor/rde-rotation-rate-component,"A specified, controlled, reported, or model-input condition or quantity denoted ""RDE rotation rate"" in DECODE hydrogen-electrochemistry workflows.",,"Reviewed DECODE semantic role, source label, source workflow context, and direct-neighbor context. This is a draft for expert review, not an authoritative ontology definition.","Decide: strict H2KG alias, existing H2KG mapping, new reusable H2KG term, or retain reviewed DECODE anchor.",needs_human_review,,,,"[{""iri"": ""https://w3id.org/h2kg/hydrogen-ontology#RotationRate"", ""label"": ""Rotation Rate"", ""score"": 0.867}, {""iri"": ""https://w3id.org/h2kg/hydrogen-ontology#RetractionRate"", ""label"": ""Retraction Rate"", ""score"": 0.812}, {""iri"": ""https://w3id.org/h2kg/hydrogen-ontology#LaserRepetitionRate"", ""label"": ""Laser Repetition Rate"", ""score"": 0.75}]",Diffusion Theory; RDE on mono- or polycrystalline electrodes; RDE on nanostructured electrodes; RDE simulation in COMSOL; RRDE Theory; RRDE on model electrodes in acidic solutions; RRDE on model electrodes in alkaline solutions; RRDE simulation in COMSOL
https://w3id.org/h2kg/decode/workflow/concept/rde-simulation-in-comsol-model,RDE simulation in COMSOL,,Process,https://w3id.org/h2kg/hydrogen-ontology#Process,5,adsorbate-surface-diffusion-on-electrocatalyst-support; diffusion-theory; fitting-version-of-the-hierachical-model; rde-simulation-in-comsol; rrde-theory,reviewed_decode,reviewed_decode_anchor,https://w3id.org/h2kg/decode/workflow/anchor/rde-simulation-in-comsol-model,"A computational, analytical, transformation, or generic workflow process denoted ""RDE simulation in COMSOL"" in DECODE hydrogen-electrochemistry workflows. Source context: Generally limited by the continuum PNP model to lower concentration below ~ 1 M",Generally limited by the continuum PNP model to lower concentration below ~ 1 M,"Reviewed DECODE semantic role, source label, source workflow context, and direct-neighbor context. This is a draft for expert review, not an authoritative ontology definition.","Decide: strict H2KG alias, existing H2KG mapping, new reusable H2KG term, or retain reviewed DECODE anchor.",needs_human_review,,,,"[{""iri"": ""https://w3id.org/h2kg/hydrogen-ontology#MolecularDynamicsSimulation"", ""label"": ""Molecular Dynamics Simulation"", ""score"": 0.703}, {""iri"": ""https://w3id.org/h2kg/hydrogen-ontology#SimulationParticleCount"", ""label"": ""Simulation Particle Count"", ""score"": 0.694}, {""iri"": ""https://w3id.org/h2kg/hydrogen-ontology#DiscreteElementMethodPackingSimulation"", ""label"": ""Discrete Element Method Packing Simulation"", ""score"": 0.684}]",Electrolyte composition; LRE pH distribution (idealized); RDE electrochemical protocol; RDE electrochemical response (idealized); RDE electrode geometry; RDE electrode kinetic parameters; RDE rotation rate; RDE species distribution (idealized); RDE temperature
https://w3id.org/h2kg/decode/workflow/concept/rde-species-distribution-idealized-lre,RDE species distribution (idealized),LRE,Data,https://w3id.org/h2kg/hydrogen-ontology#Data,2,rde-simulation-in-comsol; rrde-simulation-in-comsol,reviewed_decode,reviewed_decode_anchor,https://w3id.org/h2kg/decode/workflow/anchor/rde-species-distribution-idealized-lre,"A recorded, calculated, image-based, or otherwise structured data artifact denoted ""RDE species distribution (idealized)"" in DECODE hydrogen-electrochemistry workflows.",,"Reviewed DECODE semantic role, source label, source workflow context, and direct-neighbor context. This is a draft for expert review, not an authoritative ontology definition.","Decide: strict H2KG alias, existing H2KG mapping, new reusable H2KG term, or retain reviewed DECODE anchor.",needs_human_review,,,,"[{""iri"": ""https://w3id.org/h2kg/hydrogen-ontology#PoreSizeDistributionPeakDiameter"", ""label"": ""Pore Size Distribution Peak Diameter"", ""score"": 0.721}, {""iri"": ""https://w3id.org/h2kg/hydrogen-ontology#PoreSizeDistribution"", ""label"": ""Pore Size Distribution"", ""score"": 0.679}, {""iri"": ""https://w3id.org/h2kg/hydrogen-ontology#PoreSizeDistributionDataset"", ""label"": ""Pore Size Distribution Dataset"", ""score"": 0.679}]",RDE simulation in COMSOL; RRDE simulation in COMSOL
https://w3id.org/h2kg/decode/workflow/concept/rde-temperature-component,RDE temperature,component,Parameter,https://w3id.org/h2kg/hydrogen-ontology#Parameter,8,diffusion-theory; rde-on-mono-or-polycrystalline-electrodes; rde-on-nanostructured-electrodes; rde-simulation-in-comsol; rrde-on-model-electrodes-in-acidic-solutions; rrde-on-model-electrodes-in-alkaline-solutions; rrde-simulation-in-comsol; rrde-theory,reviewed_decode,reviewed_decode_anchor,https://w3id.org/h2kg/decode/workflow/anchor/rde-temperature-component,"A specified, controlled, reported, or model-input condition or quantity denoted ""RDE temperature"" in DECODE hydrogen-electrochemistry workflows.",,"Reviewed DECODE semantic role, source label, source workflow context, and direct-neighbor context. This is a draft for expert review, not an authoritative ontology definition.","Decide: strict H2KG alias, existing H2KG mapping, new reusable H2KG term, or retain reviewed DECODE anchor.",needs_human_review,,,,"[{""iri"": ""https://w3id.org/h2kg/hydrogen-ontology#Temperature"", ""label"": ""Temperature"", ""score"": 0.846}, {""iri"": ""https://w3id.org/h2kg/hydrogen-ontology#BakeTemperature"", ""label"": ""Bake Temperature"", ""score"": 0.839}, {""iri"": ""https://w3id.org/h2kg/hydrogen-ontology#CryoUltramicrotomeTemperature"", ""label"": ""Cryo Ultramicrotome Temperature"", ""score"": 0.839}]",Diffusion Theory; RDE on mono- or polycrystalline electrodes; RDE on nanostructured electrodes; RDE simulation in COMSOL; RRDE Theory; RRDE on model electrodes in acidic solutions; RRDE on model electrodes in alkaline solutions; RRDE simulation in COMSOL
https://w3id.org/h2kg/decode/workflow/concept/reaction-mechanisms-orr-lre,Reaction mechanisms (ORR),LRE,Process,https://w3id.org/h2kg/hydrogen-ontology#Process,2,fitting-version-of-the-hierachical-model; hierarchical-model-for-electrocatalytic-reactions,reviewed_decode,reviewed_decode_anchor,https://w3id.org/h2kg/decode/workflow/anchor/reaction-mechanisms-orr-lre,"A computational, analytical, transformation, or generic workflow process denoted ""Reaction mechanisms (ORR)"" in DECODE hydrogen-electrochemistry workflows.",,"Reviewed DECODE semantic role, source label, source workflow context, and direct-neighbor context. This is a draft for expert review, not an authoritative ontology definition.","Decide: strict H2KG alias, existing H2KG mapping, new reusable H2KG term, or retain reviewed DECODE anchor.",needs_human_review,,,,"[{""iri"": ""https://w3id.org/h2kg/hydrogen-ontology#LigandExchangeProcess"", ""label"": ""Ligand Exchange Process"", ""score"": 0.667}, {""iri"": ""https://w3id.org/h2kg/hydrogen-ontology#ReductionPeakCurrent"", ""label"": ""Reduction Peak Current"", ""score"": 0.636}, {""iri"": ""https://w3id.org/h2kg/hydrogen-ontology#CarbonBlackAggregateAnisotropyRatio"", ""label"": ""Carbon Black Aggregate Anisotropy Ratio"", ""score"": 0.615}]",Fitting Version of the Hierachical Model; Hierarchical model for electrocatalytic reactions
https://w3id.org/h2kg/decode/workflow/concept/rheology-method,Rheology,,Measurement,https://w3id.org/h2kg/hydrogen-ontology#Measurement,3,ink-preparation-for-deposition-of-catalytic-layers; rheology; roller-mixer-and-zirconia-beads-for-ref-pefc-inks,reviewed_decode,reviewed_decode_anchor,https://w3id.org/h2kg/decode/workflow/anchor/rheology-method,"A characterization or measurement procedure denoted ""Rheology"" in DECODE hydrogen-electrochemistry workflows. Source context: no bigger particles involved in suspension",no bigger particles involved in suspension,"Reviewed DECODE semantic role, source label, source workflow context, and direct-neighbor context. This is a draft for expert review, not an authoritative ontology definition.","Decide: strict H2KG alias, existing H2KG mapping, new reusable H2KG term, or retain reviewed DECODE anchor.",needs_human_review,,,,"[{""iri"": ""https://w3id.org/h2kg/hydrogen-ontology#RheologyDataset"", ""label"": ""Rheology Dataset"", ""score"": 0.762}, {""iri"": ""https://w3id.org/h2kg/hydrogen-ontology#PrintResolution"", ""label"": ""Print Resolution"", ""score"": 0.571}, {""iri"": ""https://w3id.org/h2kg/hydrogen-ontology#RheologyMeasurement"", ""label"": ""Rheology Measurement"", ""score"": 0.571}]",Catalyst ink; Catalyst ink rheologic properties; Catalyst ink stability
https://w3id.org/h2kg/decode/workflow/concept/roller-mixer-and-zirconia-beads-for-ref-pefc-inks-method,Roller mixer and zirconia beads for ref PEFC inks,,Manufacturing,https://w3id.org/h2kg/hydrogen-ontology#Manufacturing,5,blade-coating-and-decal-transfer-for-ref-pefc-ccm; electrospray-deposition-of-catalyst-layers; rheology; roller-mixer-and-zirconia-beads-for-ref-pefc-inks; turbiscan-transmission-and-backscattering-stability-testing,reviewed_decode,reviewed_decode_anchor,https://w3id.org/h2kg/decode/workflow/anchor/roller-mixer-and-zirconia-beads-for-ref-pefc-inks-method,"A fabrication, preparation, deposition, assembly, or conditioning operation denoted ""Roller mixer and zirconia beads for ref PEFC inks"" in DECODE hydrogen-electrochemistry workflows.",,"Reviewed DECODE semantic role, source label, source workflow context, and direct-neighbor context. This is a draft for expert review, not an authoritative ontology definition.","Decide: strict H2KG alias, existing H2KG mapping, new reusable H2KG term, or retain reviewed DECODE anchor.",needs_human_review,,,,[],Catalyst ink; Catalyst ink composition; Catalyst powder; Ionomer; Mixing duration; Mixing speed; Solvent
https://w3id.org/h2kg/decode/workflow/concept/rotating-ring-disk-electrode-rrde-method,Rotating Ring Disk Electrode (RRDE),,Instrument,https://w3id.org/h2kg/hydrogen-ontology#Instrument,6,blade-coating-and-decal-transfer-for-ref-pefc-ccm; electrospray-deposition-of-catalyst-layers; image-fib-tomography-dataparameter-extraction-3d; image-parameter-extraction-2d; rotating-ring-disk-electrode-rrde; ultrasonic-spray-deposition-for-catalytic-layers,reviewed_decode,reviewed_decode_anchor,https://w3id.org/h2kg/decode/workflow/anchor/rotating-ring-disk-electrode-rrde-method,"An apparatus, device, or experimental platform denoted ""Rotating Ring Disk Electrode (RRDE)"" in DECODE hydrogen-electrochemistry workflows. Source context: linear response between pH 2 and 13",linear response between pH 2 and 13,"Reviewed DECODE semantic role, source label, source workflow context, and direct-neighbor context. This is a draft for expert review, not an authoritative ontology definition.","Decide: strict H2KG alias, existing H2KG mapping, new reusable H2KG term, or retain reviewed DECODE anchor.",needs_human_review,,,,"[{""iri"": ""https://w3id.org/h2kg/hydrogen-ontology#RotatingRingDiskVoltammetry"", ""label"": ""Rotating Ring Disk Voltammetry"", ""score"": 0.918}, {""iri"": ""https://w3id.org/h2kg/hydrogen-ontology#RotatingDiskElectrodeSystem"", ""label"": ""Rotating Disk Electrode System"", ""score"": 0.794}, {""iri"": ""https://w3id.org/h2kg/hydrogen-ontology#PressureBondingElectrodePreparation"", ""label"": ""Pressure Bonding Electrode Preparation"", ""score"": 0.648}]",CCM; Catalyst loading; Catalyst powder; Electrochemical protocol; Electrolyte; Electrolyte composition; Glassy carbon area; I/C-ratio; RDE local pH; RDE polarization curve; RRDE polarization curve (ring)
https://w3id.org/h2kg/decode/workflow/concept/rrde-average-disk-ph-device,RRDE average disk pH,device,Property,https://w3id.org/h2kg/hydrogen-ontology#Property,1,rrde-simulation-in-comsol,reviewed_decode,reviewed_decode_anchor,https://w3id.org/h2kg/decode/workflow/anchor/rrde-average-disk-ph-device,"A measurable, calculated, or derived scientific characteristic denoted ""RRDE average disk pH"" in DECODE hydrogen-electrochemistry workflows.",,"Reviewed DECODE semantic role, source label, source workflow context, and direct-neighbor context. This is a draft for expert review, not an authoritative ontology definition.","Decide: strict H2KG alias, existing H2KG mapping, new reusable H2KG term, or retain reviewed DECODE anchor.",needs_human_review,,,,"[{""iri"": ""https://w3id.org/h2kg/hydrogen-ontology#AveragePoreDiameter"", ""label"": ""Average Pore Diameter"", ""score"": 0.683}, {""iri"": ""https://w3id.org/h2kg/hydrogen-ontology#CellPressure"", ""label"": ""Cell Pressure"", ""score"": 0.634}, {""iri"": ""https://w3id.org/h2kg/hydrogen-ontology#SurfaceRoughnessRa"", ""label"": ""Surface Roughness Ra"", ""score"": 0.6}]",RRDE simulation in COMSOL
https://w3id.org/h2kg/decode/workflow/concept/rrde-average-ring-ph-device,RRDE average ring pH,device,Property,https://w3id.org/h2kg/hydrogen-ontology#Property,1,rrde-simulation-in-comsol,reviewed_decode,reviewed_decode_anchor,https://w3id.org/h2kg/decode/workflow/anchor/rrde-average-ring-ph-device,"A measurable, calculated, or derived scientific characteristic denoted ""RRDE average ring pH"" in DECODE hydrogen-electrochemistry workflows.",,"Reviewed DECODE semantic role, source label, source workflow context, and direct-neighbor context. This is a draft for expert review, not an authoritative ontology definition.","Decide: strict H2KG alias, existing H2KG mapping, new reusable H2KG term, or retain reviewed DECODE anchor.",needs_human_review,,,,"[{""iri"": ""https://w3id.org/h2kg/hydrogen-ontology#AveragePoreDiameter"", ""label"": ""Average Pore Diameter"", ""score"": 0.649}, {""iri"": ""https://w3id.org/h2kg/hydrogen-ontology#AveragePoreSize"", ""label"": ""Average Pore Size"", ""score"": 0.649}, {""iri"": ""https://w3id.org/h2kg/hydrogen-ontology#InterAgglomeratePoreSize"", ""label"": ""Inter Agglomerate Pore Size"", ""score"": 0.649}]",RRDE simulation in COMSOL
https://w3id.org/h2kg/decode/workflow/concept/rrde-collection-efficiency-device,RRDE collection efficiency,device,Property,https://w3id.org/h2kg/hydrogen-ontology#Property,3,rrde-on-model-electrodes-in-acidic-solutions; rrde-on-model-electrodes-in-alkaline-solutions; rrde-simulation-in-comsol,reviewed_decode,reviewed_decode_anchor,https://w3id.org/h2kg/decode/workflow/anchor/rrde-collection-efficiency-device,"A measurable, calculated, or derived scientific characteristic denoted ""RRDE collection efficiency"" in DECODE hydrogen-electrochemistry workflows.",,"Reviewed DECODE semantic role, source label, source workflow context, and direct-neighbor context. This is a draft for expert review, not an authoritative ontology definition.","Decide: strict H2KG alias, existing H2KG mapping, new reusable H2KG term, or retain reviewed DECODE anchor.",needs_human_review,,,,"[{""iri"": ""https://w3id.org/h2kg/hydrogen-ontology#RingCollectionEfficiency"", ""label"": ""Ring Collection Efficiency"", ""score"": 0.898}, {""iri"": ""https://w3id.org/h2kg/hydrogen-ontology#PowerConversionEfficiency"", ""label"": ""Power Conversion Efficiency"", ""score"": 0.723}, {""iri"": ""https://w3id.org/h2kg/hydrogen-ontology#PhotodegradationEfficiency"", ""label"": ""Photodegradation Efficiency"", ""score"": 0.72}]",RRDE on model electrodes in acidic solutions; RRDE on model electrodes in alkaline solutions; RRDE simulation in COMSOL
https://w3id.org/h2kg/decode/workflow/concept/rrde-electrode-geometries-device,RRDE electrode geometries,device,Parameter,https://w3id.org/h2kg/hydrogen-ontology#Parameter,1,rrde-simulation-in-comsol,reviewed_decode,reviewed_decode_anchor,https://w3id.org/h2kg/decode/workflow/anchor/rrde-electrode-geometries-device,"A specified, controlled, reported, or model-input condition or quantity denoted ""RRDE electrode geometries"" in DECODE hydrogen-electrochemistry workflows.",,"Reviewed DECODE semantic role, source label, source workflow context, and direct-neighbor context. This is a draft for expert review, not an authoritative ontology definition.","Decide: strict H2KG alias, existing H2KG mapping, new reusable H2KG term, or retain reviewed DECODE anchor.",needs_human_review,,,,"[{""iri"": ""https://w3id.org/h2kg/hydrogen-ontology#ElectrosprayedCatalystLayer"", ""label"": ""Electrosprayed Catalyst Layer"", ""score"": 0.694}, {""iri"": ""https://w3id.org/h2kg/hydrogen-ontology#PrintedGoldElectrode"", ""label"": ""Printed Gold Electrode"", ""score"": 0.681}, {""iri"": ""https://w3id.org/h2kg/hydrogen-ontology#RingPotential"", ""label"": ""Ring Potential"", ""score"": 0.653}]",RRDE simulation in COMSOL
https://w3id.org/h2kg/decode/workflow/concept/rrde-near-electrode-ca-1mm-ph-distribution-lre,RRDE near-electrode (ca. 1mm) pH distribution,LRE,Data,https://w3id.org/h2kg/hydrogen-ontology#Data,4,rrde-on-model-electrodes-in-acidic-solutions; rrde-on-model-electrodes-in-alkaline-solutions; rrde-simulation-in-comsol; rrde-theory,reviewed_decode,reviewed_decode_anchor,https://w3id.org/h2kg/decode/workflow/anchor/rrde-near-electrode-ca-1mm-ph-distribution-lre,"A recorded, calculated, image-based, or otherwise structured data artifact denoted ""RRDE near-electrode (ca. 1mm) pH distribution"" in DECODE hydrogen-electrochemistry workflows.",,"Reviewed DECODE semantic role, source label, source workflow context, and direct-neighbor context. This is a draft for expert review, not an authoritative ontology definition.","Decide: strict H2KG alias, existing H2KG mapping, new reusable H2KG term, or retain reviewed DECODE anchor.",needs_human_review,,,,"[{""iri"": ""https://w3id.org/h2kg/hydrogen-ontology#ReferenceElectrodeCalibrationMeasurement"", ""label"": ""Reference Electrode Calibration Measurement"", ""score"": 0.612}, {""iri"": ""https://w3id.org/h2kg/hydrogen-ontology#GasDiffusionElectrodeMethod"", ""label"": ""Gas Diffusion Electrode Method"", ""score"": 0.583}, {""iri"": ""https://w3id.org/h2kg/hydrogen-ontology#CarbonFeltElectrode"", ""label"": ""Carbon Felt Electrode"", ""score"": 0.571}]",RRDE Theory; RRDE on model electrodes in acidic solutions; RRDE on model electrodes in alkaline solutions; RRDE simulation in COMSOL
https://w3id.org/h2kg/decode/workflow/concept/rrde-on-model-electrodes-in-acidic-solutions-model,RRDE on model electrodes in acidic solutions,,Process,https://w3id.org/h2kg/hydrogen-ontology#Process,12,adsorbate-surface-diffusion-on-electrocatalyst-support; diffusion-theory; fitting-version-of-the-hierachical-model; rrde-on-model-electrodes-in-acidic-solutions; rrde-simulation-in-comsol; rrde-theory,reviewed_decode,reviewed_decode_anchor,https://w3id.org/h2kg/decode/workflow/anchor/rrde-on-model-electrodes-in-acidic-solutions-model,"A computational, analytical, transformation, or generic workflow process denoted ""RRDE on model electrodes in acidic solutions"" in DECODE hydrogen-electrochemistry workflows.",,"Reviewed DECODE semantic role, source label, source workflow context, and direct-neighbor context. This is a draft for expert review, not an authoritative ontology definition.","Decide: strict H2KG alias, existing H2KG mapping, new reusable H2KG term, or retain reviewed DECODE anchor.",needs_human_review,,,,"[{""iri"": ""https://w3id.org/h2kg/hydrogen-ontology#IonomerDispersionPropertyCompilation"", ""label"": ""Ionomer Dispersion Property Compilation"", ""score"": 0.583}, {""iri"": ""https://w3id.org/h2kg/hydrogen-ontology#RotatingRingDiskVoltammetry"", ""label"": ""Rotating Ring Disk Voltammetry"", ""score"": 0.583}, {""iri"": ""https://w3id.org/h2kg/hydrogen-ontology#SprayDistance"", ""label"": ""Spray Distance"", ""score"": 0.583}]",Electrolyte; RDE electrochemical protocol; RDE electrochemical response (idealized); RDE monocrystalline electrode; RDE polycrystalline electrode; RDE rotation rate; RDE temperature; RRDE collection efficiency; RRDE near-electrode (ca. 1mm) pH distribution; RRDE ring redox couple; RRDE ring vs pH calibration curve
https://w3id.org/h2kg/decode/workflow/concept/rrde-on-model-electrodes-in-alkaline-solutions-model,RRDE on model electrodes in alkaline solutions,,Process,https://w3id.org/h2kg/hydrogen-ontology#Process,12,adsorbate-surface-diffusion-on-electrocatalyst-support; diffusion-theory; fitting-version-of-the-hierachical-model; rrde-on-model-electrodes-in-alkaline-solutions; rrde-simulation-in-comsol; rrde-theory,reviewed_decode,reviewed_decode_anchor,https://w3id.org/h2kg/decode/workflow/anchor/rrde-on-model-electrodes-in-alkaline-solutions-model,"A computational, analytical, transformation, or generic workflow process denoted ""RRDE on model electrodes in alkaline solutions"" in DECODE hydrogen-electrochemistry workflows.",,"Reviewed DECODE semantic role, source label, source workflow context, and direct-neighbor context. This is a draft for expert review, not an authoritative ontology definition.","Decide: strict H2KG alias, existing H2KG mapping, new reusable H2KG term, or retain reviewed DECODE anchor.",needs_human_review,,,,"[{""iri"": ""https://w3id.org/h2kg/hydrogen-ontology#SprayDistance"", ""label"": ""Spray Distance"", ""score"": 0.568}]",Electrolyte; RDE electrochemical protocol; RDE electrochemical response (idealized); RDE monocrystalline electrode; RDE polycrystalline electrode; RDE rotation rate; RDE temperature; RRDE collection efficiency; RRDE near-electrode (ca. 1mm) pH distribution; RRDE ring redox couple; RRDE ring vs pH calibration curve
https://w3id.org/h2kg/decode/workflow/concept/rrde-polarization-curve-ring-component,RRDE polarization curve (ring),component,Data,https://w3id.org/h2kg/hydrogen-ontology#Data,1,rotating-ring-disk-electrode-rrde,reviewed_decode,reviewed_decode_anchor,https://w3id.org/h2kg/decode/workflow/anchor/rrde-polarization-curve-ring-component,"A recorded, calculated, image-based, or otherwise structured data artifact denoted ""RRDE polarization curve (ring)"" in DECODE hydrogen-electrochemistry workflows.",,"Reviewed DECODE semantic role, source label, source workflow context, and direct-neighbor context. This is a draft for expert review, not an authoritative ontology definition.","Decide: strict H2KG alias, existing H2KG mapping, new reusable H2KG term, or retain reviewed DECODE anchor.",needs_human_review,,,,"[{""iri"": ""https://w3id.org/h2kg/hydrogen-ontology#FuelCellPolarizationMeasurement"", ""label"": ""Fuel Cell Polarization Measurement"", ""score"": 0.793}, {""iri"": ""https://w3id.org/h2kg/hydrogen-ontology#PolarizationCurveDataset"", ""label"": ""Polarization Curve Dataset"", ""score"": 0.706}, {""iri"": ""https://w3id.org/h2kg/hydrogen-ontology#FittedResistanceFromPolarizationCurve"", ""label"": ""Fitted Resistance From Polarization Curve"", ""score"": 0.667}]",Rotating Ring Disk Electrode (RRDE)
https://w3id.org/h2kg/decode/workflow/concept/rrde-ring-electrochemical-response-idealized-lre,RRDE ring electrochemical response (idealized),LRE,Data,https://w3id.org/h2kg/hydrogen-ontology#Data,1,adsorbate-surface-diffusion-on-electrocatalyst-support,reviewed_decode,reviewed_decode_anchor,https://w3id.org/h2kg/decode/workflow/anchor/rrde-ring-electrochemical-response-idealized-lre,"A recorded, calculated, image-based, or otherwise structured data artifact denoted ""RRDE ring electrochemical response (idealized)"" in DECODE hydrogen-electrochemistry workflows.",,"Reviewed DECODE semantic role, source label, source workflow context, and direct-neighbor context. This is a draft for expert review, not an authoritative ontology definition.","Decide: strict H2KG alias, existing H2KG mapping, new reusable H2KG term, or retain reviewed DECODE anchor.",needs_human_review,,,,"[{""iri"": ""https://w3id.org/h2kg/hydrogen-ontology#ElectrochemicalImpedanceSpectroscopyPotentiostatic"", ""label"": ""Electrochemical Impedance Spectroscopy Potentiostatic"", ""score"": 0.61}, {""iri"": ""https://w3id.org/h2kg/hydrogen-ontology#ElectrochemicalReactionSimulation"", ""label"": ""Electrochemical Reaction Simulation"", ""score"": 0.608}, {""iri"": ""https://w3id.org/h2kg/hydrogen-ontology#ElectrochemicalWorkstation"", ""label"": ""Electrochemical Workstation"", ""score"": 0.589}]",Adsorbate Surface Diffusion on Electrocatalyst Support
https://w3id.org/h2kg/decode/workflow/concept/rrde-ring-redox-couple-material,RRDE ring redox couple,material,Matter,https://w3id.org/h2kg/hydrogen-ontology#Matter,3,rrde-on-model-electrodes-in-acidic-solutions; rrde-on-model-electrodes-in-alkaline-solutions; rrde-theory,reviewed_decode,reviewed_decode_anchor,https://w3id.org/h2kg/decode/workflow/anchor/rrde-ring-redox-couple-material,"A material, component, chemical species, phase, specimen, or assembly denoted ""RRDE ring redox couple"" in DECODE hydrogen-electrochemistry workflows.",,"Reviewed DECODE semantic role, source label, source workflow context, and direct-neighbor context. This is a draft for expert review, not an authoritative ontology definition.","Decide: strict H2KG alias, existing H2KG mapping, new reusable H2KG term, or retain reviewed DECODE anchor.",needs_human_review,,,,"[{""iri"": ""https://w3id.org/h2kg/hydrogen-ontology#IodideTriiodideRedoxElectrolyte"", ""label"": ""Iodide Triiodide Redox Electrolyte"", ""score"": 0.634}, {""iri"": ""https://w3id.org/h2kg/hydrogen-ontology#ReductionCompletionTemperature"", ""label"": ""Reduction Completion Temperature"", ""score"": 0.577}, {""iri"": ""https://w3id.org/h2kg/hydrogen-ontology#CoolingRate"", ""label"": ""Cooling Rate"", ""score"": 0.556}]",RRDE Theory; RRDE on model electrodes in acidic solutions; RRDE on model electrodes in alkaline solutions
https://w3id.org/h2kg/decode/workflow/concept/rrde-ring-vs-ph-calibration-curve-material,RRDE ring vs pH calibration curve,material,Parameter,https://w3id.org/h2kg/hydrogen-ontology#Parameter,2,rrde-on-model-electrodes-in-acidic-solutions; rrde-on-model-electrodes-in-alkaline-solutions,reviewed_decode,reviewed_decode_anchor,https://w3id.org/h2kg/decode/workflow/anchor/rrde-ring-vs-ph-calibration-curve-material,"A specified, controlled, reported, or model-input condition or quantity denoted ""RRDE ring vs pH calibration curve"" in DECODE hydrogen-electrochemistry workflows.",,"Reviewed DECODE semantic role, source label, source workflow context, and direct-neighbor context. This is a draft for expert review, not an authoritative ontology definition.","Decide: strict H2KG alias, existing H2KG mapping, new reusable H2KG term, or retain reviewed DECODE anchor.",needs_human_review,,,,"[{""iri"": ""https://w3id.org/h2kg/hydrogen-ontology#ReferenceElectrodeCalibrationMeasurement"", ""label"": ""Reference Electrode Calibration Measurement"", ""score"": 0.579}, {""iri"": ""https://w3id.org/h2kg/hydrogen-ontology#SiliconCalibrationStandard"", ""label"": ""Silicon Calibration Standard"", ""score"": 0.557}, {""iri"": ""https://w3id.org/h2kg/hydrogen-ontology#DeflectionCriterionCalculation"", ""label"": ""Deflection Criterion Calculation"", ""score"": 0.554}]",RRDE on model electrodes in acidic solutions; RRDE on model electrodes in alkaline solutions
https://w3id.org/h2kg/decode/workflow/concept/rrde-simulation-in-comsol-model,RRDE simulation in COMSOL,,Process,https://w3id.org/h2kg/hydrogen-ontology#Process,7,adsorbate-surface-diffusion-on-electrocatalyst-support; diffusion-theory; fitting-version-of-the-hierachical-model; rrde-on-model-electrodes-in-acidic-solutions; rrde-on-model-electrodes-in-alkaline-solutions; rrde-simulation-in-comsol; rrde-theory,reviewed_decode,reviewed_decode_anchor,https://w3id.org/h2kg/decode/workflow/anchor/rrde-simulation-in-comsol-model,"A computational, analytical, transformation, or generic workflow process denoted ""RRDE simulation in COMSOL"" in DECODE hydrogen-electrochemistry workflows. Source context: Generally limited by the continuum PNP model to lower concentration below ~ 1 M",Generally limited by the continuum PNP model to lower concentration below ~ 1 M,"Reviewed DECODE semantic role, source label, source workflow context, and direct-neighbor context. This is a draft for expert review, not an authoritative ontology definition.","Decide: strict H2KG alias, existing H2KG mapping, new reusable H2KG term, or retain reviewed DECODE anchor.",needs_human_review,,,,"[{""iri"": ""https://w3id.org/h2kg/hydrogen-ontology#MolecularDynamicsSimulation"", ""label"": ""Molecular Dynamics Simulation"", ""score"": 0.684}, {""iri"": ""https://w3id.org/h2kg/hydrogen-ontology#SimulationParticleCount"", ""label"": ""Simulation Particle Count"", ""score"": 0.68}, {""iri"": ""https://w3id.org/h2kg/hydrogen-ontology#DiscreteElementMethodPackingSimulation"", ""label"": ""Discrete Element Method Packing Simulation"", ""score"": 0.667}]",Electrolyte composition; LRE pH distribution (idealized); RDE electrochemical protocol; RDE electrochemical response (idealized); RDE electrode kinetic parameters; RDE rotation rate; RDE species distribution (idealized); RDE temperature; RRDE average disk pH; RRDE average ring pH; RRDE collection efficiency; RRDE electrode geometries; RRDE near-electrode (ca. 1mm) pH distribution
https://w3id.org/h2kg/decode/workflow/concept/rrde-theory-model,RRDE Theory,,Process,https://w3id.org/h2kg/hydrogen-ontology#Process,7,fitting-version-of-the-hierachical-model; rde-on-mono-or-polycrystalline-electrodes; rde-simulation-in-comsol; rrde-on-model-electrodes-in-acidic-solutions; rrde-on-model-electrodes-in-alkaline-solutions; rrde-simulation-in-comsol; rrde-theory,reviewed_decode,reviewed_decode_anchor,https://w3id.org/h2kg/decode/workflow/anchor/rrde-theory-model,"A computational, analytical, transformation, or generic workflow process denoted ""RRDE Theory"" in DECODE hydrogen-electrochemistry workflows.",,"Reviewed DECODE semantic role, source label, source workflow context, and direct-neighbor context. This is a draft for expert review, not an authoritative ontology definition.","Decide: strict H2KG alias, existing H2KG mapping, new reusable H2KG term, or retain reviewed DECODE anchor.",needs_human_review,,,,"[{""iri"": ""https://w3id.org/h2kg/hydrogen-ontology#InfraredThermometryMeasurement"", ""label"": ""Infrared Thermometry Measurement"", ""score"": 0.645}, {""iri"": ""https://w3id.org/h2kg/hydrogen-ontology#RDERotator"", ""label"": ""RDE Rotator"", ""score"": 0.636}, {""iri"": ""https://w3id.org/h2kg/hydrogen-ontology#GasDiffusionElectrodeMethod"", ""label"": ""Gas Diffusion Electrode Method"", ""score"": 0.571}]",Electrolyte composition; LRE pH distribution (idealized); RDE electrochemical response (idealized); RDE rotation rate; RDE temperature; RRDE near-electrode (ca. 1mm) pH distribution; RRDE ring redox couple
https://w3id.org/h2kg/decode/workflow/concept/sem-and-edx-method,SEM and EDX,,Measurement,https://w3id.org/h2kg/hydrogen-ontology#Measurement,43,0d-particle-population-degradation-model-coupled-with-performance-model-fitting; 0d-particle-population-degradation-model-coupled-with-performance-model-prediction; 0d-particle-population-degradation-model-coupled-with-performance-model-prediction-without-fitting-methods; cea-mea-model-europium-2d; current-modulated-hydrogen-flow-rate-spectroscopy-ch2s; differential-cell-testing; diffusivities-from-tortuosities; electrical-conductivity; electrical-contact-resistance; electrical-tlm-characterization-of-a-gdl-with-defined-compression; fitting-of-the-europium-model; gas-permeability-of-a-gdl-with-defined-compression; iet-1d-mea-with-water-transport-eis-model; iet-1d-mea-with-water-transport-in-ccl-eis-model; iet-1d-performance-model-for-mea-fitting; iet-1d-performance-model-for-mea-prediction; image-parameter-extraction-2d; impregnation-by-immersion-and-blade-coating; microscopy-sem-and-optical-in-mea-cross-section; mpl-parameter-estimation-from-gdl-and-substrate-data; sem-and-edx,reviewed_decode,reviewed_decode_anchor,https://w3id.org/h2kg/decode/workflow/anchor/sem-and-edx-method,"A characterization or measurement procedure denoted ""SEM and EDX"" in DECODE hydrogen-electrochemistry workflows.",,"Reviewed DECODE semantic role, source label, source workflow context, and direct-neighbor context. This is a draft for expert review, not an authoritative ontology definition.","Decide: strict H2KG alias, existing H2KG mapping, new reusable H2KG term, or retain reviewed DECODE anchor.",needs_human_review,,,,"[{""iri"": ""https://w3id.org/h2kg/hydrogen-ontology#PtAtomicPercent"", ""label"": ""Pt Atomic Percent"", ""score"": 0.737}, {""iri"": ""https://w3id.org/h2kg/hydrogen-ontology#RuAtomicPercent"", ""label"": ""Ru Atomic Percent"", ""score"": 0.737}, {""iri"": ""https://w3id.org/h2kg/hydrogen-ontology#RamanDBandPeakWavenumber"", ""label"": ""Raman D Band Peak Wavenumber"", ""score"": 0.636}]",CCL cross section; CCL cross section 2D pixel data containing surface information of element distributions; CCL thickness; GDL; GDL cross section; GDL cross section 2D pixel data containing surface information of element distributions; GDL in plane 2D pixel data containing surface information of element distributions; GDL substrate; GDL substrate cross section; GDL substrate cross section 2D pixel data containing surface information of element distributions; GDL substrate in plane 2D pixel data containing surface information of element distributions; GDL substrate thickness; GDL thickness; MPL cross section 2D pixel data containing surface information of element distributions; MPL in plane 2D pixel data containing surface information of element distributions; MPL thickness
https://w3id.org/h2kg/decode/workflow/concept/sem-and-fib-layer-method,SEM and FIB (layer),,Measurement,https://w3id.org/h2kg/hydrogen-ontology#Measurement,22,0d-particle-population-degradation-model-coupled-with-performance-model-fitting; 0d-particle-population-degradation-model-coupled-with-performance-model-prediction; 0d-particle-population-degradation-model-coupled-with-performance-model-prediction-without-fitting-methods; blade-coating-and-decal-transfer-for-ref-pefc-ccm; cea-mea-model-europium-2d; current-modulated-hydrogen-flow-rate-spectroscopy-ch2s; differential-cell-testing; diffusivities-from-tortuosities; electrical-conductivity; electrical-contact-resistance; electrical-tlm-characterization-of-a-gdl-with-defined-compression; electrospray-deposition-of-catalyst-layers; fitting-of-the-europium-model; gas-permeability-of-a-gdl-with-defined-compression; iet-1d-mea-with-water-transport-eis-model; iet-1d-mea-with-water-transport-in-ccl-eis-model; iet-1d-performance-model-for-mea-fitting; iet-1d-performance-model-for-mea-prediction; impregnation-by-immersion-and-blade-coating; mpl-parameter-estimation-from-gdl-and-substrate-data; sem-and-fib-layer; ultrasonic-spray-deposition-for-catalytic-layers,reviewed_decode,reviewed_decode_anchor,https://w3id.org/h2kg/decode/workflow/anchor/sem-and-fib-layer-method,"A characterization or measurement procedure denoted ""SEM and FIB (layer)"" in DECODE hydrogen-electrochemistry workflows. Source context: 50 nm resolution",50 nm resolution,"Reviewed DECODE semantic role, source label, source workflow context, and direct-neighbor context. This is a draft for expert review, not an authoritative ontology definition.","Decide: strict H2KG alias, existing H2KG mapping, new reusable H2KG term, or retain reviewed DECODE anchor.",needs_human_review,,,,"[{""iri"": ""https://w3id.org/h2kg/hydrogen-ontology#SEMImageDataset"", ""label"": ""SEM Image Dataset"", ""score"": 0.645}, {""iri"": ""https://w3id.org/h2kg/hydrogen-ontology#AnodeCatalystLayer"", ""label"": ""Anode Catalyst Layer"", ""score"": 0.643}, {""iri"": ""https://w3id.org/h2kg/hydrogen-ontology#FiberOrientationAngleStdDev"", ""label"": ""Fiber Orientation Angle Std Dev"", ""score"": 0.611}]",CCL thickness; CCM; GDL; GDL thickness; MEA elemental distribution; MEA layer morphologies; MPL thickness; Membrane thickness
https://w3id.org/h2kg/decode/workflow/concept/sem-and-fib-powder-method,SEM and FIB (powder),,Measurement,https://w3id.org/h2kg/hydrogen-ontology#Measurement,2,iet-ink-to-composition-model; sem-and-fib-powder,reviewed_decode,reviewed_decode_anchor,https://w3id.org/h2kg/decode/workflow/anchor/sem-and-fib-powder-method,"A characterization or measurement procedure denoted ""SEM and FIB (powder)"" in DECODE hydrogen-electrochemistry workflows. Source context: 50 nm resolution",50 nm resolution,"Reviewed DECODE semantic role, source label, source workflow context, and direct-neighbor context. This is a draft for expert review, not an authoritative ontology definition.","Decide: strict H2KG alias, existing H2KG mapping, new reusable H2KG term, or retain reviewed DECODE anchor.",needs_human_review,,,,"[{""iri"": ""https://w3id.org/h2kg/hydrogen-ontology#NiPowder"", ""label"": ""Ni Powder"", ""score"": 0.667}, {""iri"": ""https://w3id.org/h2kg/hydrogen-ontology#SeleniumPowder"", ""label"": ""Selenium Powder"", ""score"": 0.667}, {""iri"": ""https://w3id.org/h2kg/hydrogen-ontology#AnionExchangeIonomerPowder"", ""label"": ""Anion Exchange Ionomer Powder"", ""score"": 0.643}]",Catalyst active particle diameter; Catalyst elemental composition; Catalyst morphology; Catalyst powder; Catalyst support particle diameter; Electrocatalyst structure
https://w3id.org/h2kg/decode/workflow/concept/sheet-resistance-measurement-method,Sheet resistance measurement,,Property,https://w3id.org/h2kg/hydrogen-ontology#Property,13,blade-coating-and-decal-transfer-for-ref-pefc-ccm; cl-for-rde; electrospray-deposition-of-catalyst-layers; sheet-resistance-measurement; ultrasonic-spray-deposition-for-catalytic-layers,reviewed_decode,reviewed_decode_anchor,https://w3id.org/h2kg/decode/workflow/anchor/sheet-resistance-measurement-method,"A measurable, calculated, or derived scientific characteristic denoted ""Sheet resistance measurement"" in DECODE hydrogen-electrochemistry workflows. Source context: Not fully determined, very high resistivity cannot be measured. This will likely exclude measurement of GDLs/PTLs[Matthias: wouldn't we expect resistivies for GDLs/PTLs to be lower than for CLs? Because they are thicker and also have higher intrinsic conductivity (fibers or sintered structures instead of particle based)] Not fully determined, very high resistivity cannot be measured. This will likely exclude measurement of GDLs/PTLs[Matthias: wouldn't we expect resistivies for GDLs/PTLs to be lo","Not fully determined, very high resistivity cannot be measured. This will likely exclude measurement of GDLs/PTLs[Matthias: wouldn't we expect resistivies for GDLs/PTLs to be lower than for CLs? Because they are thicker and also have higher intrinsic conductivity (fibers or sintered structures instead of particle based)] Not fully determined, very high resistivity cannot be measured. This will likely exclude measurement of GDLs/PTLs[Matthias: wouldn't we expect resistivies for GDLs/PTLs to be lo","Reviewed DECODE semantic role, source label, source workflow context, and direct-neighbor context. This is a draft for expert review, not an authoritative ontology definition.","Decide: strict H2KG alias, existing H2KG mapping, new reusable H2KG term, or retain reviewed DECODE anchor.",needs_human_review,,,,"[{""iri"": ""https://w3id.org/h2kg/hydrogen-ontology#InPlaneElectronicConductivityMeasurement"", ""label"": ""In Plane Electronic Conductivity Measurement"", ""score"": 0.88}, {""iri"": ""https://w3id.org/h2kg/hydrogen-ontology#TensileTestMeasurement"", ""label"": ""Tensile Test Measurement"", ""score"": 0.731}, {""iri"": ""https://w3id.org/h2kg/hydrogen-ontology#SheetResistance"", ""label"": ""Sheet Resistance"", ""score"": 0.727}]",CCL sheet resistance; CCL sheet resistance homogeneity; CCM; CL on GDL; CL on glassy carbon; CL on membrane; CL on substrate
https://w3id.org/h2kg/decode/workflow/concept/simulation-of-single-phase-3d-apparent-properties-model,Simulation of single phase 3D apparent properties,,Process,https://w3id.org/h2kg/hydrogen-ontology#Process,13,ai-based-generation-of-structural-digital-twins-of-multi-scale-tomographies; cea-mea-model-europium-2d; current-modulated-hydrogen-flow-rate-spectroscopy-ch2s; diffusivities-from-tortuosities; fitting-of-the-europium-model; image-classification-of-fib-tomography-data; image-classification-of-x-ray-tomography-data; image-classification-on-nm-scale; modeling-of-hydrophobic-treatment-of-gdl; modeling-of-mpl-coating-of-gdl; mpl-parameter-estimation-from-gdl-and-substrate-data; mpl-saturation-determination-from-x-ray-ct-data; simulation-of-single-phase-3d-apparent-properties,reviewed_decode,reviewed_decode_anchor,https://w3id.org/h2kg/decode/workflow/anchor/simulation-of-single-phase-3d-apparent-properties-model,"A computational, analytical, transformation, or generic workflow process denoted ""Simulation of single phase 3D apparent properties"" in DECODE hydrogen-electrochemistry workflows.",,"Reviewed DECODE semantic role, source label, source workflow context, and direct-neighbor context. This is a draft for expert review, not an authoritative ontology definition.","Decide: strict H2KG alias, existing H2KG mapping, new reusable H2KG term, or retain reviewed DECODE anchor.",needs_human_review,,,,"[{""iri"": ""https://w3id.org/h2kg/hydrogen-ontology#ProfilometerTipSimulation"", ""label"": ""Profilometer Tip Simulation"", ""score"": 0.558}]",GDL substrate 3D voxel data classified; GDL substrate average pore radius; GDL substrate in-plane conductivity; GDL substrate in-plane permeability; GDL substrate in-plane thermal conductivity; GDL substrate in-plane tortuosity; GDL substrate porosity; GDL substrate through-plane conductivity; GDL substrate through-plane permeability; GDL substrate through-plane thermal conductivity; GDL substrate through-plane tortuosity; MPL 3D voxel data classified; MPL average pore radius; MPL conductivity; MPL permeability; MPL porosity; MPL thermal conductivity; MPL tortuosity
https://w3id.org/h2kg/decode/workflow/concept/simulation-of-two-phase-3d-apparent-properties-model,Simulation of two phase 3D apparent properties,,Process,https://w3id.org/h2kg/hydrogen-ontology#Process,14,ai-based-generation-of-structural-digital-twins-of-multi-scale-tomographies; cea-mea-model-europium-2d; diffusivities-from-tortuosities; fitting-of-the-europium-model; iet-1d-mea-with-water-transport-eis-model; iet-1d-performance-model-for-mea-prediction; image-classification-of-fib-tomography-data; image-classification-of-x-ray-tomography-data; image-classification-on-nm-scale; modeling-of-hydrophobic-treatment-of-gdl; modeling-of-mpl-coating-of-gdl; mpl-parameter-estimation-from-gdl-and-substrate-data; mpl-saturation-determination-from-x-ray-ct-data; simulation-of-two-phase-3d-apparent-properties,reviewed_decode,reviewed_decode_anchor,https://w3id.org/h2kg/decode/workflow/anchor/simulation-of-two-phase-3d-apparent-properties-model,"A computational, analytical, transformation, or generic workflow process denoted ""Simulation of two phase 3D apparent properties"" in DECODE hydrogen-electrochemistry workflows.",,"Reviewed DECODE semantic role, source label, source workflow context, and direct-neighbor context. This is a draft for expert review, not an authoritative ontology definition.","Decide: strict H2KG alias, existing H2KG mapping, new reusable H2KG term, or retain reviewed DECODE anchor.",needs_human_review,,,,"[{""iri"": ""https://w3id.org/h2kg/hydrogen-ontology#ProfilometerTipSimulation"", ""label"": ""Profilometer Tip Simulation"", ""score"": 0.578}, {""iri"": ""https://w3id.org/h2kg/hydrogen-ontology#SimulationParticleCount"", ""label"": ""Simulation Particle Count"", ""score"": 0.563}, {""iri"": ""https://w3id.org/h2kg/hydrogen-ontology#SolventPhysicalPropertyDataset"", ""label"": ""Solvent Physical Property Dataset"", ""score"": 0.557}]",GDL substrate 3D voxel data classified; GDL substrate average pore radius; GDL substrate effective water permeability; GDL substrate in-plane permeability; GDL substrate in-plane thermal conductivity; GDL substrate in-plane tortuosity; GDL substrate through-plane permeability; GDL substrate through-plane thermal conductivity; GDL substrate through-plane tortuosity; GDL substrate water retention curve; MPL 3D voxel data classified; MPL average pore radius; MPL effective water permeability; MPL permeability; MPL thermal conductivity; MPL tortuosity; MPL water retention curve
https://w3id.org/h2kg/decode/workflow/concept/single-cell-test-bench-polarization-eis-method,"Single cell test bench: polarization, EIS",,Instrument,https://w3id.org/h2kg/hydrogen-ontology#Instrument,17,0d-particle-population-degradation-model-coupled-with-performance-model-fitting; 0d-particle-population-degradation-model-coupled-with-performance-model-prediction; 0d-particle-population-degradation-model-coupled-with-performance-model-prediction-without-fitting-methods; cea-mea-model-europium-2d; fib-measurements-on-gdl-or-mpl-and-catalyst-materials; fitting-of-the-europium-model; iet-1d-mea-with-water-transport-eis-model; iet-1d-mea-with-water-transport-in-ccl-eis-model; iet-1d-performance-model-for-mea-fitting; iet-1d-performance-model-for-mea-prediction; iet-ink-to-composition-model; image-fib-tomography-dataparameter-extraction-3d; image-parameter-extraction-2d; mea-assembly-for-pefc-ref-mea; microscopy-sem-and-optical-in-mea-cross-section; sem-and-edx; sem-and-fib-layer,reviewed_decode,reviewed_decode_anchor,https://w3id.org/h2kg/decode/workflow/anchor/single-cell-test-bench-polarization-eis-method,"An apparatus, device, or experimental platform denoted ""Single cell test bench: polarization, EIS"" in DECODE hydrogen-electrochemistry workflows.",,"Reviewed DECODE semantic role, source label, source workflow context, and direct-neighbor context. This is a draft for expert review, not an authoritative ontology definition.","Decide: strict H2KG alias, existing H2KG mapping, new reusable H2KG term, or retain reviewed DECODE anchor.",needs_human_review,,,,"[{""iri"": ""https://w3id.org/h2kg/hydrogen-ontology#FuelCellPolarizationMeasurement"", ""label"": ""Fuel Cell Polarization Measurement"", ""score"": 0.754}, {""iri"": ""https://w3id.org/h2kg/hydrogen-ontology#PolarizationCurveAnalysis"", ""label"": ""Polarization Curve Analysis"", ""score"": 0.6}, {""iri"": ""https://w3id.org/h2kg/hydrogen-ontology#FuelCellTestStation"", ""label"": ""Fuel Cell Test Station"", ""score"": 0.557}]",CCL effective double-layer capacitance; CCL effective proton conductivity; CCL thickness; Catalyst loading; Cell crossover current density; Cell high-frequency resistance; Cell limiting current; Cell polarization curve; Cell voltammogram; ECSA; MEA
https://w3id.org/h2kg/decode/workflow/concept/solvent-material,Solvent,material,Matter,https://w3id.org/h2kg/hydrogen-ontology#Matter,6,cl-for-rde; dropcasted-ink-on-gc-tips; gde-catalytic-layer-preparation; ink-preparation-for-deposition-of-catalytic-layers; prism-preparation-for-atr-ftir; roller-mixer-and-zirconia-beads-for-ref-pefc-inks,reviewed_decode,reviewed_decode_anchor,https://w3id.org/h2kg/decode/workflow/anchor/solvent-material,"A material, component, chemical species, phase, specimen, or assembly denoted ""Solvent"" in DECODE hydrogen-electrochemistry workflows.",,"Reviewed DECODE semantic role, source label, source workflow context, and direct-neighbor context. This is a draft for expert review, not an authoritative ontology definition.","Decide: strict H2KG alias, existing H2KG mapping, new reusable H2KG term, or retain reviewed DECODE anchor.",needs_human_review,,,,"[{""iri"": ""https://w3id.org/h2kg/hydrogen-ontology#Solvent"", ""label"": ""Solvent"", ""score"": 1.0}, {""iri"": ""https://w3id.org/h2kg/hydrogen-ontology#SolventType"", ""label"": ""Solvent Type"", ""score"": 0.737}, {""iri"": ""https://w3id.org/h2kg/hydrogen-ontology#Oven"", ""label"": ""Oven"", ""score"": 0.727}]",CL for RDE; Dropcasted Ink on GC Tips; GDE Catalytic Layer Preparation; Ink preparation for deposition of catalytic layers; Prism Preparation for ATR-FTIR; Roller mixer and zirconia beads for ref PEFC inks
https://w3id.org/h2kg/decode/workflow/concept/subgasket-material,subgasket,material,Matter,https://w3id.org/h2kg/hydrogen-ontology#Matter,1,mea-assembly-for-pefc-ref-mea,reviewed_decode,reviewed_decode_anchor,https://w3id.org/h2kg/decode/workflow/anchor/subgasket-material,"A material, component, chemical species, phase, specimen, or assembly denoted ""subgasket"" in DECODE hydrogen-electrochemistry workflows.",,"Reviewed DECODE semantic role, source label, source workflow context, and direct-neighbor context. This is a draft for expert review, not an authoritative ontology definition.","Decide: strict H2KG alias, existing H2KG mapping, new reusable H2KG term, or retain reviewed DECODE anchor.",needs_human_review,,,,"[{""iri"": ""https://w3id.org/h2kg/hydrogen-ontology#Gasket"", ""label"": ""Gasket"", ""score"": 0.8}, {""iri"": ""https://w3id.org/h2kg/hydrogen-ontology#GasketThickness"", ""label"": ""Gasket Thickness"", ""score"": 0.571}, {""iri"": ""https://w3id.org/h2kg/hydrogen-ontology#TitaniumSubstrate"", ""label"": ""Titanium Substrate"", ""score"": 0.571}]",MEA assembly for PEFC ref MEA
https://w3id.org/h2kg/decode/workflow/concept/synch-ct-measurements-on-gdl-mpl-materials-method,Synch-CT measurements on GDL/MPL materials.,,Measurement,https://w3id.org/h2kg/hydrogen-ontology#Measurement,7,image-classification-of-fib-tomography-data; image-classification-of-x-ray-tomography-data; image-classification-on-nm-scale; impregnation-by-immersion-and-blade-coating; synch-ct-measurements-on-gdl-or-mpl-materials,reviewed_decode,reviewed_decode_anchor,https://w3id.org/h2kg/decode/workflow/anchor/synch-ct-measurements-on-gdl-mpl-materials-method,"A characterization or measurement procedure denoted ""Synch-CT measurements on GDL/MPL materials."" in DECODE hydrogen-electrochemistry workflows. Source context: maximum resolution   less than 1 m, Teflon/Binder including internal cracks visible, GDL fibre and internal pores visible and MPL and Carbon flakes visible, no nano pores visible maximum resolution   less than 1 m, Teflon/Binder including internal cracks visible, GDL fibre and internal pores visible and MPL and Carbon flakes visible, no nano pores visible","maximum resolution   less than 1 m, Teflon/Binder including internal cracks visible, GDL fibre and internal pores visible and MPL and Carbon flakes visible, no nano pores visible maximum resolution   less than 1 m, Teflon/Binder including internal cracks visible, GDL fibre and internal pores visible and MPL and Carbon flakes visible, no nano pores visible","Reviewed DECODE semantic role, source label, source workflow context, and direct-neighbor context. This is a draft for expert review, not an authoritative ontology definition.","Decide: strict H2KG alias, existing H2KG mapping, new reusable H2KG term, or retain reviewed DECODE anchor.",needs_human_review,,,,"[{""iri"": ""https://w3id.org/h2kg/hydrogen-ontology#MaterialSpecificationMeasurement"", ""label"": ""Material Specification Measurement"", ""score"": 0.632}, {""iri"": ""https://w3id.org/h2kg/hydrogen-ontology#ThreePointFlexuralStrengthMeasurement"", ""label"": ""Three Point Flexural Strength Measurement"", ""score"": 0.602}, {""iri"": ""https://w3id.org/h2kg/hydrogen-ontology#OxygenGainLossMeasurement"", ""label"": ""Oxygen Gain/Loss Measurement"", ""score"": 0.6}]",GDL; GDL substrate; GDL substrate 3D voxel data raw; GDL substrate 3D voxel data wet raw; GDL substrate breakthrough pressure; MPL 3D voxel data raw
https://w3id.org/h2kg/decode/workflow/concept/teflon-distribution-component,Teflon distribution,component,Data,https://w3id.org/h2kg/hydrogen-ontology#Data,2,image-parameter-extraction-2d; modeling-of-hydrophobic-treatment-of-gdl,reviewed_decode,reviewed_decode_anchor,https://w3id.org/h2kg/decode/workflow/anchor/teflon-distribution-component,"A recorded, calculated, image-based, or otherwise structured data artifact denoted ""Teflon distribution"" in DECODE hydrogen-electrochemistry workflows.",,"Reviewed DECODE semantic role, source label, source workflow context, and direct-neighbor context. This is a draft for expert review, not an authoritative ontology definition.","Decide: strict H2KG alias, existing H2KG mapping, new reusable H2KG term, or retain reviewed DECODE anchor.",needs_human_review,,,,"[{""iri"": ""https://w3id.org/h2kg/hydrogen-ontology#AgglomerateSizeDistributionDataset"", ""label"": ""Agglomerate Size Distribution Dataset"", ""score"": 0.778}, {""iri"": ""https://w3id.org/h2kg/hydrogen-ontology#PoreSizeDistribution"", ""label"": ""Pore Size Distribution"", ""score"": 0.683}, {""iri"": ""https://w3id.org/h2kg/hydrogen-ontology#PoreSizeDistributionDataset"", ""label"": ""Pore Size Distribution Dataset"", ""score"": 0.683}]",Image parameter extraction 2D; Modeling of Hydrophobic Treatment of GDL
https://w3id.org/h2kg/decode/workflow/concept/tem-and-eds-analysis-of-mea-method,TEM and EDS analysis of MEA,,Process,https://w3id.org/h2kg/hydrogen-ontology#Process,9,0d-particle-population-degradation-model-coupled-with-performance-model-prediction; 0d-particle-population-degradation-model-coupled-with-performance-model-prediction-without-fitting-methods; 0d-particle-population-degradation-model-prediction; blade-coating-and-decal-transfer-for-ref-pefc-ccm; electrospray-deposition-of-catalyst-layers; iet-ink-to-composition-model; molecular-dynamics-for-the-electrode-electrolyte-interface-in-presence-of-ionomer; tem-and-eds-analysis-of-mea; ultrasonic-spray-deposition-for-catalytic-layers,reviewed_decode,reviewed_decode_anchor,https://w3id.org/h2kg/decode/workflow/anchor/tem-and-eds-analysis-of-mea-method,"A computational, analytical, transformation, or generic workflow process denoted ""TEM and EDS analysis of MEA"" in DECODE hydrogen-electrochemistry workflows. Source context: resolution 0.1 nm",resolution 0.1 nm,"Reviewed DECODE semantic role, source label, source workflow context, and direct-neighbor context. This is a draft for expert review, not an authoritative ontology definition.","Decide: strict H2KG alias, existing H2KG mapping, new reusable H2KG term, or retain reviewed DECODE anchor.",needs_human_review,,,,"[{""iri"": ""https://w3id.org/h2kg/hydrogen-ontology#XPSAnalysisArea"", ""label"": ""XPS Analysis Area"", ""score"": 0.667}, {""iri"": ""https://w3id.org/h2kg/hydrogen-ontology#ThermalAnalysisDataset"", ""label"": ""Thermal Analysis Dataset"", ""score"": 0.627}, {""iri"": ""https://w3id.org/h2kg/hydrogen-ontology#ImageAnalysisPoreMeasurement"", ""label"": ""Image Analysis Pore Measurement"", ""score"": 0.621}]",CCM; Catalyst active particle diameter; Catalyst active particle radius distribution; Ionomer film thickness
https://w3id.org/h2kg/decode/workflow/concept/thin-windows-operando-in-situ-xps-method,thin windows operando/in-situ XPS,,Measurement,https://w3id.org/h2kg/hydrogen-ontology#Measurement,6,ab-initio-molecular-dynamics-aimd-of-the-solid-liquid-interface-at-a-pt-electrode; density-potential-functional-theory-applied-to-supported-electrocatalysts; dft-onto-idealized-surfaces; molecular-dynamics-for-the-electrode-electrolyte-interface-in-presence-of-ionomer; molecular-dynamics-for-the-electrode-electrolyte-interface-metalwalls; thin-windows-operando-or-in-situ-xps,reviewed_decode,reviewed_decode_anchor,https://w3id.org/h2kg/decode/workflow/anchor/thin-windows-operando-in-situ-xps-method,"A characterization or measurement procedure denoted ""thin windows operando/in-situ XPS"" in DECODE hydrogen-electrochemistry workflows. Source context: Invalid in the current design for bubble generation reactions (OER, HER) if a membrane is used","Invalid in the current design for bubble generation reactions (OER, HER) if a membrane is used","Reviewed DECODE semantic role, source label, source workflow context, and direct-neighbor context. This is a draft for expert review, not an authoritative ontology definition.","Decide: strict H2KG alias, existing H2KG mapping, new reusable H2KG term, or retain reviewed DECODE anchor.",needs_human_review,,,,[],Adsorbate coverage on electrode (nanostructured); Adsorbate types on electrode (nanostructured); Catalyst powder; Cell electrolyte flow; Electrode chemistry; Electrode morphology; Electrolyte
https://w3id.org/h2kg/decode/workflow/concept/three-electrode-cell-assesement-of-cl-by-xas-xanes-exafs-xrd-method,"Three electrode cell assesement of CL by XAS, XANES, EXAFS, XRD",,Measurement,https://w3id.org/h2kg/hydrogen-ontology#Measurement,4,blade-coating-and-decal-transfer-for-ref-pefc-ccm; electrospray-deposition-of-catalyst-layers; three-electrode-cell-assesement-of-cl-by-xas-xanes-exafs-xrd; ultrasonic-spray-deposition-for-catalytic-layers,reviewed_decode,reviewed_decode_anchor,https://w3id.org/h2kg/decode/workflow/anchor/three-electrode-cell-assesement-of-cl-by-xas-xanes-exafs-xrd-method,"A characterization or measurement procedure denoted ""Three electrode cell assesement of CL by XAS, XANES, EXAFS, XRD"" in DECODE hydrogen-electrochemistry workflows. Source context: XAS, EXAFS atomic level resolution, bulk technique, XRD micro to milimeter resolution, bulk technique","XAS, EXAFS atomic level resolution, bulk technique, XRD micro to milimeter resolution, bulk technique","Reviewed DECODE semantic role, source label, source workflow context, and direct-neighbor context. This is a draft for expert review, not an authoritative ontology definition.","Decide: strict H2KG alias, existing H2KG mapping, new reusable H2KG term, or retain reviewed DECODE anchor.",needs_human_review,,,,"[{""iri"": ""https://w3id.org/h2kg/hydrogen-ontology#MembraneElectrodeAssemblyThickness"", ""label"": ""Membrane Electrode Assembly Thickness"", ""score"": 0.557}]",Active phase; CCM; CCM area; CCM composition; Coordination number and bond distance; EXAFS spectra; Electrolyte; GDE electrochemical protocol; GDE electrochemical response; Local electronic structure; Optimal catalyst loading for XAS signal; Oxidation state changes; XANES spectra; XAS spectra; XRD pattern
https://w3id.org/h2kg/decode/workflow/concept/time-series-of-cell-voltage-device,Time series of cell voltage,device,Data,https://w3id.org/h2kg/hydrogen-ontology#Data,2,0d-particle-population-degradation-model-coupled-with-performance-model-fitting; data-extraction-from-existing-pewe-measurements-u-i-t,reviewed_decode,reviewed_decode_anchor,https://w3id.org/h2kg/decode/workflow/anchor/time-series-of-cell-voltage-device,"A recorded, calculated, image-based, or otherwise structured data artifact denoted ""Time series of cell voltage"" in DECODE hydrogen-electrochemistry workflows.",,"Reviewed DECODE semantic role, source label, source workflow context, and direct-neighbor context. This is a draft for expert review, not an authoritative ontology definition.","Decide: strict H2KG alias, existing H2KG mapping, new reusable H2KG term, or retain reviewed DECODE anchor.",needs_human_review,,,,"[{""iri"": ""https://w3id.org/h2kg/hydrogen-ontology#CellVoltageLossPercent"", ""label"": ""Cell Voltage Loss Percent"", ""score"": 0.731}, {""iri"": ""https://w3id.org/h2kg/hydrogen-ontology#CellVoltageLoss"", ""label"": ""Cell Voltage Loss"", ""score"": 0.727}, {""iri"": ""https://w3id.org/h2kg/hydrogen-ontology#CellVoltageIncreaseRate"", ""label"": ""Cell Voltage Increase Rate"", ""score"": 0.717}]",0D Particle population degradation model coupled with performance model (fitting); Data extraction from existing PEWE measurements (U-i-t)
https://w3id.org/h2kg/decode/workflow/concept/time-series-of-current-density-device,Time series of current density,device,Data,https://w3id.org/h2kg/hydrogen-ontology#Data,2,0d-particle-population-degradation-model-coupled-with-performance-model-fitting; data-extraction-from-existing-pewe-measurements-u-i-t,reviewed_decode,reviewed_decode_anchor,https://w3id.org/h2kg/decode/workflow/anchor/time-series-of-current-density-device,"A recorded, calculated, image-based, or otherwise structured data artifact denoted ""Time series of current density"" in DECODE hydrogen-electrochemistry workflows.",,"Reviewed DECODE semantic role, source label, source workflow context, and direct-neighbor context. This is a draft for expert review, not an authoritative ontology definition.","Decide: strict H2KG alias, existing H2KG mapping, new reusable H2KG term, or retain reviewed DECODE anchor.",needs_human_review,,,,"[{""iri"": ""https://w3id.org/h2kg/hydrogen-ontology#SetCurrentDensity"", ""label"": ""Set Current Density"", ""score"": 0.776}, {""iri"": ""https://w3id.org/h2kg/hydrogen-ontology#ReferenceCurrentDensity"", ""label"": ""Reference Current Density"", ""score"": 0.764}, {""iri"": ""https://w3id.org/h2kg/hydrogen-ontology#CurrentDensityLossPercent"", ""label"": ""Current Density Loss Percent"", ""score"": 0.759}]",0D Particle population degradation model coupled with performance model (fitting); Data extraction from existing PEWE measurements (U-i-t)
https://w3id.org/h2kg/decode/workflow/concept/time-series-of-electrode-potential-component,Time series of electrode potential,component,Data,https://w3id.org/h2kg/hydrogen-ontology#Data,1,0d-particle-population-degradation-model-fitting,reviewed_decode,reviewed_decode_anchor,https://w3id.org/h2kg/decode/workflow/anchor/time-series-of-electrode-potential-component,"A recorded, calculated, image-based, or otherwise structured data artifact denoted ""Time series of electrode potential"" in DECODE hydrogen-electrochemistry workflows.",,"Reviewed DECODE semantic role, source label, source workflow context, and direct-neighbor context. This is a draft for expert review, not an authoritative ontology definition.","Decide: strict H2KG alias, existing H2KG mapping, new reusable H2KG term, or retain reviewed DECODE anchor.",needs_human_review,,,,"[{""iri"": ""https://w3id.org/h2kg/hydrogen-ontology#RingPotential"", ""label"": ""Ring Potential"", ""score"": 0.759}, {""iri"": ""https://w3id.org/h2kg/hydrogen-ontology#CathodePotential"", ""label"": ""Cathode Potential"", ""score"": 0.717}, {""iri"": ""https://w3id.org/h2kg/hydrogen-ontology#ZetaPotential"", ""label"": ""Zeta Potential"", ""score"": 0.621}]",0D Particle population degradation model (fitting)
https://w3id.org/h2kg/decode/workflow/concept/transfer-coefficients-of-elementary-steps-lre,Transfer coefficients of elementary steps,LRE,Property,https://w3id.org/h2kg/hydrogen-ontology#Property,2,fitting-version-of-the-hierachical-model; hierarchical-model-for-electrocatalytic-reactions,reviewed_decode,reviewed_decode_anchor,https://w3id.org/h2kg/decode/workflow/anchor/transfer-coefficients-of-elementary-steps-lre,"A measurable, calculated, or derived scientific characteristic denoted ""Transfer coefficients of elementary steps"" in DECODE hydrogen-electrochemistry workflows.",,"Reviewed DECODE semantic role, source label, source workflow context, and direct-neighbor context. This is a draft for expert review, not an authoritative ontology definition.","Decide: strict H2KG alias, existing H2KG mapping, new reusable H2KG term, or retain reviewed DECODE anchor.",needs_human_review,,,,"[{""iri"": ""https://w3id.org/h2kg/hydrogen-ontology#ChargeTransferCoefficient"", ""label"": ""Charge Transfer Coefficient"", ""score"": 0.771}, {""iri"": ""https://w3id.org/h2kg/hydrogen-ontology#CoefficientOfDeterminationR2"", ""label"": ""Coefficient Of Determination R 2"", ""score"": 0.603}, {""iri"": ""https://w3id.org/h2kg/hydrogen-ontology#ContactSpringCoefficient"", ""label"": ""Contact Spring Coefficient"", ""score"": 0.597}]",Fitting Version of the Hierachical Model; Hierarchical model for electrocatalytic reactions
https://w3id.org/h2kg/decode/workflow/concept/transmission-line-model-fitting-of-cl-eis-patterns-for-components-distribution-model,Transmission Line Model Fitting of CL EIS patterns for components distribution,,Process,https://w3id.org/h2kg/hydrogen-ontology#Process,2,transmission-line-model-fitting-of-cl-eis-patterns-for-components-distribution,reviewed_decode,reviewed_decode_anchor,https://w3id.org/h2kg/decode/workflow/anchor/transmission-line-model-fitting-of-cl-eis-patterns-for-components-distribution-model,"A computational, analytical, transformation, or generic workflow process denoted ""Transmission Line Model Fitting of CL EIS patterns for components distribution"" in DECODE hydrogen-electrochemistry workflows. Source context: Catalytic layer containing nanostructured materials and ionomers; Catalytic layer containing nanostructured materials and ionomers;",Catalytic layer containing nanostructured materials and ionomers; Catalytic layer containing nanostructured materials and ionomers;,"Reviewed DECODE semantic role, source label, source workflow context, and direct-neighbor context. This is a draft for expert review, not an authoritative ontology definition.","Decide: strict H2KG alias, existing H2KG mapping, new reusable H2KG term, or retain reviewed DECODE anchor.",needs_human_review,,,,[],CL nanostructure porous network model; GDE EIS; GDE EIS (catalyst-free); GDE EIS (ionomer-free); RDE EIS; RDE EIS (catalyst-free); RDE EIS (ionomer-free)
https://w3id.org/h2kg/decode/workflow/concept/transparent-electrode-for-clsm-component,Transparent electrode for CLSM,component,Instrument,https://w3id.org/h2kg/hydrogen-ontology#Instrument,3,confocal-laser-scanning-microscope-clsm-and-fluorescent-probes-for-local-ph-assessment-in-acidic-med; confocal-laser-scanning-microscope-clsm-and-fluorescent-probes-for-local-ph-assessment-in-alkaline-m; transparent-electrodes-for-clsm-applications,reviewed_decode,reviewed_decode_anchor,https://w3id.org/h2kg/decode/workflow/anchor/transparent-electrode-for-clsm-component,"An apparatus, device, or experimental platform denoted ""Transparent electrode for CLSM"" in DECODE hydrogen-electrochemistry workflows.",,"Reviewed DECODE semantic role, source label, source workflow context, and direct-neighbor context. This is a draft for expert review, not an authoritative ontology definition.","Decide: strict H2KG alias, existing H2KG mapping, new reusable H2KG term, or retain reviewed DECODE anchor.",needs_human_review,,,,"[{""iri"": ""https://w3id.org/h2kg/hydrogen-ontology#SCE"", ""label"": ""SCE"", ""score"": 0.632}, {""iri"": ""https://w3id.org/h2kg/hydrogen-ontology#PrintedGoldElectrode"", ""label"": ""Printed Gold Electrode"", ""score"": 0.615}, {""iri"": ""https://w3id.org/h2kg/hydrogen-ontology#CathodePotential"", ""label"": ""Cathode Potential"", ""score"": 0.612}]",Confocal Laser Scanning Microscope (CLSM) + fluorescent probes for local pH assessment in acidic media on model /unsupported electrodes; Confocal Laser Scanning Microscope (CLSM) + fluorescent probes for local pH assessment in alkaline media on model/unsupported electrodes; Transparent Electrodes for CLSM applications
https://w3id.org/h2kg/decode/workflow/concept/transparent-electrodes-for-clsm-applications-method,Transparent Electrodes for CLSM applications,,Process,https://w3id.org/h2kg/hydrogen-ontology#Process,3,confocal-laser-scanning-microscope-clsm-and-fluorescent-probes-for-local-ph-assessment-in-acidic-med; confocal-laser-scanning-microscope-clsm-and-fluorescent-probes-for-local-ph-assessment-in-alkaline-m; transparent-electrodes-for-clsm-applications,reviewed_decode,reviewed_decode_anchor,https://w3id.org/h2kg/decode/workflow/anchor/transparent-electrodes-for-clsm-applications-method,"A computational, analytical, transformation, or generic workflow process denoted ""Transparent Electrodes for CLSM applications"" in DECODE hydrogen-electrochemistry workflows. Source context: All systems of interest.",All systems of interest.,"Reviewed DECODE semantic role, source label, source workflow context, and direct-neighbor context. This is a draft for expert review, not an authoritative ontology definition.","Decide: strict H2KG alias, existing H2KG mapping, new reusable H2KG term, or retain reviewed DECODE anchor.",needs_human_review,,,,"[{""iri"": ""https://w3id.org/h2kg/hydrogen-ontology#ReferenceElectrodeCalibrationMeasurement"", ""label"": ""Reference Electrode Calibration Measurement"", ""score"": 0.575}, {""iri"": ""https://w3id.org/h2kg/hydrogen-ontology#CarbonFeltElectrode"", ""label"": ""Carbon Felt Electrode"", ""score"": 0.554}]",CLSM electrode template; Electrodeposition precursors; ITO sputter target; Transparent electrode for CLSM
https://w3id.org/h2kg/decode/workflow/concept/turbiscan-transmission-and-backscattering-stability-testing-method,Turbiscan Transmission and Backscattering stability testing,,Measurement,https://w3id.org/h2kg/hydrogen-ontology#Measurement,3,ink-preparation-for-deposition-of-catalytic-layers; roller-mixer-and-zirconia-beads-for-ref-pefc-inks; turbiscan-transmission-and-backscattering-stability-testing,reviewed_decode,reviewed_decode_anchor,https://w3id.org/h2kg/decode/workflow/anchor/turbiscan-transmission-and-backscattering-stability-testing-method,"A characterization or measurement procedure denoted ""Turbiscan Transmission and Backscattering stability testing"" in DECODE hydrogen-electrochemistry workflows.",,"Reviewed DECODE semantic role, source label, source workflow context, and direct-neighbor context. This is a draft for expert review, not an authoritative ontology definition.","Decide: strict H2KG alias, existing H2KG mapping, new reusable H2KG term, or retain reviewed DECODE anchor.",needs_human_review,,,,[],Catalyst ink; Catalyst ink stability (turbiscan factor)
https://w3id.org/h2kg/decode/workflow/concept/ultrasonic-spray-deposition-for-catalytic-layers-process,Ultrasonic spray deposition for catalytic layers,,Manufacturing,https://w3id.org/h2kg/hydrogen-ontology#Manufacturing,22,determination-of-cl-saturation-by-saxs-or-sans; development-of-a-zero-gap-cell-for-gde-based-spectrocopy-measurement; electron-tomography-for-pt-c-and-ionomer-distribution-in-cl; fib-measurements-on-gdl-or-mpl-and-catalyst-materials; fib-sem-on-cl-material; high-resolution-electron-tomography-for-accessing-pt-and-ionomer-distribution-on-carbon-aggregate; mea-assembly-for-pefc-ref-mea; mechanical-properties-of-catalyst-layers-gdls-and-meas-by-small-punch-and-nanoindentation; mpl-saturation-determination-from-x-ray-ct-data; neutron-imaging; pulsed-gas-analysis; rotating-ring-disk-electrode-rrde; sem-and-fib-layer; sheet-resistance-measurement; tem-and-eds-analysis-of-mea; three-electrode-cell-assesement-of-cl-by-xas-xanes-exafs-xrd; ultrasonic-spray-deposition-for-catalytic-layers,reviewed_decode,reviewed_decode_anchor,https://w3id.org/h2kg/decode/workflow/anchor/ultrasonic-spray-deposition-for-catalytic-layers-process,"A fabrication, preparation, deposition, assembly, or conditioning operation denoted ""Ultrasonic spray deposition for catalytic layers"" in DECODE hydrogen-electrochemistry workflows. Source context: ink must be stable for 1 hour (several hours for very large electrodes) ink must be stable for 1 hour (several hours for very large electrodes)",ink must be stable for 1 hour (several hours for very large electrodes) ink must be stable for 1 hour (several hours for very large electrodes),"Reviewed DECODE semantic role, source label, source workflow context, and direct-neighbor context. This is a draft for expert review, not an authoritative ontology definition.","Decide: strict H2KG alias, existing H2KG mapping, new reusable H2KG term, or retain reviewed DECODE anchor.",needs_human_review,,,,"[{""iri"": ""https://w3id.org/h2kg/hydrogen-ontology#UltrasonicDepositionProcess"", ""label"": ""Ultrasonic Deposition Process"", ""score"": 0.675}, {""iri"": ""https://w3id.org/h2kg/hydrogen-ontology#CatalystLayerCompositionSpecification"", ""label"": ""Catalyst Layer Composition Specification"", ""score"": 0.659}, {""iri"": ""https://w3id.org/h2kg/hydrogen-ontology#SprayCoating"", ""label"": ""Spray Coating"", ""score"": 0.611}]",CCM; CL on substrate; Catalyst powder; Inert substrate; Ionomer; Membrane
https://w3id.org/h2kg/decode/workflow/concept/voxel-based-3d-effective-diffusivity-simulation-model,Voxel based 3D Effective Diffusivity simulation,,Process,https://w3id.org/h2kg/hydrogen-ontology#Process,33,0d-particle-population-degradation-model-coupled-with-performance-model-prediction; 0d-particle-population-degradation-model-coupled-with-performance-model-prediction-without-fitting-methods; ai-based-generation-of-structural-digital-twins-of-multi-scale-tomographies; cea-mea-model-europium-2d; current-modulated-hydrogen-flow-rate-spectroscopy-ch2s; diffusivities-from-tortuosities; fib-sem-on-cl-material; fitting-of-the-europium-model; iet-1d-performance-model-for-mea-prediction; image-classification-of-fib-tomography-data; image-classification-of-x-ray-tomography-data; image-classification-on-nm-scale; inpt-cl-process-model; modeling-of-hydrophobic-treatment-of-gdl; modeling-of-mpl-coating-of-gdl; mpl-parameter-estimation-from-gdl-and-substrate-data; mpl-saturation-determination-from-x-ray-ct-data; voxel-based-3d-effective-diffusivity-simulation,reviewed_decode,reviewed_decode_anchor,https://w3id.org/h2kg/decode/workflow/anchor/voxel-based-3d-effective-diffusivity-simulation-model,"A computational, analytical, transformation, or generic workflow process denoted ""Voxel based 3D Effective Diffusivity simulation"" in DECODE hydrogen-electrochemistry workflows.",,"Reviewed DECODE semantic role, source label, source workflow context, and direct-neighbor context. This is a draft for expert review, not an authoritative ontology definition.","Decide: strict H2KG alias, existing H2KG mapping, new reusable H2KG term, or retain reviewed DECODE anchor.",needs_human_review,,,,"[{""iri"": ""https://w3id.org/h2kg/hydrogen-ontology#InPlaneEffectiveDiffusivityMeasurement"", ""label"": ""In Plane Effective Diffusivity Measurement"", ""score"": 0.652}, {""iri"": ""https://w3id.org/h2kg/hydrogen-ontology#EffectiveIonicConductivity"", ""label"": ""Effective Ionic Conductivity"", ""score"": 0.56}]",CCL 3D voxel data classified; CCL porosity; CCL tortuosity; GDL substrate 3D voxel data classified; GDL substrate in-plane tortuosity; GDL substrate porosity; GDL substrate through-plane tortuosity; MPL 3D voxel data classified; MPL porosity; MPL tortuosity; PTL 3D voxel data classified; PTL porosity; PTL tortuosity
https://w3id.org/h2kg/decode/workflow/concept/voxel-based-3d-electric-conductiviy-simulation-model,Voxel based 3D Electric conductiviy simulation,,Process,https://w3id.org/h2kg/hydrogen-ontology#Process,25,ai-based-generation-of-structural-digital-twins-of-multi-scale-tomographies; cea-mea-model-europium-2d; fib-sem-on-cl-material; fitting-of-the-europium-model; image-classification-of-fib-tomography-data; image-classification-of-x-ray-tomography-data; image-classification-on-nm-scale; inpt-cl-process-model; modeling-of-hydrophobic-treatment-of-gdl; modeling-of-mpl-coating-of-gdl; mpl-parameter-estimation-from-gdl-and-substrate-data; mpl-saturation-determination-from-x-ray-ct-data; voxel-based-3d-electric-conductiviy-simulation,reviewed_decode,reviewed_decode_anchor,https://w3id.org/h2kg/decode/workflow/anchor/voxel-based-3d-electric-conductiviy-simulation-model,"A computational, analytical, transformation, or generic workflow process denoted ""Voxel based 3D Electric conductiviy simulation"" in DECODE hydrogen-electrochemistry workflows.",,"Reviewed DECODE semantic role, source label, source workflow context, and direct-neighbor context. This is a draft for expert review, not an authoritative ontology definition.","Decide: strict H2KG alias, existing H2KG mapping, new reusable H2KG term, or retain reviewed DECODE anchor.",needs_human_review,,,,"[{""iri"": ""https://w3id.org/h2kg/hydrogen-ontology#InPlaneElectronicConductivity"", ""label"": ""In Plane Electronic Conductivity"", ""score"": 0.667}, {""iri"": ""https://w3id.org/h2kg/hydrogen-ontology#ElectronicConductivityAnisotropyRatio"", ""label"": ""Electronic Conductivity Anisotropy Ratio"", ""score"": 0.651}, {""iri"": ""https://w3id.org/h2kg/hydrogen-ontology#ThroughPlaneElectronicConductivity"", ""label"": ""Through Plane Electronic Conductivity"", ""score"": 0.638}]",CCL 3D voxel data classified; CCL conductivity; GDL substrate 3D voxel data classified; GDL substrate in-plane conductivity; GDL substrate through-plane conductivity; MPL 3D voxel data classified; MPL conductivity; PTL 3D voxel data classified; PTL conductivity
https://w3id.org/h2kg/decode/workflow/concept/voxel-based-3d-permability-simulation-model,Voxel based 3D Permability simulation,,Process,https://w3id.org/h2kg/hydrogen-ontology#Process,25,ai-based-generation-of-structural-digital-twins-of-multi-scale-tomographies; cea-mea-model-europium-2d; fib-sem-on-cl-material; fitting-of-the-europium-model; image-classification-of-fib-tomography-data; image-classification-of-x-ray-tomography-data; image-classification-on-nm-scale; inpt-cl-process-model; modeling-of-hydrophobic-treatment-of-gdl; modeling-of-mpl-coating-of-gdl; mpl-parameter-estimation-from-gdl-and-substrate-data; mpl-saturation-determination-from-x-ray-ct-data; voxel-based-3d-permability-simulation,reviewed_decode,reviewed_decode_anchor,https://w3id.org/h2kg/decode/workflow/anchor/voxel-based-3d-permability-simulation-model,"A computational, analytical, transformation, or generic workflow process denoted ""Voxel based 3D Permability simulation"" in DECODE hydrogen-electrochemistry workflows.",,"Reviewed DECODE semantic role, source label, source workflow context, and direct-neighbor context. This is a draft for expert review, not an authoritative ontology definition.","Decide: strict H2KG alias, existing H2KG mapping, new reusable H2KG term, or retain reviewed DECODE anchor.",needs_human_review,,,,"[{""iri"": ""https://w3id.org/h2kg/hydrogen-ontology#RelativeOxygenPermeability"", ""label"": ""Relative Oxygen Permeability"", ""score"": 0.615}]",CCL 3D voxel data classified; CCL permeability; GDL substrate 3D voxel data classified; GDL substrate in-plane permeability; GDL substrate through-plane permeability; MPL 3D voxel data classified; MPL permeability; PTL 3D voxel data classified; PTL permeability
https://w3id.org/h2kg/decode/workflow/concept/voxel-based-3d-thermal-conductivity-simulation-model,Voxel based 3D Thermal conductivity simulation,,Process,https://w3id.org/h2kg/hydrogen-ontology#Process,24,ai-based-generation-of-structural-digital-twins-of-multi-scale-tomographies; cea-mea-model-europium-2d; fib-sem-on-cl-material; fitting-of-the-europium-model; image-classification-of-fib-tomography-data; image-classification-of-x-ray-tomography-data; image-classification-on-nm-scale; inpt-cl-process-model; modeling-of-hydrophobic-treatment-of-gdl; modeling-of-mpl-coating-of-gdl; mpl-saturation-determination-from-x-ray-ct-data; voxel-based-3d-thermal-conductivity-simulation,reviewed_decode,reviewed_decode_anchor,https://w3id.org/h2kg/decode/workflow/anchor/voxel-based-3d-thermal-conductivity-simulation-model,"A computational, analytical, transformation, or generic workflow process denoted ""Voxel based 3D Thermal conductivity simulation"" in DECODE hydrogen-electrochemistry workflows.",,"Reviewed DECODE semantic role, source label, source workflow context, and direct-neighbor context. This is a draft for expert review, not an authoritative ontology definition.","Decide: strict H2KG alias, existing H2KG mapping, new reusable H2KG term, or retain reviewed DECODE anchor.",needs_human_review,,,,"[{""iri"": ""https://w3id.org/h2kg/hydrogen-ontology#ThermalConductivity"", ""label"": ""Thermal Conductivity"", ""score"": 0.65}, {""iri"": ""https://w3id.org/h2kg/hydrogen-ontology#ThroughPlaneThermalConductivityMeasurement"", ""label"": ""Through Plane Thermal Conductivity Measurement"", ""score"": 0.649}, {""iri"": ""https://w3id.org/h2kg/hydrogen-ontology#RelativeProtonConductivity"", ""label"": ""Relative Proton Conductivity"", ""score"": 0.568}]",CCL 3D voxel data classified; CCL thermal conductivity; GDL substrate 3D voxel data classified; GDL substrate in-plane thermal conductivity; GDL substrate through-plane thermal conductivity; MPL 3D voxel data classified; MPL thermal conductivity; PTL 3D voxel data classified; PTL thermal conductivity
https://w3id.org/h2kg/decode/workflow/concept/water-catalyst-interaction-strength-lre,Water catalyst interaction strength,LRE,Property,https://w3id.org/h2kg/hydrogen-ontology#Property,1,hierarchical-model-for-electrocatalytic-reactions,reviewed_decode,reviewed_decode_anchor,https://w3id.org/h2kg/decode/workflow/anchor/water-catalyst-interaction-strength-lre,"A measurable, calculated, or derived scientific characteristic denoted ""Water catalyst interaction strength"" in DECODE hydrogen-electrochemistry workflows.",,"Reviewed DECODE semantic role, source label, source workflow context, and direct-neighbor context. This is a draft for expert review, not an authoritative ontology definition.","Decide: strict H2KG alias, existing H2KG mapping, new reusable H2KG term, or retain reviewed DECODE anchor.",needs_human_review,,,,"[{""iri"": ""https://w3id.org/h2kg/hydrogen-ontology#CatalystPlatinumMassFraction"", ""label"": ""Catalyst Platinum Mass Fraction"", ""score"": 0.69}, {""iri"": ""https://w3id.org/h2kg/hydrogen-ontology#CatalystToNafionWeightRatio"", ""label"": ""Catalyst To Nafion Weight Ratio"", ""score"": 0.667}, {""iri"": ""https://w3id.org/h2kg/hydrogen-ontology#PtMassFractionInCatalyst"", ""label"": ""Pt Mass Fraction In Catalyst"", ""score"": 0.667}]",Hierarchical model for electrocatalytic reactions
https://w3id.org/h2kg/decode/workflow/concept/water-film-thickness-lre,Water film thickness,LRE,Property,https://w3id.org/h2kg/hydrogen-ontology#Property,1,molecular-dynamics-for-the-electrode-electrolyte-interface-in-presence-of-ionomer,reviewed_decode,reviewed_decode_anchor,https://w3id.org/h2kg/decode/workflow/anchor/water-film-thickness-lre,"A measurable, calculated, or derived scientific characteristic denoted ""Water film thickness"" in DECODE hydrogen-electrochemistry workflows.",,"Reviewed DECODE semantic role, source label, source workflow context, and direct-neighbor context. This is a draft for expert review, not an authoritative ontology definition.","Decide: strict H2KG alias, existing H2KG mapping, new reusable H2KG term, or retain reviewed DECODE anchor.",needs_human_review,,,,"[{""iri"": ""https://w3id.org/h2kg/hydrogen-ontology#FilmThickness"", ""label"": ""Film Thickness"", ""score"": 0.824}, {""iri"": ""https://w3id.org/h2kg/hydrogen-ontology#IonomerThinFilmThickness"", ""label"": ""Ionomer Thin Film Thickness"", ""score"": 0.821}, {""iri"": ""https://w3id.org/h2kg/hydrogen-ontology#CatalystLayerThickness_2"", ""label"": ""Catalyst Layer Thickness"", ""score"": 0.688}]",Molecular Dynamics for the Electrode | Electrolyte Interface in presence of ionomer
https://w3id.org/h2kg/decode/workflow/concept/water-retention-curve-simulation-model,Water retention curve simulation,,Process,https://w3id.org/h2kg/hydrogen-ontology#Process,29,ai-based-generation-of-structural-digital-twins-of-multi-scale-tomographies; cea-mea-model-europium-2d; fib-sem-on-cl-material; fitting-of-the-europium-model; iet-1d-mea-with-water-transport-eis-model; iet-1d-mea-with-water-transport-in-ccl-eis-model; iet-1d-performance-model-for-mea-prediction; image-classification-of-fib-tomography-data; image-classification-of-x-ray-tomography-data; image-classification-on-nm-scale; inpt-cl-process-model; modeling-of-hydrophobic-treatment-of-gdl; modeling-of-mpl-coating-of-gdl; mpl-saturation-determination-from-x-ray-ct-data; water-retention-curve-simulation,reviewed_decode,reviewed_decode_anchor,https://w3id.org/h2kg/decode/workflow/anchor/water-retention-curve-simulation-model,"A computational, analytical, transformation, or generic workflow process denoted ""Water retention curve simulation"" in DECODE hydrogen-electrochemistry workflows.",,"Reviewed DECODE semantic role, source label, source workflow context, and direct-neighbor context. This is a draft for expert review, not an authoritative ontology definition.","Decide: strict H2KG alias, existing H2KG mapping, new reusable H2KG term, or retain reviewed DECODE anchor.",needs_human_review,,,,"[{""iri"": ""https://w3id.org/h2kg/hydrogen-ontology#FiniteElementAnalysisSimulation"", ""label"": ""Finite Element Analysis Simulation"", ""score"": 0.632}, {""iri"": ""https://w3id.org/h2kg/hydrogen-ontology#WaterContentFraction"", ""label"": ""Water Content Fraction"", ""score"": 0.63}, {""iri"": ""https://w3id.org/h2kg/hydrogen-ontology#ElectrochemicalReactionSimulation"", ""label"": ""Electrochemical Reaction Simulation"", ""score"": 0.627}]",CCL 3D voxel data classified; CCL breakthrough pressure; CCL internal contact angle; CCL water retention curve; GDL substrate 3D voxel data classified; GDL substrate breakthrough pressure; GDL substrate internal contact angle; GDL substrate water retention curve; MPL 3D voxel data classified; MPL breakthrough pressure; MPL internal contact angle; MPL water retention curve; PTL 3D voxel data classified; PTL breakthrough pressure; PTL internal contact angle; PTL water retention curve
https://w3id.org/h2kg/decode/workflow/concept/wilhelmy-wettability-measurement-method,Wilhelmy wettability measurement,,Measurement,https://w3id.org/h2kg/hydrogen-ontology#Measurement,3,impregnation-by-immersion-and-blade-coating; wilhelmy-wettability-measurement,reviewed_decode,reviewed_decode_anchor,https://w3id.org/h2kg/decode/workflow/anchor/wilhelmy-wettability-measurement-method,"A characterization or measurement procedure denoted ""Wilhelmy wettability measurement"" in DECODE hydrogen-electrochemistry workflows. Source context: 0-180, +/- 5 0-180, +/- 5","0-180, +/- 5 0-180, +/- 5","Reviewed DECODE semantic role, source label, source workflow context, and direct-neighbor context. This is a draft for expert review, not an authoritative ontology definition.","Decide: strict H2KG alias, existing H2KG mapping, new reusable H2KG term, or retain reviewed DECODE anchor.",needs_human_review,,,,"[{""iri"": ""https://w3id.org/h2kg/hydrogen-ontology#GasPermeabilityMeasurement"", ""label"": ""Gas Permeability Measurement"", ""score"": 0.667}, {""iri"": ""https://w3id.org/h2kg/hydrogen-ontology#F19NMRMobilityMeasurement"", ""label"": ""F 19 NMR Mobility Measurement"", ""score"": 0.656}, {""iri"": ""https://w3id.org/h2kg/hydrogen-ontology#VisualInspectionStabilityMeasurement"", ""label"": ""Visual Inspection Stability Measurement"", ""score"": 0.648}]",Contact angle probe liquid(s); GDL; GDL substrate; GDL substrate external contact angle; MPL external contact angle
https://w3id.org/h2kg/decode/workflow/concept/xanes-spectra-component,XANES spectra,component,Data,https://w3id.org/h2kg/hydrogen-ontology#Data,2,development-of-a-zero-gap-cell-for-gde-based-spectrocopy-measurement; three-electrode-cell-assesement-of-cl-by-xas-xanes-exafs-xrd,reviewed_decode,reviewed_decode_anchor,https://w3id.org/h2kg/decode/workflow/anchor/xanes-spectra-component,"A recorded, calculated, image-based, or otherwise structured data artifact denoted ""XANES spectra"" in DECODE hydrogen-electrochemistry workflows.",,"Reviewed DECODE semantic role, source label, source workflow context, and direct-neighbor context. This is a draft for expert review, not an authoritative ontology definition.","Decide: strict H2KG alias, existing H2KG mapping, new reusable H2KG term, or retain reviewed DECODE anchor.",needs_human_review,,,,"[{""iri"": ""https://w3id.org/h2kg/hydrogen-ontology#XPSDataset"", ""label"": ""XPS Dataset"", ""score"": 0.833}, {""iri"": ""https://w3id.org/h2kg/hydrogen-ontology#UVVisibleSpectroscopyMeasurement"", ""label"": ""UV Visible Spectroscopy Measurement"", ""score"": 0.696}, {""iri"": ""https://w3id.org/h2kg/hydrogen-ontology#XRayPhotoelectronSpectrometer"", ""label"": ""X Ray Photoelectron Spectrometer"", ""score"": 0.621}]","Development of a zero gap cell for GDE based spectrocopy measurement; Three electrode cell assesement of CL by XAS, XANES, EXAFS, XRD"
https://w3id.org/h2kg/decode/workflow/concept/xas-spectra-component,XAS spectra,component,Data,https://w3id.org/h2kg/hydrogen-ontology#Data,2,development-of-a-zero-gap-cell-for-gde-based-spectrocopy-measurement; three-electrode-cell-assesement-of-cl-by-xas-xanes-exafs-xrd,reviewed_decode,reviewed_decode_anchor,https://w3id.org/h2kg/decode/workflow/anchor/xas-spectra-component,"A recorded, calculated, image-based, or otherwise structured data artifact denoted ""XAS spectra"" in DECODE hydrogen-electrochemistry workflows.",,"Reviewed DECODE semantic role, source label, source workflow context, and direct-neighbor context. This is a draft for expert review, not an authoritative ontology definition.","Decide: strict H2KG alias, existing H2KG mapping, new reusable H2KG term, or retain reviewed DECODE anchor.",needs_human_review,,,,"[{""iri"": ""https://w3id.org/h2kg/hydrogen-ontology#XPSDataset"", ""label"": ""XPS Dataset"", ""score"": 0.909}, {""iri"": ""https://w3id.org/h2kg/hydrogen-ontology#UVVisibleSpectroscopyMeasurement"", ""label"": ""UV Visible Spectroscopy Measurement"", ""score"": 0.762}, {""iri"": ""https://w3id.org/h2kg/hydrogen-ontology#XRayPhotoelectronSpectrometer"", ""label"": ""X Ray Photoelectron Spectrometer"", ""score"": 0.667}]","Development of a zero gap cell for GDE based spectrocopy measurement; Three electrode cell assesement of CL by XAS, XANES, EXAFS, XRD"
https://w3id.org/h2kg/decode/workflow/concept/xrd-pattern-component,XRD pattern,component,Data,https://w3id.org/h2kg/hydrogen-ontology#Data,2,development-of-a-zero-gap-cell-for-gde-based-spectrocopy-measurement; three-electrode-cell-assesement-of-cl-by-xas-xanes-exafs-xrd,approved_h2kg,strict_alt_label,https://w3id.org/h2kg/hydrogen-ontology#XRDPatternDataset,"A recorded, calculated, image-based, or otherwise structured data artifact denoted ""XRD pattern"" in DECODE hydrogen-electrochemistry workflows.",,"Reviewed DECODE semantic role, source label, source workflow context, and direct-neighbor context. This is a draft for expert review, not an authoritative ontology definition.",Verify against the canonical H2KG definition and retain only a true synonym.,needs_human_review,,,,"[{""iri"": ""https://w3id.org/h2kg/hydrogen-ontology#XRDPatternDataset"", ""label"": ""XRD Pattern Dataset"", ""score"": 1.0}, {""iri"": ""https://w3id.org/h2kg/hydrogen-ontology#CatalystLoadingPattern"", ""label"": ""Catalyst Loading Pattern"", ""score"": 0.75}, {""iri"": ""https://w3id.org/h2kg/hydrogen-ontology#MicroXRayFluorescenceSpectrometer"", ""label"": ""Micro X Ray Fluorescence Spectrometer"", ""score"": 0.593}]","Development of a zero gap cell for GDE based spectrocopy measurement; Three electrode cell assesement of CL by XAS, XANES, EXAFS, XRD"
