local_iri,local_label,local_kind,relation,target_iri,target_label,target_kind,source,score,status,rationale
https://w3id.org/h2kg/hydrogen-ontology#ATRFTIRMeasurement,ATRFTIR Measurement,controlled_vocabulary_term,,https://w3id.org/emmo/domain/electrochemistry#electrochemistry_7729c34e_1ae9_403d_b933_1765885e7f29,Electrochemical measurement,class,emmo-electrochemistry,0.652,rejected_generic_electrochemical_measurement,Rejected because generic electrochemical measurement is too broad for automatic proposal here.
https://w3id.org/h2kg/hydrogen-ontology#ATRFTIRMeasurement,ATRFTIR Measurement,controlled_vocabulary_term,,https://purls.helmholtz-metadaten.de/hob/HDO_00006028,semantic artefact,class,hdo,0.556,rejected_hdo_scope,Rejected because the local term is outside the narrow HDO data and metadata scope.
https://w3id.org/h2kg/hydrogen-ontology#AceticAcidSolution,Acetic Acid Solution,controlled_vocabulary_term,,https://purls.helmholtz-metadaten.de/hob/HDO_00001069,simulation data,class,hdo,0.571,rejected_hdo_scope,Rejected because the local term is outside the narrow HDO data and metadata scope.
https://w3id.org/h2kg/hydrogen-ontology#Acetone,Acetone,controlled_vocabulary_term,,https://purls.helmholtz-metadaten.de/hob/HDO_00006040,acts upon,object_property,hdo,0.625,rejected_kind_mismatch,Rejected because the local term kind and external target kind are not semantically compatible.
https://w3id.org/h2kg/hydrogen-ontology#Acetone,Acetone,controlled_vocabulary_term,,https://purls.helmholtz-metadaten.de/hob/HDO_00006022,agent role,class,hdo,0.588,rejected_hdo_scope,Rejected because the local term is outside the narrow HDO data and metadata scope.
https://w3id.org/h2kg/hydrogen-ontology#Acetonitrile,Acetonitrile,controlled_vocabulary_term,,https://purls.helmholtz-metadaten.de/hob/HDO_00006022,agent role,class,hdo,0.636,rejected_hdo_scope,Rejected because the local term is outside the narrow HDO data and metadata scope.
https://w3id.org/h2kg/hydrogen-ontology#Acetonitrile,Acetonitrile,controlled_vocabulary_term,,https://purls.helmholtz-metadaten.de/hob/HDO_10000047,Einheitsrolle,class,hdo,0.56,rejected_hdo_scope,Rejected because the local term is outside the narrow HDO data and metadata scope.
https://w3id.org/h2kg/hydrogen-ontology#AcidDoping,Acid Doping,controlled_vocabulary_term,,http://purl.obolibrary.org/obo/CHEBI_30751,Formic acid,class,chebi,0.636,rejected_chemical_non_exact,Rejected because ChEBI mappings are limited to exact or manually curated chemical matches in this phase.
https://w3id.org/h2kg/hydrogen-ontology#AcidDoping,Acid Doping,controlled_vocabulary_term,,http://purl.obolibrary.org/obo/CHEBI_17883,Hydrochloric acid,class,chebi,0.571,rejected_chemical_non_exact,Rejected because ChEBI mappings are limited to exact or manually curated chemical matches in this phase.
https://w3id.org/h2kg/hydrogen-ontology#AcidDoping,Acid Doping,controlled_vocabulary_term,,http://purl.obolibrary.org/obo/CHEBI_29241,Hydrofluoric acid,class,chebi,0.571,rejected_chemical_non_exact,Rejected because ChEBI mappings are limited to exact or manually curated chemical matches in this phase.
https://w3id.org/h2kg/hydrogen-ontology#AcidEtchingRepetitions,Acid Etching Repetitions,controlled_vocabulary_term,,http://purl.obolibrary.org/obo/IAO_0000007,action specification,class,hdo,0.591,rejected_hdo_scope,Rejected because the local term is outside the narrow HDO data and metadata scope.
https://w3id.org/h2kg/hydrogen-ontology#AcidUptakeDataset,Acid Uptake Dataset,controlled_vocabulary_term,,https://purls.helmholtz-metadaten.de/hob/HDO_00001039,Data Lake,class,hdo,0.571,rejected_hdo_scope,Rejected because the local term is outside the narrow HDO data and metadata scope.
https://w3id.org/h2kg/hydrogen-ontology#AcidUptakeDataset,Acid Uptake Dataset,controlled_vocabulary_term,,https://purls.helmholtz-metadaten.de/hob/HDO_00000044,obsolete abstract data type,class,hdo,0.565,rejected_deprecated_target,Rejected because the external target is marked as deprecated or obsolete.
https://w3id.org/h2kg/hydrogen-ontology#AcidUptakeDataset,Acid Uptake Dataset,controlled_vocabulary_term,,https://purls.helmholtz-metadaten.de/hob/HDO_00006042,assigns data type to,object_property,hdo,0.564,rejected_kind_mismatch,Rejected because the local term kind and external target kind are not semantically compatible.
https://w3id.org/h2kg/hydrogen-ontology#AcidUptakeMeasurement,Acid Uptake Measurement,controlled_vocabulary_term,,https://w3id.org/emmo/domain/electrochemistry#electrochemistry_7729c34e_1ae9_403d_b933_1765885e7f29,Electrochemical measurement,class,emmo-electrochemistry,0.56,rejected_generic_electrochemical_measurement,Rejected because generic electrochemical measurement is too broad for automatic proposal here.
https://w3id.org/h2kg/hydrogen-ontology#AcidValue,Acid Value,controlled_vocabulary_term,,http://qudt.org/schema/qudt/QuantityValue,Quantity value,class,qudt-schema,0.667,rejected_qudt_scaffold,Rejected because QUDT quantity-value scaffolding is not a suitable target for this domain concept.
https://w3id.org/h2kg/hydrogen-ontology#AcidValue,Acid Value,controlled_vocabulary_term,,http://qudt.org/schema/qudt/quantityValue,quantity value,object_property,qudt-schema,0.667,rejected_kind_mismatch,Rejected because the local term kind and external target kind are not semantically compatible.
https://w3id.org/h2kg/hydrogen-ontology#AcidValue,Acid Value,controlled_vocabulary_term,,https://purls.helmholtz-metadaten.de/hob/HDO_00000038,programmatic value,class,hdo,0.571,rejected_hdo_scope,Rejected because the local term is outside the narrow HDO data and metadata scope.
https://w3id.org/h2kg/hydrogen-ontology#ActivatedSludge,Activated Sludge,controlled_vocabulary_term,,https://purls.helmholtz-metadaten.de/hob/HDO_00000015,directed edge,class,hdo,0.552,rejected_hdo_scope,Rejected because the local term is outside the narrow HDO data and metadata scope.
https://w3id.org/h2kg/hydrogen-ontology#AdditiveA,Additive A,controlled_vocabulary_term,,https://purls.helmholtz-metadaten.de/hob/HDO_00007023,qualitative Daten,class,hdo,0.593,rejected_hdo_scope,Rejected because the local term is outside the narrow HDO data and metadata scope.
https://w3id.org/h2kg/hydrogen-ontology#AdditiveA,Additive A,controlled_vocabulary_term,,https://purls.helmholtz-metadaten.de/hob/HDO_00000112,quantitative Daten,class,hdo,0.571,rejected_hdo_scope,Rejected because the local term is outside the narrow HDO data and metadata scope.
https://w3id.org/h2kg/hydrogen-ontology#AemionIonomer,Aemion Ionomer,controlled_vocabulary_term,,https://purls.helmholtz-metadaten.de/hob/HDO_00002004,Taxonomische Daten,class,hdo,0.562,rejected_hdo_scope,Rejected because the local term is outside the narrow HDO data and metadata scope.
https://w3id.org/h2kg/hydrogen-ontology#AgNWSurfaceDensity,Ag NW Surface Density,controlled_vocabulary_term,,https://purls.helmholtz-metadaten.de/hob/HDO_00006024,software agent,class,hdo,0.571,rejected_hdo_scope,Rejected because the local term is outside the narrow HDO data and metadata scope.
https://w3id.org/h2kg/hydrogen-ontology#AggregateAspectRatio,Aggregate Aspect Ratio,controlled_vocabulary_term,,https://purls.helmholtz-metadaten.de/hob/HDO_00006044,creates specification,object_property,hdo,0.651,rejected_kind_mismatch,Rejected because the local term kind and external target kind are not semantically compatible.
https://w3id.org/h2kg/hydrogen-ontology#AggregateAspectRatio,Aggregate Aspect Ratio,controlled_vocabulary_term,,https://purls.helmholtz-metadaten.de/hob/HDO_00006028,semantic artefact,class,hdo,0.564,rejected_hdo_scope,Rejected because the local term is outside the narrow HDO data and metadata scope.
https://w3id.org/h2kg/hydrogen-ontology#AggregateAspectRatio,Aggregate Aspect Ratio,controlled_vocabulary_term,,https://purls.helmholtz-metadaten.de/hob/HDO_00007033,directed graph specification,class,hdo,0.56,rejected_hdo_scope,Rejected because the local term is outside the narrow HDO data and metadata scope.
https://w3id.org/h2kg/hydrogen-ontology#AmineHydrolysisProcess,Amine Hydrolysis Process,controlled_vocabulary_term,,https://purls.helmholtz-metadaten.de/hob/HDO_00001070,Messprozess,class,hdo,0.571,rejected_hdo_scope,Rejected because the local term is outside the narrow HDO data and metadata scope.
https://w3id.org/h2kg/hydrogen-ontology#Aminoantipyrine,Aminoantipyrine,controlled_vocabulary_term,,https://purls.helmholtz-metadaten.de/hob/HDO_00005003,misinformation,class,hdo,0.552,rejected_hdo_scope,Rejected because the local term is outside the narrow HDO data and metadata scope.
https://w3id.org/h2kg/hydrogen-ontology#AnnealingDuration,Annealing Duration,controlled_vocabulary_term,,https://purls.helmholtz-metadaten.de/hob/HDO_00000025,Information,class,hdo,0.552,rejected_hdo_scope,Rejected because the local term is outside the narrow HDO data and metadata scope.
https://w3id.org/h2kg/hydrogen-ontology#AnodeCatalystLayer,Anode Catalyst Layer,controlled_vocabulary_term,,https://purls.helmholtz-metadaten.de/hob/HDO_00001039,Data Lake,class,hdo,0.552,rejected_hdo_scope,Rejected because the local term is outside the narrow HDO data and metadata scope.
https://w3id.org/h2kg/hydrogen-ontology#ApparatusSpecificationMeasurement,Apparatus Specification Measurement,controlled_vocabulary_term,,https://purls.helmholtz-metadaten.de/hob/HDO_00006044,creates specification,object_property,hdo,0.679,rejected_kind_mismatch,Rejected because the local term kind and external target kind are not semantically compatible.
https://w3id.org/h2kg/hydrogen-ontology#ApparatusSpecificationMeasurement,Apparatus Specification Measurement,controlled_vocabulary_term,,https://purls.helmholtz-metadaten.de/hob/HDO_00007037,database specification,class,hdo,0.667,rejected_hdo_scope,Rejected because the local term is outside the narrow HDO data and metadata scope.
https://w3id.org/h2kg/hydrogen-ontology#ApparatusSpecificationMeasurement,Apparatus Specification Measurement,controlled_vocabulary_term,,http://purl.obolibrary.org/obo/IAO_0000104,plan specification,class,hdo,0.642,rejected_hdo_scope,Rejected because the local term is outside the narrow HDO data and metadata scope.
https://w3id.org/h2kg/hydrogen-ontology#ApparatusSpecificationMeasurement,Apparatus Specification Measurement,controlled_vocabulary_term,,http://purl.obolibrary.org/obo/IAO_0000007,action specification,class,hdo,0.618,rejected_hdo_scope,Rejected because the local term is outside the narrow HDO data and metadata scope.
https://w3id.org/h2kg/hydrogen-ontology#ApparatusSpecificationMeasurement,Apparatus Specification Measurement,controlled_vocabulary_term,,https://purls.helmholtz-metadaten.de/hob/HDO_00001057,obsolete schema specification,class,hdo,0.594,rejected_deprecated_target,Rejected because the external target is marked as deprecated or obsolete.
https://w3id.org/h2kg/hydrogen-ontology#ApparatusSpecificationMeasurement,Apparatus Specification Measurement,controlled_vocabulary_term,,https://purls.helmholtz-metadaten.de/hob/HDO_00007028,dictionary specification,class,hdo,0.576,rejected_hdo_scope,Rejected because the local term is outside the narrow HDO data and metadata scope.
https://w3id.org/h2kg/hydrogen-ontology#ApparatusSpecificationMeasurement,Apparatus Specification Measurement,controlled_vocabulary_term,,https://purls.helmholtz-metadaten.de/hob/HDO_00007035,ontological graph specification,class,hdo,0.576,rejected_hdo_scope,Rejected because the local term is outside the narrow HDO data and metadata scope.
https://w3id.org/h2kg/hydrogen-ontology#ApparatusSpecificationMeasurement,Apparatus Specification Measurement,controlled_vocabulary_term,,https://purls.helmholtz-metadaten.de/hob/HDO_00007038,digital object specification,class,hdo,0.571,rejected_hdo_scope,Rejected because the local term is outside the narrow HDO data and metadata scope.
https://w3id.org/h2kg/hydrogen-ontology#ApparatusSpecificationMeasurement,Apparatus Specification Measurement,controlled_vocabulary_term,,https://purls.helmholtz-metadaten.de/hob/HDO_00007033,directed graph specification,class,hdo,0.571,rejected_hdo_scope,Rejected because the local term is outside the narrow HDO data and metadata scope.
https://w3id.org/h2kg/hydrogen-ontology#ApparatusSpecificationMeasurement,Apparatus Specification Measurement,controlled_vocabulary_term,,https://purls.helmholtz-metadaten.de/hob/HDO_00006010,JSON Schema Spezifikation,class,hdo,0.567,rejected_hdo_scope,Rejected because the local term is outside the narrow HDO data and metadata scope.
https://w3id.org/h2kg/hydrogen-ontology#ApparatusSpecificationMeasurement,Apparatus Specification Measurement,controlled_vocabulary_term,,https://purls.helmholtz-metadaten.de/hob/HDO_00007025,Datenstrukturspezifikation,class,hdo,0.557,rejected_hdo_scope,Rejected because the local term is outside the narrow HDO data and metadata scope.
https://w3id.org/h2kg/hydrogen-ontology#ApparatusSpecificationMeasurement,Apparatus Specification Measurement,controlled_vocabulary_term,,http://purl.obolibrary.org/obo/IAO_0000005,objective specification,class,hdo,0.552,rejected_hdo_scope,Rejected because the local term is outside the narrow HDO data and metadata scope.
https://w3id.org/h2kg/hydrogen-ontology#ArchimedesDensityMeasurement,Archimedes Density Measurement,controlled_vocabulary_term,,https://w3id.org/emmo/domain/electrochemistry#electrochemistry_7729c34e_1ae9_403d_b933_1765885e7f29,Electrochemical measurement,class,emmo-electrochemistry,0.596,rejected_generic_electrochemical_measurement,Rejected because generic electrochemical measurement is too broad for automatic proposal here.
https://w3id.org/h2kg/hydrogen-ontology#ArealWaterStorageSpace,Areal Water Storage Space,controlled_vocabulary_term,,https://purls.helmholtz-metadaten.de/hob/HDO_00006031,data storage role,class,hdo,0.571,rejected_hdo_scope,Rejected because the local term is outside the narrow HDO data and metadata scope.
https://w3id.org/h2kg/hydrogen-ontology#Argon,Argon,controlled_vocabulary_term,,http://www.w3.org/ns/prov#Agent,Agent,class,prov-o,0.6,rejected_metadata_scope,Rejected because the local term is outside the provenance and publication-metadata scope.
https://w3id.org/h2kg/hydrogen-ontology#Argon,Argon,controlled_vocabulary_term,,https://purls.helmholtz-metadaten.de/hob/HDO_00006007,Agent,class,hdo,0.6,rejected_hdo_scope,Rejected because the local term is outside the narrow HDO data and metadata scope.
https://w3id.org/h2kg/hydrogen-ontology#Argon,Argon,controlled_vocabulary_term,,https://purls.helmholtz-metadaten.de/hob/HDO_00006041,agrees on,object_property,hdo,0.571,rejected_kind_mismatch,Rejected because the local term kind and external target kind are not semantically compatible.
https://w3id.org/h2kg/hydrogen-ontology#AutomaticPlungeFreezer,Automatic Plunge Freezer,controlled_vocabulary_term,,https://purls.helmholtz-metadaten.de/hob/HDO_00006003,Authentifizierung,class,hdo,0.585,rejected_hdo_scope,Rejected because the local term is outside the narrow HDO data and metadata scope.
https://w3id.org/h2kg/hydrogen-ontology#BiasCurrent,Bias Current,controlled_vocabulary_term,,http://purl.obolibrary.org/obo/BFO_0000003,occurrent,class,hdo,0.667,rejected_hdo_scope,Rejected because the local term is outside the narrow HDO data and metadata scope.
https://w3id.org/h2kg/hydrogen-ontology#BinderMassFraction,Binder Mass Fraction,controlled_vocabulary_term,,https://purls.helmholtz-metadaten.de/hob/HDO_00007005,self-information,class,hdo,0.611,rejected_hdo_scope,Rejected because the local term is outside the narrow HDO data and metadata scope.
https://w3id.org/h2kg/hydrogen-ontology#BinderMassFraction,Binder Mass Fraction,controlled_vocabulary_term,,https://purls.helmholtz-metadaten.de/hob/HDO_00000025,Information,class,hdo,0.581,rejected_hdo_scope,Rejected because the local term is outside the narrow HDO data and metadata scope.
https://w3id.org/h2kg/hydrogen-ontology#BinderMassFraction,Binder Mass Fraction,controlled_vocabulary_term,,http://purl.obolibrary.org/obo/RO_0002592,results in organization of,object_property,hdo,0.565,rejected_kind_mismatch,Rejected because the local term kind and external target kind are not semantically compatible.
https://w3id.org/h2kg/hydrogen-ontology#Biodiesel,Biodiesel,controlled_vocabulary_term,,https://purls.helmholtz-metadaten.de/hob/HDO_00006053,indicates,object_property,hdo,0.556,rejected_kind_mismatch,Rejected because the local term kind and external target kind are not semantically compatible.
https://w3id.org/h2kg/hydrogen-ontology#BiomimeticVeinStructure,Biomimetic Vein Structure,controlled_vocabulary_term,,https://purls.helmholtz-metadaten.de/hob/HDO_00000041,obsolete Struktur,class,hdo,0.571,rejected_deprecated_target,Rejected because the external target is marked as deprecated or obsolete.
https://w3id.org/h2kg/hydrogen-ontology#BiomimeticVeinStructure,Biomimetic Vein Structure,controlled_vocabulary_term,,https://purls.helmholtz-metadaten.de/hob/HDO_00002030,digital infrastructure,class,hdo,0.553,rejected_hdo_scope,Rejected because the local term is outside the narrow HDO data and metadata scope.
https://w3id.org/h2kg/hydrogen-ontology#BulkDensity,Bulk Density,controlled_vocabulary_term,,http://purl.obolibrary.org/obo/BFO_0000001,entity,class,hdo,0.556,rejected_hdo_scope,Rejected because the local term is outside the narrow HDO data and metadata scope.
https://w3id.org/h2kg/hydrogen-ontology#BulkSedimentationTime,Bulk Sedimentation Time,controlled_vocabulary_term,,https://purls.helmholtz-metadaten.de/hob/hdo.owl#triple_specification,Tripel Spezifikation,class,hdo,0.558,rejected_hdo_scope,Rejected because the local term is outside the narrow HDO data and metadata scope.
https://w3id.org/h2kg/hydrogen-ontology#COStrippingSpecificChargeDensity,CO Stripping Specific Charge Density,controlled_vocabulary_term,,https://purls.helmholtz-metadaten.de/hob/HDO_00006044,creates specification,object_property,hdo,0.596,rejected_kind_mismatch,Rejected because the local term kind and external target kind are not semantically compatible.
https://w3id.org/h2kg/hydrogen-ontology#COStrippingSpecificChargeDensity,CO Stripping Specific Charge Density,controlled_vocabulary_term,,http://purl.obolibrary.org/obo/IAO_0000007,action specification,class,hdo,0.571,rejected_hdo_scope,Rejected because the local term is outside the narrow HDO data and metadata scope.
https://w3id.org/h2kg/hydrogen-ontology#CapillaryFurnace,Capillary Furnace,controlled_vocabulary_term,,http://purl.obolibrary.org/obo/RO_0002566,causally influences,object_property,hdo,0.611,rejected_kind_mismatch,Rejected because the local term kind and external target kind are not semantically compatible.
https://w3id.org/h2kg/hydrogen-ontology#CarbonDioxidePercent,Carbon Dioxide Percent,controlled_vocabulary_term,,http://purl.obolibrary.org/obo/CHEBI_16526,Carbon dioxide,class,chebi,0.778,rejected_chemical_non_exact,Rejected because ChEBI mappings are limited to exact or manually curated chemical matches in this phase.
https://w3id.org/h2kg/hydrogen-ontology#CarbonFeltElectrode,Carbon Felt Electrode,controlled_vocabulary_term,,http://purl.obolibrary.org/obo/CHEBI_16526,Carbon dioxide,class,chebi,0.571,rejected_chemical_non_exact,Rejected because ChEBI mappings are limited to exact or manually curated chemical matches in this phase.
https://w3id.org/h2kg/hydrogen-ontology#CarbonFiber,Carbon Fiber,controlled_vocabulary_term,,http://purl.obolibrary.org/obo/CHEBI_16526,Carbon dioxide,class,chebi,0.692,rejected_chemical_non_exact,Rejected because ChEBI mappings are limited to exact or manually curated chemical matches in this phase.
https://w3id.org/h2kg/hydrogen-ontology#CarbonFiberDiameter,Carbon Fiber Diameter,controlled_vocabulary_term,,http://purl.obolibrary.org/obo/CHEBI_16526,Carbon dioxide,class,chebi,0.629,rejected_chemical_non_exact,Rejected because ChEBI mappings are limited to exact or manually curated chemical matches in this phase.
https://w3id.org/h2kg/hydrogen-ontology#CarbonMass,Carbon Mass,controlled_vocabulary_term,,http://purl.obolibrary.org/obo/CHEBI_16526,Carbon dioxide,class,chebi,0.56,rejected_chemical_non_exact,Rejected because ChEBI mappings are limited to exact or manually curated chemical matches in this phase.
https://w3id.org/h2kg/hydrogen-ontology#CarbonNanotube,Carbon Nanotube,controlled_vocabulary_term,,http://purl.obolibrary.org/obo/CHEBI_16526,Carbon dioxide,class,chebi,0.621,rejected_chemical_non_exact,Rejected because ChEBI mappings are limited to exact or manually curated chemical matches in this phase.
https://w3id.org/h2kg/hydrogen-ontology#CarbonNanotube,Carbon Nanotube,controlled_vocabulary_term,,http://purl.obolibrary.org/obo/BFO_0000002,continuant,class,hdo,0.56,rejected_hdo_scope,Rejected because the local term is outside the narrow HDO data and metadata scope.
https://w3id.org/h2kg/hydrogen-ontology#CarbonOxideFractionPercent,Carbon Oxide Fraction Percent,controlled_vocabulary_term,,http://purl.obolibrary.org/obo/CHEBI_16526,Carbon dioxide,class,chebi,0.605,rejected_chemical_non_exact,Rejected because ChEBI mappings are limited to exact or manually curated chemical matches in this phase.
https://w3id.org/h2kg/hydrogen-ontology#CarbonOxideFractionPercent,Carbon Oxide Fraction Percent,controlled_vocabulary_term,,http://purl.obolibrary.org/obo/BFO_0000004,independent continuant,class,hdo,0.588,rejected_hdo_scope,Rejected because the local term is outside the narrow HDO data and metadata scope.
https://w3id.org/h2kg/hydrogen-ontology#CarbonSupport,Carbon Support,controlled_vocabulary_term,,http://purl.obolibrary.org/obo/CHEBI_16526,Carbon dioxide,class,chebi,0.571,rejected_chemical_non_exact,Rejected because ChEBI mappings are limited to exact or manually curated chemical matches in this phase.
https://w3id.org/h2kg/hydrogen-ontology#CarbonYield,Carbon Yield,controlled_vocabulary_term,,http://purl.obolibrary.org/obo/CHEBI_16526,Carbon dioxide,class,chebi,0.692,rejected_chemical_non_exact,Rejected because ChEBI mappings are limited to exact or manually curated chemical matches in this phase.
https://w3id.org/h2kg/hydrogen-ontology#CastorOil,Castor Oil,controlled_vocabulary_term,,https://purls.helmholtz-metadaten.de/hob/HDO_00006020,Tripel Store,class,hdo,0.636,rejected_hdo_scope,Rejected because the local term is outside the narrow HDO data and metadata scope.
https://w3id.org/h2kg/hydrogen-ontology#CastorOil,Castor Oil,controlled_vocabulary_term,,https://w3id.org/emmo#EMMO_material,Material,class,emmo-core,0.556,exploratory_candidate,Below the configured close-match threshold; kept only as exploratory output.
https://w3id.org/h2kg/hydrogen-ontology#CastorOil,Castor Oil,controlled_vocabulary_term,,https://purls.helmholtz-metadaten.de/hob/HDO_00006036,has role,object_property,hdo,0.556,rejected_kind_mismatch,Rejected because the local term kind and external target kind are not semantically compatible.
https://w3id.org/h2kg/hydrogen-ontology#CatalystCoatedSubstrate,Catalyst Coated Substrate,controlled_vocabulary_term,,https://purls.helmholtz-metadaten.de/hob/HDO_00001055,DEPRECATED data structure,class,hdo,0.6,rejected_deprecated_target,Rejected because the external target is marked as deprecated or obsolete.
https://w3id.org/h2kg/hydrogen-ontology#CatalystCoatedSubstrate,Catalyst Coated Substrate,controlled_vocabulary_term,,https://purls.helmholtz-metadaten.de/hob/HDO_00006031,data storage role,class,hdo,0.571,rejected_hdo_scope,Rejected because the local term is outside the narrow HDO data and metadata scope.
https://w3id.org/h2kg/hydrogen-ontology#CatalystImpregnation,Catalyst Impregnation,controlled_vocabulary_term,,https://purls.helmholtz-metadaten.de/hob/HDO_00001069,simulation data,class,hdo,0.611,rejected_hdo_scope,Rejected because the local term is outside the narrow HDO data and metadata scope.
https://w3id.org/h2kg/hydrogen-ontology#CatalystImpregnation,Catalyst Impregnation,controlled_vocabulary_term,,https://purls.helmholtz-metadaten.de/hob/HDO_00006044,creates specification,object_property,hdo,0.571,rejected_kind_mismatch,Rejected because the local term kind and external target kind are not semantically compatible.
https://w3id.org/h2kg/hydrogen-ontology#CatalystImpregnation,Catalyst Impregnation,controlled_vocabulary_term,,https://purls.helmholtz-metadaten.de/hob/HDO_00007037,database specification,class,hdo,0.558,rejected_hdo_scope,Rejected because the local term is outside the narrow HDO data and metadata scope.
https://w3id.org/h2kg/hydrogen-ontology#CatalystInkStructureDataset,Catalyst Ink Structure Dataset,controlled_vocabulary_term,,https://purls.helmholtz-metadaten.de/hob/HDO_00000005,structured data,class,hdo,0.702,exploratory_candidate,Below the configured close-match threshold; kept only as exploratory output.
https://w3id.org/h2kg/hydrogen-ontology#CatalystInkStructureDataset,Catalyst Ink Structure Dataset,controlled_vocabulary_term,,https://purls.helmholtz-metadaten.de/hob/HDO_00002030,digital infrastructure,class,hdo,0.657,exploratory_candidate,Below the configured close-match threshold; kept only as exploratory output.
https://w3id.org/h2kg/hydrogen-ontology#CatalystInkStructureDataset,Catalyst Ink Structure Dataset,controlled_vocabulary_term,,https://purls.helmholtz-metadaten.de/hob/HDO_00001055,DEPRECATED data structure,class,hdo,0.655,rejected_deprecated_target,Rejected because the external target is marked as deprecated or obsolete.
https://w3id.org/h2kg/hydrogen-ontology#CatalystInkStructureDataset,Catalyst Ink Structure Dataset,controlled_vocabulary_term,,https://purls.helmholtz-metadaten.de/hob/HDO_00000121,DEPRECATED unstructured,class,hdo,0.566,rejected_deprecated_target,Rejected because the external target is marked as deprecated or obsolete.
https://w3id.org/h2kg/hydrogen-ontology#CatalystLayerCompositionSpecification,Catalyst Layer Composition Specification,controlled_vocabulary_term,,http://purl.obolibrary.org/obo/IAO_0000007,action specification,class,hdo,0.667,rejected_hdo_scope,Rejected because the local term is outside the narrow HDO data and metadata scope.
https://w3id.org/h2kg/hydrogen-ontology#CatalystLayerCompositionSpecification,Catalyst Layer Composition Specification,controlled_vocabulary_term,,https://purls.helmholtz-metadaten.de/hob/HDO_00007028,dictionary specification,class,hdo,0.656,rejected_hdo_scope,Rejected because the local term is outside the narrow HDO data and metadata scope.
https://w3id.org/h2kg/hydrogen-ontology#CatalystLayerCompositionSpecification,Catalyst Layer Composition Specification,controlled_vocabulary_term,,https://purls.helmholtz-metadaten.de/hob/HDO_00007037,database specification,class,hdo,0.613,rejected_hdo_scope,Rejected because the local term is outside the narrow HDO data and metadata scope.
https://w3id.org/h2kg/hydrogen-ontology#CatalystLayerCompositionSpecification,Catalyst Layer Composition Specification,controlled_vocabulary_term,,https://purls.helmholtz-metadaten.de/hob/HDO_00007035,ontological graph specification,class,hdo,0.592,rejected_hdo_scope,Rejected because the local term is outside the narrow HDO data and metadata scope.
https://w3id.org/h2kg/hydrogen-ontology#CatalystLayerCompositionSpecification,Catalyst Layer Composition Specification,controlled_vocabulary_term,,https://purls.helmholtz-metadaten.de/hob/HDO_00006044,creates specification,object_property,hdo,0.59,rejected_kind_mismatch,Rejected because the local term kind and external target kind are not semantically compatible.
https://w3id.org/h2kg/hydrogen-ontology#CatalystLayerCompositionSpecification,Catalyst Layer Composition Specification,controlled_vocabulary_term,,https://purls.helmholtz-metadaten.de/hob/HDO_00007038,digital object specification,class,hdo,0.588,rejected_hdo_scope,Rejected because the local term is outside the narrow HDO data and metadata scope.
https://w3id.org/h2kg/hydrogen-ontology#CatalystLayerCompositionSpecification,Catalyst Layer Composition Specification,controlled_vocabulary_term,,http://purl.obolibrary.org/obo/IAO_0000104,plan specification,class,hdo,0.586,rejected_hdo_scope,Rejected because the local term is outside the narrow HDO data and metadata scope.
https://w3id.org/h2kg/hydrogen-ontology#CatalystLayerCompositionSpecification,Catalyst Layer Composition Specification,controlled_vocabulary_term,,https://purls.helmholtz-metadaten.de/hob/HDO_00001057,obsolete schema specification,class,hdo,0.58,rejected_deprecated_target,Rejected because the external target is marked as deprecated or obsolete.
https://w3id.org/h2kg/hydrogen-ontology#CatalystLayerCompositionSpecification,Catalyst Layer Composition Specification,controlled_vocabulary_term,,http://purl.obolibrary.org/obo/IAO_0000005,objective specification,class,hdo,0.571,rejected_hdo_scope,Rejected because the local term is outside the narrow HDO data and metadata scope.
https://w3id.org/h2kg/hydrogen-ontology#CatalystLayerCompositionSpecification,Catalyst Layer Composition Specification,controlled_vocabulary_term,,https://purls.helmholtz-metadaten.de/hob/HDO_00001004,Metadaten-Standardspezifikation,class,hdo,0.563,rejected_hdo_scope,Rejected because the local term is outside the narrow HDO data and metadata scope.
https://w3id.org/h2kg/hydrogen-ontology#CatalystLayerCompositionSpecification,Catalyst Layer Composition Specification,controlled_vocabulary_term,,https://purls.helmholtz-metadaten.de/hob/HDO_00007034,directed acyclic graph specification,class,hdo,0.553,rejected_hdo_scope,Rejected because the local term is outside the narrow HDO data and metadata scope.
https://w3id.org/h2kg/hydrogen-ontology#CatalystLoading,Catalyst Loading,controlled_vocabulary_term,,https://purls.helmholtz-metadaten.de/hob/HDO_00001068,computational modelling,class,hdo,0.564,rejected_hdo_scope,Rejected because the local term is outside the narrow HDO data and metadata scope.
https://w3id.org/h2kg/hydrogen-ontology#CatalystTransferRate,Catalyst Transfer Rate,controlled_vocabulary_term,,https://purls.helmholtz-metadaten.de/hob/HDO_00006031,data storage role,class,hdo,0.564,rejected_hdo_scope,Rejected because the local term is outside the narrow HDO data and metadata scope.
https://w3id.org/h2kg/hydrogen-ontology#CathodeCatalystLoading,Cathode Catalyst Loading,controlled_vocabulary_term,,https://purls.helmholtz-metadaten.de/hob/HDO_00001068,computational modelling,class,hdo,0.553,rejected_hdo_scope,Rejected because the local term is outside the narrow HDO data and metadata scope.
https://w3id.org/h2kg/hydrogen-ontology#CellPressure,Cell Pressure,controlled_vocabulary_term,,https://purls.helmholtz-metadaten.de/hob/HDO_00006064,uses process,object_property,hdo,0.56,rejected_kind_mismatch,Rejected because the local term kind and external target kind are not semantically compatible.
https://w3id.org/h2kg/hydrogen-ontology#CentrifugationProcess,Centrifugation Process,controlled_vocabulary_term,,https://purls.helmholtz-metadaten.de/hob/HDO_00001059,Quantifikationsprozess,class,hdo,0.682,rejected_hdo_scope,Rejected because the local term is outside the narrow HDO data and metadata scope.
https://w3id.org/h2kg/hydrogen-ontology#CentrifugationProcess,Centrifugation Process,controlled_vocabulary_term,,https://purls.helmholtz-metadaten.de/hob/HDO_00001011,geplanter Prozess,class,hdo,0.564,rejected_hdo_scope,Rejected because the local term is outside the narrow HDO data and metadata scope.
https://w3id.org/h2kg/hydrogen-ontology#CentrifugationSpeed,Centrifugation Speed,controlled_vocabulary_term,,https://purls.helmholtz-metadaten.de/hob/HDO_00001059,Quantifikationsprozess,class,hdo,0.571,rejected_hdo_scope,Rejected because the local term is outside the narrow HDO data and metadata scope.
https://w3id.org/h2kg/hydrogen-ontology#CentrifugationSpeed,Centrifugation Speed,controlled_vocabulary_term,,http://purl.obolibrary.org/obo/BFO_0000004,independent continuant,class,hdo,0.571,rejected_hdo_scope,Rejected because the local term is outside the narrow HDO data and metadata scope.
https://w3id.org/h2kg/hydrogen-ontology#CentrifugationSpeed,Centrifugation Speed,controlled_vocabulary_term,,https://purls.helmholtz-metadaten.de/hob/HDO_00007005,self-information,class,hdo,0.556,rejected_hdo_scope,Rejected because the local term is outside the narrow HDO data and metadata scope.
https://w3id.org/h2kg/hydrogen-ontology#CentrifugationTime,Centrifugation Time,controlled_vocabulary_term,,https://purls.helmholtz-metadaten.de/hob/hdo.owl#triple_specification,Tripel Spezifikation,class,hdo,0.615,rejected_hdo_scope,Rejected because the local term is outside the narrow HDO data and metadata scope.
https://w3id.org/h2kg/hydrogen-ontology#CentrifugationTime,Centrifugation Time,controlled_vocabulary_term,,http://purl.obolibrary.org/obo/BFO_0000002,continuant,class,hdo,0.552,rejected_hdo_scope,Rejected because the local term is outside the narrow HDO data and metadata scope.
https://w3id.org/h2kg/hydrogen-ontology#Centrifuge,Centrifuge,controlled_vocabulary_term,,https://purls.helmholtz-metadaten.de/hob/HDO_00000047,Identifier,class,hdo,0.6,rejected_hdo_scope,Rejected because the local term is outside the narrow HDO data and metadata scope.
https://w3id.org/h2kg/hydrogen-ontology#Centrifuge,Centrifuge,controlled_vocabulary_term,,http://purl.org/dc/terms/identifier,identifier,object_property,hdo,0.6,rejected_kind_mismatch,Rejected because the local term kind and external target kind are not semantically compatible.
https://w3id.org/h2kg/hydrogen-ontology#Centrifuge,Centrifuge,controlled_vocabulary_term,,https://purls.helmholtz-metadaten.de/hob/HDO_00006006,Identifizierung,class,hdo,0.56,rejected_hdo_scope,Rejected because the local term is outside the narrow HDO data and metadata scope.
https://w3id.org/h2kg/hydrogen-ontology#CesiumFormateSolution,Cesium Formate Solution,controlled_vocabulary_term,,https://purls.helmholtz-metadaten.de/hob/HDO_00005003,misinformation,class,hdo,0.595,rejected_hdo_scope,Rejected because the local term is outside the narrow HDO data and metadata scope.
https://w3id.org/h2kg/hydrogen-ontology#CesiumFormateSolution,Cesium Formate Solution,controlled_vocabulary_term,,https://purls.helmholtz-metadaten.de/hob/HDO_00000025,Information,class,hdo,0.588,rejected_hdo_scope,Rejected because the local term is outside the narrow HDO data and metadata scope.
https://w3id.org/h2kg/hydrogen-ontology#CesiumFormateSolution,Cesium Formate Solution,controlled_vocabulary_term,,https://purls.helmholtz-metadaten.de/hob/HDO_00000120,obsolete format,class,hdo,0.579,rejected_deprecated_target,Rejected because the external target is marked as deprecated or obsolete.
https://w3id.org/h2kg/hydrogen-ontology#CesiumFormateSolution,Cesium Formate Solution,controlled_vocabulary_term,,https://purls.helmholtz-metadaten.de/hob/HDO_00000111,Einheitsinformation,class,hdo,0.571,rejected_hdo_scope,Rejected because the local term is outside the narrow HDO data and metadata scope.
https://w3id.org/h2kg/hydrogen-ontology#CesiumFormateSolution,Cesium Formate Solution,controlled_vocabulary_term,,https://purls.helmholtz-metadaten.de/hob/HDO_00000113,obsolete Datenformat,class,hdo,0.558,rejected_deprecated_target,Rejected because the external target is marked as deprecated or obsolete.
https://w3id.org/h2kg/hydrogen-ontology#ChargeDischargeDataset,Charge Discharge Dataset,controlled_vocabulary_term,,http://purl.obolibrary.org/obo/RO_0000053,has characteristic,object_property,hdo,0.571,rejected_kind_mismatch,Rejected because the local term kind and external target kind are not semantically compatible.
https://w3id.org/h2kg/hydrogen-ontology#ChargeStorageCapacity,Charge Storage Capacity,controlled_vocabulary_term,,https://purls.helmholtz-metadaten.de/hob/HDO_00006031,data storage role,class,hdo,0.65,rejected_hdo_scope,Rejected because the local term is outside the narrow HDO data and metadata scope.
https://w3id.org/h2kg/hydrogen-ontology#ChargeTransferResistance,Charge Transfer Resistance,controlled_vocabulary_term,,http://purl.obolibrary.org/obo/RO_0000053,has characteristic,object_property,hdo,0.591,rejected_kind_mismatch,Rejected because the local term kind and external target kind are not semantically compatible.
https://w3id.org/h2kg/hydrogen-ontology#ChronoamperometryMeasurement,Chronoamperometry Measurement,controlled_vocabulary_term,,https://w3id.org/emmo/domain/electrochemistry#electrochemistry_7729c34e_1ae9_403d_b933_1765885e7f29,Electrochemical measurement,class,emmo-electrochemistry,0.607,rejected_generic_electrochemical_measurement,Rejected because generic electrochemical measurement is too broad for automatic proposal here.
https://w3id.org/h2kg/hydrogen-ontology#ChronopotentiometryMeasurement,Chronopotentiometry Measurement,controlled_vocabulary_term,,https://w3id.org/emmo/domain/electrochemistry#electrochemistry_7729c34e_1ae9_403d_b933_1765885e7f29,Electrochemical measurement,class,emmo-electrochemistry,0.586,rejected_generic_electrochemical_measurement,Rejected because generic electrochemical measurement is too broad for automatic proposal here.
https://w3id.org/h2kg/hydrogen-ontology#CoReductionProcess,Co Reduction Process,controlled_vocabulary_term,,https://purls.helmholtz-metadaten.de/hob/HDO_00006064,uses process,object_property,hdo,0.562,rejected_kind_mismatch,Rejected because the local term kind and external target kind are not semantically compatible.
https://w3id.org/h2kg/hydrogen-ontology#CoReductionProcess,Co Reduction Process,controlled_vocabulary_term,,https://purls.helmholtz-metadaten.de/hob/HDO_00006057,processes,object_property,hdo,0.552,rejected_kind_mismatch,Rejected because the local term kind and external target kind are not semantically compatible.
https://w3id.org/h2kg/hydrogen-ontology#CoatingAirVelocity,Coating Air Velocity,controlled_vocabulary_term,,http://purl.obolibrary.org/obo/IAO_0000006,narrative object,class,hdo,0.556,rejected_hdo_scope,Rejected because the local term is outside the narrow HDO data and metadata scope.
https://w3id.org/h2kg/hydrogen-ontology#CoatingGap,Coating Gap,controlled_vocabulary_term,,http://purl.obolibrary.org/obo/BFO_0000002,continuant,class,hdo,0.571,rejected_hdo_scope,Rejected because the local term is outside the narrow HDO data and metadata scope.
https://w3id.org/h2kg/hydrogen-ontology#CoatingMassMeasurement,Coating Mass Measurement,controlled_vocabulary_term,,https://w3id.org/emmo/domain/electrochemistry#electrochemistry_7729c34e_1ae9_403d_b933_1765885e7f29,Electrochemical measurement,class,emmo-electrochemistry,0.627,rejected_generic_electrochemical_measurement,Rejected because generic electrochemical measurement is too broad for automatic proposal here.
https://w3id.org/h2kg/hydrogen-ontology#CoatingRepetitions,Coating Repetitions,controlled_vocabulary_term,,http://purl.obolibrary.org/obo/IAO_0000007,action specification,class,hdo,0.615,rejected_hdo_scope,Rejected because the local term is outside the narrow HDO data and metadata scope.
https://w3id.org/h2kg/hydrogen-ontology#CoatingRepetitions,Coating Repetitions,controlled_vocabulary_term,,https://purls.helmholtz-metadaten.de/hob/HDO_00007028,dictionary specification,class,hdo,0.558,rejected_hdo_scope,Rejected because the local term is outside the narrow HDO data and metadata scope.
https://w3id.org/h2kg/hydrogen-ontology#CoatingSpeed,Coating Speed,controlled_vocabulary_term,,https://purls.helmholtz-metadaten.de/hob/HDO_00007005,self-information,class,hdo,0.552,rejected_hdo_scope,Rejected because the local term is outside the narrow HDO data and metadata scope.
https://w3id.org/h2kg/hydrogen-ontology#CoatingWeightMeasurement,Coating Weight Measurement,controlled_vocabulary_term,,https://w3id.org/emmo/domain/electrochemistry#electrochemistry_7729c34e_1ae9_403d_b933_1765885e7f29,Electrochemical measurement,class,emmo-electrochemistry,0.566,rejected_generic_electrochemical_measurement,Rejected because generic electrochemical measurement is too broad for automatic proposal here.
https://w3id.org/h2kg/hydrogen-ontology#CoatingWidth,Coating Width,controlled_vocabulary_term,,https://purls.helmholtz-metadaten.de/hob/HDO_00006039,communicates with,object_property,hdo,0.6,rejected_kind_mismatch,Rejected because the local term kind and external target kind are not semantically compatible.
https://w3id.org/h2kg/hydrogen-ontology#CobaltAcetate,Cobalt Acetate,controlled_vocabulary_term,,https://purls.helmholtz-metadaten.de/hob/HDO_00007008,obsolete data,class,hdo,0.593,rejected_deprecated_target,Rejected because the external target is marked as deprecated or obsolete.
https://w3id.org/h2kg/hydrogen-ontology#ColloidalSynthesisProcess,Colloidal Synthesis Process,controlled_vocabulary_term,,https://purls.helmholtz-metadaten.de/hob/HDO_00006064,uses process,object_property,hdo,0.564,rejected_kind_mismatch,Rejected because the local term kind and external target kind are not semantically compatible.
https://w3id.org/h2kg/hydrogen-ontology#ComponentMolarRatio,Component Molar Ratio,controlled_vocabulary_term,,http://purl.obolibrary.org/obo/IAO_0000030,information content entity,class,hdo,0.553,rejected_hdo_scope,Rejected because the local term is outside the narrow HDO data and metadata scope.
https://w3id.org/h2kg/hydrogen-ontology#CompressionPressure,Compression Pressure,controlled_vocabulary_term,,https://purls.helmholtz-metadaten.de/hob/HDO_00001070,Messprozess,class,hdo,0.581,rejected_hdo_scope,Rejected because the local term is outside the narrow HDO data and metadata scope.
https://w3id.org/h2kg/hydrogen-ontology#CompressiveStrength,Compressive Strength,controlled_vocabulary_term,,https://purls.helmholtz-metadaten.de/hob/HDO_00001031,semantic expressiveness,class,hdo,0.605,rejected_hdo_scope,Rejected because the local term is outside the narrow HDO data and metadata scope.
https://w3id.org/h2kg/hydrogen-ontology#ConcentrationExponent,Concentration Exponent,controlled_vocabulary_term,,http://purl.obolibrary.org/obo/BFO_0000004,independent continuant,class,hdo,0.636,rejected_hdo_scope,Rejected because the local term is outside the narrow HDO data and metadata scope.
https://w3id.org/h2kg/hydrogen-ontology#ConditioningTime,Conditioning Time,controlled_vocabulary_term,,http://purl.obolibrary.org/obo/BFO_0000002,continuant,class,hdo,0.593,rejected_hdo_scope,Rejected because the local term is outside the narrow HDO data and metadata scope.
https://w3id.org/h2kg/hydrogen-ontology#ContactAngle,Contact Angle,controlled_vocabulary_term,,http://www.w3.org/ns/prov#Agent,Agent,class,prov-o,0.556,rejected_metadata_scope,Rejected because the local term is outside the provenance and publication-metadata scope.
https://w3id.org/h2kg/hydrogen-ontology#ContactAngle,Contact Angle,controlled_vocabulary_term,,https://purls.helmholtz-metadaten.de/hob/HDO_00006007,Agent,class,hdo,0.556,rejected_hdo_scope,Rejected because the local term is outside the narrow HDO data and metadata scope.
https://w3id.org/h2kg/hydrogen-ontology#ContactAngleMeasurement,Contact Angle Measurement,controlled_vocabulary_term,,https://w3id.org/emmo/domain/electrochemistry#electrochemistry_7729c34e_1ae9_403d_b933_1765885e7f29,Electrochemical measurement,class,emmo-electrochemistry,0.654,rejected_generic_electrochemical_measurement,Rejected because generic electrochemical measurement is too broad for automatic proposal here.
https://w3id.org/h2kg/hydrogen-ontology#ContaminationTime,Contamination Time,controlled_vocabulary_term,,http://purl.obolibrary.org/obo/BFO_0000002,continuant,class,hdo,0.643,rejected_hdo_scope,Rejected because the local term is outside the narrow HDO data and metadata scope.
https://w3id.org/h2kg/hydrogen-ontology#ContinuousModePrinting,Continuous Mode Printing,controlled_vocabulary_term,,http://purl.obolibrary.org/obo/BFO_0000004,independent continuant,class,hdo,0.565,rejected_hdo_scope,Rejected because the local term is outside the narrow HDO data and metadata scope.
https://w3id.org/h2kg/hydrogen-ontology#ContinuousModePrinting,Continuous Mode Printing,controlled_vocabulary_term,,https://purls.helmholtz-metadaten.de/hob/HDO_00001068,computational modelling,class,hdo,0.553,rejected_hdo_scope,Rejected because the local term is outside the narrow HDO data and metadata scope.
https://w3id.org/h2kg/hydrogen-ontology#CrackAspectRatio,Crack Aspect Ratio,controlled_vocabulary_term,,http://purl.obolibrary.org/obo/IAO_0000104,plan specification,class,hdo,0.556,rejected_hdo_scope,Rejected because the local term is outside the narrow HDO data and metadata scope.
https://w3id.org/h2kg/hydrogen-ontology#CrackCharacterizationMeasurement,Crack Characterization Measurement,controlled_vocabulary_term,,https://w3id.org/emmo/domain/electrochemistry#electrochemistry_7729c34e_1ae9_403d_b933_1765885e7f29,Electrochemical measurement,class,emmo-electrochemistry,0.623,rejected_generic_electrochemical_measurement,Rejected because generic electrochemical measurement is too broad for automatic proposal here.
https://w3id.org/h2kg/hydrogen-ontology#CrackCharacterizationMeasurement,Crack Characterization Measurement,controlled_vocabulary_term,,http://purl.obolibrary.org/obo/RO_0000053,has characteristic,object_property,hdo,0.615,rejected_kind_mismatch,Rejected because the local term kind and external target kind are not semantically compatible.
https://w3id.org/h2kg/hydrogen-ontology#CrackWidth,Crack Width,controlled_vocabulary_term,,https://purls.helmholtz-metadaten.de/hob/HDO_00006054,interacts with,object_property,hdo,0.64,rejected_kind_mismatch,Rejected because the local term kind and external target kind are not semantically compatible.
https://w3id.org/h2kg/hydrogen-ontology#CrackWidthMax,Crack Width Max,controlled_vocabulary_term,,https://purls.helmholtz-metadaten.de/hob/HDO_00006054,interacts with,object_property,hdo,0.552,rejected_kind_mismatch,Rejected because the local term kind and external target kind are not semantically compatible.
https://w3id.org/h2kg/hydrogen-ontology#CriticalCrackThickness,Critical Crack Thickness,controlled_vocabulary_term,,http://purl.obolibrary.org/obo/RO_0000053,has characteristic,object_property,hdo,0.571,rejected_kind_mismatch,Rejected because the local term kind and external target kind are not semantically compatible.
https://w3id.org/h2kg/hydrogen-ontology#CriticalCrackThicknessMeasurement,Critical Crack Thickness Measurement,controlled_vocabulary_term,,https://w3id.org/emmo/domain/electrochemistry#electrochemistry_7729c34e_1ae9_403d_b933_1765885e7f29,Electrochemical measurement,class,emmo-electrochemistry,0.603,rejected_generic_electrochemical_measurement,Rejected because generic electrochemical measurement is too broad for automatic proposal here.
https://w3id.org/h2kg/hydrogen-ontology#CrossheadSpeed,Crosshead Speed,controlled_vocabulary_term,,https://purls.helmholtz-metadaten.de/hob/HDO_00001040,Cloud-Speicher,class,hdo,0.552,rejected_hdo_scope,Rejected because the local term is outside the narrow HDO data and metadata scope.
https://w3id.org/h2kg/hydrogen-ontology#CrushStrengthMeasurement,Crush Strength Measurement,controlled_vocabulary_term,,https://w3id.org/emmo/domain/electrochemistry#electrochemistry_7729c34e_1ae9_403d_b933_1765885e7f29,Electrochemical measurement,class,emmo-electrochemistry,0.566,rejected_generic_electrochemical_measurement,Rejected because generic electrochemical measurement is too broad for automatic proposal here.
https://w3id.org/h2kg/hydrogen-ontology#Cryostat,Cryostat,controlled_vocabulary_term,,http://purl.obolibrary.org/obo/BFO_0000002,continuant,class,hdo,0.556,rejected_hdo_scope,Rejected because the local term is outside the narrow HDO data and metadata scope.
https://w3id.org/h2kg/hydrogen-ontology#CurrentDensity,Current Density,controlled_vocabulary_term,,http://purl.obolibrary.org/obo/BFO_0000003,occurrent,class,hdo,0.583,rejected_hdo_scope,Rejected because the local term is outside the narrow HDO data and metadata scope.
https://w3id.org/h2kg/hydrogen-ontology#CurrentDensity,Current Density,controlled_vocabulary_term,,http://purl.obolibrary.org/obo/BFO_0000001,entity,class,hdo,0.571,rejected_hdo_scope,Rejected because the local term is outside the narrow HDO data and metadata scope.
https://w3id.org/h2kg/hydrogen-ontology#CurrentEfficiency,Current Efficiency,controlled_vocabulary_term,,https://purls.helmholtz-metadaten.de/hob/HDO_00006044,creates specification,object_property,hdo,0.564,rejected_kind_mismatch,Rejected because the local term kind and external target kind are not semantically compatible.
https://w3id.org/h2kg/hydrogen-ontology#CyclicBendingTestMeasurement,Cyclic Bending Test Measurement,controlled_vocabulary_term,,https://w3id.org/emmo/domain/electrochemistry#electrochemistry_7729c34e_1ae9_403d_b933_1765885e7f29,Electrochemical measurement,class,emmo-electrochemistry,0.586,rejected_generic_electrochemical_measurement,Rejected because generic electrochemical measurement is too broad for automatic proposal here.
https://w3id.org/h2kg/hydrogen-ontology#CyclicVoltammogramDataset,Cyclic Voltammogram Dataset,controlled_vocabulary_term,,https://purls.helmholtz-metadaten.de/hob/HDO_00000014,directed acyclic graph,class,hdo,0.571,rejected_hdo_scope,Rejected because the local term is outside the narrow HDO data and metadata scope.
https://w3id.org/h2kg/hydrogen-ontology#DEMTimeStep,DEM Time Step,controlled_vocabulary_term,,https://purls.helmholtz-metadaten.de/hob/HDO_00006020,Tripel Store,class,hdo,0.56,rejected_hdo_scope,Rejected because the local term is outside the narrow HDO data and metadata scope.
https://w3id.org/h2kg/hydrogen-ontology#DLPElastomerResin,DLP Elastomer Resin,controlled_vocabulary_term,,https://purls.helmholtz-metadaten.de/hob/HDO_00001011,geplanter Prozess,class,hdo,0.556,rejected_hdo_scope,Rejected because the local term is outside the narrow HDO data and metadata scope.
https://w3id.org/h2kg/hydrogen-ontology#DLPProjector,DLP Projector,controlled_vocabulary_term,,https://purls.helmholtz-metadaten.de/hob/HDO_00000013,digital object,class,hdo,0.593,rejected_hdo_scope,Rejected because the local term is outside the narrow HDO data and metadata scope.
https://w3id.org/h2kg/hydrogen-ontology#DLPProjector,DLP Projector,controlled_vocabulary_term,,https://purls.helmholtz-metadaten.de/hob/HDO_00000018,FAIR digital object,class,hdo,0.562,rejected_hdo_scope,Rejected because the local term is outside the narrow HDO data and metadata scope.
https://w3id.org/h2kg/hydrogen-ontology#DLSInstrument,DLS Instrument,controlled_vocabulary_term,,https://purls.helmholtz-metadaten.de/hob/HDO_00002030,digital infrastructure,class,hdo,0.556,rejected_hdo_scope,Rejected because the local term is outside the narrow HDO data and metadata scope.
https://w3id.org/h2kg/hydrogen-ontology#DMAEMAMonomer,DMAEMA Monomer,controlled_vocabulary_term,,https://purls.helmholtz-metadaten.de/hob/HDO_00002004,Taxonomische Daten,class,hdo,0.562,rejected_hdo_scope,Rejected because the local term is outside the narrow HDO data and metadata scope.
https://w3id.org/h2kg/hydrogen-ontology#DRMPerformanceDataset,DRM Performance Dataset,controlled_vocabulary_term,,https://purls.helmholtz-metadaten.de/hob/HDO_00006025,Datentypinformation,class,hdo,0.571,rejected_hdo_scope,Rejected because the local term is outside the narrow HDO data and metadata scope.
https://w3id.org/h2kg/hydrogen-ontology#DRTDataset,DRT Dataset,controlled_vocabulary_term,,https://purls.helmholtz-metadaten.de/hob/HDO_00000005,structured data,class,hdo,0.695,exploratory_candidate,Below the configured close-match threshold; kept only as exploratory output.
https://w3id.org/h2kg/hydrogen-ontology#DRTDataset,DRT Dataset,controlled_vocabulary_term,,https://purls.helmholtz-metadaten.de/hob/HDO_00002013,FAIR data,class,hdo,0.68,exploratory_candidate,Below the configured close-match threshold; kept only as exploratory output.
https://w3id.org/h2kg/hydrogen-ontology#DRTDataset,DRT Dataset,controlled_vocabulary_term,,https://purls.helmholtz-metadaten.de/hob/HDO_00002029,Dateninfrastruktur,class,hdo,0.632,exploratory_candidate,Below the configured close-match threshold; kept only as exploratory output.
https://w3id.org/h2kg/hydrogen-ontology#DRTDataset,DRT Dataset,controlled_vocabulary_term,,https://purls.helmholtz-metadaten.de/hob/HDO_00007008,obsolete data,class,hdo,0.583,rejected_deprecated_target,Rejected because the external target is marked as deprecated or obsolete.
https://w3id.org/h2kg/hydrogen-ontology#DRTDataset,DRT Dataset,controlled_vocabulary_term,,https://purls.helmholtz-metadaten.de/hob/HDO_00007043,obsolete data validation,class,hdo,0.571,rejected_deprecated_target,Rejected because the external target is marked as deprecated or obsolete.
https://w3id.org/h2kg/hydrogen-ontology#Data,Data,class,,https://purls.helmholtz-metadaten.de/hob/HDO_00000116,Datei,class,hdo,0.667,rejected_hdo_scope,Rejected because the local term is outside the narrow HDO data and metadata scope.
https://w3id.org/h2kg/hydrogen-ontology#Data,Data,class,,https://purls.helmholtz-metadaten.de/hob/HDO_00000009,Daten,class,hdo,0.667,rejected_hdo_scope,Rejected because the local term is outside the narrow HDO data and metadata scope.
https://w3id.org/h2kg/hydrogen-ontology#Data,Data,class,,https://purls.helmholtz-metadaten.de/hob/HDO_00001039,Data Lake,class,hdo,0.615,rejected_hdo_scope,Rejected because the local term is outside the narrow HDO data and metadata scope.
https://w3id.org/h2kg/hydrogen-ontology#Data,Data,class,,https://purls.helmholtz-metadaten.de/hob/HDO_00000107,Datenbank,class,hdo,0.615,rejected_hdo_scope,Rejected because the local term is outside the narrow HDO data and metadata scope.
https://w3id.org/h2kg/hydrogen-ontology#Data,Data,class,,https://purls.helmholtz-metadaten.de/hob/HDO_00001037,Datensatz,class,hdo,0.615,rejected_hdo_scope,Rejected because the local term is outside the narrow HDO data and metadata scope.
https://w3id.org/h2kg/hydrogen-ontology#Data,Data,class,,https://purls.helmholtz-metadaten.de/hob/HDO_00002013,FAIR data,class,hdo,0.615,rejected_hdo_scope,Rejected because the local term is outside the narrow HDO data and metadata scope.
https://w3id.org/h2kg/hydrogen-ontology#DataPoint,Data Point,class,,https://purls.helmholtz-metadaten.de/hob/HDO_00002013,FAIR data,class,hdo,0.712,exploratory_candidate,Below the configured close-match threshold; kept only as exploratory output.
https://w3id.org/h2kg/hydrogen-ontology#DataPoint,Data Point,class,,https://purls.helmholtz-metadaten.de/hob/HDO_00000108,digital repository,class,hdo,0.651,exploratory_candidate,Below the configured close-match threshold; kept only as exploratory output.
https://w3id.org/h2kg/hydrogen-ontology#DataPoint,Data Point,class,,https://purls.helmholtz-metadaten.de/hob/HDO_00001069,simulation data,class,hdo,0.64,exploratory_candidate,Below the configured close-match threshold; kept only as exploratory output.
https://w3id.org/h2kg/hydrogen-ontology#DataPoint,Data Point,class,,https://purls.helmholtz-metadaten.de/hob/HDO_00000007,Datentyp,class,hdo,0.636,exploratory_candidate,Below the configured close-match threshold; kept only as exploratory output.
https://w3id.org/h2kg/hydrogen-ontology#DataPoint,Data Point,class,,https://purls.helmholtz-metadaten.de/hob/HDO_00007008,obsolete data,class,hdo,0.609,rejected_deprecated_target,Rejected because the external target is marked as deprecated or obsolete.
https://w3id.org/h2kg/hydrogen-ontology#DebindingProcess,Debinding Process,controlled_vocabulary_term,,https://purls.helmholtz-metadaten.de/hob/HDO_00001010,Kodierungsprozess,class,hdo,0.588,rejected_hdo_scope,Rejected because the local term is outside the narrow HDO data and metadata scope.
https://w3id.org/h2kg/hydrogen-ontology#DebindingProcess,Debinding Process,controlled_vocabulary_term,,https://w3id.org/emmo#EMMO_process,Process,class,emmo-core,0.583,exploratory_candidate,Below the configured close-match threshold; kept only as exploratory output.
https://w3id.org/h2kg/hydrogen-ontology#DebindingProcess,Debinding Process,controlled_vocabulary_term,,http://purl.obolibrary.org/obo/BFO_0000015,process,class,hdo,0.583,rejected_hdo_scope,Rejected because the local term is outside the narrow HDO data and metadata scope.
https://w3id.org/h2kg/hydrogen-ontology#DeflectionCriterionCalculation,Deflection Criterion Calculation,controlled_vocabulary_term,,http://purl.obolibrary.org/obo/IAO_0000007,action specification,class,hdo,0.577,rejected_hdo_scope,Rejected because the local term is outside the narrow HDO data and metadata scope.
https://w3id.org/h2kg/hydrogen-ontology#DegreeOfSulfonation,Degree Of Sulfonation,controlled_vocabulary_term,,https://purls.helmholtz-metadaten.de/hob/HDO_00001069,simulation data,class,hdo,0.556,rejected_hdo_scope,Rejected because the local term is outside the narrow HDO data and metadata scope.
https://w3id.org/h2kg/hydrogen-ontology#DeltaS,Delta S,controlled_vocabulary_term,,https://purls.helmholtz-metadaten.de/hob/HDO_00006045,directs,object_property,hdo,0.571,rejected_kind_mismatch,Rejected because the local term kind and external target kind are not semantically compatible.
https://w3id.org/h2kg/hydrogen-ontology#DensityMeasurement,Density Measurement,controlled_vocabulary_term,,https://w3id.org/emmo/domain/electrochemistry#electrochemistry_7729c34e_1ae9_403d_b933_1765885e7f29,Electrochemical measurement,class,emmo-electrochemistry,0.609,rejected_generic_electrochemical_measurement,Rejected because generic electrochemical measurement is too broad for automatic proposal here.
https://w3id.org/h2kg/hydrogen-ontology#DepositionPotential,Deposition Potential,controlled_vocabulary_term,,http://purl.obolibrary.org/obo/BFO_0000016,disposition,class,hdo,0.581,rejected_hdo_scope,Rejected because the local term is outside the narrow HDO data and metadata scope.
https://w3id.org/h2kg/hydrogen-ontology#DepositionRate,Deposition Rate,controlled_vocabulary_term,,http://purl.obolibrary.org/obo/BFO_0000016,disposition,class,hdo,0.692,rejected_hdo_scope,Rejected because the local term is outside the narrow HDO data and metadata scope.
https://w3id.org/h2kg/hydrogen-ontology#DepositionRate,Deposition Rate,controlled_vocabulary_term,,https://purls.helmholtz-metadaten.de/hob/HDO_00007032,dictionary,class,hdo,0.56,rejected_hdo_scope,Rejected because the local term is outside the narrow HDO data and metadata scope.
https://w3id.org/h2kg/hydrogen-ontology#DepositionTime,Deposition Time,controlled_vocabulary_term,,http://purl.obolibrary.org/obo/BFO_0000016,disposition,class,hdo,0.692,rejected_hdo_scope,Rejected because the local term is outside the narrow HDO data and metadata scope.
https://w3id.org/h2kg/hydrogen-ontology#DepositionTime,Deposition Time,controlled_vocabulary_term,,https://purls.helmholtz-metadaten.de/hob/hdo.owl#triple_specification,Tripel Spezifikation,class,hdo,0.571,rejected_hdo_scope,Rejected because the local term is outside the narrow HDO data and metadata scope.
https://w3id.org/h2kg/hydrogen-ontology#DesignedPorosity,Designed Porosity,controlled_vocabulary_term,,https://purls.helmholtz-metadaten.de/hob/HDO_00000108,digital repository,class,hdo,0.571,rejected_hdo_scope,Rejected because the local term is outside the narrow HDO data and metadata scope.
https://w3id.org/h2kg/hydrogen-ontology#DetectionArea,Detection Area,controlled_vocabulary_term,,https://purls.helmholtz-metadaten.de/hob/HDO_00006044,creates specification,object_property,hdo,0.571,rejected_kind_mismatch,Rejected because the local term kind and external target kind are not semantically compatible.
https://w3id.org/h2kg/hydrogen-ontology#DialysisPurificationProcess,Dialysis Purification Process,controlled_vocabulary_term,,https://purls.helmholtz-metadaten.de/hob/HDO_00007038,digital object specification,class,hdo,0.632,rejected_hdo_scope,Rejected because the local term is outside the narrow HDO data and metadata scope.
https://w3id.org/h2kg/hydrogen-ontology#DialysisPurificationProcess,Dialysis Purification Process,controlled_vocabulary_term,,https://purls.helmholtz-metadaten.de/hob/HDO_00007028,dictionary specification,class,hdo,0.604,rejected_hdo_scope,Rejected because the local term is outside the narrow HDO data and metadata scope.
https://w3id.org/h2kg/hydrogen-ontology#DialysisPurificationProcess,Dialysis Purification Process,controlled_vocabulary_term,,https://purls.helmholtz-metadaten.de/hob/HDO_00007037,database specification,class,hdo,0.588,rejected_hdo_scope,Rejected because the local term is outside the narrow HDO data and metadata scope.
https://w3id.org/h2kg/hydrogen-ontology#DialysisPurificationProcess,Dialysis Purification Process,controlled_vocabulary_term,,https://purls.helmholtz-metadaten.de/hob/HDO_00007026,Listenspezifikation,class,hdo,0.583,rejected_hdo_scope,Rejected because the local term is outside the narrow HDO data and metadata scope.
https://w3id.org/h2kg/hydrogen-ontology#DialysisPurificationProcess,Dialysis Purification Process,controlled_vocabulary_term,,http://purl.obolibrary.org/obo/IAO_0000007,action specification,class,hdo,0.571,rejected_hdo_scope,Rejected because the local term is outside the narrow HDO data and metadata scope.
https://w3id.org/h2kg/hydrogen-ontology#DialysisPurificationProcess,Dialysis Purification Process,controlled_vocabulary_term,,https://purls.helmholtz-metadaten.de/hob/HDO_00007033,directed graph specification,class,hdo,0.561,rejected_hdo_scope,Rejected because the local term is outside the narrow HDO data and metadata scope.
https://w3id.org/h2kg/hydrogen-ontology#DialysisPurificationProcess,Dialysis Purification Process,controlled_vocabulary_term,,https://purls.helmholtz-metadaten.de/hob/HDO_00006044,creates specification,object_property,hdo,0.56,rejected_kind_mismatch,Rejected because the local term kind and external target kind are not semantically compatible.
https://w3id.org/h2kg/hydrogen-ontology#DialysisPurificationProcess,Dialysis Purification Process,controlled_vocabulary_term,,https://purls.helmholtz-metadaten.de/hob/HDO_00007036,Wissensgraphspezifikation,class,hdo,0.556,rejected_hdo_scope,Rejected because the local term is outside the narrow HDO data and metadata scope.
https://w3id.org/h2kg/hydrogen-ontology#DialysisPurificationProcess,Dialysis Purification Process,controlled_vocabulary_term,,https://purls.helmholtz-metadaten.de/hob/HDO_00007034,directed acyclic graph specification,class,hdo,0.554,rejected_hdo_scope,Rejected because the local term is outside the narrow HDO data and metadata scope.
https://w3id.org/h2kg/hydrogen-ontology#DialysisPurificationProcess,Dialysis Purification Process,controlled_vocabulary_term,,http://purl.obolibrary.org/obo/IAO_0000104,plan specification,class,hdo,0.553,rejected_hdo_scope,Rejected because the local term is outside the narrow HDO data and metadata scope.
https://w3id.org/h2kg/hydrogen-ontology#DialysisTime,Dialysis Time,controlled_vocabulary_term,,https://purls.helmholtz-metadaten.de/hob/HDO_00007031,Liste,class,hdo,0.556,rejected_hdo_scope,Rejected because the local term is outside the narrow HDO data and metadata scope.
https://w3id.org/h2kg/hydrogen-ontology#DialysisTime,Dialysis Time,controlled_vocabulary_term,,https://purls.helmholtz-metadaten.de/hob/HDO_00001017,Digitales System,class,hdo,0.552,rejected_hdo_scope,Rejected because the local term is outside the narrow HDO data and metadata scope.
https://w3id.org/h2kg/hydrogen-ontology#DielectricConstant,Dielectric Constant,controlled_vocabulary_term,,http://purl.obolibrary.org/obo/BFO_0000031,generically dependent continuant,class,hdo,0.588,rejected_hdo_scope,Rejected because the local term is outside the narrow HDO data and metadata scope.
https://w3id.org/h2kg/hydrogen-ontology#DielectricConstant,Dielectric Constant,controlled_vocabulary_term,,http://purl.obolibrary.org/obo/BFO_0000004,independent continuant,class,hdo,0.585,rejected_hdo_scope,Rejected because the local term is outside the narrow HDO data and metadata scope.
https://w3id.org/h2kg/hydrogen-ontology#DifferentialScanningCalorimetryMeasurement,Differential Scanning Calorimetry Measurement,controlled_vocabulary_term,,https://w3id.org/emmo/domain/electrochemistry#electrochemistry_7729c34e_1ae9_403d_b933_1765885e7f29,Electrochemical measurement,class,emmo-electrochemistry,0.556,rejected_generic_electrochemical_measurement,Rejected because generic electrochemical measurement is too broad for automatic proposal here.
https://w3id.org/h2kg/hydrogen-ontology#DigitalMicroscope,Digital Microscope,controlled_vocabulary_term,,https://purls.helmholtz-metadaten.de/hob/HDO_00000012,digital ecosystem,class,hdo,0.686,rejected_hdo_scope,Rejected because the local term is outside the narrow HDO data and metadata scope.
https://w3id.org/h2kg/hydrogen-ontology#DigitalMicroscope,Digital Microscope,controlled_vocabulary_term,,https://purls.helmholtz-metadaten.de/hob/HDO_00000108,digital repository,class,hdo,0.667,rejected_hdo_scope,Rejected because the local term is outside the narrow HDO data and metadata scope.
https://w3id.org/h2kg/hydrogen-ontology#DigitalMicroscope,Digital Microscope,controlled_vocabulary_term,,https://purls.helmholtz-metadaten.de/hob/HDO_00002030,digital infrastructure,class,hdo,0.65,rejected_hdo_scope,Rejected because the local term is outside the narrow HDO data and metadata scope.
https://w3id.org/h2kg/hydrogen-ontology#DigitalMicroscope,Digital Microscope,controlled_vocabulary_term,,https://purls.helmholtz-metadaten.de/hob/HDO_00000018,FAIR digital object,class,hdo,0.649,rejected_hdo_scope,Rejected because the local term is outside the narrow HDO data and metadata scope.
https://w3id.org/h2kg/hydrogen-ontology#DigitalMicroscope,Digital Microscope,controlled_vocabulary_term,,https://purls.helmholtz-metadaten.de/hob/HDO_00002014,FAIR digital system,class,hdo,0.649,rejected_hdo_scope,Rejected because the local term is outside the narrow HDO data and metadata scope.
https://w3id.org/h2kg/hydrogen-ontology#DigitalMicroscope,Digital Microscope,controlled_vocabulary_term,,https://purls.helmholtz-metadaten.de/hob/HDO_00000013,digital object,class,hdo,0.625,rejected_hdo_scope,Rejected because the local term is outside the narrow HDO data and metadata scope.
https://w3id.org/h2kg/hydrogen-ontology#DigitalMicroscope,Digital Microscope,controlled_vocabulary_term,,https://purls.helmholtz-metadaten.de/hob/HDO_00006018,Digital technology,class,hdo,0.611,rejected_hdo_scope,Rejected because the local term is outside the narrow HDO data and metadata scope.
https://w3id.org/h2kg/hydrogen-ontology#DigitalMicroscope,Digital Microscope,controlled_vocabulary_term,,https://purls.helmholtz-metadaten.de/hob/HDO_00001017,Digitales System,class,hdo,0.588,rejected_hdo_scope,Rejected because the local term is outside the narrow HDO data and metadata scope.
https://w3id.org/h2kg/hydrogen-ontology#DigitalMicroscope,Digital Microscope,controlled_vocabulary_term,,https://purls.helmholtz-metadaten.de/hob/HDO_00006080,has digital object type,object_property,hdo,0.585,rejected_kind_mismatch,Rejected because the local term kind and external target kind are not semantically compatible.
https://w3id.org/h2kg/hydrogen-ontology#DigitalMicroscope,Digital Microscope,controlled_vocabulary_term,,https://purls.helmholtz-metadaten.de/hob/HDO_00001034,digital knowledge,class,hdo,0.571,rejected_hdo_scope,Rejected because the local term is outside the narrow HDO data and metadata scope.
https://w3id.org/h2kg/hydrogen-ontology#DigitalMultimeter,Digital Multimeter,controlled_vocabulary_term,,https://purls.helmholtz-metadaten.de/hob/HDO_00000012,digital ecosystem,class,hdo,0.629,rejected_hdo_scope,Rejected because the local term is outside the narrow HDO data and metadata scope.
https://w3id.org/h2kg/hydrogen-ontology#DigitalMultimeter,Digital Multimeter,controlled_vocabulary_term,,https://purls.helmholtz-metadaten.de/hob/HDO_00001034,digital knowledge,class,hdo,0.629,rejected_hdo_scope,Rejected because the local term is outside the narrow HDO data and metadata scope.
https://w3id.org/h2kg/hydrogen-ontology#DigitalMultimeter,Digital Multimeter,controlled_vocabulary_term,,https://purls.helmholtz-metadaten.de/hob/HDO_00000013,digital object,class,hdo,0.625,rejected_hdo_scope,Rejected because the local term is outside the narrow HDO data and metadata scope.
https://w3id.org/h2kg/hydrogen-ontology#DigitalMultimeter,Digital Multimeter,controlled_vocabulary_term,,https://purls.helmholtz-metadaten.de/hob/HDO_00000108,digital repository,class,hdo,0.611,rejected_hdo_scope,Rejected because the local term is outside the narrow HDO data and metadata scope.
https://w3id.org/h2kg/hydrogen-ontology#DigitalMultimeter,Digital Multimeter,controlled_vocabulary_term,,https://purls.helmholtz-metadaten.de/hob/HDO_00000018,FAIR digital object,class,hdo,0.595,rejected_hdo_scope,Rejected because the local term is outside the narrow HDO data and metadata scope.
https://w3id.org/h2kg/hydrogen-ontology#DigitalMultimeter,Digital Multimeter,controlled_vocabulary_term,,https://purls.helmholtz-metadaten.de/hob/HDO_00002014,FAIR digital system,class,hdo,0.595,rejected_hdo_scope,Rejected because the local term is outside the narrow HDO data and metadata scope.
https://w3id.org/h2kg/hydrogen-ontology#DigitalMultimeter,Digital Multimeter,controlled_vocabulary_term,,https://purls.helmholtz-metadaten.de/hob/HDO_00001017,Digitales System,class,hdo,0.588,rejected_hdo_scope,Rejected because the local term is outside the narrow HDO data and metadata scope.
https://w3id.org/h2kg/hydrogen-ontology#DigitalMultimeter,Digital Multimeter,controlled_vocabulary_term,,https://purls.helmholtz-metadaten.de/hob/HDO_00006018,Digital technology,class,hdo,0.556,rejected_hdo_scope,Rejected because the local term is outside the narrow HDO data and metadata scope.
https://w3id.org/h2kg/hydrogen-ontology#DihydroxybenzeneDisulfonicAcid,Dihydroxybenzene Disulfonic Acid,controlled_vocabulary_term,,http://purl.obolibrary.org/obo/CHEBI_17883,Hydrochloric acid,class,chebi,0.571,rejected_chemical_non_exact,Rejected because ChEBI mappings are limited to exact or manually curated chemical matches in this phase.
https://w3id.org/h2kg/hydrogen-ontology#DihydroxybenzeneDisulfonicAcid,Dihydroxybenzene Disulfonic Acid,controlled_vocabulary_term,,http://purl.obolibrary.org/obo/CHEBI_29241,Hydrofluoric acid,class,chebi,0.571,rejected_chemical_non_exact,Rejected because ChEBI mappings are limited to exact or manually curated chemical matches in this phase.
https://w3id.org/h2kg/hydrogen-ontology#DilutionFactor,Dilution Factor,controlled_vocabulary_term,,https://purls.helmholtz-metadaten.de/hob/HDO_00007032,dictionary,class,hdo,0.64,rejected_hdo_scope,Rejected because the local term is outside the narrow HDO data and metadata scope.
https://w3id.org/h2kg/hydrogen-ontology#DilutionFactor,Dilution Factor,controlled_vocabulary_term,,https://purls.helmholtz-metadaten.de/hob/HDO_00007028,dictionary specification,class,hdo,0.564,rejected_hdo_scope,Rejected because the local term is outside the narrow HDO data and metadata scope.
https://w3id.org/h2kg/hydrogen-ontology#Dimethylformamide,Dimethylformamide,controlled_vocabulary_term,,https://purls.helmholtz-metadaten.de/hob/HDO_00006025,Datentypinformation,class,hdo,0.556,rejected_hdo_scope,Rejected because the local term is outside the narrow HDO data and metadata scope.
https://w3id.org/h2kg/hydrogen-ontology#DipCoatingProcess,Dip Coating Process,controlled_vocabulary_term,,https://purls.helmholtz-metadaten.de/hob/HDO_00001010,Kodierungsprozess,class,hdo,0.556,rejected_hdo_scope,Rejected because the local term is outside the narrow HDO data and metadata scope.
https://w3id.org/h2kg/hydrogen-ontology#DirectInkWriting,Direct Ink Writing,controlled_vocabulary_term,,http://purl.obolibrary.org/obo/IAO_0000033,directive information entity,class,hdo,0.565,rejected_hdo_scope,Rejected because the local term is outside the narrow HDO data and metadata scope.
https://w3id.org/h2kg/hydrogen-ontology#DirectInkWritingPrinter,Direct Ink Writing Printer,controlled_vocabulary_term,,http://purl.obolibrary.org/obo/IAO_0000033,directive information entity,class,hdo,0.556,rejected_hdo_scope,Rejected because the local term is outside the narrow HDO data and metadata scope.
https://w3id.org/h2kg/hydrogen-ontology#DiscreteElementMethodPackingSimulation,Discrete Element Method Packing Simulation,controlled_vocabulary_term,,http://purl.obolibrary.org/obo/IAO_0000033,directive information entity,class,hdo,0.571,rejected_hdo_scope,Rejected because the local term is outside the narrow HDO data and metadata scope.
https://w3id.org/h2kg/hydrogen-ontology#DispersantMassFraction,Dispersant Mass Fraction,controlled_vocabulary_term,,https://purls.helmholtz-metadaten.de/hob/HDO_00006051,has data format,object_property,hdo,0.564,rejected_kind_mismatch,Rejected because the local term kind and external target kind are not semantically compatible.
https://w3id.org/h2kg/hydrogen-ontology#DispersionMachine,Dispersion Machine,controlled_vocabulary_term,,http://purl.obolibrary.org/obo/BFO_0000016,disposition,class,hdo,0.552,rejected_hdo_scope,Rejected because the local term is outside the narrow HDO data and metadata scope.
https://w3id.org/h2kg/hydrogen-ontology#DropletVolume,Droplet Volume,controlled_vocabulary_term,,https://purls.helmholtz-metadaten.de/hob/HDO_00006026,tool role,class,hdo,0.609,rejected_hdo_scope,Rejected because the local term is outside the narrow HDO data and metadata scope.
https://w3id.org/h2kg/hydrogen-ontology#DryingDuration,Drying Duration,controlled_vocabulary_term,,https://purls.helmholtz-metadaten.de/hob/HDO_00000025,Information,class,hdo,0.615,rejected_hdo_scope,Rejected because the local term is outside the narrow HDO data and metadata scope.
https://w3id.org/h2kg/hydrogen-ontology#DryingDuration,Drying Duration,controlled_vocabulary_term,,https://purls.helmholtz-metadaten.de/hob/HDO_00006025,Datentypinformation,class,hdo,0.588,rejected_hdo_scope,Rejected because the local term is outside the narrow HDO data and metadata scope.
https://w3id.org/h2kg/hydrogen-ontology#DryingDuration,Drying Duration,controlled_vocabulary_term,,https://purls.helmholtz-metadaten.de/hob/HDO_00005003,misinformation,class,hdo,0.552,rejected_hdo_scope,Rejected because the local term is outside the narrow HDO data and metadata scope.
https://w3id.org/h2kg/hydrogen-ontology#DyeConcentration,Dye Concentration,controlled_vocabulary_term,,http://purl.obolibrary.org/obo/IAO_0000030,information content entity,class,hdo,0.558,rejected_hdo_scope,Rejected because the local term is outside the narrow HDO data and metadata scope.
https://w3id.org/h2kg/hydrogen-ontology#DyeSensitizationProcess,Dye Sensitization Process,controlled_vocabulary_term,,https://purls.helmholtz-metadaten.de/hob/HDO_00006064,uses process,object_property,hdo,0.595,rejected_kind_mismatch,Rejected because the local term kind and external target kind are not semantically compatible.
https://w3id.org/h2kg/hydrogen-ontology#DyeSensitizationProcess,Dye Sensitization Process,controlled_vocabulary_term,,https://purls.helmholtz-metadaten.de/hob/HDO_00001003,De-jure-Standardspezifikation,class,hdo,0.593,rejected_hdo_scope,Rejected because the local term is outside the narrow HDO data and metadata scope.
https://w3id.org/h2kg/hydrogen-ontology#DyeSensitizationProcess,Dye Sensitization Process,controlled_vocabulary_term,,http://purl.obolibrary.org/obo/IAO_0000033,directive information entity,class,hdo,0.566,rejected_hdo_scope,Rejected because the local term is outside the narrow HDO data and metadata scope.
https://w3id.org/h2kg/hydrogen-ontology#DyeSensitizationProcess,Dye Sensitization Process,controlled_vocabulary_term,,https://purls.helmholtz-metadaten.de/hob/HDO_00006044,creates specification,object_property,hdo,0.565,rejected_kind_mismatch,Rejected because the local term kind and external target kind are not semantically compatible.
https://w3id.org/h2kg/hydrogen-ontology#ECSABasis,ECSA Basis,controlled_vocabulary_term,,https://purls.helmholtz-metadaten.de/hob/HDO_00006037,accesses,object_property,hdo,0.556,rejected_kind_mismatch,Rejected because the local term kind and external target kind are not semantically compatible.
https://w3id.org/h2kg/hydrogen-ontology#ECSADataset,ECSA Dataset,controlled_vocabulary_term,,https://purls.helmholtz-metadaten.de/hob/HDO_00007037,database specification,class,hdo,0.668,exploratory_candidate,Below the configured close-match threshold; kept only as exploratory output.
https://w3id.org/h2kg/hydrogen-ontology#ECSADataset,ECSA Dataset,controlled_vocabulary_term,,https://purls.helmholtz-metadaten.de/hob/HDO_00001039,Data Lake,class,hdo,0.651,exploratory_candidate,Below the configured close-match threshold; kept only as exploratory output.
https://w3id.org/h2kg/hydrogen-ontology#ECSADataset,ECSA Dataset,controlled_vocabulary_term,,https://purls.helmholtz-metadaten.de/hob/HDO_00001037,Datensatz,class,hdo,0.651,exploratory_candidate,Below the configured close-match threshold; kept only as exploratory output.
https://w3id.org/h2kg/hydrogen-ontology#ECSADataset,ECSA Dataset,controlled_vocabulary_term,,https://purls.helmholtz-metadaten.de/hob/HDO_00002013,FAIR data,class,hdo,0.651,exploratory_candidate,Below the configured close-match threshold; kept only as exploratory output.
https://w3id.org/h2kg/hydrogen-ontology#ECSADataset,ECSA Dataset,controlled_vocabulary_term,,https://purls.helmholtz-metadaten.de/hob/HDO_00007008,obsolete data,class,hdo,0.64,rejected_deprecated_target,Rejected because the external target is marked as deprecated or obsolete.
https://w3id.org/h2kg/hydrogen-ontology#ECSADataset,ECSA Dataset,controlled_vocabulary_term,,https://purls.helmholtz-metadaten.de/hob/HDO_00006031,data storage role,class,hdo,0.632,exploratory_candidate,Below the configured close-match threshold; kept only as exploratory output.
https://w3id.org/h2kg/hydrogen-ontology#EISNyquistDataset,EIS Nyquist Dataset,controlled_vocabulary_term,,https://purls.helmholtz-metadaten.de/hob/HDO_00001077,Dateisystem,class,hdo,0.68,exploratory_candidate,Below the configured close-match threshold; kept only as exploratory output.
https://w3id.org/h2kg/hydrogen-ontology#ElectricalPropertiesTable,Electrical Properties Table,controlled_vocabulary_term,,https://w3id.org/emmo/domain/electrochemistry#electrochemistry_7729c34e_1ae9_403d_b933_1765885e7f29,Electrochemical measurement,class,emmo-electrochemistry,0.556,rejected_generic_electrochemical_measurement,Rejected because generic electrochemical measurement is too broad for automatic proposal here.
https://w3id.org/h2kg/hydrogen-ontology#ElectricalResistivity,Electrical Resistivity,controlled_vocabulary_term,,https://w3id.org/emmo/domain/electrochemistry#electrochemistry_7729c34e_1ae9_403d_b933_1765885e7f29,Electrochemical measurement,class,emmo-electrochemistry,0.571,rejected_generic_electrochemical_measurement,Rejected because generic electrochemical measurement is too broad for automatic proposal here.
https://w3id.org/h2kg/hydrogen-ontology#ElectricalResistivityMeasurement,Electrical Resistivity Measurement,controlled_vocabulary_term,,https://w3id.org/emmo/domain/electrochemistry#electrochemistry_7729c34e_1ae9_403d_b933_1765885e7f29,Electrochemical measurement,class,emmo-electrochemistry,0.721,rejected_generic_electrochemical_measurement,Rejected because generic electrochemical measurement is too broad for automatic proposal here.
https://w3id.org/h2kg/hydrogen-ontology#ElectrochemicalImpedanceSpectroscopyGalvanostatic,Electrochemical Impedance Spectroscopy Galvanostatic,controlled_vocabulary_term,,https://w3id.org/emmo/domain/electrochemistry#electrochemistry_7729c34e_1ae9_403d_b933_1765885e7f29,Electrochemical measurement,class,emmo-electrochemistry,0.557,rejected_generic_electrochemical_measurement,Rejected because generic electrochemical measurement is too broad for automatic proposal here.
https://w3id.org/h2kg/hydrogen-ontology#ElectrochemicalImpedanceSpectroscopyPotentiostatic,Electrochemical Impedance Spectroscopy Potentiostatic,controlled_vocabulary_term,,https://w3id.org/emmo/domain/electrochemistry#electrochemistry_7729c34e_1ae9_403d_b933_1765885e7f29,Electrochemical measurement,class,emmo-electrochemistry,0.575,rejected_generic_electrochemical_measurement,Rejected because generic electrochemical measurement is too broad for automatic proposal here.
https://w3id.org/h2kg/hydrogen-ontology#ElectrochemicalReactionSimulation,Electrochemical Reaction Simulation,controlled_vocabulary_term,,https://w3id.org/emmo/domain/electrochemistry#electrochemistry_7729c34e_1ae9_403d_b933_1765885e7f29,Electrochemical measurement,class,emmo-electrochemistry,0.677,rejected_generic_electrochemical_measurement,Rejected because generic electrochemical measurement is too broad for automatic proposal here.
https://w3id.org/h2kg/hydrogen-ontology#ElectrochemicalReactionSimulation,Electrochemical Reaction Simulation,controlled_vocabulary_term,,https://purls.helmholtz-metadaten.de/hob/HDO_00001057,obsolete schema specification,class,hdo,0.562,rejected_deprecated_target,Rejected because the external target is marked as deprecated or obsolete.
https://w3id.org/h2kg/hydrogen-ontology#ElectrochemicalWorkstation,Electrochemical Workstation,controlled_vocabulary_term,,https://w3id.org/emmo/domain/electrochemistry#electrochemistry_7729c34e_1ae9_403d_b933_1765885e7f29,Electrochemical measurement,class,emmo-electrochemistry,0.667,rejected_generic_electrochemical_measurement,Rejected because generic electrochemical measurement is too broad for automatic proposal here.
https://w3id.org/h2kg/hydrogen-ontology#ElectrochemicallyActiveSurfaceArea,Electrochemically Active Surface Area,controlled_vocabulary_term,,https://w3id.org/emmo/domain/electrochemistry#electrochemistry_7729c34e_1ae9_403d_b933_1765885e7f29,Electrochemical measurement,class,emmo-electrochemistry,0.625,rejected_generic_electrochemical_measurement,Rejected because generic electrochemical measurement is too broad for automatic proposal here.
https://w3id.org/h2kg/hydrogen-ontology#ElectrodeSubstrate,Electrode Substrate,controlled_vocabulary_term,,https://purls.helmholtz-metadaten.de/hob/HDO_00000121,DEPRECATED unstructured,class,hdo,0.571,rejected_deprecated_target,Rejected because the external target is marked as deprecated or obsolete.
https://w3id.org/h2kg/hydrogen-ontology#ElectrodeSubstrate,Electrode Substrate,controlled_vocabulary_term,,https://w3id.org/emmo/domain/electrochemistry#electrochemistry_7729c34e_1ae9_403d_b933_1765885e7f29,Electrochemical measurement,class,emmo-electrochemistry,0.565,rejected_generic_electrochemical_measurement,Rejected because generic electrochemical measurement is too broad for automatic proposal here.
https://w3id.org/h2kg/hydrogen-ontology#ElectrodeSubstrate,Electrode Substrate,controlled_vocabulary_term,,https://purls.helmholtz-metadaten.de/hob/HDO_00006031,data storage role,class,hdo,0.556,rejected_hdo_scope,Rejected because the local term is outside the narrow HDO data and metadata scope.
https://w3id.org/h2kg/hydrogen-ontology#ElectrolyteConcentration,Electrolyte Concentration,controlled_vocabulary_term,,https://purls.helmholtz-metadaten.de/hob/HDO_00007022,Informations Rolle,class,hdo,0.558,rejected_hdo_scope,Rejected because the local term is outside the narrow HDO data and metadata scope.
https://w3id.org/h2kg/hydrogen-ontology#ElectrolyteType,Electrolyte Type,controlled_vocabulary_term,,https://purls.helmholtz-metadaten.de/hob/HDO_00000119,obsolete file type,class,hdo,0.647,rejected_deprecated_target,Rejected because the external target is marked as deprecated or obsolete.
https://w3id.org/h2kg/hydrogen-ontology#ElongationAtBreak,Elongation At Break,controlled_vocabulary_term,,https://purls.helmholtz-metadaten.de/hob/HDO_00001069,simulation data,class,hdo,0.588,rejected_hdo_scope,Rejected because the local term is outside the narrow HDO data and metadata scope.
https://w3id.org/h2kg/hydrogen-ontology#ElongationAtBreak,Elongation At Break,controlled_vocabulary_term,,https://purls.helmholtz-metadaten.de/hob/HDO_00007043,obsolete data validation,class,hdo,0.558,rejected_deprecated_target,Rejected because the external target is marked as deprecated or obsolete.
https://w3id.org/h2kg/hydrogen-ontology#EpoxyEquivalentTitrationMeasurement,Epoxy Equivalent Titration Measurement,controlled_vocabulary_term,,https://w3id.org/emmo/domain/electrochemistry#electrochemistry_7729c34e_1ae9_403d_b933_1765885e7f29,Electrochemical measurement,class,emmo-electrochemistry,0.554,rejected_generic_electrochemical_measurement,Rejected because generic electrochemical measurement is too broad for automatic proposal here.
https://w3id.org/h2kg/hydrogen-ontology#EpoxyResin,Epoxy Resin,controlled_vocabulary_term,,https://purls.helmholtz-metadaten.de/hob/HDO_00006058,represents,object_property,hdo,0.571,rejected_kind_mismatch,Rejected because the local term kind and external target kind are not semantically compatible.
https://w3id.org/h2kg/hydrogen-ontology#EthaneCryogen,Ethane Cryogen,controlled_vocabulary_term,,https://purls.helmholtz-metadaten.de/hob/HDO_00006023,human agent,class,hdo,0.56,rejected_hdo_scope,Rejected because the local term is outside the narrow HDO data and metadata scope.
https://w3id.org/h2kg/hydrogen-ontology#EthanolVolume,Ethanol Volume,controlled_vocabulary_term,,http://purl.obolibrary.org/obo/CHEBI_16236,Ethanol,class,chebi,0.667,rejected_chemical_non_exact,Rejected because ChEBI mappings are limited to exact or manually curated chemical matches in this phase.
https://w3id.org/h2kg/hydrogen-ontology#EthanolVolume,Ethanol Volume,controlled_vocabulary_term,,https://purls.helmholtz-metadaten.de/hob/HDO_00001013,Technologie,class,hdo,0.56,rejected_hdo_scope,Rejected because the local term is outside the narrow HDO data and metadata scope.
https://w3id.org/h2kg/hydrogen-ontology#EthyleneGlycolVolumeFraction,Ethylene Glycol Volume Fraction,controlled_vocabulary_term,,https://purls.helmholtz-metadaten.de/hob/HDO_00005002,Fehlinformationsrolle,class,hdo,0.577,rejected_hdo_scope,Rejected because the local term is outside the narrow HDO data and metadata scope.
https://w3id.org/h2kg/hydrogen-ontology#ExchangeCoefficient,Exchange Coefficient,controlled_vocabulary_term,,https://purls.helmholtz-metadaten.de/hob/HDO_00006046,exchanges,object_property,hdo,0.552,rejected_kind_mismatch,Rejected because the local term kind and external target kind are not semantically compatible.
https://w3id.org/h2kg/hydrogen-ontology#ExperimentDataset,Experiment Dataset,controlled_vocabulary_term,,https://purls.helmholtz-metadaten.de/hob/HDO_00000043,persistent identifier,class,hdo,0.644,exploratory_candidate,Below the configured close-match threshold; kept only as exploratory output.
https://w3id.org/h2kg/hydrogen-ontology#ExposureTime,Exposure Time,controlled_vocabulary_term,,https://purls.helmholtz-metadaten.de/hob/HDO_00006020,Tripel Store,class,hdo,0.56,rejected_hdo_scope,Rejected because the local term is outside the narrow HDO data and metadata scope.
https://w3id.org/h2kg/hydrogen-ontology#ExternalQuantumEfficiencyMeasurement,External Quantum Efficiency Measurement,controlled_vocabulary_term,,https://w3id.org/emmo/domain/electrochemistry#electrochemistry_7729c34e_1ae9_403d_b933_1765885e7f29,Electrochemical measurement,class,emmo-electrochemistry,0.576,rejected_generic_electrochemical_measurement,Rejected because generic electrochemical measurement is too broad for automatic proposal here.
https://w3id.org/h2kg/hydrogen-ontology#FTIRDataset,FTIR Dataset,controlled_vocabulary_term,,https://purls.helmholtz-metadaten.de/hob/HDO_00000005,structured data,class,hdo,0.673,exploratory_candidate,Below the configured close-match threshold; kept only as exploratory output.
https://w3id.org/h2kg/hydrogen-ontology#FTIRDataset,FTIR Dataset,controlled_vocabulary_term,,https://purls.helmholtz-metadaten.de/hob/HDO_00000116,Datei,class,hdo,0.668,exploratory_candidate,Below the configured close-match threshold; kept only as exploratory output.
https://w3id.org/h2kg/hydrogen-ontology#FTIRDataset,FTIR Dataset,controlled_vocabulary_term,,https://purls.helmholtz-metadaten.de/hob/HDO_00007037,database specification,class,hdo,0.668,exploratory_candidate,Below the configured close-match threshold; kept only as exploratory output.
https://w3id.org/h2kg/hydrogen-ontology#FTIRDataset,FTIR Dataset,controlled_vocabulary_term,,https://purls.helmholtz-metadaten.de/hob/HDO_00006031,data storage role,class,hdo,0.632,exploratory_candidate,Below the configured close-match threshold; kept only as exploratory output.
https://w3id.org/h2kg/hydrogen-ontology#FTIRDataset,FTIR Dataset,controlled_vocabulary_term,,https://purls.helmholtz-metadaten.de/hob/HDO_00006030,Datenspeicher,class,hdo,0.56,rejected_hdo_scope,Rejected because the local term is outside the narrow HDO data and metadata scope.
https://w3id.org/h2kg/hydrogen-ontology#FTIRDataset,FTIR Dataset,controlled_vocabulary_term,,https://purls.helmholtz-metadaten.de/hob/HDO_00007008,obsolete data,class,hdo,0.56,rejected_deprecated_target,Rejected because the external target is marked as deprecated or obsolete.
https://w3id.org/h2kg/hydrogen-ontology#FTIRDataset,FTIR Dataset,controlled_vocabulary_term,,https://purls.helmholtz-metadaten.de/hob/HDO_00007043,obsolete data validation,class,hdo,0.556,rejected_deprecated_target,Rejected because the external target is marked as deprecated or obsolete.
https://w3id.org/h2kg/hydrogen-ontology#FTIRInstrument,FTIR Instrument,controlled_vocabulary_term,,https://purls.helmholtz-metadaten.de/hob/HDO_00000043,persistent identifier,class,hdo,0.556,rejected_hdo_scope,Rejected because the local term is outside the narrow HDO data and metadata scope.
https://w3id.org/h2kg/hydrogen-ontology#FabricationDesignSpecification,Fabrication Design Specification,controlled_vocabulary_term,,http://purl.obolibrary.org/obo/IAO_0000007,action specification,class,hdo,0.769,rejected_hdo_scope,Rejected because the local term is outside the narrow HDO data and metadata scope.
https://w3id.org/h2kg/hydrogen-ontology#FabricationDesignSpecification,Fabrication Design Specification,controlled_vocabulary_term,,https://purls.helmholtz-metadaten.de/hob/HDO_00007028,dictionary specification,class,hdo,0.75,rejected_hdo_scope,Rejected because the local term is outside the narrow HDO data and metadata scope.
https://w3id.org/h2kg/hydrogen-ontology#FabricationDesignSpecification,Fabrication Design Specification,controlled_vocabulary_term,,https://purls.helmholtz-metadaten.de/hob/HDO_00007038,digital object specification,class,hdo,0.7,rejected_hdo_scope,Rejected because the local term is outside the narrow HDO data and metadata scope.
https://w3id.org/h2kg/hydrogen-ontology#FabricationDesignSpecification,Fabrication Design Specification,controlled_vocabulary_term,,https://purls.helmholtz-metadaten.de/hob/HDO_00007037,database specification,class,hdo,0.667,rejected_hdo_scope,Rejected because the local term is outside the narrow HDO data and metadata scope.
https://w3id.org/h2kg/hydrogen-ontology#FabricationDesignSpecification,Fabrication Design Specification,controlled_vocabulary_term,,http://purl.obolibrary.org/obo/IAO_0000005,objective specification,class,hdo,0.655,rejected_hdo_scope,Rejected because the local term is outside the narrow HDO data and metadata scope.
https://w3id.org/h2kg/hydrogen-ontology#FabricationDesignSpecification,Fabrication Design Specification,controlled_vocabulary_term,,https://purls.helmholtz-metadaten.de/hob/HDO_00001002,De-facto-Standardspezifikation,class,hdo,0.645,rejected_hdo_scope,Rejected because the local term is outside the narrow HDO data and metadata scope.
https://w3id.org/h2kg/hydrogen-ontology#FabricationDesignSpecification,Fabrication Design Specification,controlled_vocabulary_term,,https://purls.helmholtz-metadaten.de/hob/HDO_00006044,creates specification,object_property,hdo,0.642,rejected_kind_mismatch,Rejected because the local term kind and external target kind are not semantically compatible.
https://w3id.org/h2kg/hydrogen-ontology#FabricationDesignSpecification,Fabrication Design Specification,controlled_vocabulary_term,,http://purl.obolibrary.org/obo/IAO_0000104,plan specification,class,hdo,0.64,rejected_hdo_scope,Rejected because the local term is outside the narrow HDO data and metadata scope.
https://w3id.org/h2kg/hydrogen-ontology#FabricationDesignSpecification,Fabrication Design Specification,controlled_vocabulary_term,,https://purls.helmholtz-metadaten.de/hob/HDO_00007033,directed graph specification,class,hdo,0.633,rejected_hdo_scope,Rejected because the local term is outside the narrow HDO data and metadata scope.
https://w3id.org/h2kg/hydrogen-ontology#FabricationDesignSpecification,Fabrication Design Specification,controlled_vocabulary_term,,https://purls.helmholtz-metadaten.de/hob/HDO_00007035,ontological graph specification,class,hdo,0.603,rejected_hdo_scope,Rejected because the local term is outside the narrow HDO data and metadata scope.
https://w3id.org/h2kg/hydrogen-ontology#FabricationDesignSpecification,Fabrication Design Specification,controlled_vocabulary_term,,https://purls.helmholtz-metadaten.de/hob/HDO_00006010,JSON Schema Spezifikation,class,hdo,0.596,rejected_hdo_scope,Rejected because the local term is outside the narrow HDO data and metadata scope.
https://w3id.org/h2kg/hydrogen-ontology#FabricationDesignSpecification,Fabrication Design Specification,controlled_vocabulary_term,,https://purls.helmholtz-metadaten.de/hob/HDO_00001057,obsolete schema specification,class,hdo,0.59,rejected_deprecated_target,Rejected because the external target is marked as deprecated or obsolete.
https://w3id.org/h2kg/hydrogen-ontology#FaradayConstant,Faraday Constant,controlled_vocabulary_term,,https://purls.helmholtz-metadaten.de/hob/HDO_00002016,Standard,class,hdo,0.583,rejected_hdo_scope,Rejected because the local term is outside the narrow HDO data and metadata scope.
https://w3id.org/h2kg/hydrogen-ontology#FeN4SiteDensity,Fe N 4 Site Density,controlled_vocabulary_term,,https://purls.helmholtz-metadaten.de/hob/HDO_00000048,unique identifier,class,hdo,0.556,rejected_hdo_scope,Rejected because the local term is outside the narrow HDO data and metadata scope.
https://w3id.org/h2kg/hydrogen-ontology#FeNCCatalyst,Fe NC Catalyst,controlled_vocabulary_term,,http://purl.obolibrary.org/obo/RO_0002566,causally influences,object_property,hdo,0.606,rejected_kind_mismatch,Rejected because the local term kind and external target kind are not semantically compatible.
https://w3id.org/h2kg/hydrogen-ontology#FeedRate,Feed Rate,controlled_vocabulary_term,,https://purls.helmholtz-metadaten.de/hob/HDO_00006035,generates,object_property,hdo,0.667,rejected_kind_mismatch,Rejected because the local term kind and external target kind are not semantically compatible.
https://w3id.org/h2kg/hydrogen-ontology#FeedRate,Feed Rate,controlled_vocabulary_term,,https://purls.helmholtz-metadaten.de/hob/HDO_00000116,Datei,class,hdo,0.571,rejected_hdo_scope,Rejected because the local term is outside the narrow HDO data and metadata scope.
https://w3id.org/h2kg/hydrogen-ontology#FeedRate,Feed Rate,controlled_vocabulary_term,,https://purls.helmholtz-metadaten.de/hob/HDO_00000009,Daten,class,hdo,0.571,rejected_hdo_scope,Rejected because the local term is outside the narrow HDO data and metadata scope.
https://w3id.org/h2kg/hydrogen-ontology#FeedRate,Feed Rate,controlled_vocabulary_term,,https://purls.helmholtz-metadaten.de/hob/HDO_00001071,Messdaten,class,hdo,0.556,rejected_hdo_scope,Rejected because the local term is outside the narrow HDO data and metadata scope.
https://w3id.org/h2kg/hydrogen-ontology#FeedRate,Feed Rate,controlled_vocabulary_term,,https://purls.helmholtz-metadaten.de/hob/HDO_00000029,Metadaten,class,hdo,0.556,rejected_hdo_scope,Rejected because the local term is outside the narrow HDO data and metadata scope.
https://w3id.org/h2kg/hydrogen-ontology#FiberIonomerVolumeFraction,Fiber Ionomer Volume Fraction,controlled_vocabulary_term,,https://purls.helmholtz-metadaten.de/hob/HDO_00007022,Informations Rolle,class,hdo,0.553,rejected_hdo_scope,Rejected because the local term is outside the narrow HDO data and metadata scope.
https://w3id.org/h2kg/hydrogen-ontology#FijiImageJSoftware,Fiji Image J Software,controlled_vocabulary_term,,https://purls.helmholtz-metadaten.de/hob/HDO_00006024,software agent,class,hdo,0.686,rejected_hdo_scope,Rejected because the local term is outside the narrow HDO data and metadata scope.
https://w3id.org/h2kg/hydrogen-ontology#FijiImageJSoftware,Fiji Image J Software,controlled_vocabulary_term,,https://purls.helmholtz-metadaten.de/hob/HDO_00001044,Ausführbare Software,class,hdo,0.634,rejected_hdo_scope,Rejected because the local term is outside the narrow HDO data and metadata scope.
https://w3id.org/h2kg/hydrogen-ontology#FijiImageJSoftware,Fiji Image J Software,controlled_vocabulary_term,,https://purls.helmholtz-metadaten.de/hob/HDO_00001023,Software,class,hdo,0.552,rejected_hdo_scope,Rejected because the local term is outside the narrow HDO data and metadata scope.
https://w3id.org/h2kg/hydrogen-ontology#FilamentDeflection,Filament Deflection,controlled_vocabulary_term,,https://w3id.org/emmo/domain/electrochemistry#electrochemistry_7729c34e_1ae9_403d_b933_1765885e7f29,Electrochemical measurement,class,emmo-electrochemistry,0.565,rejected_generic_electrochemical_measurement,Rejected because generic electrochemical measurement is too broad for automatic proposal here.
https://w3id.org/h2kg/hydrogen-ontology#FillFactor,Fill Factor,controlled_vocabulary_term,,https://purls.helmholtz-metadaten.de/hob/HDO_00006084,Informationsprofil,class,hdo,0.552,rejected_hdo_scope,Rejected because the local term is outside the narrow HDO data and metadata scope.
https://w3id.org/h2kg/hydrogen-ontology#Formaldehyde,Formaldehyde,controlled_vocabulary_term,,https://purls.helmholtz-metadaten.de/hob/HDO_00000120,obsolete format,class,hdo,0.593,rejected_deprecated_target,Rejected because the external target is marked as deprecated or obsolete.
https://w3id.org/h2kg/hydrogen-ontology#FrameRate,Frame Rate,controlled_vocabulary_term,,https://purls.helmholtz-metadaten.de/hob/HDO_00001047,Firmware,class,hdo,0.556,rejected_hdo_scope,Rejected because the local term is outside the narrow HDO data and metadata scope.
https://w3id.org/h2kg/hydrogen-ontology#FreezeDrier,Freeze Drier,controlled_vocabulary_term,,https://purls.helmholtz-metadaten.de/hob/HDO_00000011,Dereferenzieren,class,hdo,0.593,rejected_hdo_scope,Rejected because the local term is outside the narrow HDO data and metadata scope.
https://w3id.org/h2kg/hydrogen-ontology#FreezeDrying,Freeze Drying,controlled_vocabulary_term,,http://purl.obolibrary.org/obo/BFO_0000054,realized in,object_property,hdo,0.583,rejected_kind_mismatch,Rejected because the local term kind and external target kind are not semantically compatible.
https://w3id.org/h2kg/hydrogen-ontology#FuelCellPolarizationDataset,Fuel Cell Polarization Dataset,controlled_vocabulary_term,,https://purls.helmholtz-metadaten.de/hob/HDO_00007043,obsolete data validation,class,hdo,0.593,rejected_deprecated_target,Rejected because the external target is marked as deprecated or obsolete.
https://w3id.org/h2kg/hydrogen-ontology#GalvanostaticChargeDischargeMeasurement,Galvanostatic Charge Discharge Measurement,controlled_vocabulary_term,,https://w3id.org/emmo/domain/electrochemistry#electrochemistry_7729c34e_1ae9_403d_b933_1765885e7f29,Electrochemical measurement,class,emmo-electrochemistry,0.551,rejected_generic_electrochemical_measurement,Rejected because generic electrochemical measurement is too broad for automatic proposal here.
https://w3id.org/h2kg/hydrogen-ontology#GasChromatographyMeasurement,Gas Chromatography Measurement,controlled_vocabulary_term,,https://w3id.org/emmo/domain/electrochemistry#electrochemistry_7729c34e_1ae9_403d_b933_1765885e7f29,Electrochemical measurement,class,emmo-electrochemistry,0.596,rejected_generic_electrochemical_measurement,Rejected because generic electrochemical measurement is too broad for automatic proposal here.
https://w3id.org/h2kg/hydrogen-ontology#GasComposition,Gas Composition,controlled_vocabulary_term,,http://purl.obolibrary.org/obo/BFO_0000016,disposition,class,hdo,0.615,rejected_hdo_scope,Rejected because the local term is outside the narrow HDO data and metadata scope.
https://w3id.org/h2kg/hydrogen-ontology#GelPointTime,Gel Point Time,controlled_vocabulary_term,,https://purls.helmholtz-metadaten.de/hob/HDO_00006055,points to,object_property,hdo,0.609,rejected_kind_mismatch,Rejected because the local term kind and external target kind are not semantically compatible.
https://w3id.org/h2kg/hydrogen-ontology#GeometricArea,Geometric Area,controlled_vocabulary_term,,https://purls.helmholtz-metadaten.de/hob/HDO_00006028,semantic artefact,class,hdo,0.645,rejected_hdo_scope,Rejected because the local term is outside the narrow HDO data and metadata scope.
https://w3id.org/h2kg/hydrogen-ontology#GeometricArea_2,Geometric Area,controlled_vocabulary_term,,https://purls.helmholtz-metadaten.de/hob/HDO_00006028,semantic artefact,class,hdo,0.645,rejected_hdo_scope,Rejected because the local term is outside the narrow HDO data and metadata scope.
https://w3id.org/h2kg/hydrogen-ontology#GeometricArea,Geometric Area,controlled_vocabulary_term,,https://purls.helmholtz-metadaten.de/hob/HDO_00001030,semantic ladder,class,hdo,0.552,rejected_hdo_scope,Rejected because the local term is outside the narrow HDO data and metadata scope.
https://w3id.org/h2kg/hydrogen-ontology#GeometricArea_2,Geometric Area,controlled_vocabulary_term,,https://purls.helmholtz-metadaten.de/hob/HDO_00001030,semantic ladder,class,hdo,0.552,rejected_hdo_scope,Rejected because the local term is outside the narrow HDO data and metadata scope.
https://w3id.org/h2kg/hydrogen-ontology#GeopolymerPowderFiller,Geopolymer Powder Filler,controlled_vocabulary_term,,https://purls.helmholtz-metadaten.de/hob/HDO_00000119,obsolete file type,class,hdo,0.571,rejected_deprecated_target,Rejected because the external target is marked as deprecated or obsolete.
https://w3id.org/h2kg/hydrogen-ontology#GlassyCarbonDiskElectrode,Glassy Carbon Disk Electrode,controlled_vocabulary_term,,http://purl.obolibrary.org/obo/CHEBI_16526,Carbon dioxide,class,chebi,0.571,rejected_chemical_non_exact,Rejected because ChEBI mappings are limited to exact or manually curated chemical matches in this phase.
https://w3id.org/h2kg/hydrogen-ontology#Gloss,Gloss,controlled_vocabulary_term,,https://purls.helmholtz-metadaten.de/hob/HDO_00002002,Glossar,class,hdo,0.833,rejected_hdo_scope,Rejected because the local term is outside the narrow HDO data and metadata scope.
https://w3id.org/h2kg/hydrogen-ontology#GlossMeasurement,Gloss Measurement,controlled_vocabulary_term,,https://w3id.org/emmo/domain/electrochemistry#electrochemistry_7729c34e_1ae9_403d_b933_1765885e7f29,Electrochemical measurement,class,emmo-electrochemistry,0.636,rejected_generic_electrochemical_measurement,Rejected because generic electrochemical measurement is too broad for automatic proposal here.
https://w3id.org/h2kg/hydrogen-ontology#GlossMeasurement,Gloss Measurement,controlled_vocabulary_term,,https://purls.helmholtz-metadaten.de/hob/HDO_00002002,Glossar,class,hdo,0.583,rejected_hdo_scope,Rejected because the local term is outside the narrow HDO data and metadata scope.
https://w3id.org/h2kg/hydrogen-ontology#GlossMeter,Gloss Meter,controlled_vocabulary_term,,https://purls.helmholtz-metadaten.de/hob/HDO_00002002,Glossar,class,hdo,0.667,rejected_hdo_scope,Rejected because the local term is outside the narrow HDO data and metadata scope.
https://w3id.org/h2kg/hydrogen-ontology#Glucose,Glucose,controlled_vocabulary_term,,https://purls.helmholtz-metadaten.de/hob/HDO_00002002,Glossar,class,hdo,0.571,rejected_hdo_scope,Rejected because the local term is outside the narrow HDO data and metadata scope.
https://w3id.org/h2kg/hydrogen-ontology#Glycerol,Glycerol,controlled_vocabulary_term,,https://purls.helmholtz-metadaten.de/hob/HDO_00006022,agent role,class,hdo,0.556,rejected_hdo_scope,Rejected because the local term is outside the narrow HDO data and metadata scope.
https://w3id.org/h2kg/hydrogen-ontology#GoldNanoparticleInk,Gold Nanoparticle Ink,controlled_vocabulary_term,,http://purl.obolibrary.org/obo/RO_0000056,participates in,object_property,hdo,0.556,rejected_kind_mismatch,Rejected because the local term kind and external target kind are not semantically compatible.
https://w3id.org/h2kg/hydrogen-ontology#GoldPlatedProbes,Gold Plated Probes,controlled_vocabulary_term,,https://purls.helmholtz-metadaten.de/hob/HDO_00001011,geplanter Prozess,class,hdo,0.686,rejected_hdo_scope,Rejected because the local term is outside the narrow HDO data and metadata scope.
https://w3id.org/h2kg/hydrogen-ontology#GrainSize,Grain Size,controlled_vocabulary_term,,http://purl.obolibrary.org/obo/BFO_0000054,realized in,object_property,hdo,0.571,rejected_kind_mismatch,Rejected because the local term kind and external target kind are not semantically compatible.
https://w3id.org/h2kg/hydrogen-ontology#GrainSize,Grain Size,controlled_vocabulary_term,,http://purl.obolibrary.org/obo/BFO_0000055,realizes,object_property,hdo,0.556,rejected_kind_mismatch,Rejected because the local term kind and external target kind are not semantically compatible.
https://w3id.org/h2kg/hydrogen-ontology#GrapheneFewLayerFraction,Graphene Few Layer Fraction,controlled_vocabulary_term,,https://purls.helmholtz-metadaten.de/hob/HDO_00006065,follows kernel information profile,object_property,hdo,0.557,rejected_kind_mismatch,Rejected because the local term kind and external target kind are not semantically compatible.
https://w3id.org/h2kg/hydrogen-ontology#GrapheneFlakeYield,Graphene Flake Yield,controlled_vocabulary_term,,https://purls.helmholtz-metadaten.de/hob/HDO_00000021,graphical cycle,class,hdo,0.571,rejected_hdo_scope,Rejected because the local term is outside the narrow HDO data and metadata scope.
https://w3id.org/h2kg/hydrogen-ontology#GrapheneOxide,Graphene Oxide,controlled_vocabulary_term,,http://purl.obolibrary.org/obo/CHEBI_16526,Carbon dioxide,class,chebi,0.571,rejected_chemical_non_exact,Rejected because ChEBI mappings are limited to exact or manually curated chemical matches in this phase.
https://w3id.org/h2kg/hydrogen-ontology#GraphiteBipolarPlate,Graphite Bipolar Plate,controlled_vocabulary_term,,https://purls.helmholtz-metadaten.de/hob/HDO_00000022,graphical path,class,hdo,0.556,rejected_hdo_scope,Rejected because the local term is outside the narrow HDO data and metadata scope.
https://w3id.org/h2kg/hydrogen-ontology#GraphitePowder,Graphite Powder,controlled_vocabulary_term,,https://purls.helmholtz-metadaten.de/hob/HDO_00000022,graphical path,class,hdo,0.552,rejected_hdo_scope,Rejected because the local term is outside the narrow HDO data and metadata scope.
https://w3id.org/h2kg/hydrogen-ontology#GraphitePowder,Graphite Powder,controlled_vocabulary_term,,https://purls.helmholtz-metadaten.de/hob/HDO_00000024,graphical walk,class,hdo,0.552,rejected_hdo_scope,Rejected because the local term is outside the narrow HDO data and metadata scope.
https://w3id.org/h2kg/hydrogen-ontology#GraphiteSheet,Graphite Sheet,controlled_vocabulary_term,,https://purls.helmholtz-metadaten.de/hob/HDO_00000022,graphical path,class,hdo,0.571,rejected_hdo_scope,Rejected because the local term is outside the narrow HDO data and metadata scope.
https://w3id.org/h2kg/hydrogen-ontology#GraphiticCrystalliteSizeLa,Graphitic Crystallite Size La,controlled_vocabulary_term,,https://purls.helmholtz-metadaten.de/hob/HDO_00000021,graphical cycle,class,hdo,0.591,rejected_hdo_scope,Rejected because the local term is outside the narrow HDO data and metadata scope.
https://w3id.org/h2kg/hydrogen-ontology#GraphiticCrystalliteSizeLa,Graphitic Crystallite Size La,controlled_vocabulary_term,,http://purl.obolibrary.org/obo/RO_0000053,has characteristic,object_property,hdo,0.553,rejected_kind_mismatch,Rejected because the local term kind and external target kind are not semantically compatible.
https://w3id.org/h2kg/hydrogen-ontology#GraphiticPlanesPerCrystallite,Graphitic Planes Per Crystallite,controlled_vocabulary_term,,https://purls.helmholtz-metadaten.de/hob/HDO_00000021,graphical cycle,class,hdo,0.553,rejected_hdo_scope,Rejected because the local term is outside the narrow HDO data and metadata scope.
https://w3id.org/h2kg/hydrogen-ontology#GridLSTMModel,Grid LSTM Model,controlled_vocabulary_term,,http://purl.obolibrary.org/obo/RO_0002615,has model,object_property,hdo,0.583,rejected_kind_mismatch,Rejected because the local term kind and external target kind are not semantically compatible.
https://w3id.org/h2kg/hydrogen-ontology#HallEffectMeasurement,Hall Effect Measurement,controlled_vocabulary_term,,https://w3id.org/emmo/domain/electrochemistry#electrochemistry_7729c34e_1ae9_403d_b933_1765885e7f29,Electrochemical measurement,class,emmo-electrochemistry,0.76,rejected_generic_electrochemical_measurement,Rejected because generic electrochemical measurement is too broad for automatic proposal here.
https://w3id.org/h2kg/hydrogen-ontology#HallMeasurementSystem,Hall Measurement System,controlled_vocabulary_term,,https://w3id.org/emmo/domain/electrochemistry#electrochemistry_7729c34e_1ae9_403d_b933_1765885e7f29,Electrochemical measurement,class,emmo-electrochemistry,0.6,rejected_generic_electrochemical_measurement,Rejected because generic electrochemical measurement is too broad for automatic proposal here.
https://w3id.org/h2kg/hydrogen-ontology#HallMeasurementSystem,Hall Measurement System,controlled_vocabulary_term,,https://purls.helmholtz-metadaten.de/hob/HDO_00000106,Datenbankmanagementsystem,class,hdo,0.583,rejected_hdo_scope,Rejected because the local term is outside the narrow HDO data and metadata scope.
https://w3id.org/h2kg/hydrogen-ontology#HallMeasurementSystem,Hall Measurement System,controlled_vocabulary_term,,https://purls.helmholtz-metadaten.de/hob/HDO_00002014,FAIR digital system,class,hdo,0.571,rejected_hdo_scope,Rejected because the local term is outside the narrow HDO data and metadata scope.
https://w3id.org/h2kg/hydrogen-ontology#HallMeasurementSystem,Hall Measurement System,controlled_vocabulary_term,,https://purls.helmholtz-metadaten.de/hob/HDO_00001017,Digitales System,class,hdo,0.564,rejected_hdo_scope,Rejected because the local term is outside the narrow HDO data and metadata scope.
https://w3id.org/h2kg/hydrogen-ontology#HallMobility,Hall Mobility,controlled_vocabulary_term,,http://purl.obolibrary.org/obo/RO_0000086,has quality,object_property,hdo,0.583,rejected_kind_mismatch,Rejected because the local term kind and external target kind are not semantically compatible.
https://w3id.org/h2kg/hydrogen-ontology#HeatGun,Heat Gun,controlled_vocabulary_term,,https://purls.helmholtz-metadaten.de/hob/HDO_00006035,generates,object_property,hdo,0.588,rejected_kind_mismatch,Rejected because the local term kind and external target kind are not semantically compatible.
https://w3id.org/h2kg/hydrogen-ontology#HeatingRate,Heating Rate,controlled_vocabulary_term,,https://purls.helmholtz-metadaten.de/hob/HDO_00006035,generates,object_property,hdo,0.571,rejected_kind_mismatch,Rejected because the local term kind and external target kind are not semantically compatible.
https://w3id.org/h2kg/hydrogen-ontology#Heptanol,Heptanol,controlled_vocabulary_term,,http://purl.obolibrary.org/obo/CHEBI_16236,Ethanol,class,chebi,0.8,rejected_chemical_non_exact,Rejected because ChEBI mappings are limited to exact or manually curated chemical matches in this phase.
https://w3id.org/h2kg/hydrogen-ontology#Hexane,Hexane,controlled_vocabulary_term,,https://purls.helmholtz-metadaten.de/hob/HDO_00006046,exchanges,object_property,hdo,0.667,rejected_kind_mismatch,Rejected because the local term kind and external target kind are not semantically compatible.
https://w3id.org/h2kg/hydrogen-ontology#Hexane,Hexane,controlled_vocabulary_term,,https://purls.helmholtz-metadaten.de/hob/HDO_00006050,handles,object_property,hdo,0.615,rejected_kind_mismatch,Rejected because the local term kind and external target kind are not semantically compatible.
https://w3id.org/h2kg/hydrogen-ontology#Hexylamine,Hexylamine,controlled_vocabulary_term,,http://purl.obolibrary.org/obo/CHEBI_18280,Hydrazine,class,chebi,0.632,rejected_chemical_non_exact,Rejected because ChEBI mappings are limited to exact or manually curated chemical matches in this phase.
https://w3id.org/h2kg/hydrogen-ontology#HighPressureHomogenization,High Pressure Homogenization,controlled_vocabulary_term,,http://purl.obolibrary.org/obo/RO_0002592,results in organization of,object_property,hdo,0.667,rejected_kind_mismatch,Rejected because the local term kind and external target kind are not semantically compatible.
https://w3id.org/h2kg/hydrogen-ontology#HomogenizationSpeed,Homogenization Speed,controlled_vocabulary_term,,http://purl.obolibrary.org/obo/RO_0002592,results in organization of,object_property,hdo,0.565,rejected_kind_mismatch,Rejected because the local term kind and external target kind are not semantically compatible.
https://w3id.org/h2kg/hydrogen-ontology#HomogenizationSpeed,Homogenization Speed,controlled_vocabulary_term,,https://purls.helmholtz-metadaten.de/hob/HDO_00007005,self-information,class,hdo,0.556,rejected_hdo_scope,Rejected because the local term is outside the narrow HDO data and metadata scope.
https://w3id.org/h2kg/hydrogen-ontology#HotPlate,Hot Plate,controlled_vocabulary_term,,http://purl.obolibrary.org/obo/BFO_0000050,part of,object_property,hdo,0.625,rejected_kind_mismatch,Rejected because the local term kind and external target kind are not semantically compatible.
https://w3id.org/h2kg/hydrogen-ontology#HotPlate,Hot Plate,controlled_vocabulary_term,,http://purl.obolibrary.org/obo/BFO_0000051,has part,object_property,hdo,0.588,rejected_kind_mismatch,Rejected because the local term kind and external target kind are not semantically compatible.
https://w3id.org/h2kg/hydrogen-ontology#HotPlate,Hot Plate,controlled_vocabulary_term,,https://purls.helmholtz-metadaten.de/hob/HDO_00001039,Data Lake,class,hdo,0.556,rejected_hdo_scope,Rejected because the local term is outside the narrow HDO data and metadata scope.
https://w3id.org/h2kg/hydrogen-ontology#HotPress,Hot Press,controlled_vocabulary_term,,https://w3id.org/emmo#EMMO_process,Process,class,emmo-core,0.625,exploratory_candidate,Below the configured close-match threshold; kept only as exploratory output.
https://w3id.org/h2kg/hydrogen-ontology#HotPress,Hot Press,controlled_vocabulary_term,,http://purl.obolibrary.org/obo/BFO_0000015,process,class,hdo,0.625,rejected_hdo_scope,Rejected because the local term is outside the narrow HDO data and metadata scope.
https://w3id.org/h2kg/hydrogen-ontology#HotPress,Hot Press,controlled_vocabulary_term,,https://purls.helmholtz-metadaten.de/hob/HDO_00006057,processes,object_property,hdo,0.556,rejected_kind_mismatch,Rejected because the local term kind and external target kind are not semantically compatible.
https://w3id.org/h2kg/hydrogen-ontology#HotPressForce,Hot Press Force,controlled_vocabulary_term,,https://purls.helmholtz-metadaten.de/hob/HDO_00006058,represents,object_property,hdo,0.56,rejected_kind_mismatch,Rejected because the local term kind and external target kind are not semantically compatible.
https://w3id.org/h2kg/hydrogen-ontology#HotPressPressure,Hot Press Pressure,controlled_vocabulary_term,,https://purls.helmholtz-metadaten.de/hob/HDO_00001070,Messprozess,class,hdo,0.552,rejected_hdo_scope,Rejected because the local term is outside the narrow HDO data and metadata scope.
https://w3id.org/h2kg/hydrogen-ontology#HotPressTime,Hot Press Time,controlled_vocabulary_term,,https://purls.helmholtz-metadaten.de/hob/HDO_00001052,System Software,class,hdo,0.552,rejected_hdo_scope,Rejected because the local term is outside the narrow HDO data and metadata scope.
https://w3id.org/h2kg/hydrogen-ontology#HotPressing,Hot Pressing,controlled_vocabulary_term,,https://purls.helmholtz-metadaten.de/hob/HDO_00000046,String,class,hdo,0.556,rejected_hdo_scope,Rejected because the local term is outside the narrow HDO data and metadata scope.
https://w3id.org/h2kg/hydrogen-ontology#HumidifierTemperature,Humidifier Temperature,controlled_vocabulary_term,,https://purls.helmholtz-metadaten.de/hob/HDO_00000043,persistent identifier,class,hdo,0.605,rejected_hdo_scope,Rejected because the local term is outside the narrow HDO data and metadata scope.
https://w3id.org/h2kg/hydrogen-ontology#HumidifierTemperature,Humidifier Temperature,controlled_vocabulary_term,,https://purls.helmholtz-metadaten.de/hob/HDO_00000036,persistent identifier record,class,hdo,0.56,rejected_hdo_scope,Rejected because the local term is outside the narrow HDO data and metadata scope.
https://w3id.org/h2kg/hydrogen-ontology#HumidifierTemperature,Humidifier Temperature,controlled_vocabulary_term,,https://purls.helmholtz-metadaten.de/hob/HDO_00000045,persistent unique identifier,class,hdo,0.56,rejected_hdo_scope,Rejected because the local term is outside the narrow HDO data and metadata scope.
https://w3id.org/h2kg/hydrogen-ontology#HumiditySensor,Humidity Sensor,controlled_vocabulary_term,,https://purls.helmholtz-metadaten.de/hob/HDO_00006015,Sensor,class,hdo,0.571,rejected_hdo_scope,Rejected because the local term is outside the narrow HDO data and metadata scope.
https://w3id.org/h2kg/hydrogen-ontology#HumiditySweepMeasurement,Humidity Sweep Measurement,controlled_vocabulary_term,,https://w3id.org/emmo/domain/electrochemistry#electrochemistry_7729c34e_1ae9_403d_b933_1765885e7f29,Electrochemical measurement,class,emmo-electrochemistry,0.566,rejected_generic_electrochemical_measurement,Rejected because generic electrochemical measurement is too broad for automatic proposal here.
https://w3id.org/h2kg/hydrogen-ontology#HydrazineConcentration,Hydrazine Concentration,controlled_vocabulary_term,,http://purl.obolibrary.org/obo/CHEBI_18280,Hydrazine,class,chebi,0.562,rejected_chemical_non_exact,Rejected because ChEBI mappings are limited to exact or manually curated chemical matches in this phase.
https://w3id.org/h2kg/hydrogen-ontology#HydrocarbonIonomer,Hydrocarbon Ionomer,controlled_vocabulary_term,,http://purl.obolibrary.org/obo/CHEBI_16526,Carbon dioxide,class,chebi,0.606,rejected_chemical_non_exact,Rejected because ChEBI mappings are limited to exact or manually curated chemical matches in this phase.
https://w3id.org/h2kg/hydrogen-ontology#HydrocarbonIonomer,Hydrocarbon Ionomer,controlled_vocabulary_term,,http://purl.obolibrary.org/obo/CHEBI_18280,Hydrazine,class,chebi,0.571,rejected_chemical_non_exact,Rejected because ChEBI mappings are limited to exact or manually curated chemical matches in this phase.
https://w3id.org/h2kg/hydrogen-ontology#HydrochloricAcidConcentration,Hydrochloric Acid Concentration,controlled_vocabulary_term,,http://purl.obolibrary.org/obo/CHEBI_17883,Hydrochloric acid,class,chebi,0.708,rejected_chemical_non_exact,Rejected because ChEBI mappings are limited to exact or manually curated chemical matches in this phase.
https://w3id.org/h2kg/hydrogen-ontology#HydrochloricAcidConcentration,Hydrochloric Acid Concentration,controlled_vocabulary_term,,http://purl.obolibrary.org/obo/CHEBI_29241,Hydrofluoric acid,class,chebi,0.625,rejected_chemical_non_exact,Rejected because ChEBI mappings are limited to exact or manually curated chemical matches in this phase.
https://w3id.org/h2kg/hydrogen-ontology#Hydrogen,Hydrogen,controlled_vocabulary_term,,http://purl.obolibrary.org/obo/CHEBI_18280,Hydrazine,class,chebi,0.588,rejected_chemical_non_exact,Rejected because ChEBI mappings are limited to exact or manually curated chemical matches in this phase.
https://w3id.org/h2kg/hydrogen-ontology#HydrogenPermeability,Hydrogen Permeability,controlled_vocabulary_term,,https://purls.helmholtz-metadaten.de/hob/HDO_00007010,Interoperabilität,class,hdo,0.579,rejected_hdo_scope,Rejected because the local term is outside the narrow HDO data and metadata scope.
https://w3id.org/h2kg/hydrogen-ontology#HydrogenPeroxide,Hydrogen Peroxide,controlled_vocabulary_term,,http://purl.obolibrary.org/obo/CHEBI_16526,Carbon dioxide,class,chebi,0.581,rejected_chemical_non_exact,Rejected because ChEBI mappings are limited to exact or manually curated chemical matches in this phase.
https://w3id.org/h2kg/hydrogen-ontology#HydrogenPeroxide,Hydrogen Peroxide,controlled_vocabulary_term,,http://purl.obolibrary.org/obo/CHEBI_32035,Potassium hydroxide,class,chebi,0.556,rejected_chemical_non_exact,Rejected because ChEBI mappings are limited to exact or manually curated chemical matches in this phase.
https://w3id.org/h2kg/hydrogen-ontology#HydrogenPeroxideVolume,Hydrogen Peroxide Volume,controlled_vocabulary_term,,http://purl.obolibrary.org/obo/CHEBI_32035,Potassium hydroxide,class,chebi,0.605,rejected_chemical_non_exact,Rejected because ChEBI mappings are limited to exact or manually curated chemical matches in this phase.
https://w3id.org/h2kg/hydrogen-ontology#HydroiodicAcid,Hydroiodic Acid,controlled_vocabulary_term,,http://purl.obolibrary.org/obo/CHEBI_17883,Hydrochloric acid,class,chebi,0.812,rejected_chemical_non_exact,Rejected because ChEBI mappings are limited to exact or manually curated chemical matches in this phase.
https://w3id.org/h2kg/hydrogen-ontology#HydroiodicAcid,Hydroiodic Acid,controlled_vocabulary_term,,http://purl.obolibrary.org/obo/CHEBI_29241,Hydrofluoric acid,class,chebi,0.812,rejected_chemical_non_exact,Rejected because ChEBI mappings are limited to exact or manually curated chemical matches in this phase.
https://w3id.org/h2kg/hydrogen-ontology#HydroiodicAcid,Hydroiodic Acid,controlled_vocabulary_term,,http://purl.obolibrary.org/obo/CHEBI_30751,Formic acid,class,chebi,0.615,rejected_chemical_non_exact,Rejected because ChEBI mappings are limited to exact or manually curated chemical matches in this phase.
https://w3id.org/h2kg/hydrogen-ontology#ICPElementalAnalysisMeasurement,ICP Elemental Analysis Measurement,controlled_vocabulary_term,,https://w3id.org/emmo/domain/electrochemistry#electrochemistry_7729c34e_1ae9_403d_b933_1765885e7f29,Electrochemical measurement,class,emmo-electrochemistry,0.59,rejected_generic_electrochemical_measurement,Rejected because generic electrochemical measurement is too broad for automatic proposal here.
https://w3id.org/h2kg/hydrogen-ontology#IRCompensationFraction,IRCompensation Fraction,controlled_vocabulary_term,,http://purl.obolibrary.org/obo/IAO_0000007,action specification,class,hdo,0.651,rejected_hdo_scope,Rejected because the local term is outside the narrow HDO data and metadata scope.
https://w3id.org/h2kg/hydrogen-ontology#IRCompensationFraction,IRCompensation Fraction,controlled_vocabulary_term,,https://purls.helmholtz-metadaten.de/hob/HDO_00007028,dictionary specification,class,hdo,0.553,rejected_hdo_scope,Rejected because the local term is outside the narrow HDO data and metadata scope.
https://w3id.org/h2kg/hydrogen-ontology#IlastikSoftware,Ilastik Software,controlled_vocabulary_term,,https://purls.helmholtz-metadaten.de/hob/HDO_00006024,software agent,class,hdo,0.733,rejected_hdo_scope,Rejected because the local term is outside the narrow HDO data and metadata scope.
https://w3id.org/h2kg/hydrogen-ontology#IlastikSoftware,Ilastik Software,controlled_vocabulary_term,,https://purls.helmholtz-metadaten.de/hob/HDO_00001023,Software,class,hdo,0.667,rejected_hdo_scope,Rejected because the local term is outside the narrow HDO data and metadata scope.
https://w3id.org/h2kg/hydrogen-ontology#IlastikSoftware,Ilastik Software,controlled_vocabulary_term,,https://purls.helmholtz-metadaten.de/hob/HDO_00001044,Ausführbare Software,class,hdo,0.611,rejected_hdo_scope,Rejected because the local term is outside the narrow HDO data and metadata scope.
https://w3id.org/h2kg/hydrogen-ontology#IlastikSoftware,Ilastik Software,controlled_vocabulary_term,,https://purls.helmholtz-metadaten.de/hob/HDO_00006017,proprietary software,class,hdo,0.611,rejected_hdo_scope,Rejected because the local term is outside the narrow HDO data and metadata scope.
https://w3id.org/h2kg/hydrogen-ontology#IlastikSoftware,Ilastik Software,controlled_vocabulary_term,,https://purls.helmholtz-metadaten.de/hob/HDO_00001020,Anwendungssoftware,class,hdo,0.588,rejected_hdo_scope,Rejected because the local term is outside the narrow HDO data and metadata scope.
https://w3id.org/h2kg/hydrogen-ontology#ImpedanceDataset,Impedance Dataset,controlled_vocabulary_term,,https://purls.helmholtz-metadaten.de/hob/HDO_00007037,database specification,class,hdo,0.644,exploratory_candidate,Below the configured close-match threshold; kept only as exploratory output.
https://w3id.org/h2kg/hydrogen-ontology#ImpedanceDataset,Impedance Dataset,controlled_vocabulary_term,,https://purls.helmholtz-metadaten.de/hob/HDO_00001069,simulation data,class,hdo,0.642,exploratory_candidate,Below the configured close-match threshold; kept only as exploratory output.
https://w3id.org/h2kg/hydrogen-ontology#ImpedanceDataset,Impedance Dataset,controlled_vocabulary_term,,https://purls.helmholtz-metadaten.de/hob/HDO_00007043,obsolete data validation,class,hdo,0.585,rejected_deprecated_target,Rejected because the external target is marked as deprecated or obsolete.
https://w3id.org/h2kg/hydrogen-ontology#ImpedanceDataset,Impedance Dataset,controlled_vocabulary_term,,https://purls.helmholtz-metadaten.de/hob/HDO_00002027,offene Daten,class,hdo,0.552,rejected_hdo_scope,Rejected because the local term is outside the narrow HDO data and metadata scope.
https://w3id.org/h2kg/hydrogen-ontology#InPlaneElectronicConductivityMeasurement,In Plane Electronic Conductivity Measurement,controlled_vocabulary_term,,https://w3id.org/emmo/domain/electrochemistry#electrochemistry_7729c34e_1ae9_403d_b933_1765885e7f29,Electrochemical measurement,class,emmo-electrochemistry,0.592,rejected_generic_electrochemical_measurement,Rejected because generic electrochemical measurement is too broad for automatic proposal here.
https://w3id.org/h2kg/hydrogen-ontology#IncubationTime,Incubation Time,controlled_vocabulary_term,,https://purls.helmholtz-metadaten.de/hob/HDO_00007005,self-information,class,hdo,0.581,rejected_hdo_scope,Rejected because the local term is outside the narrow HDO data and metadata scope.
https://w3id.org/h2kg/hydrogen-ontology#IncubationTime,Incubation Time,controlled_vocabulary_term,,https://purls.helmholtz-metadaten.de/hob/hdo.owl#triple_specification,Tripel Spezifikation,class,hdo,0.571,rejected_hdo_scope,Rejected because the local term is outside the narrow HDO data and metadata scope.
https://w3id.org/h2kg/hydrogen-ontology#InductanceL,Inductance L,controlled_vocabulary_term,,https://purls.helmholtz-metadaten.de/hob/HDO_00006053,indicates,object_property,hdo,0.571,rejected_kind_mismatch,Rejected because the local term kind and external target kind are not semantically compatible.
https://w3id.org/h2kg/hydrogen-ontology#InitiatorConcentration,Initiator Concentration,controlled_vocabulary_term,,http://purl.obolibrary.org/obo/IAO_0000030,information content entity,class,hdo,0.571,rejected_hdo_scope,Rejected because the local term is outside the narrow HDO data and metadata scope.
https://w3id.org/h2kg/hydrogen-ontology#InkCompositionSpecification,Ink Composition Specification,controlled_vocabulary_term,,http://purl.obolibrary.org/obo/IAO_0000007,action specification,class,hdo,0.776,rejected_hdo_scope,Rejected because the local term is outside the narrow HDO data and metadata scope.
https://w3id.org/h2kg/hydrogen-ontology#InkCompositionSpecification,Ink Composition Specification,controlled_vocabulary_term,,https://purls.helmholtz-metadaten.de/hob/HDO_00007028,dictionary specification,class,hdo,0.717,rejected_hdo_scope,Rejected because the local term is outside the narrow HDO data and metadata scope.
https://w3id.org/h2kg/hydrogen-ontology#InkCompositionSpecification,Ink Composition Specification,controlled_vocabulary_term,,http://purl.obolibrary.org/obo/IAO_0000104,plan specification,class,hdo,0.681,rejected_hdo_scope,Rejected because the local term is outside the narrow HDO data and metadata scope.
https://w3id.org/h2kg/hydrogen-ontology#InkCompositionSpecification,Ink Composition Specification,controlled_vocabulary_term,,http://purl.obolibrary.org/obo/IAO_0000005,objective specification,class,hdo,0.654,rejected_hdo_scope,Rejected because the local term is outside the narrow HDO data and metadata scope.
https://w3id.org/h2kg/hydrogen-ontology#InkCompositionSpecification,Ink Composition Specification,controlled_vocabulary_term,,https://purls.helmholtz-metadaten.de/hob/HDO_00006044,creates specification,object_property,hdo,0.64,rejected_kind_mismatch,Rejected because the local term kind and external target kind are not semantically compatible.
https://w3id.org/h2kg/hydrogen-ontology#InkCompositionSpecification,Ink Composition Specification,controlled_vocabulary_term,,https://purls.helmholtz-metadaten.de/hob/HDO_00007035,ontological graph specification,class,hdo,0.633,rejected_hdo_scope,Rejected because the local term is outside the narrow HDO data and metadata scope.
https://w3id.org/h2kg/hydrogen-ontology#InkCompositionSpecification,Ink Composition Specification,controlled_vocabulary_term,,https://purls.helmholtz-metadaten.de/hob/HDO_00001057,obsolete schema specification,class,hdo,0.621,rejected_deprecated_target,Rejected because the external target is marked as deprecated or obsolete.
https://w3id.org/h2kg/hydrogen-ontology#InkCompositionSpecification,Ink Composition Specification,controlled_vocabulary_term,,https://purls.helmholtz-metadaten.de/hob/HDO_00007038,digital object specification,class,hdo,0.596,rejected_hdo_scope,Rejected because the local term is outside the narrow HDO data and metadata scope.
https://w3id.org/h2kg/hydrogen-ontology#InkCompositionSpecification,Ink Composition Specification,controlled_vocabulary_term,,https://purls.helmholtz-metadaten.de/hob/HDO_00007033,directed graph specification,class,hdo,0.596,rejected_hdo_scope,Rejected because the local term is outside the narrow HDO data and metadata scope.
https://w3id.org/h2kg/hydrogen-ontology#InkCompositionSpecification,Ink Composition Specification,controlled_vocabulary_term,,https://purls.helmholtz-metadaten.de/hob/HDO_00006010,JSON Schema Spezifikation,class,hdo,0.593,rejected_hdo_scope,Rejected because the local term is outside the narrow HDO data and metadata scope.
https://w3id.org/h2kg/hydrogen-ontology#InkCompositionSpecification,Ink Composition Specification,controlled_vocabulary_term,,https://purls.helmholtz-metadaten.de/hob/HDO_00007037,database specification,class,hdo,0.588,rejected_hdo_scope,Rejected because the local term is outside the narrow HDO data and metadata scope.
https://w3id.org/h2kg/hydrogen-ontology#InkCompositionSpecification,Ink Composition Specification,controlled_vocabulary_term,,https://purls.helmholtz-metadaten.de/hob/HDO_00007026,Listenspezifikation,class,hdo,0.583,rejected_hdo_scope,Rejected because the local term is outside the narrow HDO data and metadata scope.
https://w3id.org/h2kg/hydrogen-ontology#InkDilutionRatio,Ink Dilution Ratio,controlled_vocabulary_term,,https://purls.helmholtz-metadaten.de/hob/HDO_00002012,Lizenzinformation,class,hdo,0.571,rejected_hdo_scope,Rejected because the local term is outside the narrow HDO data and metadata scope.
https://w3id.org/h2kg/hydrogen-ontology#InkDilutionRatio,Ink Dilution Ratio,controlled_vocabulary_term,,https://purls.helmholtz-metadaten.de/hob/HDO_00007028,dictionary specification,class,hdo,0.571,rejected_hdo_scope,Rejected because the local term is outside the narrow HDO data and metadata scope.
https://w3id.org/h2kg/hydrogen-ontology#InkDilutionRatio,Ink Dilution Ratio,controlled_vocabulary_term,,http://purl.obolibrary.org/obo/IAO_0000033,directive information entity,class,hdo,0.565,rejected_hdo_scope,Rejected because the local term is outside the narrow HDO data and metadata scope.
https://w3id.org/h2kg/hydrogen-ontology#InkFormulationMeasurement,Ink Formulation Measurement,controlled_vocabulary_term,,https://w3id.org/emmo/domain/electrochemistry#electrochemistry_7729c34e_1ae9_403d_b933_1765885e7f29,Electrochemical measurement,class,emmo-electrochemistry,0.593,rejected_generic_electrochemical_measurement,Rejected because generic electrochemical measurement is too broad for automatic proposal here.
https://w3id.org/h2kg/hydrogen-ontology#InkFormulationMeasurement,Ink Formulation Measurement,controlled_vocabulary_term,,https://purls.helmholtz-metadaten.de/hob/HDO_00007005,self-information,class,hdo,0.558,rejected_hdo_scope,Rejected because the local term is outside the narrow HDO data and metadata scope.
https://w3id.org/h2kg/hydrogen-ontology#InkFormulationSpecification,Ink Formulation Specification,controlled_vocabulary_term,,http://purl.obolibrary.org/obo/IAO_0000007,action specification,class,hdo,0.776,rejected_hdo_scope,Rejected because the local term is outside the narrow HDO data and metadata scope.
https://w3id.org/h2kg/hydrogen-ontology#InkFormulationSpecification,Ink Formulation Specification,controlled_vocabulary_term,,http://purl.obolibrary.org/obo/IAO_0000104,plan specification,class,hdo,0.723,rejected_hdo_scope,Rejected because the local term is outside the narrow HDO data and metadata scope.
https://w3id.org/h2kg/hydrogen-ontology#InkFormulationSpecification,Ink Formulation Specification,controlled_vocabulary_term,,https://purls.helmholtz-metadaten.de/hob/HDO_00006044,creates specification,object_property,hdo,0.68,rejected_kind_mismatch,Rejected because the local term kind and external target kind are not semantically compatible.
https://w3id.org/h2kg/hydrogen-ontology#InkFormulationSpecification,Ink Formulation Specification,controlled_vocabulary_term,,https://purls.helmholtz-metadaten.de/hob/HDO_00007028,dictionary specification,class,hdo,0.679,rejected_hdo_scope,Rejected because the local term is outside the narrow HDO data and metadata scope.
https://w3id.org/h2kg/hydrogen-ontology#InkFormulationSpecification,Ink Formulation Specification,controlled_vocabulary_term,,http://purl.obolibrary.org/obo/IAO_0000005,objective specification,class,hdo,0.654,rejected_hdo_scope,Rejected because the local term is outside the narrow HDO data and metadata scope.
https://w3id.org/h2kg/hydrogen-ontology#InkFormulationSpecification,Ink Formulation Specification,controlled_vocabulary_term,,https://purls.helmholtz-metadaten.de/hob/HDO_00007035,ontological graph specification,class,hdo,0.633,rejected_hdo_scope,Rejected because the local term is outside the narrow HDO data and metadata scope.
https://w3id.org/h2kg/hydrogen-ontology#InkFormulationSpecification,Ink Formulation Specification,controlled_vocabulary_term,,https://purls.helmholtz-metadaten.de/hob/HDO_00007037,database specification,class,hdo,0.627,rejected_hdo_scope,Rejected because the local term is outside the narrow HDO data and metadata scope.
https://w3id.org/h2kg/hydrogen-ontology#InkFormulationSpecification,Ink Formulation Specification,controlled_vocabulary_term,,https://purls.helmholtz-metadaten.de/hob/HDO_00001057,obsolete schema specification,class,hdo,0.621,rejected_deprecated_target,Rejected because the external target is marked as deprecated or obsolete.
https://w3id.org/h2kg/hydrogen-ontology#InkFormulationSpecification,Ink Formulation Specification,controlled_vocabulary_term,,https://purls.helmholtz-metadaten.de/hob/HDO_00002010,Planungsspezifikation,class,hdo,0.6,rejected_hdo_scope,Rejected because the local term is outside the narrow HDO data and metadata scope.
https://w3id.org/h2kg/hydrogen-ontology#InkFormulationSpecification,Ink Formulation Specification,controlled_vocabulary_term,,https://purls.helmholtz-metadaten.de/hob/HDO_00007033,directed graph specification,class,hdo,0.596,rejected_hdo_scope,Rejected because the local term is outside the narrow HDO data and metadata scope.
https://w3id.org/h2kg/hydrogen-ontology#InkFormulationSpecification,Ink Formulation Specification,controlled_vocabulary_term,,https://purls.helmholtz-metadaten.de/hob/HDO_00007026,Listenspezifikation,class,hdo,0.583,rejected_hdo_scope,Rejected because the local term is outside the narrow HDO data and metadata scope.
https://w3id.org/h2kg/hydrogen-ontology#InkFormulationSpecification,Ink Formulation Specification,controlled_vocabulary_term,,https://purls.helmholtz-metadaten.de/hob/HDO_00007005,self-information,class,hdo,0.578,rejected_hdo_scope,Rejected because the local term is outside the narrow HDO data and metadata scope.
https://w3id.org/h2kg/hydrogen-ontology#InkFormulationSpecificationMeasurement,Ink Formulation Specification Measurement,controlled_vocabulary_term,,http://purl.obolibrary.org/obo/IAO_0000007,action specification,class,hdo,0.623,rejected_hdo_scope,Rejected because the local term is outside the narrow HDO data and metadata scope.
https://w3id.org/h2kg/hydrogen-ontology#InkFormulationSpecificationMeasurement,Ink Formulation Specification Measurement,controlled_vocabulary_term,,https://purls.helmholtz-metadaten.de/hob/HDO_00007028,dictionary specification,class,hdo,0.615,rejected_hdo_scope,Rejected because the local term is outside the narrow HDO data and metadata scope.
https://w3id.org/h2kg/hydrogen-ontology#InkFormulationSpecificationMeasurement,Ink Formulation Specification Measurement,controlled_vocabulary_term,,https://purls.helmholtz-metadaten.de/hob/HDO_00006044,creates specification,object_property,hdo,0.613,rejected_kind_mismatch,Rejected because the local term kind and external target kind are not semantically compatible.
https://w3id.org/h2kg/hydrogen-ontology#InkFormulationSpecificationMeasurement,Ink Formulation Specification Measurement,controlled_vocabulary_term,,https://purls.helmholtz-metadaten.de/hob/HDO_00007037,database specification,class,hdo,0.603,rejected_hdo_scope,Rejected because the local term is outside the narrow HDO data and metadata scope.
https://w3id.org/h2kg/hydrogen-ontology#InkFormulationSpecificationMeasurement,Ink Formulation Specification Measurement,controlled_vocabulary_term,,https://purls.helmholtz-metadaten.de/hob/HDO_00001057,obsolete schema specification,class,hdo,0.6,rejected_deprecated_target,Rejected because the external target is marked as deprecated or obsolete.
https://w3id.org/h2kg/hydrogen-ontology#InkFormulationSpecificationMeasurement,Ink Formulation Specification Measurement,controlled_vocabulary_term,,http://purl.obolibrary.org/obo/IAO_0000104,plan specification,class,hdo,0.576,rejected_hdo_scope,Rejected because the local term is outside the narrow HDO data and metadata scope.
https://w3id.org/h2kg/hydrogen-ontology#InkFormulationSpecificationMeasurement,Ink Formulation Specification Measurement,controlled_vocabulary_term,,http://purl.obolibrary.org/obo/BFO_0000020,specifically dependent continuant,class,hdo,0.568,rejected_hdo_scope,Rejected because the local term is outside the narrow HDO data and metadata scope.
https://w3id.org/h2kg/hydrogen-ontology#InkFormulationSpecificationMeasurement,Ink Formulation Specification Measurement,controlled_vocabulary_term,,http://purl.obolibrary.org/obo/IAO_0000005,objective specification,class,hdo,0.562,rejected_hdo_scope,Rejected because the local term is outside the narrow HDO data and metadata scope.
https://w3id.org/h2kg/hydrogen-ontology#InkFormulationSpecificationMeasurement,Ink Formulation Specification Measurement,controlled_vocabulary_term,,https://purls.helmholtz-metadaten.de/hob/HDO_00007035,ontological graph specification,class,hdo,0.556,rejected_hdo_scope,Rejected because the local term is outside the narrow HDO data and metadata scope.
https://w3id.org/h2kg/hydrogen-ontology#InkFormulationSpecificationMeasurement,Ink Formulation Specification Measurement,controlled_vocabulary_term,,https://purls.helmholtz-metadaten.de/hob/HDO_00007038,digital object specification,class,hdo,0.551,rejected_hdo_scope,Rejected because the local term is outside the narrow HDO data and metadata scope.
https://w3id.org/h2kg/hydrogen-ontology#InkMixingSpeed,Ink Mixing Speed,controlled_vocabulary_term,,https://purls.helmholtz-metadaten.de/hob/HDO_00006082,is registered in,object_property,hdo,0.562,rejected_kind_mismatch,Rejected because the local term kind and external target kind are not semantically compatible.
https://w3id.org/h2kg/hydrogen-ontology#InkRecipeDefinition,Ink Recipe Definition,controlled_vocabulary_term,,https://purls.helmholtz-metadaten.de/hob/hdo.owl#triple_specification,Tripel Spezifikation,class,hdo,0.585,rejected_hdo_scope,Rejected because the local term is outside the narrow HDO data and metadata scope.
https://w3id.org/h2kg/hydrogen-ontology#InkStabilityModelCalculation,Ink Stability Model Calculation,controlled_vocabulary_term,,https://purls.helmholtz-metadaten.de/hob/HDO_00001068,computational modelling,class,hdo,0.556,rejected_hdo_scope,Rejected because the local term is outside the narrow HDO data and metadata scope.
https://w3id.org/h2kg/hydrogen-ontology#InkStabilityTime,Ink Stability Time,controlled_vocabulary_term,,https://purls.helmholtz-metadaten.de/hob/HDO_00007010,Interoperabilität,class,hdo,0.629,rejected_hdo_scope,Rejected because the local term is outside the narrow HDO data and metadata scope.
https://w3id.org/h2kg/hydrogen-ontology#InkStabilityTime,Ink Stability Time,controlled_vocabulary_term,,https://purls.helmholtz-metadaten.de/hob/HDO_00007011,Semantische Interoperabilität,class,hdo,0.553,rejected_hdo_scope,Rejected because the local term is outside the narrow HDO data and metadata scope.
https://w3id.org/h2kg/hydrogen-ontology#InkStorageStabilityDuration,Ink Storage Stability Duration,controlled_vocabulary_term,,https://purls.helmholtz-metadaten.de/hob/HDO_00006031,data storage role,class,hdo,0.553,rejected_hdo_scope,Rejected because the local term is outside the narrow HDO data and metadata scope.
https://w3id.org/h2kg/hydrogen-ontology#InkStorageTime,Ink Storage Time,controlled_vocabulary_term,,https://purls.helmholtz-metadaten.de/hob/HDO_00006020,Tripel Store,class,hdo,0.643,rejected_hdo_scope,Rejected because the local term is outside the narrow HDO data and metadata scope.
https://w3id.org/h2kg/hydrogen-ontology#InkStorageTime,Ink Storage Time,controlled_vocabulary_term,,https://purls.helmholtz-metadaten.de/hob/HDO_00006061,stored in,object_property,hdo,0.64,rejected_kind_mismatch,Rejected because the local term kind and external target kind are not semantically compatible.
https://w3id.org/h2kg/hydrogen-ontology#InkUltrasonication,Ink Ultrasonication,controlled_vocabulary_term,,http://purl.obolibrary.org/obo/IAO_0000007,action specification,class,hdo,0.564,rejected_hdo_scope,Rejected because the local term is outside the narrow HDO data and metadata scope.
https://w3id.org/h2kg/hydrogen-ontology#InkjetPrinter,Inkjet Printer,controlled_vocabulary_term,,http://purl.obolibrary.org/obo/RO_0000056,participates in,object_property,hdo,0.552,rejected_kind_mismatch,Rejected because the local term kind and external target kind are not semantically compatible.
https://w3id.org/h2kg/hydrogen-ontology#Instrument,Instrument,class,,https://purls.helmholtz-metadaten.de/hob/HDO_00002028,Infrastruktur,class,hdo,0.609,rejected_hdo_scope,Rejected because the local term is outside the narrow HDO data and metadata scope.
https://w3id.org/h2kg/hydrogen-ontology#InterfacialResistance,Interfacial Resistance,controlled_vocabulary_term,,https://purls.helmholtz-metadaten.de/hob/HDO_00000043,persistent identifier,class,hdo,0.558,rejected_hdo_scope,Rejected because the local term is outside the narrow HDO data and metadata scope.
https://w3id.org/h2kg/hydrogen-ontology#InterfacialResistance,Interfacial Resistance,controlled_vocabulary_term,,https://purls.helmholtz-metadaten.de/hob/HDO_00006054,interacts with,object_property,hdo,0.556,rejected_kind_mismatch,Rejected because the local term kind and external target kind are not semantically compatible.
https://w3id.org/h2kg/hydrogen-ontology#InternalCurrentDensity,Internal Current Density,controlled_vocabulary_term,,http://purl.obolibrary.org/obo/BFO_0000040,material entity,class,hdo,0.615,rejected_hdo_scope,Rejected because the local term is outside the narrow HDO data and metadata scope.
https://w3id.org/h2kg/hydrogen-ontology#InternalCurrentDensity,Internal Current Density,controlled_vocabulary_term,,http://purl.obolibrary.org/obo/IAO_0000030,information content entity,class,hdo,0.6,rejected_hdo_scope,Rejected because the local term is outside the narrow HDO data and metadata scope.
https://w3id.org/h2kg/hydrogen-ontology#IntrinsicViscosity,Intrinsic Viscosity,controlled_vocabulary_term,,https://purls.helmholtz-metadaten.de/hob/HDO_00000026,intrinsic metadata,class,hdo,0.595,rejected_hdo_scope,Rejected because the local term is outside the narrow HDO data and metadata scope.
https://w3id.org/h2kg/hydrogen-ontology#IonExchangeCapacityMeasurement,Ion Exchange Capacity Measurement,controlled_vocabulary_term,,https://w3id.org/emmo/domain/electrochemistry#electrochemistry_7729c34e_1ae9_403d_b933_1765885e7f29,Electrochemical measurement,class,emmo-electrochemistry,0.6,rejected_generic_electrochemical_measurement,Rejected because generic electrochemical measurement is too broad for automatic proposal here.
https://w3id.org/h2kg/hydrogen-ontology#IonicResistance,Ionic Resistance,controlled_vocabulary_term,,https://purls.helmholtz-metadaten.de/hob/HDO_00006082,is registered in,object_property,hdo,0.625,rejected_kind_mismatch,Rejected because the local term kind and external target kind are not semantically compatible.
https://w3id.org/h2kg/hydrogen-ontology#IonicStrength,Ionic Strength,controlled_vocabulary_term,,https://purls.helmholtz-metadaten.de/hob/HDO_00006061,stored in,object_property,hdo,0.609,rejected_kind_mismatch,Rejected because the local term kind and external target kind are not semantically compatible.
https://w3id.org/h2kg/hydrogen-ontology#IonomerCoatingSimulation,Ionomer Coating Simulation,controlled_vocabulary_term,,https://purls.helmholtz-metadaten.de/hob/HDO_00001069,simulation data,class,hdo,0.634,rejected_hdo_scope,Rejected because the local term is outside the narrow HDO data and metadata scope.
https://w3id.org/h2kg/hydrogen-ontology#IonomerCoatingSimulation,Ionomer Coating Simulation,controlled_vocabulary_term,,https://purls.helmholtz-metadaten.de/hob/HDO_00006025,Datentypinformation,class,hdo,0.578,rejected_hdo_scope,Rejected because the local term is outside the narrow HDO data and metadata scope.
https://w3id.org/h2kg/hydrogen-ontology#IonomerCoatingSimulation,Ionomer Coating Simulation,controlled_vocabulary_term,,http://purl.obolibrary.org/obo/IAO_0000030,information content entity,class,hdo,0.577,rejected_hdo_scope,Rejected because the local term is outside the narrow HDO data and metadata scope.
https://w3id.org/h2kg/hydrogen-ontology#IonomerCoatingSimulation,Ionomer Coating Simulation,controlled_vocabulary_term,,http://purl.obolibrary.org/obo/IAO_0000007,action specification,class,hdo,0.565,rejected_hdo_scope,Rejected because the local term is outside the narrow HDO data and metadata scope.
https://w3id.org/h2kg/hydrogen-ontology#IonomerCoatingSimulation,Ionomer Coating Simulation,controlled_vocabulary_term,,https://purls.helmholtz-metadaten.de/hob/HDO_00007028,dictionary specification,class,hdo,0.56,rejected_hdo_scope,Rejected because the local term is outside the narrow HDO data and metadata scope.
https://w3id.org/h2kg/hydrogen-ontology#IonomerCoatingSimulation,Ionomer Coating Simulation,controlled_vocabulary_term,,https://purls.helmholtz-metadaten.de/hob/HDO_00002012,Lizenzinformation,class,hdo,0.558,rejected_hdo_scope,Rejected because the local term is outside the narrow HDO data and metadata scope.
https://w3id.org/h2kg/hydrogen-ontology#IonomerCoatingSimulation,Ionomer Coating Simulation,controlled_vocabulary_term,,http://purl.obolibrary.org/obo/IAO_0000033,directive information entity,class,hdo,0.556,rejected_hdo_scope,Rejected because the local term is outside the narrow HDO data and metadata scope.
https://w3id.org/h2kg/hydrogen-ontology#IonomerCoatingSimulation,Ionomer Coating Simulation,controlled_vocabulary_term,,https://purls.helmholtz-metadaten.de/hob/HDO_00002026,Provenienzinformation,class,hdo,0.553,rejected_hdo_scope,Rejected because the local term is outside the narrow HDO data and metadata scope.
https://w3id.org/h2kg/hydrogen-ontology#IonomerDispersionMassFraction,Ionomer Dispersion Mass Fraction,controlled_vocabulary_term,,https://purls.helmholtz-metadaten.de/hob/HDO_00007039,taxonomy specification,class,hdo,0.556,rejected_hdo_scope,Rejected because the local term is outside the narrow HDO data and metadata scope.
https://w3id.org/h2kg/hydrogen-ontology#IonomerFilm,Ionomer Film,controlled_vocabulary_term,,https://purls.helmholtz-metadaten.de/hob/HDO_00006012,JSON file,class,hdo,0.571,rejected_hdo_scope,Rejected because the local term is outside the narrow HDO data and metadata scope.
https://w3id.org/h2kg/hydrogen-ontology#IonomerSolution,Ionomer Solution,controlled_vocabulary_term,,https://purls.helmholtz-metadaten.de/hob/HDO_00000025,Information,class,hdo,0.593,rejected_hdo_scope,Rejected because the local term is outside the narrow HDO data and metadata scope.
https://w3id.org/h2kg/hydrogen-ontology#IonomerThinFilmPermeability,Ionomer Thin Film Permeability,controlled_vocabulary_term,,https://purls.helmholtz-metadaten.de/hob/HDO_00007010,Interoperabilität,class,hdo,0.638,rejected_hdo_scope,Rejected because the local term is outside the narrow HDO data and metadata scope.
https://w3id.org/h2kg/hydrogen-ontology#IonomerToCatalystMassRatio,Ionomer To Catalyst Mass Ratio,controlled_vocabulary_term,,https://purls.helmholtz-metadaten.de/hob/HDO_00006048,grants permission to,object_property,hdo,0.56,rejected_kind_mismatch,Rejected because the local term kind and external target kind are not semantically compatible.
https://w3id.org/h2kg/hydrogen-ontology#IonomerType,Ionomer Type,controlled_vocabulary_term,,https://purls.helmholtz-metadaten.de/hob/HDO_00000119,obsolete file type,class,hdo,0.6,rejected_deprecated_target,Rejected because the external target is marked as deprecated or obsolete.
https://w3id.org/h2kg/hydrogen-ontology#IonomerVolumeFraction,Ionomer Volume Fraction,controlled_vocabulary_term,,https://purls.helmholtz-metadaten.de/hob/HDO_00007022,Informations Rolle,class,hdo,0.585,rejected_hdo_scope,Rejected because the local term is outside the narrow HDO data and metadata scope.
https://w3id.org/h2kg/hydrogen-ontology#IridiumOxideCatalyst,Iridium Oxide Catalyst,controlled_vocabulary_term,,http://purl.obolibrary.org/obo/CHEBI_16526,Carbon dioxide,class,chebi,0.556,rejected_chemical_non_exact,Rejected because ChEBI mappings are limited to exact or manually curated chemical matches in this phase.
https://w3id.org/h2kg/hydrogen-ontology#IronAcetate,Iron Acetate,controlled_vocabulary_term,,https://purls.helmholtz-metadaten.de/hob/HDO_00002013,FAIR data,class,hdo,0.571,rejected_hdo_scope,Rejected because the local term is outside the narrow HDO data and metadata scope.
https://w3id.org/h2kg/hydrogen-ontology#IronAcetate,Iron Acetate,controlled_vocabulary_term,,https://purls.helmholtz-metadaten.de/hob/HDO_00000029,Metadaten,class,hdo,0.571,rejected_hdo_scope,Rejected because the local term is outside the narrow HDO data and metadata scope.
https://w3id.org/h2kg/hydrogen-ontology#IronAcetate,Iron Acetate,controlled_vocabulary_term,,https://purls.helmholtz-metadaten.de/hob/HDO_00006040,acts upon,object_property,hdo,0.571,rejected_kind_mismatch,Rejected because the local term kind and external target kind are not semantically compatible.
https://w3id.org/h2kg/hydrogen-ontology#IronAcetate,Iron Acetate,controlled_vocabulary_term,,https://purls.helmholtz-metadaten.de/hob/HDO_00006041,agrees on,object_property,hdo,0.571,rejected_kind_mismatch,Rejected because the local term kind and external target kind are not semantically compatible.
https://w3id.org/h2kg/hydrogen-ontology#IrradiationTime,Irradiation Time,controlled_vocabulary_term,,https://purls.helmholtz-metadaten.de/hob/hdo.owl#triple_specification,Tripel Spezifikation,class,hdo,0.611,rejected_hdo_scope,Rejected because the local term is outside the narrow HDO data and metadata scope.
https://w3id.org/h2kg/hydrogen-ontology#IrradiationTime,Irradiation Time,controlled_vocabulary_term,,https://purls.helmholtz-metadaten.de/hob/HDO_00007005,self-information,class,hdo,0.562,rejected_hdo_scope,Rejected because the local term is outside the narrow HDO data and metadata scope.
https://w3id.org/h2kg/hydrogen-ontology#JVPerformanceDataset,JV Performance Dataset,controlled_vocabulary_term,,https://purls.helmholtz-metadaten.de/hob/HDO_00006025,Datentypinformation,class,hdo,0.585,rejected_hdo_scope,Rejected because the local term is outside the narrow HDO data and metadata scope.
https://w3id.org/h2kg/hydrogen-ontology#KOHConcentration,KOH Concentration,controlled_vocabulary_term,,http://purl.obolibrary.org/obo/IAO_0000030,information content entity,class,hdo,0.558,rejected_hdo_scope,Rejected because the local term is outside the narrow HDO data and metadata scope.
https://w3id.org/h2kg/hydrogen-ontology#KaptonFilm,Kapton Film,controlled_vocabulary_term,,https://purls.helmholtz-metadaten.de/hob/HDO_00006012,JSON file,class,hdo,0.6,rejected_hdo_scope,Rejected because the local term is outside the narrow HDO data and metadata scope.
https://w3id.org/h2kg/hydrogen-ontology#KaptonFilm,Kapton Film,controlled_vocabulary_term,,https://purls.helmholtz-metadaten.de/hob/HDO_00001005,Spezifikation,class,hdo,0.583,rejected_hdo_scope,Rejected because the local term is outside the narrow HDO data and metadata scope.
https://w3id.org/h2kg/hydrogen-ontology#KineticCurrent,Kinetic Current,controlled_vocabulary_term,,http://purl.obolibrary.org/obo/BFO_0000003,occurrent,class,hdo,0.583,rejected_hdo_scope,Rejected because the local term is outside the narrow HDO data and metadata scope.
https://w3id.org/h2kg/hydrogen-ontology#KitchenBlender,Kitchen Blender,controlled_vocabulary_term,,https://purls.helmholtz-metadaten.de/hob/HDO_00001060,Zeichen einer Quantiät,class,hdo,0.595,rejected_hdo_scope,Rejected because the local term is outside the narrow HDO data and metadata scope.
https://w3id.org/h2kg/hydrogen-ontology#LSTMModel,LSTM Model,controlled_vocabulary_term,,http://purl.obolibrary.org/obo/RO_0002615,has model,object_property,hdo,0.737,rejected_kind_mismatch,Rejected because the local term kind and external target kind are not semantically compatible.
https://w3id.org/h2kg/hydrogen-ontology#LSTMModel,LSTM Model,controlled_vocabulary_term,,https://purls.helmholtz-metadaten.de/hob/HDO_00001066,Modell,class,hdo,0.625,rejected_hdo_scope,Rejected because the local term is outside the narrow HDO data and metadata scope.
https://w3id.org/h2kg/hydrogen-ontology#LaB6CalibrationStandard,La B 6 Calibration Standard,controlled_vocabulary_term,,https://purls.helmholtz-metadaten.de/hob/HDO_00006043,based on standard,object_property,hdo,0.591,rejected_kind_mismatch,Rejected because the local term kind and external target kind are not semantically compatible.
https://w3id.org/h2kg/hydrogen-ontology#LaserParticleSizer,Laser Particle Sizer,controlled_vocabulary_term,,https://purls.helmholtz-metadaten.de/hob/HDO_00002022,FAIR principles,class,hdo,0.571,rejected_hdo_scope,Rejected because the local term is outside the narrow HDO data and metadata scope.
https://w3id.org/h2kg/hydrogen-ontology#LaserParticleSizer,Laser Particle Sizer,controlled_vocabulary_term,,http://purl.obolibrary.org/obo/RO_0000057,has participant,object_property,hdo,0.571,rejected_kind_mismatch,Rejected because the local term kind and external target kind are not semantically compatible.
https://w3id.org/h2kg/hydrogen-ontology#LaserRepetitionRate,Laser Repetition Rate,controlled_vocabulary_term,,https://purls.helmholtz-metadaten.de/hob/HDO_00006044,creates specification,object_property,hdo,0.571,rejected_kind_mismatch,Rejected because the local term kind and external target kind are not semantically compatible.
https://w3id.org/h2kg/hydrogen-ontology#LaserZStep,Laser Z Step,controlled_vocabulary_term,,https://purls.helmholtz-metadaten.de/hob/HDO_00001041,Klasse,class,hdo,0.556,rejected_hdo_scope,Rejected because the local term is outside the narrow HDO data and metadata scope.
https://w3id.org/h2kg/hydrogen-ontology#LatticeDiameter,Lattice Diameter,controlled_vocabulary_term,,https://purls.helmholtz-metadaten.de/hob/HDO_00007023,qualitative Daten,class,hdo,0.606,rejected_hdo_scope,Rejected because the local term is outside the narrow HDO data and metadata scope.
https://w3id.org/h2kg/hydrogen-ontology#LatticeDiameter,Lattice Diameter,controlled_vocabulary_term,,https://purls.helmholtz-metadaten.de/hob/HDO_00000112,quantitative Daten,class,hdo,0.588,rejected_hdo_scope,Rejected because the local term is outside the narrow HDO data and metadata scope.
https://w3id.org/h2kg/hydrogen-ontology#LatticeDiameter,Lattice Diameter,controlled_vocabulary_term,,https://purls.helmholtz-metadaten.de/hob/HDO_00001039,Data Lake,class,hdo,0.56,rejected_hdo_scope,Rejected because the local term is outside the narrow HDO data and metadata scope.
https://w3id.org/h2kg/hydrogen-ontology#LatticeStructureSize,Lattice Structure Size,controlled_vocabulary_term,,https://purls.helmholtz-metadaten.de/hob/HDO_00000005,structured data,class,hdo,0.649,rejected_hdo_scope,Rejected because the local term is outside the narrow HDO data and metadata scope.
https://w3id.org/h2kg/hydrogen-ontology#LatticeStructureSize,Lattice Structure Size,controlled_vocabulary_term,,https://purls.helmholtz-metadaten.de/hob/HDO_00001055,DEPRECATED data structure,class,hdo,0.596,rejected_deprecated_target,Rejected because the external target is marked as deprecated or obsolete.
https://w3id.org/h2kg/hydrogen-ontology#LatticeStructureSize,Lattice Structure Size,controlled_vocabulary_term,,https://purls.helmholtz-metadaten.de/hob/HDO_00000121,DEPRECATED unstructured,class,hdo,0.578,rejected_deprecated_target,Rejected because the external target is marked as deprecated or obsolete.
https://w3id.org/h2kg/hydrogen-ontology#LatticeStructureSize,Lattice Structure Size,controlled_vocabulary_term,,https://purls.helmholtz-metadaten.de/hob/HDO_00000041,obsolete Struktur,class,hdo,0.564,rejected_deprecated_target,Rejected because the external target is marked as deprecated or obsolete.
https://w3id.org/h2kg/hydrogen-ontology#LigandExchangeProcess,Ligand Exchange Process,controlled_vocabulary_term,,https://purls.helmholtz-metadaten.de/hob/HDO_00001011,geplanter Prozess,class,hdo,0.6,rejected_hdo_scope,Rejected because the local term is outside the narrow HDO data and metadata scope.
https://w3id.org/h2kg/hydrogen-ontology#LigandExchangeProcess,Ligand Exchange Process,controlled_vocabulary_term,,https://purls.helmholtz-metadaten.de/hob/HDO_00006046,exchanges,object_property,hdo,0.562,rejected_kind_mismatch,Rejected because the local term kind and external target kind are not semantically compatible.
https://w3id.org/h2kg/hydrogen-ontology#LightIntensityMeasurement,Light Intensity Measurement,controlled_vocabulary_term,,https://w3id.org/emmo/domain/electrochemistry#electrochemistry_7729c34e_1ae9_403d_b933_1765885e7f29,Electrochemical measurement,class,emmo-electrochemistry,0.593,rejected_generic_electrochemical_measurement,Rejected because generic electrochemical measurement is too broad for automatic proposal here.
https://w3id.org/h2kg/hydrogen-ontology#LimitingCurrentDensity,Limiting Current Density,controlled_vocabulary_term,,http://purl.obolibrary.org/obo/IAO_0000030,information content entity,class,hdo,0.64,rejected_hdo_scope,Rejected because the local term is outside the narrow HDO data and metadata scope.
https://w3id.org/h2kg/hydrogen-ontology#LimitingCurrentDensity,Limiting Current Density,controlled_vocabulary_term,,http://purl.obolibrary.org/obo/IAO_0000033,directive information entity,class,hdo,0.577,rejected_hdo_scope,Rejected because the local term is outside the narrow HDO data and metadata scope.
https://w3id.org/h2kg/hydrogen-ontology#LimitingCurrentMeasurement,Limiting Current Measurement,controlled_vocabulary_term,,https://w3id.org/emmo/domain/electrochemistry#electrochemistry_7729c34e_1ae9_403d_b933_1765885e7f29,Electrochemical measurement,class,emmo-electrochemistry,0.618,rejected_generic_electrochemical_measurement,Rejected because generic electrochemical measurement is too broad for automatic proposal here.
https://w3id.org/h2kg/hydrogen-ontology#LinearShrinkageWidth,Linear Shrinkage Width,controlled_vocabulary_term,,https://purls.helmholtz-metadaten.de/hob/HDO_00006054,interacts with,object_property,hdo,0.556,rejected_kind_mismatch,Rejected because the local term kind and external target kind are not semantically compatible.
https://w3id.org/h2kg/hydrogen-ontology#LinearStage,Linear Stage,controlled_vocabulary_term,,https://purls.helmholtz-metadaten.de/hob/HDO_00007031,Liste,class,hdo,0.588,rejected_hdo_scope,Rejected because the local term is outside the narrow HDO data and metadata scope.
https://w3id.org/h2kg/hydrogen-ontology#LinearStage,Linear Stage,controlled_vocabulary_term,,https://purls.helmholtz-metadaten.de/hob/HDO_00006061,stored in,object_property,hdo,0.571,rejected_kind_mismatch,Rejected because the local term kind and external target kind are not semantically compatible.
https://w3id.org/h2kg/hydrogen-ontology#LinearStage,Linear Stage,controlled_vocabulary_term,,https://purls.helmholtz-metadaten.de/hob/HDO_00006017,proprietary software,class,hdo,0.562,rejected_hdo_scope,Rejected because the local term is outside the narrow HDO data and metadata scope.
https://w3id.org/h2kg/hydrogen-ontology#LinearStage,Linear Stage,controlled_vocabulary_term,,https://purls.helmholtz-metadaten.de/hob/HDO_00006031,data storage role,class,hdo,0.552,rejected_hdo_scope,Rejected because the local term is outside the narrow HDO data and metadata scope.
https://w3id.org/h2kg/hydrogen-ontology#LiteratureMicrostructureCompilation,Literature Microstructure Compilation,controlled_vocabulary_term,,https://purls.helmholtz-metadaten.de/hob/HDO_00001055,DEPRECATED data structure,class,hdo,0.581,rejected_deprecated_target,Rejected because the external target is marked as deprecated or obsolete.
https://w3id.org/h2kg/hydrogen-ontology#LithiumChloride,Lithium Chloride,controlled_vocabulary_term,,http://purl.obolibrary.org/obo/CHEBI_32035,Potassium hydroxide,class,chebi,0.571,rejected_chemical_non_exact,Rejected because ChEBI mappings are limited to exact or manually curated chemical matches in this phase.
https://w3id.org/h2kg/hydrogen-ontology#LogNormalStandardDeviation,Log Normal Standard Deviation,controlled_vocabulary_term,,https://purls.helmholtz-metadaten.de/hob/HDO_00006043,based on standard,object_property,hdo,0.565,rejected_kind_mismatch,Rejected because the local term kind and external target kind are not semantically compatible.
https://w3id.org/h2kg/hydrogen-ontology#LossModulus,Loss Modulus,controlled_vocabulary_term,,http://purl.obolibrary.org/obo/RO_0002615,has model,object_property,hdo,0.571,rejected_kind_mismatch,Rejected because the local term kind and external target kind are not semantically compatible.
https://w3id.org/h2kg/hydrogen-ontology#MATLABSoftware,MATLAB Software,controlled_vocabulary_term,,https://purls.helmholtz-metadaten.de/hob/HDO_00006024,software agent,class,hdo,0.759,rejected_hdo_scope,Rejected because the local term is outside the narrow HDO data and metadata scope.
https://w3id.org/h2kg/hydrogen-ontology#MATLABSoftware,MATLAB Software,controlled_vocabulary_term,,https://purls.helmholtz-metadaten.de/hob/HDO_00001023,Software,class,hdo,0.696,rejected_hdo_scope,Rejected because the local term is outside the narrow HDO data and metadata scope.
https://w3id.org/h2kg/hydrogen-ontology#MATLABSoftware,MATLAB Software,controlled_vocabulary_term,,https://purls.helmholtz-metadaten.de/hob/HDO_00001044,Ausführbare Software,class,hdo,0.629,rejected_hdo_scope,Rejected because the local term is outside the narrow HDO data and metadata scope.
https://w3id.org/h2kg/hydrogen-ontology#MATLABSoftware,MATLAB Software,controlled_vocabulary_term,,https://purls.helmholtz-metadaten.de/hob/HDO_00006017,proprietary software,class,hdo,0.629,rejected_hdo_scope,Rejected because the local term is outside the narrow HDO data and metadata scope.
https://w3id.org/h2kg/hydrogen-ontology#MATLABSoftware,MATLAB Software,controlled_vocabulary_term,,https://purls.helmholtz-metadaten.de/hob/HDO_00002013,FAIR data,class,hdo,0.583,rejected_hdo_scope,Rejected because the local term is outside the narrow HDO data and metadata scope.
https://w3id.org/h2kg/hydrogen-ontology#MATLABSoftware,MATLAB Software,controlled_vocabulary_term,,https://purls.helmholtz-metadaten.de/hob/HDO_00007008,obsolete data,class,hdo,0.571,rejected_deprecated_target,Rejected because the external target is marked as deprecated or obsolete.
https://w3id.org/h2kg/hydrogen-ontology#MATLABSoftware,MATLAB Software,controlled_vocabulary_term,,https://purls.helmholtz-metadaten.de/hob/HDO_00001038,Data Warehouse,class,hdo,0.552,rejected_hdo_scope,Rejected because the local term is outside the narrow HDO data and metadata scope.
https://w3id.org/h2kg/hydrogen-ontology#MEADurabilityMeasurement,MEA Durability Measurement,controlled_vocabulary_term,,https://w3id.org/emmo/domain/electrochemistry#electrochemistry_7729c34e_1ae9_403d_b933_1765885e7f29,Electrochemical measurement,class,emmo-electrochemistry,0.604,rejected_generic_electrochemical_measurement,Rejected because generic electrochemical measurement is too broad for automatic proposal here.
https://w3id.org/h2kg/hydrogen-ontology#MacroporeDiameter,Macropore Diameter,controlled_vocabulary_term,,https://purls.helmholtz-metadaten.de/hob/HDO_00001074,Proprietäres Dateiformat,class,hdo,0.571,rejected_hdo_scope,Rejected because the local term is outside the narrow HDO data and metadata scope.
https://w3id.org/h2kg/hydrogen-ontology#MagneticStirrer,Magnetic Stirrer,controlled_vocabulary_term,,https://purls.helmholtz-metadaten.de/hob/HDO_00006024,software agent,class,hdo,0.6,rejected_hdo_scope,Rejected because the local term is outside the narrow HDO data and metadata scope.
https://w3id.org/h2kg/hydrogen-ontology#Magnification,Magnification,controlled_vocabulary_term,,http://purl.obolibrary.org/obo/IAO_0000104,plan specification,class,hdo,0.71,rejected_hdo_scope,Rejected because the local term is outside the narrow HDO data and metadata scope.
https://w3id.org/h2kg/hydrogen-ontology#Magnification,Magnification,controlled_vocabulary_term,,http://purl.obolibrary.org/obo/IAO_0000007,action specification,class,hdo,0.667,rejected_hdo_scope,Rejected because the local term is outside the narrow HDO data and metadata scope.
https://w3id.org/h2kg/hydrogen-ontology#Magnification,Magnification,controlled_vocabulary_term,,https://purls.helmholtz-metadaten.de/hob/HDO_00001005,Spezifikation,class,hdo,0.615,rejected_hdo_scope,Rejected because the local term is outside the narrow HDO data and metadata scope.
https://w3id.org/h2kg/hydrogen-ontology#Magnification,Magnification,controlled_vocabulary_term,,https://purls.helmholtz-metadaten.de/hob/HDO_00005003,misinformation,class,hdo,0.593,rejected_hdo_scope,Rejected because the local term is outside the narrow HDO data and metadata scope.
https://w3id.org/h2kg/hydrogen-ontology#Magnification,Magnification,controlled_vocabulary_term,,https://purls.helmholtz-metadaten.de/hob/HDO_00002010,Planungsspezifikation,class,hdo,0.588,rejected_hdo_scope,Rejected because the local term is outside the narrow HDO data and metadata scope.
https://w3id.org/h2kg/hydrogen-ontology#Magnification,Magnification,controlled_vocabulary_term,,https://purls.helmholtz-metadaten.de/hob/HDO_00001001,Standardspezifikation,class,hdo,0.588,rejected_hdo_scope,Rejected because the local term is outside the narrow HDO data and metadata scope.
https://w3id.org/h2kg/hydrogen-ontology#Magnification,Magnification,controlled_vocabulary_term,,https://purls.helmholtz-metadaten.de/hob/HDO_00006044,creates specification,object_property,hdo,0.588,rejected_kind_mismatch,Rejected because the local term kind and external target kind are not semantically compatible.
https://w3id.org/h2kg/hydrogen-ontology#Magnification,Magnification,controlled_vocabulary_term,,https://purls.helmholtz-metadaten.de/hob/HDO_00000025,Information,class,hdo,0.583,rejected_hdo_scope,Rejected because the local term is outside the narrow HDO data and metadata scope.
https://w3id.org/h2kg/hydrogen-ontology#Magnification,Magnification,controlled_vocabulary_term,,https://purls.helmholtz-metadaten.de/hob/HDO_00007029,Graphspezifikation,class,hdo,0.581,rejected_hdo_scope,Rejected because the local term is outside the narrow HDO data and metadata scope.
https://w3id.org/h2kg/hydrogen-ontology#Magnification,Magnification,controlled_vocabulary_term,,https://purls.helmholtz-metadaten.de/hob/HDO_00001059,Quantifikationsprozess,class,hdo,0.571,rejected_hdo_scope,Rejected because the local term is outside the narrow HDO data and metadata scope.
https://w3id.org/h2kg/hydrogen-ontology#Magnification,Magnification,controlled_vocabulary_term,,https://purls.helmholtz-metadaten.de/hob/HDO_00007037,database specification,class,hdo,0.571,rejected_hdo_scope,Rejected because the local term is outside the narrow HDO data and metadata scope.
https://w3id.org/h2kg/hydrogen-ontology#Magnification,Magnification,controlled_vocabulary_term,,http://purl.obolibrary.org/obo/BFO_0000034,function,class,hdo,0.571,rejected_hdo_scope,Rejected because the local term is outside the narrow HDO data and metadata scope.
https://w3id.org/h2kg/hydrogen-ontology#Manufacturing,Manufacturing,class,,https://purls.helmholtz-metadaten.de/hob/HDO_00000039,Aufzeichung,class,hdo,0.583,rejected_hdo_scope,Rejected because the local term is outside the narrow HDO data and metadata scope.
https://w3id.org/h2kg/hydrogen-ontology#MassFlowController,Mass Flow Controller,controlled_vocabulary_term,,https://purls.helmholtz-metadaten.de/hob/HDO_00006021,Kontrollierte Liste,class,hdo,0.615,rejected_hdo_scope,Rejected because the local term is outside the narrow HDO data and metadata scope.
https://w3id.org/h2kg/hydrogen-ontology#MassFlowController,Mass Flow Controller,controlled_vocabulary_term,,https://purls.helmholtz-metadaten.de/hob/HDO_00002001,controlled vocabulary,class,hdo,0.585,rejected_hdo_scope,Rejected because the local term is outside the narrow HDO data and metadata scope.
https://w3id.org/h2kg/hydrogen-ontology#MaterialSpecification,Material Specification,controlled_vocabulary_term,,http://purl.obolibrary.org/obo/IAO_0000007,action specification,class,hdo,0.81,rejected_hdo_scope,Rejected because the local term is outside the narrow HDO data and metadata scope.
https://w3id.org/h2kg/hydrogen-ontology#MaterialSpecification,Material Specification,controlled_vocabulary_term,,https://purls.helmholtz-metadaten.de/hob/HDO_00006044,creates specification,object_property,hdo,0.791,rejected_kind_mismatch,Rejected because the local term kind and external target kind are not semantically compatible.
https://w3id.org/h2kg/hydrogen-ontology#MaterialSpecification,Material Specification,controlled_vocabulary_term,,https://purls.helmholtz-metadaten.de/hob/HDO_00007037,database specification,class,hdo,0.773,rejected_hdo_scope,Rejected because the local term is outside the narrow HDO data and metadata scope.
https://w3id.org/h2kg/hydrogen-ontology#MaterialSpecification,Material Specification,controlled_vocabulary_term,,http://purl.obolibrary.org/obo/IAO_0000104,plan specification,class,hdo,0.75,rejected_hdo_scope,Rejected because the local term is outside the narrow HDO data and metadata scope.
https://w3id.org/h2kg/hydrogen-ontology#MaterialSpecification,Material Specification,controlled_vocabulary_term,,https://purls.helmholtz-metadaten.de/hob/HDO_00007028,dictionary specification,class,hdo,0.739,rejected_hdo_scope,Rejected because the local term is outside the narrow HDO data and metadata scope.
https://w3id.org/h2kg/hydrogen-ontology#MaterialSpecification,Material Specification,controlled_vocabulary_term,,https://purls.helmholtz-metadaten.de/hob/HDO_00007033,directed graph specification,class,hdo,0.72,rejected_hdo_scope,Rejected because the local term is outside the narrow HDO data and metadata scope.
https://w3id.org/h2kg/hydrogen-ontology#MaterialSpecification,Material Specification,controlled_vocabulary_term,,https://purls.helmholtz-metadaten.de/hob/HDO_00007035,ontological graph specification,class,hdo,0.717,rejected_hdo_scope,Rejected because the local term is outside the narrow HDO data and metadata scope.
https://w3id.org/h2kg/hydrogen-ontology#MaterialSpecification,Material Specification,controlled_vocabulary_term,,http://purl.obolibrary.org/obo/IAO_0000005,objective specification,class,hdo,0.711,rejected_hdo_scope,Rejected because the local term is outside the narrow HDO data and metadata scope.
https://w3id.org/h2kg/hydrogen-ontology#MaterialSpecification,Material Specification,controlled_vocabulary_term,,https://purls.helmholtz-metadaten.de/hob/HDO_00007038,digital object specification,class,hdo,0.68,rejected_hdo_scope,Rejected because the local term is outside the narrow HDO data and metadata scope.
https://w3id.org/h2kg/hydrogen-ontology#MaterialSpecification,Material Specification,controlled_vocabulary_term,,https://purls.helmholtz-metadaten.de/hob/HDO_00001057,obsolete schema specification,class,hdo,0.667,rejected_deprecated_target,Rejected because the external target is marked as deprecated or obsolete.
https://w3id.org/h2kg/hydrogen-ontology#MaterialSpecification,Material Specification,controlled_vocabulary_term,,https://purls.helmholtz-metadaten.de/hob/HDO_00007034,directed acyclic graph specification,class,hdo,0.655,rejected_hdo_scope,Rejected because the local term is outside the narrow HDO data and metadata scope.
https://w3id.org/h2kg/hydrogen-ontology#MaterialSpecification,Material Specification,controlled_vocabulary_term,,https://purls.helmholtz-metadaten.de/hob/HDO_00007029,Graphspezifikation,class,hdo,0.65,rejected_hdo_scope,Rejected because the local term is outside the narrow HDO data and metadata scope.
https://w3id.org/h2kg/hydrogen-ontology#MaterialSpecificationMeasurement,Material Specification Measurement,controlled_vocabulary_term,,https://purls.helmholtz-metadaten.de/hob/HDO_00007037,database specification,class,hdo,0.714,rejected_hdo_scope,Rejected because the local term is outside the narrow HDO data and metadata scope.
https://w3id.org/h2kg/hydrogen-ontology#MaterialSpecificationMeasurement,Material Specification Measurement,controlled_vocabulary_term,,http://purl.obolibrary.org/obo/IAO_0000007,action specification,class,hdo,0.667,rejected_hdo_scope,Rejected because the local term is outside the narrow HDO data and metadata scope.
https://w3id.org/h2kg/hydrogen-ontology#MaterialSpecificationMeasurement,Material Specification Measurement,controlled_vocabulary_term,,https://purls.helmholtz-metadaten.de/hob/HDO_00006044,creates specification,object_property,hdo,0.655,rejected_kind_mismatch,Rejected because the local term kind and external target kind are not semantically compatible.
https://w3id.org/h2kg/hydrogen-ontology#MaterialSpecificationMeasurement,Material Specification Measurement,controlled_vocabulary_term,,http://purl.obolibrary.org/obo/IAO_0000104,plan specification,class,hdo,0.654,rejected_hdo_scope,Rejected because the local term is outside the narrow HDO data and metadata scope.
https://w3id.org/h2kg/hydrogen-ontology#MaterialSpecificationMeasurement,Material Specification Measurement,controlled_vocabulary_term,,https://purls.helmholtz-metadaten.de/hob/HDO_00007038,digital object specification,class,hdo,0.645,rejected_hdo_scope,Rejected because the local term is outside the narrow HDO data and metadata scope.
https://w3id.org/h2kg/hydrogen-ontology#MaterialSpecificationMeasurement,Material Specification Measurement,controlled_vocabulary_term,,https://purls.helmholtz-metadaten.de/hob/HDO_00001057,obsolete schema specification,class,hdo,0.635,rejected_deprecated_target,Rejected because the external target is marked as deprecated or obsolete.
https://w3id.org/h2kg/hydrogen-ontology#MaterialSpecificationMeasurement,Material Specification Measurement,controlled_vocabulary_term,,https://purls.helmholtz-metadaten.de/hob/HDO_00007028,dictionary specification,class,hdo,0.621,rejected_hdo_scope,Rejected because the local term is outside the narrow HDO data and metadata scope.
https://w3id.org/h2kg/hydrogen-ontology#MaterialSpecificationMeasurement,Material Specification Measurement,controlled_vocabulary_term,,http://purl.obolibrary.org/obo/IAO_0000005,objective specification,class,hdo,0.596,rejected_hdo_scope,Rejected because the local term is outside the narrow HDO data and metadata scope.
https://w3id.org/h2kg/hydrogen-ontology#MaterialSpecificationMeasurement,Material Specification Measurement,controlled_vocabulary_term,,https://purls.helmholtz-metadaten.de/hob/HDO_00007035,ontological graph specification,class,hdo,0.585,rejected_hdo_scope,Rejected because the local term is outside the narrow HDO data and metadata scope.
https://w3id.org/h2kg/hydrogen-ontology#MaterialSpecificationMeasurement,Material Specification Measurement,controlled_vocabulary_term,,https://purls.helmholtz-metadaten.de/hob/HDO_00007033,directed graph specification,class,hdo,0.581,rejected_hdo_scope,Rejected because the local term is outside the narrow HDO data and metadata scope.
https://w3id.org/h2kg/hydrogen-ontology#MaterialSpecificationMeasurement,Material Specification Measurement,controlled_vocabulary_term,,https://purls.helmholtz-metadaten.de/hob/HDO_00007034,directed acyclic graph specification,class,hdo,0.571,rejected_hdo_scope,Rejected because the local term is outside the narrow HDO data and metadata scope.
https://w3id.org/h2kg/hydrogen-ontology#MaterialSpecificationMeasurement,Material Specification Measurement,controlled_vocabulary_term,,http://purl.obolibrary.org/obo/BFO_0000020,specifically dependent continuant,class,hdo,0.567,rejected_hdo_scope,Rejected because the local term is outside the narrow HDO data and metadata scope.
https://w3id.org/h2kg/hydrogen-ontology#Matter,Matter,class,,http://purl.obolibrary.org/obo/CHEBI_15377,Water,class,chebi,0.727,rejected_chemical_non_exact,Rejected because ChEBI mappings are limited to exact or manually curated chemical matches in this phase.
https://w3id.org/h2kg/hydrogen-ontology#Matter,Matter,class,,https://w3id.org/emmo#EMMO_material,Material,class,emmo-core,0.714,exploratory_candidate,Below the configured close-match threshold; kept only as exploratory output.
https://w3id.org/h2kg/hydrogen-ontology#MaximumCurrentDensity,Maximum Current Density,controlled_vocabulary_term,,http://purl.obolibrary.org/obo/IAO_0000030,information content entity,class,hdo,0.571,rejected_hdo_scope,Rejected because the local term is outside the narrow HDO data and metadata scope.
https://w3id.org/h2kg/hydrogen-ontology#MaximumParticleVolumeFraction,Maximum Particle Volume Fraction,controlled_vocabulary_term,,https://purls.helmholtz-metadaten.de/hob/HDO_00000038,programmatic value,class,hdo,0.56,rejected_hdo_scope,Rejected because the local term is outside the narrow HDO data and metadata scope.
https://w3id.org/h2kg/hydrogen-ontology#MeanFlowPoreDiameter,Mean Flow Pore Diameter,controlled_vocabulary_term,,https://purls.helmholtz-metadaten.de/hob/HDO_00001074,Proprietäres Dateiformat,class,hdo,0.553,rejected_hdo_scope,Rejected because the local term is outside the narrow HDO data and metadata scope.
https://w3id.org/h2kg/hydrogen-ontology#MeanParticleSize,Mean Particle Size,controlled_vocabulary_term,,http://purl.obolibrary.org/obo/RO_0000056,participates in,object_property,hdo,0.606,rejected_kind_mismatch,Rejected because the local term kind and external target kind are not semantically compatible.
https://w3id.org/h2kg/hydrogen-ontology#MeasurementGap,Measurement Gap,controlled_vocabulary_term,,https://w3id.org/emmo/domain/electrochemistry#electrochemistry_7729c34e_1ae9_403d_b933_1765885e7f29,Electrochemical measurement,class,emmo-electrochemistry,0.619,rejected_generic_electrochemical_measurement,Rejected because generic electrochemical measurement is too broad for automatic proposal here.
https://w3id.org/h2kg/hydrogen-ontology#MembraneCastingProcess,Membrane Casting Process,controlled_vocabulary_term,,https://purls.helmholtz-metadaten.de/hob/HDO_00001011,geplanter Prozess,class,hdo,0.585,rejected_hdo_scope,Rejected because the local term is outside the narrow HDO data and metadata scope.
https://w3id.org/h2kg/hydrogen-ontology#MercaptopropionicAcid,Mercaptopropionic Acid,controlled_vocabulary_term,,http://purl.obolibrary.org/obo/CHEBI_17883,Hydrochloric acid,class,chebi,0.564,rejected_chemical_non_exact,Rejected because ChEBI mappings are limited to exact or manually curated chemical matches in this phase.
https://w3id.org/h2kg/hydrogen-ontology#Metadata,Metadata,class,,https://purls.helmholtz-metadaten.de/hob/HDO_00006016,Metadatensatz,class,hdo,0.762,rejected_hdo_scope,Rejected because the local term is outside the narrow HDO data and metadata scope.
https://w3id.org/h2kg/hydrogen-ontology#Metadata,Metadata,class,,https://purls.helmholtz-metadaten.de/hob/HDO_00000026,intrinsic metadata,class,hdo,0.695,exploratory_candidate,Below the configured close-match threshold; kept only as exploratory output.
https://w3id.org/h2kg/hydrogen-ontology#Metadata,Metadata,class,,https://purls.helmholtz-metadaten.de/hob/HDO_00001071,Messdaten,class,hdo,0.668,exploratory_candidate,Below the configured close-match threshold; kept only as exploratory output.
https://w3id.org/h2kg/hydrogen-ontology#Metadata,Metadata,class,,https://purls.helmholtz-metadaten.de/hob/HDO_00000003,Kontextmetadaten,class,hdo,0.583,rejected_hdo_scope,Rejected because the local term is outside the narrow HDO data and metadata scope.
https://w3id.org/h2kg/hydrogen-ontology#Metadata,Metadata,class,,https://purls.helmholtz-metadaten.de/hob/HDO_00007041,Metadatenvalidierung,class,hdo,0.571,rejected_hdo_scope,Rejected because the local term is outside the narrow HDO data and metadata scope.
https://w3id.org/h2kg/hydrogen-ontology#Metakaolin,Metakaolin,controlled_vocabulary_term,,https://purls.helmholtz-metadaten.de/hob/HDO_00000029,Metadaten,class,hdo,0.632,rejected_hdo_scope,Rejected because the local term is outside the narrow HDO data and metadata scope.
https://w3id.org/h2kg/hydrogen-ontology#Metakaolin,Metakaolin,controlled_vocabulary_term,,http://purl.obolibrary.org/obo/CHEBI_16236,Ethanol,class,chebi,0.588,rejected_chemical_non_exact,Rejected because ChEBI mappings are limited to exact or manually curated chemical matches in this phase.
https://w3id.org/h2kg/hydrogen-ontology#MetalAtomicPercent,Metal Atomic Percent,controlled_vocabulary_term,,https://w3id.org/emmo/domain/electrochemistry#electrochemistry_7729c34e_1ae9_403d_b933_1765885e7f29,Electrochemical measurement,class,emmo-electrochemistry,0.553,rejected_generic_electrochemical_measurement,Rejected because generic electrochemical measurement is too broad for automatic proposal here.
https://w3id.org/h2kg/hydrogen-ontology#MetalMassPerOilMass,Metal Mass Per Oil Mass,controlled_vocabulary_term,,https://purls.helmholtz-metadaten.de/hob/HDO_00006042,assigns data type to,object_property,hdo,0.558,rejected_kind_mismatch,Rejected because the local term kind and external target kind are not semantically compatible.
https://w3id.org/h2kg/hydrogen-ontology#MetalOxideFractionPercent,Metal Oxide Fraction Percent,controlled_vocabulary_term,,http://purl.obolibrary.org/obo/BFO_0000004,independent continuant,class,hdo,0.56,rejected_hdo_scope,Rejected because the local term is outside the narrow HDO data and metadata scope.
https://w3id.org/h2kg/hydrogen-ontology#Methane,Methane,controlled_vocabulary_term,,http://purl.obolibrary.org/obo/CHEBI_16236,Ethanol,class,chebi,0.714,rejected_chemical_non_exact,Rejected because ChEBI mappings are limited to exact or manually curated chemical matches in this phase.
https://w3id.org/h2kg/hydrogen-ontology#Methane,Methane,controlled_vocabulary_term,,https://purls.helmholtz-metadaten.de/hob/HDO_00000029,Metadaten,class,hdo,0.625,rejected_hdo_scope,Rejected because the local term is outside the narrow HDO data and metadata scope.
https://w3id.org/h2kg/hydrogen-ontology#Methane,Methane,controlled_vocabulary_term,,https://purls.helmholtz-metadaten.de/hob/HDO_00006046,exchanges,object_property,hdo,0.625,rejected_kind_mismatch,Rejected because the local term kind and external target kind are not semantically compatible.
https://w3id.org/h2kg/hydrogen-ontology#Methane,Methane,controlled_vocabulary_term,,https://purls.helmholtz-metadaten.de/hob/HDO_00006050,handles,object_property,hdo,0.571,rejected_kind_mismatch,Rejected because the local term kind and external target kind are not semantically compatible.
https://w3id.org/h2kg/hydrogen-ontology#Methane,Methane,controlled_vocabulary_term,,https://purls.helmholtz-metadaten.de/hob/HDO_00006056,manages,object_property,hdo,0.571,rejected_kind_mismatch,Rejected because the local term kind and external target kind are not semantically compatible.
https://w3id.org/h2kg/hydrogen-ontology#Methane,Methane,controlled_vocabulary_term,,https://purls.helmholtz-metadaten.de/hob/HDO_00006023,human agent,class,hdo,0.556,rejected_hdo_scope,Rejected because the local term is outside the narrow HDO data and metadata scope.
https://w3id.org/h2kg/hydrogen-ontology#Methanol,Methanol,controlled_vocabulary_term,,http://purl.obolibrary.org/obo/CHEBI_16236,Ethanol,class,chebi,0.933,rejected_chemical_non_exact,Rejected because ChEBI mappings are limited to exact or manually curated chemical matches in this phase.
https://w3id.org/h2kg/hydrogen-ontology#Methanol,Methanol,controlled_vocabulary_term,,https://purls.helmholtz-metadaten.de/hob/HDO_00000029,Metadaten,class,hdo,0.588,rejected_hdo_scope,Rejected because the local term is outside the narrow HDO data and metadata scope.
https://w3id.org/h2kg/hydrogen-ontology#MethanolPermeability,Methanol Permeability,controlled_vocabulary_term,,https://purls.helmholtz-metadaten.de/hob/HDO_00007010,Interoperabilität,class,hdo,0.579,rejected_hdo_scope,Rejected because the local term is outside the narrow HDO data and metadata scope.
https://w3id.org/h2kg/hydrogen-ontology#MethanolPermeability,Methanol Permeability,controlled_vocabulary_term,,https://purls.helmholtz-metadaten.de/hob/HDO_00004005,Maschinenoperabelität,class,hdo,0.571,rejected_hdo_scope,Rejected because the local term is outside the narrow HDO data and metadata scope.
https://w3id.org/h2kg/hydrogen-ontology#MethanolPermeabilityMeasurement,Methanol Permeability Measurement,controlled_vocabulary_term,,https://purls.helmholtz-metadaten.de/hob/HDO_00004005,Maschinenoperabelität,class,hdo,0.556,rejected_hdo_scope,Rejected because the local term is outside the narrow HDO data and metadata scope.
https://w3id.org/h2kg/hydrogen-ontology#MicroporeSurfaceArea,Micropore Surface Area,controlled_vocabulary_term,,https://purls.helmholtz-metadaten.de/hob/HDO_00006031,data storage role,class,hdo,0.564,rejected_hdo_scope,Rejected because the local term is outside the narrow HDO data and metadata scope.
https://w3id.org/h2kg/hydrogen-ontology#MicroscopyProtocolSpecification,Microscopy Protocol Specification,controlled_vocabulary_term,,https://purls.helmholtz-metadaten.de/hob/HDO_00007035,ontological graph specification,class,hdo,0.688,rejected_hdo_scope,Rejected because the local term is outside the narrow HDO data and metadata scope.
https://w3id.org/h2kg/hydrogen-ontology#MicroscopyProtocolSpecification,Microscopy Protocol Specification,controlled_vocabulary_term,,http://purl.obolibrary.org/obo/IAO_0000007,action specification,class,hdo,0.642,rejected_hdo_scope,Rejected because the local term is outside the narrow HDO data and metadata scope.
https://w3id.org/h2kg/hydrogen-ontology#MicroscopyProtocolSpecification,Microscopy Protocol Specification,controlled_vocabulary_term,,https://purls.helmholtz-metadaten.de/hob/HDO_00007028,dictionary specification,class,hdo,0.632,rejected_hdo_scope,Rejected because the local term is outside the narrow HDO data and metadata scope.
https://w3id.org/h2kg/hydrogen-ontology#MicroscopyProtocolSpecification,Microscopy Protocol Specification,controlled_vocabulary_term,,https://purls.helmholtz-metadaten.de/hob/HDO_00006044,creates specification,object_property,hdo,0.63,rejected_kind_mismatch,Rejected because the local term kind and external target kind are not semantically compatible.
https://w3id.org/h2kg/hydrogen-ontology#MicroscopyProtocolSpecification,Microscopy Protocol Specification,controlled_vocabulary_term,,http://purl.obolibrary.org/obo/IAO_0000104,plan specification,class,hdo,0.627,rejected_hdo_scope,Rejected because the local term is outside the narrow HDO data and metadata scope.
https://w3id.org/h2kg/hydrogen-ontology#MicroscopyProtocolSpecification,Microscopy Protocol Specification,controlled_vocabulary_term,,https://purls.helmholtz-metadaten.de/hob/HDO_00007033,directed graph specification,class,hdo,0.623,rejected_hdo_scope,Rejected because the local term is outside the narrow HDO data and metadata scope.
https://w3id.org/h2kg/hydrogen-ontology#MicroscopyProtocolSpecification,Microscopy Protocol Specification,controlled_vocabulary_term,,https://purls.helmholtz-metadaten.de/hob/HDO_00001057,obsolete schema specification,class,hdo,0.613,rejected_deprecated_target,Rejected because the external target is marked as deprecated or obsolete.
https://w3id.org/h2kg/hydrogen-ontology#MicroscopyProtocolSpecification,Microscopy Protocol Specification,controlled_vocabulary_term,,http://purl.obolibrary.org/obo/IAO_0000005,objective specification,class,hdo,0.607,rejected_hdo_scope,Rejected because the local term is outside the narrow HDO data and metadata scope.
https://w3id.org/h2kg/hydrogen-ontology#MicroscopyProtocolSpecification,Microscopy Protocol Specification,controlled_vocabulary_term,,https://purls.helmholtz-metadaten.de/hob/HDO_00007038,digital object specification,class,hdo,0.59,rejected_hdo_scope,Rejected because the local term is outside the narrow HDO data and metadata scope.
https://w3id.org/h2kg/hydrogen-ontology#MicroscopyProtocolSpecification,Microscopy Protocol Specification,controlled_vocabulary_term,,https://purls.helmholtz-metadaten.de/hob/HDO_00007034,directed acyclic graph specification,class,hdo,0.58,rejected_hdo_scope,Rejected because the local term is outside the narrow HDO data and metadata scope.
https://w3id.org/h2kg/hydrogen-ontology#MicroscopyProtocolSpecification,Microscopy Protocol Specification,controlled_vocabulary_term,,https://purls.helmholtz-metadaten.de/hob/HDO_00006010,JSON Schema Spezifikation,class,hdo,0.552,rejected_hdo_scope,Rejected because the local term is outside the narrow HDO data and metadata scope.
https://w3id.org/h2kg/hydrogen-ontology#MicrostructureImageDataset,Microstructure Image Dataset,controlled_vocabulary_term,,https://purls.helmholtz-metadaten.de/hob/HDO_00002030,digital infrastructure,class,hdo,0.68,exploratory_candidate,Below the configured close-match threshold; kept only as exploratory output.
https://w3id.org/h2kg/hydrogen-ontology#MicrostructureImageDataset,Microstructure Image Dataset,controlled_vocabulary_term,,https://purls.helmholtz-metadaten.de/hob/HDO_00002029,Dateninfrastruktur,class,hdo,0.645,exploratory_candidate,Below the configured close-match threshold; kept only as exploratory output.
https://w3id.org/h2kg/hydrogen-ontology#MicrostructureImageDataset,Microstructure Image Dataset,controlled_vocabulary_term,,https://purls.helmholtz-metadaten.de/hob/HDO_00001055,DEPRECATED data structure,class,hdo,0.642,rejected_deprecated_target,Rejected because the external target is marked as deprecated or obsolete.
https://w3id.org/h2kg/hydrogen-ontology#MolarConcentration,Molar Concentration,controlled_vocabulary_term,,https://purls.helmholtz-metadaten.de/hob/HDO_00001068,computational modelling,class,hdo,0.571,rejected_hdo_scope,Rejected because the local term is outside the narrow HDO data and metadata scope.
https://w3id.org/h2kg/hydrogen-ontology#MolecularDynamicsSimulation,Molecular Dynamics Simulation,controlled_vocabulary_term,,https://purls.helmholtz-metadaten.de/hob/HDO_00001069,simulation data,class,hdo,0.636,rejected_hdo_scope,Rejected because the local term is outside the narrow HDO data and metadata scope.
https://w3id.org/h2kg/hydrogen-ontology#MonomerConcentration,Monomer Concentration,controlled_vocabulary_term,,https://purls.helmholtz-metadaten.de/hob/HDO_00007039,taxonomy specification,class,hdo,0.558,rejected_hdo_scope,Rejected because the local term is outside the narrow HDO data and metadata scope.
https://w3id.org/h2kg/hydrogen-ontology#NafionFiberMat,Nafion Fiber Mat,controlled_vocabulary_term,,https://purls.helmholtz-metadaten.de/hob/HDO_00000025,Information,class,hdo,0.593,rejected_hdo_scope,Rejected because the local term is outside the narrow HDO data and metadata scope.
https://w3id.org/h2kg/hydrogen-ontology#NafionSolution,Nafion Solution,controlled_vocabulary_term,,http://purl.obolibrary.org/obo/IAO_0000007,action specification,class,hdo,0.571,rejected_hdo_scope,Rejected because the local term is outside the narrow HDO data and metadata scope.
https://w3id.org/h2kg/hydrogen-ontology#NafionToPtMassRatio,Nafion To Pt Mass Ratio,controlled_vocabulary_term,,https://purls.helmholtz-metadaten.de/hob/HDO_00006042,assigns data type to,object_property,hdo,0.558,rejected_kind_mismatch,Rejected because the local term kind and external target kind are not semantically compatible.
https://w3id.org/h2kg/hydrogen-ontology#NeedleDiameter,Needle Diameter,controlled_vocabulary_term,,https://purls.helmholtz-metadaten.de/hob/HDO_00000015,directed edge,class,hdo,0.643,rejected_hdo_scope,Rejected because the local term is outside the narrow HDO data and metadata scope.
https://w3id.org/h2kg/hydrogen-ontology#NeedleDiameter,Needle Diameter,controlled_vocabulary_term,,https://purls.helmholtz-metadaten.de/hob/HDO_00000004,Datenquelle,class,hdo,0.615,rejected_hdo_scope,Rejected because the local term is outside the narrow HDO data and metadata scope.
https://w3id.org/h2kg/hydrogen-ontology#NeedleDiameter,Needle Diameter,controlled_vocabulary_term,,https://purls.helmholtz-metadaten.de/hob/HDO_00007015,Datenquellenrolle,class,hdo,0.562,rejected_hdo_scope,Rejected because the local term is outside the narrow HDO data and metadata scope.
https://w3id.org/h2kg/hydrogen-ontology#NiContentWt,Ni Content Wt,controlled_vocabulary_term,,http://purl.obolibrary.org/obo/IAO_0000030,information content entity,class,hdo,0.615,rejected_hdo_scope,Rejected because the local term is outside the narrow HDO data and metadata scope.
https://w3id.org/h2kg/hydrogen-ontology#NiContentWt,Ni Content Wt,controlled_vocabulary_term,,http://purl.obolibrary.org/obo/BFO_0000002,continuant,class,hdo,0.609,rejected_hdo_scope,Rejected because the local term is outside the narrow HDO data and metadata scope.
https://w3id.org/h2kg/hydrogen-ontology#Nitrogen,Nitrogen,controlled_vocabulary_term,,https://purls.helmholtz-metadaten.de/hob/HDO_00000033,Ontologie,class,hdo,0.588,rejected_hdo_scope,Rejected because the local term is outside the narrow HDO data and metadata scope.
https://w3id.org/h2kg/hydrogen-ontology#Nitrogen,Nitrogen,controlled_vocabulary_term,,https://purls.helmholtz-metadaten.de/hob/HDO_10000047,Einheitsrolle,class,hdo,0.571,rejected_hdo_scope,Rejected because the local term is outside the narrow HDO data and metadata scope.
https://w3id.org/h2kg/hydrogen-ontology#Nitrogen,Nitrogen,controlled_vocabulary_term,,https://purls.helmholtz-metadaten.de/hob/HDO_00000030,Knoten,class,hdo,0.571,rejected_hdo_scope,Rejected because the local term is outside the narrow HDO data and metadata scope.
https://w3id.org/h2kg/hydrogen-ontology#Nitrogen,Nitrogen,controlled_vocabulary_term,,https://purls.helmholtz-metadaten.de/hob/HDO_00006022,agent role,class,hdo,0.556,rejected_hdo_scope,Rejected because the local term is outside the narrow HDO data and metadata scope.
https://w3id.org/h2kg/hydrogen-ontology#NormalizationBasis,Normalization Basis,class,,https://purls.helmholtz-metadaten.de/hob/HDO_00000025,Information,class,hdo,0.667,rejected_hdo_scope,Rejected because the local term is outside the narrow HDO data and metadata scope.
https://w3id.org/h2kg/hydrogen-ontology#NormalizationBasis,Normalization Basis,class,,https://purls.helmholtz-metadaten.de/hob/HDO_00005003,misinformation,class,hdo,0.667,rejected_hdo_scope,Rejected because the local term is outside the narrow HDO data and metadata scope.
https://w3id.org/h2kg/hydrogen-ontology#NormalizationBasis,Normalization Basis,class,,https://purls.helmholtz-metadaten.de/hob/HDO_00001069,simulation data,class,hdo,0.588,rejected_hdo_scope,Rejected because the local term is outside the narrow HDO data and metadata scope.
https://w3id.org/h2kg/hydrogen-ontology#NormalizationBasis,Normalization Basis,class,,https://purls.helmholtz-metadaten.de/hob/HDO_00006025,Datentypinformation,class,hdo,0.579,rejected_hdo_scope,Rejected because the local term is outside the narrow HDO data and metadata scope.
https://w3id.org/h2kg/hydrogen-ontology#NormalizationBasis,Normalization Basis,class,,https://purls.helmholtz-metadaten.de/hob/HDO_00000111,Einheitsinformation,class,hdo,0.579,rejected_hdo_scope,Rejected because the local term is outside the narrow HDO data and metadata scope.
https://w3id.org/h2kg/hydrogen-ontology#NormalizationBasis,Normalization Basis,class,,https://purls.helmholtz-metadaten.de/hob/HDO_00007005,self-information,class,hdo,0.571,rejected_hdo_scope,Rejected because the local term is outside the narrow HDO data and metadata scope.
https://w3id.org/h2kg/hydrogen-ontology#NormalizationBasis,Normalization Basis,class,,https://purls.helmholtz-metadaten.de/hob/HDO_00002012,Lizenzinformation,class,hdo,0.556,rejected_hdo_scope,Rejected because the local term is outside the narrow HDO data and metadata scope.
https://w3id.org/h2kg/hydrogen-ontology#Nozzle,Nozzle,controlled_vocabulary_term,,http://purl.obolibrary.org/obo/BFO_0000023,role,class,hdo,0.6,rejected_hdo_scope,Rejected because the local term is outside the narrow HDO data and metadata scope.
https://w3id.org/h2kg/hydrogen-ontology#NozzleDiameter,Nozzle Diameter,controlled_vocabulary_term,,https://purls.helmholtz-metadaten.de/hob/HDO_00006022,agent role,class,hdo,0.56,rejected_hdo_scope,Rejected because the local term is outside the narrow HDO data and metadata scope.
https://w3id.org/h2kg/hydrogen-ontology#NozzleToSubstrateDistance,Nozzle To Substrate Distance,controlled_vocabulary_term,,https://purls.helmholtz-metadaten.de/hob/HDO_00006031,data storage role,class,hdo,0.578,rejected_hdo_scope,Rejected because the local term is outside the narrow HDO data and metadata scope.
https://w3id.org/h2kg/hydrogen-ontology#OERPerformanceDataset,OER Performance Dataset,controlled_vocabulary_term,,https://purls.helmholtz-metadaten.de/hob/HDO_00006031,data storage role,class,hdo,0.68,exploratory_candidate,Below the configured close-match threshold; kept only as exploratory output.
https://w3id.org/h2kg/hydrogen-ontology#OERPerformanceDataset,OER Performance Dataset,controlled_vocabulary_term,,https://purls.helmholtz-metadaten.de/hob/HDO_00006025,Datentypinformation,class,hdo,0.571,rejected_hdo_scope,Rejected because the local term is outside the narrow HDO data and metadata scope.
https://w3id.org/h2kg/hydrogen-ontology#ORRPerformanceDataset,ORR Performance Dataset,controlled_vocabulary_term,,https://purls.helmholtz-metadaten.de/hob/HDO_00006025,Datentypinformation,class,hdo,0.571,rejected_hdo_scope,Rejected because the local term is outside the narrow HDO data and metadata scope.
https://w3id.org/h2kg/hydrogen-ontology#OleicAcid,Oleic Acid,controlled_vocabulary_term,,http://purl.obolibrary.org/obo/CHEBI_30751,Formic acid,class,chebi,0.762,rejected_chemical_non_exact,Rejected because ChEBI mappings are limited to exact or manually curated chemical matches in this phase.
https://w3id.org/h2kg/hydrogen-ontology#OleicAcid,Oleic Acid,controlled_vocabulary_term,,http://purl.obolibrary.org/obo/CHEBI_17883,Hydrochloric acid,class,chebi,0.667,rejected_chemical_non_exact,Rejected because ChEBI mappings are limited to exact or manually curated chemical matches in this phase.
https://w3id.org/h2kg/hydrogen-ontology#OleicAcid,Oleic Acid,controlled_vocabulary_term,,http://purl.obolibrary.org/obo/CHEBI_29241,Hydrofluoric acid,class,chebi,0.667,rejected_chemical_non_exact,Rejected because ChEBI mappings are limited to exact or manually curated chemical matches in this phase.
https://w3id.org/h2kg/hydrogen-ontology#OleicAcid,Oleic Acid,controlled_vocabulary_term,,https://purls.helmholtz-metadaten.de/hob/HDO_00006036,has role,object_property,hdo,0.556,rejected_kind_mismatch,Rejected because the local term kind and external target kind are not semantically compatible.
https://w3id.org/h2kg/hydrogen-ontology#OleicAcidMassFraction,Oleic Acid Mass Fraction,controlled_vocabulary_term,,https://purls.helmholtz-metadaten.de/hob/HDO_00007022,Informations Rolle,class,hdo,0.619,rejected_hdo_scope,Rejected because the local term is outside the narrow HDO data and metadata scope.
https://w3id.org/h2kg/hydrogen-ontology#OleicAcidMassFraction,Oleic Acid Mass Fraction,controlled_vocabulary_term,,http://purl.obolibrary.org/obo/CHEBI_30751,Formic acid,class,chebi,0.571,rejected_chemical_non_exact,Rejected because ChEBI mappings are limited to exact or manually curated chemical matches in this phase.
https://w3id.org/h2kg/hydrogen-ontology#OleicAcidMassFraction,Oleic Acid Mass Fraction,controlled_vocabulary_term,,https://purls.helmholtz-metadaten.de/hob/HDO_00001075,obsolete Copyright Information,class,hdo,0.556,rejected_deprecated_target,Rejected because the external target is marked as deprecated or obsolete.
https://w3id.org/h2kg/hydrogen-ontology#OpenPorosity,Open Porosity,controlled_vocabulary_term,,https://w3id.org/emmo#EMMO_property,Property,class,emmo-core,0.571,exploratory_candidate,Below the configured close-match threshold; kept only as exploratory output.
https://w3id.org/h2kg/hydrogen-ontology#OperatingVoltage,Operating Voltage,controlled_vocabulary_term,,https://purls.helmholtz-metadaten.de/hob/HDO_00007022,Informations Rolle,class,hdo,0.571,rejected_hdo_scope,Rejected because the local term is outside the narrow HDO data and metadata scope.
https://w3id.org/h2kg/hydrogen-ontology#OperatingVoltage,Operating Voltage,controlled_vocabulary_term,,https://purls.helmholtz-metadaten.de/hob/HDO_00000120,obsolete format,class,hdo,0.562,rejected_deprecated_target,Rejected because the external target is marked as deprecated or obsolete.
https://w3id.org/h2kg/hydrogen-ontology#OperatingVoltage,Operating Voltage,controlled_vocabulary_term,,https://purls.helmholtz-metadaten.de/hob/HDO_00002006,Terminologie,class,hdo,0.552,rejected_hdo_scope,Rejected because the local term is outside the narrow HDO data and metadata scope.
https://w3id.org/h2kg/hydrogen-ontology#OpticalDensity,Optical Density,controlled_vocabulary_term,,http://purl.obolibrary.org/obo/BFO_0000040,material entity,class,hdo,0.667,rejected_hdo_scope,Rejected because the local term is outside the narrow HDO data and metadata scope.
https://w3id.org/h2kg/hydrogen-ontology#OpticalSurfaceProfiler,Optical Surface Profiler,controlled_vocabulary_term,,https://purls.helmholtz-metadaten.de/hob/HDO_00006031,data storage role,class,hdo,0.585,rejected_hdo_scope,Rejected because the local term is outside the narrow HDO data and metadata scope.
https://w3id.org/h2kg/hydrogen-ontology#Oven,Oven,controlled_vocabulary_term,,https://purls.helmholtz-metadaten.de/hob/HDO_00000030,Knoten,class,hdo,0.6,rejected_hdo_scope,Rejected because the local term is outside the narrow HDO data and metadata scope.
https://w3id.org/h2kg/hydrogen-ontology#Oven,Oven,controlled_vocabulary_term,,https://purls.helmholtz-metadaten.de/hob/HDO_00002023,Provenienz,class,hdo,0.571,rejected_hdo_scope,Rejected because the local term is outside the narrow HDO data and metadata scope.
https://w3id.org/h2kg/hydrogen-ontology#OxiraneContent,Oxirane Content,controlled_vocabulary_term,,http://purl.obolibrary.org/obo/IAO_0000030,information content entity,class,hdo,0.585,rejected_hdo_scope,Rejected because the local term is outside the narrow HDO data and metadata scope.
https://w3id.org/h2kg/hydrogen-ontology#OxiraneContent,Oxirane Content,controlled_vocabulary_term,,http://purl.obolibrary.org/obo/BFO_0000002,continuant,class,hdo,0.56,rejected_hdo_scope,Rejected because the local term is outside the narrow HDO data and metadata scope.
https://w3id.org/h2kg/hydrogen-ontology#OxiraneContent,Oxirane Content,controlled_vocabulary_term,,http://purl.obolibrary.org/obo/CHEBI_16526,Carbon dioxide,class,chebi,0.552,rejected_chemical_non_exact,Rejected because ChEBI mappings are limited to exact or manually curated chemical matches in this phase.
https://w3id.org/h2kg/hydrogen-ontology#OxygenConcentration,Oxygen Concentration,controlled_vocabulary_term,,https://purls.helmholtz-metadaten.de/hob/HDO_00001068,computational modelling,class,hdo,0.558,rejected_hdo_scope,Rejected because the local term is outside the narrow HDO data and metadata scope.
https://w3id.org/h2kg/hydrogen-ontology#OxygenConcentrationTimeSeriesData,Oxygen Concentration Time Series Data,controlled_vocabulary_term,,https://purls.helmholtz-metadaten.de/hob/HDO_00000006,data type classification system,class,hdo,0.559,rejected_hdo_scope,Rejected because the local term is outside the narrow HDO data and metadata scope.
https://w3id.org/h2kg/hydrogen-ontology#OxygenPermeability,Oxygen Permeability,controlled_vocabulary_term,,https://purls.helmholtz-metadaten.de/hob/HDO_00007010,Interoperabilität,class,hdo,0.556,rejected_hdo_scope,Rejected because the local term is outside the narrow HDO data and metadata scope.
https://w3id.org/h2kg/hydrogen-ontology#PEMFCCFDSimulation,PEMFCCFD Simulation,controlled_vocabulary_term,,https://purls.helmholtz-metadaten.de/hob/HDO_00001005,Spezifikation,class,hdo,0.642,exploratory_candidate,Below the configured close-match threshold; kept only as exploratory output.
https://w3id.org/h2kg/hydrogen-ontology#PETSubstrate,PET Substrate,controlled_vocabulary_term,,https://purls.helmholtz-metadaten.de/hob/HDO_00000042,Subjektdaten,class,hdo,0.56,rejected_hdo_scope,Rejected because the local term is outside the narrow HDO data and metadata scope.
https://w3id.org/h2kg/hydrogen-ontology#PETSubstrate,PET Substrate,controlled_vocabulary_term,,https://purls.helmholtz-metadaten.de/hob/HDO_00000121,DEPRECATED unstructured,class,hdo,0.556,rejected_deprecated_target,Rejected because the external target is marked as deprecated or obsolete.
https://w3id.org/h2kg/hydrogen-ontology#POSSContentRelativeToIonomer,POSS Content Relative To Ionomer,controlled_vocabulary_term,,http://purl.obolibrary.org/obo/IAO_0000030,information content entity,class,hdo,0.552,rejected_hdo_scope,Rejected because the local term is outside the narrow HDO data and metadata scope.
https://w3id.org/h2kg/hydrogen-ontology#PalladiumChloride,Palladium Chloride,controlled_vocabulary_term,,http://purl.obolibrary.org/obo/CHEBI_32035,Potassium hydroxide,class,chebi,0.595,rejected_chemical_non_exact,Rejected because ChEBI mappings are limited to exact or manually curated chemical matches in this phase.
https://w3id.org/h2kg/hydrogen-ontology#Parameter,Parameter,class,,http://purl.obolibrary.org/obo/CHEBI_15377,Water,class,chebi,0.571,rejected_chemical_non_exact,Rejected because ChEBI mappings are limited to exact or manually curated chemical matches in this phase.
https://w3id.org/h2kg/hydrogen-ontology#ParticleDensity,Particle Density,controlled_vocabulary_term,,http://purl.obolibrary.org/obo/BFO_0000040,material entity,class,hdo,0.645,rejected_hdo_scope,Rejected because the local term is outside the narrow HDO data and metadata scope.
https://w3id.org/h2kg/hydrogen-ontology#ParticleDensity,Particle Density,controlled_vocabulary_term,,http://purl.obolibrary.org/obo/RO_0000056,participates in,object_property,hdo,0.581,rejected_kind_mismatch,Rejected because the local term kind and external target kind are not semantically compatible.
https://w3id.org/h2kg/hydrogen-ontology#ParticleDensity,Particle Density,controlled_vocabulary_term,,https://purls.helmholtz-metadaten.de/hob/HDO_00006030,Datenspeicher,class,hdo,0.552,rejected_hdo_scope,Rejected because the local term is outside the narrow HDO data and metadata scope.
https://w3id.org/h2kg/hydrogen-ontology#ParticleLength,Particle Length,controlled_vocabulary_term,,http://purl.obolibrary.org/obo/RO_0000056,participates in,object_property,hdo,0.6,rejected_kind_mismatch,Rejected because the local term kind and external target kind are not semantically compatible.
https://w3id.org/h2kg/hydrogen-ontology#ParticleLength,Particle Length,controlled_vocabulary_term,,https://purls.helmholtz-metadaten.de/hob/HDO_00006022,agent role,class,hdo,0.56,rejected_hdo_scope,Rejected because the local term is outside the narrow HDO data and metadata scope.
https://w3id.org/h2kg/hydrogen-ontology#ParticleSizeSpan,Particle Size Span,controlled_vocabulary_term,,http://purl.obolibrary.org/obo/RO_0000057,has participant,object_property,hdo,0.606,rejected_kind_mismatch,Rejected because the local term kind and external target kind are not semantically compatible.
https://w3id.org/h2kg/hydrogen-ontology#ParticleVolumeFraction,Particle Volume Fraction,controlled_vocabulary_term,,https://purls.helmholtz-metadaten.de/hob/HDO_00007022,Informations Rolle,class,hdo,0.571,rejected_hdo_scope,Rejected because the local term is outside the narrow HDO data and metadata scope.
https://w3id.org/h2kg/hydrogen-ontology#ParticleWidth,Particle Width,controlled_vocabulary_term,,http://purl.obolibrary.org/obo/RO_0000057,has participant,object_property,hdo,0.552,rejected_kind_mismatch,Rejected because the local term kind and external target kind are not semantically compatible.
https://w3id.org/h2kg/hydrogen-ontology#ParticleWidth,Particle Width,controlled_vocabulary_term,,http://purl.obolibrary.org/obo/RO_0000056,participates in,object_property,hdo,0.552,rejected_kind_mismatch,Rejected because the local term kind and external target kind are not semantically compatible.
https://w3id.org/h2kg/hydrogen-ontology#PdNanoparticleDiameter,Pd Nanoparticle Diameter,controlled_vocabulary_term,,https://purls.helmholtz-metadaten.de/hob/HDO_00007002,Datenanalyse,class,hdo,0.556,rejected_hdo_scope,Rejected because the local term is outside the narrow HDO data and metadata scope.
https://w3id.org/h2kg/hydrogen-ontology#PeakCurrent,Peak Current,controlled_vocabulary_term,,http://purl.obolibrary.org/obo/BFO_0000003,occurrent,class,hdo,0.667,rejected_hdo_scope,Rejected because the local term is outside the narrow HDO data and metadata scope.
https://w3id.org/h2kg/hydrogen-ontology#PerchloricAcidElectrolyte,Perchloric Acid Electrolyte,controlled_vocabulary_term,,http://purl.obolibrary.org/obo/CHEBI_17883,Hydrochloric acid,class,chebi,0.636,rejected_chemical_non_exact,Rejected because ChEBI mappings are limited to exact or manually curated chemical matches in this phase.
https://w3id.org/h2kg/hydrogen-ontology#PhosphoricAcid,Phosphoric Acid,controlled_vocabulary_term,,http://purl.obolibrary.org/obo/CHEBI_17883,Hydrochloric acid,class,chebi,0.75,rejected_chemical_non_exact,Rejected because ChEBI mappings are limited to exact or manually curated chemical matches in this phase.
https://w3id.org/h2kg/hydrogen-ontology#PhosphoricAcid,Phosphoric Acid,controlled_vocabulary_term,,http://purl.obolibrary.org/obo/CHEBI_30751,Formic acid,class,chebi,0.692,rejected_chemical_non_exact,Rejected because ChEBI mappings are limited to exact or manually curated chemical matches in this phase.
https://w3id.org/h2kg/hydrogen-ontology#PhosphoricAcid,Phosphoric Acid,controlled_vocabulary_term,,http://purl.obolibrary.org/obo/CHEBI_29241,Hydrofluoric acid,class,chebi,0.688,rejected_chemical_non_exact,Rejected because ChEBI mappings are limited to exact or manually curated chemical matches in this phase.
https://w3id.org/h2kg/hydrogen-ontology#PhosphoricAcidBindingEnergy,Phosphoric Acid Binding Energy,controlled_vocabulary_term,,http://purl.obolibrary.org/obo/CHEBI_17883,Hydrochloric acid,class,chebi,0.553,rejected_chemical_non_exact,Rejected because ChEBI mappings are limited to exact or manually curated chemical matches in this phase.
https://w3id.org/h2kg/hydrogen-ontology#PhosphoricAcidDoping,Phosphoric Acid Doping,controlled_vocabulary_term,,http://purl.obolibrary.org/obo/CHEBI_17883,Hydrochloric acid,class,chebi,0.615,rejected_chemical_non_exact,Rejected because ChEBI mappings are limited to exact or manually curated chemical matches in this phase.
https://w3id.org/h2kg/hydrogen-ontology#PhosphoricAcidDoping,Phosphoric Acid Doping,controlled_vocabulary_term,,http://purl.obolibrary.org/obo/CHEBI_29241,Hydrofluoric acid,class,chebi,0.564,rejected_chemical_non_exact,Rejected because ChEBI mappings are limited to exact or manually curated chemical matches in this phase.
https://w3id.org/h2kg/hydrogen-ontology#PhosphoricAcidLoading,Phosphoric Acid Loading,controlled_vocabulary_term,,http://purl.obolibrary.org/obo/CHEBI_17883,Hydrochloric acid,class,chebi,0.6,rejected_chemical_non_exact,Rejected because ChEBI mappings are limited to exact or manually curated chemical matches in this phase.
https://w3id.org/h2kg/hydrogen-ontology#PhotodegradationDataset,Photodegradation Dataset,controlled_vocabulary_term,,https://purls.helmholtz-metadaten.de/hob/HDO_00007037,database specification,class,hdo,0.689,exploratory_candidate,Below the configured close-match threshold; kept only as exploratory output.
https://w3id.org/h2kg/hydrogen-ontology#PhotodegradationDataset,Photodegradation Dataset,controlled_vocabulary_term,,https://purls.helmholtz-metadaten.de/hob/HDO_00007043,obsolete data validation,class,hdo,0.625,rejected_deprecated_target,Rejected because the external target is marked as deprecated or obsolete.
https://w3id.org/h2kg/hydrogen-ontology#PhotodegradationDataset,Photodegradation Dataset,controlled_vocabulary_term,,https://purls.helmholtz-metadaten.de/hob/HDO_00006025,Datentypinformation,class,hdo,0.605,rejected_hdo_scope,Rejected because the local term is outside the narrow HDO data and metadata scope.
https://w3id.org/h2kg/hydrogen-ontology#PhotoinitiatorTPOL,Photoinitiator TPOL,controlled_vocabulary_term,,https://purls.helmholtz-metadaten.de/hob/HDO_00006055,points to,object_property,hdo,0.571,rejected_kind_mismatch,Rejected because the local term kind and external target kind are not semantically compatible.
https://w3id.org/h2kg/hydrogen-ontology#PlateDiameter,Plate Diameter,controlled_vocabulary_term,,https://purls.helmholtz-metadaten.de/hob/HDO_00001039,Data Lake,class,hdo,0.609,rejected_hdo_scope,Rejected because the local term is outside the narrow HDO data and metadata scope.
https://w3id.org/h2kg/hydrogen-ontology#PlateDiameter,Plate Diameter,controlled_vocabulary_term,,https://purls.helmholtz-metadaten.de/hob/HDO_00007023,qualitative Daten,class,hdo,0.581,rejected_hdo_scope,Rejected because the local term is outside the narrow HDO data and metadata scope.
https://w3id.org/h2kg/hydrogen-ontology#PlateDiameter,Plate Diameter,controlled_vocabulary_term,,https://purls.helmholtz-metadaten.de/hob/HDO_00001078,Dateiformat,class,hdo,0.56,rejected_hdo_scope,Rejected because the local term is outside the narrow HDO data and metadata scope.
https://w3id.org/h2kg/hydrogen-ontology#PlateDiameter,Plate Diameter,controlled_vocabulary_term,,https://purls.helmholtz-metadaten.de/hob/HDO_00000114,Datenformat,class,hdo,0.56,rejected_hdo_scope,Rejected because the local term is outside the narrow HDO data and metadata scope.
https://w3id.org/h2kg/hydrogen-ontology#PlateauStorageModulus,Plateau Storage Modulus,controlled_vocabulary_term,,https://purls.helmholtz-metadaten.de/hob/HDO_00006031,data storage role,class,hdo,0.6,rejected_hdo_scope,Rejected because the local term is outside the narrow HDO data and metadata scope.
https://w3id.org/h2kg/hydrogen-ontology#PneumaticDispenser,Pneumatic Dispenser,controlled_vocabulary_term,,https://purls.helmholtz-metadaten.de/hob/HDO_00001030,semantic ladder,class,hdo,0.588,rejected_hdo_scope,Rejected because the local term is outside the narrow HDO data and metadata scope.
https://w3id.org/h2kg/hydrogen-ontology#PneumaticJack,Pneumatic Jack,controlled_vocabulary_term,,https://purls.helmholtz-metadaten.de/hob/HDO_00006028,semantic artefact,class,hdo,0.581,rejected_hdo_scope,Rejected because the local term is outside the narrow HDO data and metadata scope.
https://w3id.org/h2kg/hydrogen-ontology#PneumaticJack,Pneumatic Jack,controlled_vocabulary_term,,https://purls.helmholtz-metadaten.de/hob/HDO_00001030,semantic ladder,class,hdo,0.552,rejected_hdo_scope,Rejected because the local term is outside the narrow HDO data and metadata scope.
https://w3id.org/h2kg/hydrogen-ontology#PolarizationCurveDataset,Polarization Curve Dataset,controlled_vocabulary_term,,https://purls.helmholtz-metadaten.de/hob/HDO_00007037,database specification,class,hdo,0.663,exploratory_candidate,Below the configured close-match threshold; kept only as exploratory output.
https://w3id.org/h2kg/hydrogen-ontology#PolarizationCurveDataset,Polarization Curve Dataset,controlled_vocabulary_term,,https://purls.helmholtz-metadaten.de/hob/HDO_00007043,obsolete data validation,class,hdo,0.6,rejected_deprecated_target,Rejected because the external target is marked as deprecated or obsolete.
https://w3id.org/h2kg/hydrogen-ontology#PolarizationCurveDataset,Polarization Curve Dataset,controlled_vocabulary_term,,https://purls.helmholtz-metadaten.de/hob/HDO_00006044,creates specification,object_property,hdo,0.596,rejected_kind_mismatch,Rejected because the local term kind and external target kind are not semantically compatible.
https://w3id.org/h2kg/hydrogen-ontology#PolarizationCurveDataset,Polarization Curve Dataset,controlled_vocabulary_term,,https://purls.helmholtz-metadaten.de/hob/HDO_00006025,Datentypinformation,class,hdo,0.578,rejected_hdo_scope,Rejected because the local term is outside the narrow HDO data and metadata scope.
https://w3id.org/h2kg/hydrogen-ontology#PolarizationCurveFitting,Polarization Curve Fitting,controlled_vocabulary_term,,http://purl.obolibrary.org/obo/IAO_0000033,directive information entity,class,hdo,0.556,rejected_hdo_scope,Rejected because the local term is outside the narrow HDO data and metadata scope.
https://w3id.org/h2kg/hydrogen-ontology#PolarizationCurveFitting,Polarization Curve Fitting,controlled_vocabulary_term,,https://purls.helmholtz-metadaten.de/hob/HDO_00002026,Provenienzinformation,class,hdo,0.553,rejected_hdo_scope,Rejected because the local term is outside the narrow HDO data and metadata scope.
https://w3id.org/h2kg/hydrogen-ontology#PolarizationPointDuration,Polarization Point Duration,controlled_vocabulary_term,,https://purls.helmholtz-metadaten.de/hob/HDO_00006025,Datentypinformation,class,hdo,0.609,rejected_hdo_scope,Rejected because the local term is outside the narrow HDO data and metadata scope.
https://w3id.org/h2kg/hydrogen-ontology#PolarizationPointDuration,Polarization Point Duration,controlled_vocabulary_term,,http://purl.obolibrary.org/obo/IAO_0000007,action specification,class,hdo,0.596,rejected_hdo_scope,Rejected because the local term is outside the narrow HDO data and metadata scope.
https://w3id.org/h2kg/hydrogen-ontology#PolarizationResistance,Polarization Resistance,controlled_vocabulary_term,,http://purl.obolibrary.org/obo/RO_0002592,results in organization of,object_property,hdo,0.571,rejected_kind_mismatch,Rejected because the local term kind and external target kind are not semantically compatible.
https://w3id.org/h2kg/hydrogen-ontology#PolyAcrylicAcid,Poly Acrylic Acid,controlled_vocabulary_term,,http://purl.obolibrary.org/obo/CHEBI_30751,Formic acid,class,chebi,0.571,rejected_chemical_non_exact,Rejected because ChEBI mappings are limited to exact or manually curated chemical matches in this phase.
https://w3id.org/h2kg/hydrogen-ontology#PolymerCharacterizationMeasurement,Polymer Characterization Measurement,controlled_vocabulary_term,,https://w3id.org/emmo/domain/electrochemistry#electrochemistry_7729c34e_1ae9_403d_b933_1765885e7f29,Electrochemical measurement,class,emmo-electrochemistry,0.571,rejected_generic_electrochemical_measurement,Rejected because generic electrochemical measurement is too broad for automatic proposal here.
https://w3id.org/h2kg/hydrogen-ontology#PolymerCharacterizationMeasurement,Polymer Characterization Measurement,controlled_vocabulary_term,,http://purl.obolibrary.org/obo/RO_0000053,has characteristic,object_property,hdo,0.556,rejected_kind_mismatch,Rejected because the local term kind and external target kind are not semantically compatible.
https://w3id.org/h2kg/hydrogen-ontology#PolymerizationDuration,Polymerization Duration,controlled_vocabulary_term,,http://purl.obolibrary.org/obo/IAO_0000007,action specification,class,hdo,0.651,rejected_hdo_scope,Rejected because the local term is outside the narrow HDO data and metadata scope.
https://w3id.org/h2kg/hydrogen-ontology#PolymerizationDuration,Polymerization Duration,controlled_vocabulary_term,,https://purls.helmholtz-metadaten.de/hob/HDO_00007028,dictionary specification,class,hdo,0.596,rejected_hdo_scope,Rejected because the local term is outside the narrow HDO data and metadata scope.
https://w3id.org/h2kg/hydrogen-ontology#PolymerizationDuration,Polymerization Duration,controlled_vocabulary_term,,https://purls.helmholtz-metadaten.de/hob/HDO_00006025,Datentypinformation,class,hdo,0.571,rejected_hdo_scope,Rejected because the local term is outside the narrow HDO data and metadata scope.
https://w3id.org/h2kg/hydrogen-ontology#PolymerizationDuration,Polymerization Duration,controlled_vocabulary_term,,https://purls.helmholtz-metadaten.de/hob/HDO_00007043,obsolete data validation,class,hdo,0.553,rejected_deprecated_target,Rejected because the external target is marked as deprecated or obsolete.
https://w3id.org/h2kg/hydrogen-ontology#PoreAreaFraction,Pore Area Fraction,controlled_vocabulary_term,,https://purls.helmholtz-metadaten.de/hob/HDO_00007022,Informations Rolle,class,hdo,0.556,rejected_hdo_scope,Rejected because the local term is outside the narrow HDO data and metadata scope.
https://w3id.org/h2kg/hydrogen-ontology#PoreVolumeFraction,Pore Volume Fraction,controlled_vocabulary_term,,https://purls.helmholtz-metadaten.de/hob/HDO_00007022,Informations Rolle,class,hdo,0.632,rejected_hdo_scope,Rejected because the local term is outside the narrow HDO data and metadata scope.
https://w3id.org/h2kg/hydrogen-ontology#PoreVolumeFraction,Pore Volume Fraction,controlled_vocabulary_term,,https://purls.helmholtz-metadaten.de/hob/HDO_00006084,Informationsprofil,class,hdo,0.579,rejected_hdo_scope,Rejected because the local term is outside the narrow HDO data and metadata scope.
https://w3id.org/h2kg/hydrogen-ontology#PoreVolumeFraction,Pore Volume Fraction,controlled_vocabulary_term,,https://purls.helmholtz-metadaten.de/hob/HDO_00007005,self-information,class,hdo,0.556,rejected_hdo_scope,Rejected because the local term is outside the narrow HDO data and metadata scope.
https://w3id.org/h2kg/hydrogen-ontology#PotassiumChlorideElectrolyte,Potassium Chloride Electrolyte,controlled_vocabulary_term,,http://purl.obolibrary.org/obo/CHEBI_32035,Potassium hydroxide,class,chebi,0.612,rejected_chemical_non_exact,Rejected because ChEBI mappings are limited to exact or manually curated chemical matches in this phase.
https://w3id.org/h2kg/hydrogen-ontology#PotassiumGeopolymerLattice,Potassium Geopolymer Lattice,controlled_vocabulary_term,,http://purl.obolibrary.org/obo/CHEBI_32035,Potassium hydroxide,class,chebi,0.596,rejected_chemical_non_exact,Rejected because ChEBI mappings are limited to exact or manually curated chemical matches in this phase.
https://w3id.org/h2kg/hydrogen-ontology#PotassiumIodide,Potassium Iodide,controlled_vocabulary_term,,http://purl.obolibrary.org/obo/CHEBI_32035,Potassium hydroxide,class,chebi,0.8,rejected_chemical_non_exact,Rejected because ChEBI mappings are limited to exact or manually curated chemical matches in this phase.
https://w3id.org/h2kg/hydrogen-ontology#PotassiumPhosphateBuffer,Potassium Phosphate Buffer,controlled_vocabulary_term,,http://purl.obolibrary.org/obo/CHEBI_32035,Potassium hydroxide,class,chebi,0.578,rejected_chemical_non_exact,Rejected because ChEBI mappings are limited to exact or manually curated chemical matches in this phase.
https://w3id.org/h2kg/hydrogen-ontology#PotassiumSulfate,Potassium Sulfate,controlled_vocabulary_term,,https://purls.helmholtz-metadaten.de/hob/HDO_00001069,simulation data,class,hdo,0.562,rejected_hdo_scope,Rejected because the local term is outside the narrow HDO data and metadata scope.
https://w3id.org/h2kg/hydrogen-ontology#PotentiostaticActivation,Potentiostatic Activation,controlled_vocabulary_term,,http://purl.obolibrary.org/obo/IAO_0000007,action specification,class,hdo,0.578,rejected_hdo_scope,Rejected because the local term is outside the narrow HDO data and metadata scope.
https://w3id.org/h2kg/hydrogen-ontology#PowerDensity,Power Density,controlled_vocabulary_term,,https://purls.helmholtz-metadaten.de/hob/HDO_00000007,Datentyp,class,hdo,0.571,rejected_hdo_scope,Rejected because the local term is outside the narrow HDO data and metadata scope.
https://w3id.org/h2kg/hydrogen-ontology#PowerDensity,Power Density,controlled_vocabulary_term,,http://purl.obolibrary.org/obo/BFO_0000040,material entity,class,hdo,0.571,rejected_hdo_scope,Rejected because the local term is outside the narrow HDO data and metadata scope.
https://w3id.org/h2kg/hydrogen-ontology#PowerDensity,Power Density,controlled_vocabulary_term,,https://purls.helmholtz-metadaten.de/hob/HDO_00000008,Datentypisierung,class,hdo,0.552,rejected_hdo_scope,Rejected because the local term is outside the narrow HDO data and metadata scope.
https://w3id.org/h2kg/hydrogen-ontology#PowerDensityIncreasePercent,Power Density Increase Percent,controlled_vocabulary_term,,https://purls.helmholtz-metadaten.de/hob/HDO_00000036,persistent identifier record,class,hdo,0.552,rejected_hdo_scope,Rejected because the local term is outside the narrow HDO data and metadata scope.
https://w3id.org/h2kg/hydrogen-ontology#PreCarbonizationProcess,Pre Carbonization Process,controlled_vocabulary_term,,https://purls.helmholtz-metadaten.de/hob/HDO_00001059,Quantifikationsprozess,class,hdo,0.596,rejected_hdo_scope,Rejected because the local term is outside the narrow HDO data and metadata scope.
https://w3id.org/h2kg/hydrogen-ontology#PreCarbonizationTime,Pre Carbonization Time,controlled_vocabulary_term,,http://purl.obolibrary.org/obo/CHEBI_16526,Carbon dioxide,class,chebi,0.556,rejected_chemical_non_exact,Rejected because ChEBI mappings are limited to exact or manually curated chemical matches in this phase.
https://w3id.org/h2kg/hydrogen-ontology#PrePurgeTime,Pre Purge Time,controlled_vocabulary_term,,https://purls.helmholtz-metadaten.de/hob/HDO_00001073,proprietariness,class,hdo,0.552,rejected_hdo_scope,Rejected because the local term is outside the narrow HDO data and metadata scope.
https://w3id.org/h2kg/hydrogen-ontology#PrintPressure,Print Pressure,controlled_vocabulary_term,,https://purls.helmholtz-metadaten.de/hob/HDO_00006058,represents,object_property,hdo,0.583,rejected_kind_mismatch,Rejected because the local term kind and external target kind are not semantically compatible.
https://w3id.org/h2kg/hydrogen-ontology#PrintResolution,Print Resolution,controlled_vocabulary_term,,https://purls.helmholtz-metadaten.de/hob/HDO_00006055,points to,object_property,hdo,0.56,rejected_kind_mismatch,Rejected because the local term kind and external target kind are not semantically compatible.
https://w3id.org/h2kg/hydrogen-ontology#PrintSpeed,Print Speed,controlled_vocabulary_term,,https://purls.helmholtz-metadaten.de/hob/HDO_00006061,stored in,object_property,hdo,0.6,rejected_kind_mismatch,Rejected because the local term kind and external target kind are not semantically compatible.
https://w3id.org/h2kg/hydrogen-ontology#PrintabilityZNumber,Printability Z Number,controlled_vocabulary_term,,https://purls.helmholtz-metadaten.de/hob/HDO_00007010,Interoperabilität,class,hdo,0.632,rejected_hdo_scope,Rejected because the local term is outside the narrow HDO data and metadata scope.
https://w3id.org/h2kg/hydrogen-ontology#PrintedArea,Printed Area,controlled_vocabulary_term,,https://purls.helmholtz-metadaten.de/hob/HDO_00002022,FAIR principles,class,hdo,0.593,rejected_hdo_scope,Rejected because the local term is outside the narrow HDO data and metadata scope.
https://w3id.org/h2kg/hydrogen-ontology#PrintedCNTStructureHeight,Printed CNT Structure Height,controlled_vocabulary_term,,https://purls.helmholtz-metadaten.de/hob/HDO_00001055,DEPRECATED data structure,class,hdo,0.679,rejected_deprecated_target,Rejected because the external target is marked as deprecated or obsolete.
https://w3id.org/h2kg/hydrogen-ontology#PrintedCNTStructureHeight,Printed CNT Structure Height,controlled_vocabulary_term,,https://purls.helmholtz-metadaten.de/hob/HDO_00000121,DEPRECATED unstructured,class,hdo,0.627,rejected_deprecated_target,Rejected because the external target is marked as deprecated or obsolete.
https://w3id.org/h2kg/hydrogen-ontology#PrintedCNTStructureHeight,Printed CNT Structure Height,controlled_vocabulary_term,,https://purls.helmholtz-metadaten.de/hob/HDO_00002030,digital infrastructure,class,hdo,0.6,rejected_hdo_scope,Rejected because the local term is outside the narrow HDO data and metadata scope.
https://w3id.org/h2kg/hydrogen-ontology#PrintedCompositeStructure,Printed Composite Structure,controlled_vocabulary_term,,https://purls.helmholtz-metadaten.de/hob/HDO_00001055,DEPRECATED data structure,class,hdo,0.654,rejected_deprecated_target,Rejected because the external target is marked as deprecated or obsolete.
https://w3id.org/h2kg/hydrogen-ontology#PrintedCompositeStructure,Printed Composite Structure,controlled_vocabulary_term,,https://purls.helmholtz-metadaten.de/hob/HDO_00000121,DEPRECATED unstructured,class,hdo,0.64,rejected_deprecated_target,Rejected because the external target is marked as deprecated or obsolete.
https://w3id.org/h2kg/hydrogen-ontology#PrintedCompositeStructure,Printed Composite Structure,controlled_vocabulary_term,,https://purls.helmholtz-metadaten.de/hob/HDO_00000041,obsolete Struktur,class,hdo,0.591,rejected_deprecated_target,Rejected because the external target is marked as deprecated or obsolete.
https://w3id.org/h2kg/hydrogen-ontology#PrintedCompositeStructure,Printed Composite Structure,controlled_vocabulary_term,,https://purls.helmholtz-metadaten.de/hob/HDO_00002030,digital infrastructure,class,hdo,0.571,rejected_hdo_scope,Rejected because the local term is outside the narrow HDO data and metadata scope.
https://w3id.org/h2kg/hydrogen-ontology#PrintedGridStructure,Printed Grid Structure,controlled_vocabulary_term,,https://purls.helmholtz-metadaten.de/hob/HDO_00001055,DEPRECATED data structure,class,hdo,0.723,rejected_deprecated_target,Rejected because the external target is marked as deprecated or obsolete.
https://w3id.org/h2kg/hydrogen-ontology#PrintedGridStructure,Printed Grid Structure,controlled_vocabulary_term,,https://purls.helmholtz-metadaten.de/hob/HDO_00000121,DEPRECATED unstructured,class,hdo,0.711,rejected_deprecated_target,Rejected because the external target is marked as deprecated or obsolete.
https://w3id.org/h2kg/hydrogen-ontology#PrintedGridStructure,Printed Grid Structure,controlled_vocabulary_term,,https://purls.helmholtz-metadaten.de/hob/HDO_00000005,structured data,class,hdo,0.649,rejected_hdo_scope,Rejected because the local term is outside the narrow HDO data and metadata scope.
https://w3id.org/h2kg/hydrogen-ontology#PrintedGridStructure,Printed Grid Structure,controlled_vocabulary_term,,https://purls.helmholtz-metadaten.de/hob/HDO_00002030,digital infrastructure,class,hdo,0.636,rejected_hdo_scope,Rejected because the local term is outside the narrow HDO data and metadata scope.
https://w3id.org/h2kg/hydrogen-ontology#PrintedGridStructure,Printed Grid Structure,controlled_vocabulary_term,,https://purls.helmholtz-metadaten.de/hob/HDO_00000117,DEPRECATED structural quality,class,hdo,0.588,rejected_deprecated_target,Rejected because the external target is marked as deprecated or obsolete.
https://w3id.org/h2kg/hydrogen-ontology#PrintedLineWidth,Printed Line Width,controlled_vocabulary_term,,https://purls.helmholtz-metadaten.de/hob/HDO_00006054,interacts with,object_property,hdo,0.625,rejected_kind_mismatch,Rejected because the local term kind and external target kind are not semantically compatible.
https://w3id.org/h2kg/hydrogen-ontology#PrintedTraceWidth,Printed Trace Width,controlled_vocabulary_term,,https://purls.helmholtz-metadaten.de/hob/HDO_00006054,interacts with,object_property,hdo,0.727,rejected_kind_mismatch,Rejected because the local term kind and external target kind are not semantically compatible.
https://w3id.org/h2kg/hydrogen-ontology#PrinterFilamentDiameterSetting,Printer Filament Diameter Setting,controlled_vocabulary_term,,https://purls.helmholtz-metadaten.de/hob/HDO_00001051,Dateinnamenerweiterung,class,hdo,0.582,rejected_hdo_scope,Rejected because the local term is outside the narrow HDO data and metadata scope.
https://w3id.org/h2kg/hydrogen-ontology#PrintingParameterSpecification,Printing Parameter Specification,controlled_vocabulary_term,,http://purl.obolibrary.org/obo/IAO_0000007,action specification,class,hdo,0.692,rejected_hdo_scope,Rejected because the local term is outside the narrow HDO data and metadata scope.
https://w3id.org/h2kg/hydrogen-ontology#PrintingParameterSpecification,Printing Parameter Specification,controlled_vocabulary_term,,http://purl.obolibrary.org/obo/IAO_0000104,plan specification,class,hdo,0.68,rejected_hdo_scope,Rejected because the local term is outside the narrow HDO data and metadata scope.
https://w3id.org/h2kg/hydrogen-ontology#PrintingParameterSpecification,Printing Parameter Specification,controlled_vocabulary_term,,https://purls.helmholtz-metadaten.de/hob/HDO_00006044,creates specification,object_property,hdo,0.679,rejected_kind_mismatch,Rejected because the local term kind and external target kind are not semantically compatible.
https://w3id.org/h2kg/hydrogen-ontology#PrintingParameterSpecification,Printing Parameter Specification,controlled_vocabulary_term,,https://purls.helmholtz-metadaten.de/hob/HDO_00007033,directed graph specification,class,hdo,0.667,rejected_hdo_scope,Rejected because the local term is outside the narrow HDO data and metadata scope.
https://w3id.org/h2kg/hydrogen-ontology#PrintingParameterSpecification,Printing Parameter Specification,controlled_vocabulary_term,,https://purls.helmholtz-metadaten.de/hob/HDO_00007028,dictionary specification,class,hdo,0.643,rejected_hdo_scope,Rejected because the local term is outside the narrow HDO data and metadata scope.
https://w3id.org/h2kg/hydrogen-ontology#PrintingParameterSpecification,Printing Parameter Specification,controlled_vocabulary_term,,https://purls.helmholtz-metadaten.de/hob/HDO_00007035,ontological graph specification,class,hdo,0.635,rejected_hdo_scope,Rejected because the local term is outside the narrow HDO data and metadata scope.
https://w3id.org/h2kg/hydrogen-ontology#PrintingParameterSpecification,Printing Parameter Specification,controlled_vocabulary_term,,https://purls.helmholtz-metadaten.de/hob/HDO_00007037,database specification,class,hdo,0.63,rejected_hdo_scope,Rejected because the local term is outside the narrow HDO data and metadata scope.
https://w3id.org/h2kg/hydrogen-ontology#PrintingParameterSpecification,Printing Parameter Specification,controlled_vocabulary_term,,https://purls.helmholtz-metadaten.de/hob/HDO_00007034,directed acyclic graph specification,class,hdo,0.618,rejected_hdo_scope,Rejected because the local term is outside the narrow HDO data and metadata scope.
https://w3id.org/h2kg/hydrogen-ontology#PrintingParameterSpecification,Printing Parameter Specification,controlled_vocabulary_term,,http://purl.obolibrary.org/obo/IAO_0000005,objective specification,class,hdo,0.618,rejected_hdo_scope,Rejected because the local term is outside the narrow HDO data and metadata scope.
https://w3id.org/h2kg/hydrogen-ontology#PrintingParameterSpecification,Printing Parameter Specification,controlled_vocabulary_term,,https://purls.helmholtz-metadaten.de/hob/HDO_00002010,Planungsspezifikation,class,hdo,0.604,rejected_hdo_scope,Rejected because the local term is outside the narrow HDO data and metadata scope.
https://w3id.org/h2kg/hydrogen-ontology#PrintingParameterSpecification,Printing Parameter Specification,controlled_vocabulary_term,,https://purls.helmholtz-metadaten.de/hob/HDO_00001057,obsolete schema specification,class,hdo,0.59,rejected_deprecated_target,Rejected because the external target is marked as deprecated or obsolete.
https://w3id.org/h2kg/hydrogen-ontology#PrintingParameterSpecification,Printing Parameter Specification,controlled_vocabulary_term,,https://purls.helmholtz-metadaten.de/hob/HDO_00001004,Metadaten-Standardspezifikation,class,hdo,0.571,rejected_hdo_scope,Rejected because the local term is outside the narrow HDO data and metadata scope.
https://w3id.org/h2kg/hydrogen-ontology#PrintingPlatformStage,Printing Platform Stage,controlled_vocabulary_term,,https://purls.helmholtz-metadaten.de/hob/HDO_00001074,Proprietäres Dateiformat,class,hdo,0.553,rejected_hdo_scope,Rejected because the local term is outside the narrow HDO data and metadata scope.
https://w3id.org/h2kg/hydrogen-ontology#ProcedureSpecification,Procedure Specification,controlled_vocabulary_term,,https://purls.helmholtz-metadaten.de/hob/HDO_00006044,creates specification,object_property,hdo,0.773,rejected_kind_mismatch,Rejected because the local term kind and external target kind are not semantically compatible.
https://w3id.org/h2kg/hydrogen-ontology#ProcedureSpecification,Procedure Specification,controlled_vocabulary_term,,https://purls.helmholtz-metadaten.de/hob/HDO_00007033,directed graph specification,class,hdo,0.745,rejected_hdo_scope,Rejected because the local term is outside the narrow HDO data and metadata scope.
https://w3id.org/h2kg/hydrogen-ontology#ProcedureSpecification,Procedure Specification,controlled_vocabulary_term,,http://purl.obolibrary.org/obo/IAO_0000005,objective specification,class,hdo,0.739,rejected_hdo_scope,Rejected because the local term is outside the narrow HDO data and metadata scope.
https://w3id.org/h2kg/hydrogen-ontology#ProcedureSpecification,Procedure Specification,controlled_vocabulary_term,,http://purl.obolibrary.org/obo/IAO_0000104,plan specification,class,hdo,0.732,rejected_hdo_scope,Rejected because the local term is outside the narrow HDO data and metadata scope.
https://w3id.org/h2kg/hydrogen-ontology#ProcedureSpecification,Procedure Specification,controlled_vocabulary_term,,https://purls.helmholtz-metadaten.de/hob/HDO_00007037,database specification,class,hdo,0.711,rejected_hdo_scope,Rejected because the local term is outside the narrow HDO data and metadata scope.
https://w3id.org/h2kg/hydrogen-ontology#ProcedureSpecification,Procedure Specification,controlled_vocabulary_term,,http://purl.obolibrary.org/obo/IAO_0000007,action specification,class,hdo,0.698,rejected_hdo_scope,Rejected because the local term is outside the narrow HDO data and metadata scope.
https://w3id.org/h2kg/hydrogen-ontology#ProcedureSpecification,Procedure Specification,controlled_vocabulary_term,,https://purls.helmholtz-metadaten.de/hob/HDO_00007028,dictionary specification,class,hdo,0.681,rejected_hdo_scope,Rejected because the local term is outside the narrow HDO data and metadata scope.
https://w3id.org/h2kg/hydrogen-ontology#ProcedureSpecification,Procedure Specification,controlled_vocabulary_term,,https://purls.helmholtz-metadaten.de/hob/HDO_00001057,obsolete schema specification,class,hdo,0.654,rejected_deprecated_target,Rejected because the external target is marked as deprecated or obsolete.
https://w3id.org/h2kg/hydrogen-ontology#ProcedureSpecification,Procedure Specification,controlled_vocabulary_term,,https://purls.helmholtz-metadaten.de/hob/HDO_00007034,directed acyclic graph specification,class,hdo,0.644,rejected_hdo_scope,Rejected because the local term is outside the narrow HDO data and metadata scope.
https://w3id.org/h2kg/hydrogen-ontology#ProcedureSpecification,Procedure Specification,controlled_vocabulary_term,,https://purls.helmholtz-metadaten.de/hob/HDO_00007035,ontological graph specification,class,hdo,0.63,rejected_hdo_scope,Rejected because the local term is outside the narrow HDO data and metadata scope.
https://w3id.org/h2kg/hydrogen-ontology#ProcedureSpecification,Procedure Specification,controlled_vocabulary_term,,https://purls.helmholtz-metadaten.de/hob/HDO_00007038,digital object specification,class,hdo,0.627,rejected_hdo_scope,Rejected because the local term is outside the narrow HDO data and metadata scope.
https://w3id.org/h2kg/hydrogen-ontology#ProcedureSpecification,Procedure Specification,controlled_vocabulary_term,,https://purls.helmholtz-metadaten.de/hob/HDO_00006010,JSON Schema Spezifikation,class,hdo,0.625,rejected_hdo_scope,Rejected because the local term is outside the narrow HDO data and metadata scope.
https://w3id.org/h2kg/hydrogen-ontology#Process,Process,class,,http://purl.obolibrary.org/obo/BFO_0000015,process,class,hdo,1.0,rejected_hdo_scope,Rejected because the local term is outside the narrow HDO data and metadata scope.
https://w3id.org/h2kg/hydrogen-ontology#Process,Process,class,,https://purls.helmholtz-metadaten.de/hob/HDO_00001070,Messprozess,class,hdo,0.667,rejected_hdo_scope,Rejected because the local term is outside the narrow HDO data and metadata scope.
https://w3id.org/h2kg/hydrogen-ontology#ProfilometerTipSimulation,Profilometer Tip Simulation,controlled_vocabulary_term,,https://purls.helmholtz-metadaten.de/hob/HDO_00001069,simulation data,class,hdo,0.571,rejected_hdo_scope,Rejected because the local term is outside the narrow HDO data and metadata scope.
https://w3id.org/h2kg/hydrogen-ontology#ProfilometryProtocolSpecification,Profilometry Protocol Specification,controlled_vocabulary_term,,https://purls.helmholtz-metadaten.de/hob/HDO_00007035,ontological graph specification,class,hdo,0.636,rejected_hdo_scope,Rejected because the local term is outside the narrow HDO data and metadata scope.
https://w3id.org/h2kg/hydrogen-ontology#ProfilometryProtocolSpecification,Profilometry Protocol Specification,controlled_vocabulary_term,,https://purls.helmholtz-metadaten.de/hob/HDO_00001057,obsolete schema specification,class,hdo,0.625,rejected_deprecated_target,Rejected because the external target is marked as deprecated or obsolete.
https://w3id.org/h2kg/hydrogen-ontology#ProfilometryProtocolSpecification,Profilometry Protocol Specification,controlled_vocabulary_term,,https://purls.helmholtz-metadaten.de/hob/HDO_00007028,dictionary specification,class,hdo,0.61,rejected_hdo_scope,Rejected because the local term is outside the narrow HDO data and metadata scope.
https://w3id.org/h2kg/hydrogen-ontology#ProfilometryProtocolSpecification,Profilometry Protocol Specification,controlled_vocabulary_term,,https://purls.helmholtz-metadaten.de/hob/HDO_00006044,creates specification,object_property,hdo,0.607,rejected_kind_mismatch,Rejected because the local term kind and external target kind are not semantically compatible.
https://w3id.org/h2kg/hydrogen-ontology#ProfilometryProtocolSpecification,Profilometry Protocol Specification,controlled_vocabulary_term,,http://purl.obolibrary.org/obo/IAO_0000104,plan specification,class,hdo,0.604,rejected_hdo_scope,Rejected because the local term is outside the narrow HDO data and metadata scope.
https://w3id.org/h2kg/hydrogen-ontology#ProfilometryProtocolSpecification,Profilometry Protocol Specification,controlled_vocabulary_term,,https://purls.helmholtz-metadaten.de/hob/HDO_00007038,digital object specification,class,hdo,0.603,rejected_hdo_scope,Rejected because the local term is outside the narrow HDO data and metadata scope.
https://w3id.org/h2kg/hydrogen-ontology#ProfilometryProtocolSpecification,Profilometry Protocol Specification,controlled_vocabulary_term,,https://purls.helmholtz-metadaten.de/hob/HDO_00007033,directed graph specification,class,hdo,0.603,rejected_hdo_scope,Rejected because the local term is outside the narrow HDO data and metadata scope.
https://w3id.org/h2kg/hydrogen-ontology#ProfilometryProtocolSpecification,Profilometry Protocol Specification,controlled_vocabulary_term,,http://purl.obolibrary.org/obo/IAO_0000005,objective specification,class,hdo,0.586,rejected_hdo_scope,Rejected because the local term is outside the narrow HDO data and metadata scope.
https://w3id.org/h2kg/hydrogen-ontology#ProfilometryProtocolSpecification,Profilometry Protocol Specification,controlled_vocabulary_term,,http://purl.obolibrary.org/obo/IAO_0000007,action specification,class,hdo,0.582,rejected_hdo_scope,Rejected because the local term is outside the narrow HDO data and metadata scope.
https://w3id.org/h2kg/hydrogen-ontology#ProtocolSpecification,Protocol Specification,controlled_vocabulary_term,,http://purl.obolibrary.org/obo/IAO_0000104,plan specification,class,hdo,0.8,rejected_hdo_scope,Rejected because the local term is outside the narrow HDO data and metadata scope.
https://w3id.org/h2kg/hydrogen-ontology#ProtocolSpecification,Protocol Specification,controlled_vocabulary_term,,http://purl.obolibrary.org/obo/IAO_0000007,action specification,class,hdo,0.762,rejected_hdo_scope,Rejected because the local term is outside the narrow HDO data and metadata scope.
https://w3id.org/h2kg/hydrogen-ontology#ProtocolSpecification,Protocol Specification,controlled_vocabulary_term,,https://purls.helmholtz-metadaten.de/hob/HDO_00007035,ontological graph specification,class,hdo,0.755,rejected_hdo_scope,Rejected because the local term is outside the narrow HDO data and metadata scope.
https://w3id.org/h2kg/hydrogen-ontology#ProtocolSpecification,Protocol Specification,controlled_vocabulary_term,,https://purls.helmholtz-metadaten.de/hob/HDO_00006044,creates specification,object_property,hdo,0.744,rejected_kind_mismatch,Rejected because the local term kind and external target kind are not semantically compatible.
https://w3id.org/h2kg/hydrogen-ontology#ProtocolSpecification,Protocol Specification,controlled_vocabulary_term,,http://purl.obolibrary.org/obo/IAO_0000005,objective specification,class,hdo,0.711,rejected_hdo_scope,Rejected because the local term is outside the narrow HDO data and metadata scope.
https://w3id.org/h2kg/hydrogen-ontology#ProtocolSpecification,Protocol Specification,controlled_vocabulary_term,,https://purls.helmholtz-metadaten.de/hob/HDO_00007028,dictionary specification,class,hdo,0.696,rejected_hdo_scope,Rejected because the local term is outside the narrow HDO data and metadata scope.
https://w3id.org/h2kg/hydrogen-ontology#ProtocolSpecification,Protocol Specification,controlled_vocabulary_term,,https://purls.helmholtz-metadaten.de/hob/HDO_00007037,database specification,class,hdo,0.682,rejected_hdo_scope,Rejected because the local term is outside the narrow HDO data and metadata scope.
https://w3id.org/h2kg/hydrogen-ontology#ProtocolSpecification,Protocol Specification,controlled_vocabulary_term,,https://purls.helmholtz-metadaten.de/hob/HDO_00007038,digital object specification,class,hdo,0.68,rejected_hdo_scope,Rejected because the local term is outside the narrow HDO data and metadata scope.
https://w3id.org/h2kg/hydrogen-ontology#ProtocolSpecification,Protocol Specification,controlled_vocabulary_term,,https://purls.helmholtz-metadaten.de/hob/HDO_00001057,obsolete schema specification,class,hdo,0.667,rejected_deprecated_target,Rejected because the external target is marked as deprecated or obsolete.
https://w3id.org/h2kg/hydrogen-ontology#ProtocolSpecification,Protocol Specification,controlled_vocabulary_term,,https://purls.helmholtz-metadaten.de/hob/HDO_00007033,directed graph specification,class,hdo,0.64,rejected_hdo_scope,Rejected because the local term is outside the narrow HDO data and metadata scope.
https://w3id.org/h2kg/hydrogen-ontology#ProtocolSpecification,Protocol Specification,controlled_vocabulary_term,,https://purls.helmholtz-metadaten.de/hob/HDO_00001005,Spezifikation,class,hdo,0.629,rejected_hdo_scope,Rejected because the local term is outside the narrow HDO data and metadata scope.
https://w3id.org/h2kg/hydrogen-ontology#ProtocolSpecification,Protocol Specification,controlled_vocabulary_term,,https://purls.helmholtz-metadaten.de/hob/HDO_00002010,Planungsspezifikation,class,hdo,0.605,rejected_hdo_scope,Rejected because the local term is outside the narrow HDO data and metadata scope.
https://w3id.org/h2kg/hydrogen-ontology#ProtonConductivityMeasurement,Proton Conductivity Measurement,controlled_vocabulary_term,,https://w3id.org/emmo/domain/electrochemistry#electrochemistry_7729c34e_1ae9_403d_b933_1765885e7f29,Electrochemical measurement,class,emmo-electrochemistry,0.552,rejected_generic_electrochemical_measurement,Rejected because generic electrochemical measurement is too broad for automatic proposal here.
https://w3id.org/h2kg/hydrogen-ontology#PseudoFirstOrderRateConstant,Pseudo First Order Rate Constant,controlled_vocabulary_term,,http://purl.obolibrary.org/obo/BFO_0000004,independent continuant,class,hdo,0.556,rejected_hdo_scope,Rejected because the local term is outside the narrow HDO data and metadata scope.
https://w3id.org/h2kg/hydrogen-ontology#PtEffectiveness,Pt Effectiveness,controlled_vocabulary_term,,https://purls.helmholtz-metadaten.de/hob/HDO_00006052,has expressiveness,object_property,hdo,0.588,rejected_kind_mismatch,Rejected because the local term kind and external target kind are not semantically compatible.
https://w3id.org/h2kg/hydrogen-ontology#PtEffectiveness,Pt Effectiveness,controlled_vocabulary_term,,https://purls.helmholtz-metadaten.de/hob/HDO_00001031,semantic expressiveness,class,hdo,0.564,rejected_hdo_scope,Rejected because the local term is outside the narrow HDO data and metadata scope.
https://w3id.org/h2kg/hydrogen-ontology#PtMass,Pt Mass,controlled_vocabulary_term,,http://purl.obolibrary.org/obo/BFO_0000051,has part,object_property,hdo,0.667,rejected_kind_mismatch,Rejected because the local term kind and external target kind are not semantically compatible.
https://w3id.org/h2kg/hydrogen-ontology#PtMass_2,Pt Mass,controlled_vocabulary_term,,http://purl.obolibrary.org/obo/BFO_0000051,has part,object_property,hdo,0.667,rejected_kind_mismatch,Rejected because the local term kind and external target kind are not semantically compatible.
https://w3id.org/h2kg/hydrogen-ontology#PtMass,Pt Mass,controlled_vocabulary_term,,http://purl.obolibrary.org/obo/RO_0002233,has input,object_property,hdo,0.625,rejected_kind_mismatch,Rejected because the local term kind and external target kind are not semantically compatible.
https://w3id.org/h2kg/hydrogen-ontology#PtMass_2,Pt Mass,controlled_vocabulary_term,,http://purl.obolibrary.org/obo/RO_0002233,has input,object_property,hdo,0.625,rejected_kind_mismatch,Rejected because the local term kind and external target kind are not semantically compatible.
https://w3id.org/h2kg/hydrogen-ontology#PtMass,Pt Mass,controlled_vocabulary_term,,http://purl.obolibrary.org/obo/RO_0002234,has output,object_property,hdo,0.588,rejected_kind_mismatch,Rejected because the local term kind and external target kind are not semantically compatible.
https://w3id.org/h2kg/hydrogen-ontology#PtMass_2,Pt Mass,controlled_vocabulary_term,,http://purl.obolibrary.org/obo/RO_0002234,has output,object_property,hdo,0.588,rejected_kind_mismatch,Rejected because the local term kind and external target kind are not semantically compatible.
https://w3id.org/h2kg/hydrogen-ontology#PtMassSpecificCurrent,Pt Mass Specific Current,controlled_vocabulary_term,,https://purls.helmholtz-metadaten.de/hob/HDO_00006044,creates specification,object_property,hdo,0.622,rejected_kind_mismatch,Rejected because the local term kind and external target kind are not semantically compatible.
https://w3id.org/h2kg/hydrogen-ontology#PtMassSpecificCurrent,Pt Mass Specific Current,controlled_vocabulary_term,,https://purls.helmholtz-metadaten.de/hob/HDO_00007033,directed graph specification,class,hdo,0.577,rejected_hdo_scope,Rejected because the local term is outside the narrow HDO data and metadata scope.
https://w3id.org/h2kg/hydrogen-ontology#PtMassSpecificCurrent,Pt Mass Specific Current,controlled_vocabulary_term,,http://purl.obolibrary.org/obo/BFO_0000020,specifically dependent continuant,class,hdo,0.561,rejected_hdo_scope,Rejected because the local term is outside the narrow HDO data and metadata scope.
https://w3id.org/h2kg/hydrogen-ontology#PtMassSpecificPowerDensity,Pt Mass Specific Power Density,controlled_vocabulary_term,,https://purls.helmholtz-metadaten.de/hob/HDO_00007038,digital object specification,class,hdo,0.586,rejected_hdo_scope,Rejected because the local term is outside the narrow HDO data and metadata scope.
https://w3id.org/h2kg/hydrogen-ontology#PtParticleSize,Pt Particle Size,controlled_vocabulary_term,,http://purl.obolibrary.org/obo/RO_0000056,participates in,object_property,hdo,0.581,rejected_kind_mismatch,Rejected because the local term kind and external target kind are not semantically compatible.
https://w3id.org/h2kg/hydrogen-ontology#PtUtilization,Pt Utilization,controlled_vocabulary_term,,https://purls.helmholtz-metadaten.de/hob/HDO_00001069,simulation data,class,hdo,0.621,rejected_hdo_scope,Rejected because the local term is outside the narrow HDO data and metadata scope.
https://w3id.org/h2kg/hydrogen-ontology#PtUtilization,Pt Utilization,controlled_vocabulary_term,,https://purls.helmholtz-metadaten.de/hob/HDO_00001005,Spezifikation,class,hdo,0.593,rejected_hdo_scope,Rejected because the local term is outside the narrow HDO data and metadata scope.
https://w3id.org/h2kg/hydrogen-ontology#PtUtilization,Pt Utilization,controlled_vocabulary_term,,http://purl.obolibrary.org/obo/IAO_0000104,plan specification,class,hdo,0.562,rejected_hdo_scope,Rejected because the local term is outside the narrow HDO data and metadata scope.
https://w3id.org/h2kg/hydrogen-ontology#PtUtilizationCalculation,Pt Utilization Calculation,controlled_vocabulary_term,,http://purl.obolibrary.org/obo/IAO_0000007,action specification,class,hdo,0.652,rejected_hdo_scope,Rejected because the local term is outside the narrow HDO data and metadata scope.
https://w3id.org/h2kg/hydrogen-ontology#PtUtilizationCalculation,Pt Utilization Calculation,controlled_vocabulary_term,,https://purls.helmholtz-metadaten.de/hob/HDO_00007028,dictionary specification,class,hdo,0.56,rejected_hdo_scope,Rejected because the local term is outside the narrow HDO data and metadata scope.
https://w3id.org/h2kg/hydrogen-ontology#PtUtilizationRelativeIncrease,Pt Utilization Relative Increase,controlled_vocabulary_term,,https://purls.helmholtz-metadaten.de/hob/HDO_00006044,creates specification,object_property,hdo,0.566,rejected_kind_mismatch,Rejected because the local term kind and external target kind are not semantically compatible.
https://w3id.org/h2kg/hydrogen-ontology#PulseCurrent,Pulse Current,controlled_vocabulary_term,,http://purl.obolibrary.org/obo/BFO_0000003,occurrent,class,hdo,0.636,rejected_hdo_scope,Rejected because the local term is outside the narrow HDO data and metadata scope.
https://w3id.org/h2kg/hydrogen-ontology#PulseDuration,Pulse Duration,controlled_vocabulary_term,,https://purls.helmholtz-metadaten.de/hob/HDO_00007005,self-information,class,hdo,0.6,rejected_hdo_scope,Rejected because the local term is outside the narrow HDO data and metadata scope.
https://w3id.org/h2kg/hydrogen-ontology#PulseDuration,Pulse Duration,controlled_vocabulary_term,,https://purls.helmholtz-metadaten.de/hob/HDO_00007022,Informations Rolle,class,hdo,0.562,rejected_hdo_scope,Rejected because the local term is outside the narrow HDO data and metadata scope.
https://w3id.org/h2kg/hydrogen-ontology#PulseDuration,Pulse Duration,controlled_vocabulary_term,,https://purls.helmholtz-metadaten.de/hob/HDO_00000004,Datenquelle,class,hdo,0.56,rejected_hdo_scope,Rejected because the local term is outside the narrow HDO data and metadata scope.
https://w3id.org/h2kg/hydrogen-ontology#PurificationRepetitions,Purification Repetitions,controlled_vocabulary_term,,https://purls.helmholtz-metadaten.de/hob/HDO_00007039,taxonomy specification,class,hdo,0.609,rejected_hdo_scope,Rejected because the local term is outside the narrow HDO data and metadata scope.
https://w3id.org/h2kg/hydrogen-ontology#PurificationRepetitions,Purification Repetitions,controlled_vocabulary_term,,https://purls.helmholtz-metadaten.de/hob/hdo.owl#triple_specification,Tripel Spezifikation,class,hdo,0.591,rejected_hdo_scope,Rejected because the local term is outside the narrow HDO data and metadata scope.
https://w3id.org/h2kg/hydrogen-ontology#PurificationRepetitions,Purification Repetitions,controlled_vocabulary_term,,http://purl.obolibrary.org/obo/IAO_0000007,action specification,class,hdo,0.591,rejected_hdo_scope,Rejected because the local term is outside the narrow HDO data and metadata scope.
https://w3id.org/h2kg/hydrogen-ontology#PurificationRepetitions,Purification Repetitions,controlled_vocabulary_term,,https://purls.helmholtz-metadaten.de/hob/HDO_00007028,dictionary specification,class,hdo,0.583,rejected_hdo_scope,Rejected because the local term is outside the narrow HDO data and metadata scope.
https://w3id.org/h2kg/hydrogen-ontology#PyrexGlass,Pyrex Glass,controlled_vocabulary_term,,https://purls.helmholtz-metadaten.de/hob/HDO_00001041,Klasse,class,hdo,0.588,rejected_hdo_scope,Rejected because the local term is outside the narrow HDO data and metadata scope.
https://w3id.org/h2kg/hydrogen-ontology#PyrexGlass,Pyrex Glass,controlled_vocabulary_term,,https://purls.helmholtz-metadaten.de/hob/HDO_00002002,Glossar,class,hdo,0.556,rejected_hdo_scope,Rejected because the local term is outside the narrow HDO data and metadata scope.
https://w3id.org/h2kg/hydrogen-ontology#PyrolysisProcess,Pyrolysis Process,controlled_vocabulary_term,,https://purls.helmholtz-metadaten.de/hob/HDO_00006064,uses process,object_property,hdo,0.69,rejected_kind_mismatch,Rejected because the local term kind and external target kind are not semantically compatible.
https://w3id.org/h2kg/hydrogen-ontology#PyrolysisProcess,Pyrolysis Process,controlled_vocabulary_term,,https://purls.helmholtz-metadaten.de/hob/HDO_00006057,processes,object_property,hdo,0.615,rejected_kind_mismatch,Rejected because the local term kind and external target kind are not semantically compatible.
https://w3id.org/h2kg/hydrogen-ontology#PyrolysisProcess,Pyrolysis Process,controlled_vocabulary_term,,https://w3id.org/emmo#EMMO_process,Process,class,emmo-core,0.583,exploratory_candidate,Below the configured close-match threshold; kept only as exploratory output.
https://w3id.org/h2kg/hydrogen-ontology#PyrolysisProcess,Pyrolysis Process,controlled_vocabulary_term,,http://purl.obolibrary.org/obo/BFO_0000015,process,class,hdo,0.583,rejected_hdo_scope,Rejected because the local term is outside the narrow HDO data and metadata scope.
https://w3id.org/h2kg/hydrogen-ontology#PyrolysisProcess,Pyrolysis Process,controlled_vocabulary_term,,https://purls.helmholtz-metadaten.de/hob/HDO_00001070,Messprozess,class,hdo,0.571,rejected_hdo_scope,Rejected because the local term is outside the narrow HDO data and metadata scope.
https://w3id.org/h2kg/hydrogen-ontology#QDInkFormulation,QD Ink Formulation,controlled_vocabulary_term,,https://purls.helmholtz-metadaten.de/hob/HDO_00000025,Information,class,hdo,0.621,rejected_hdo_scope,Rejected because the local term is outside the narrow HDO data and metadata scope.
https://w3id.org/h2kg/hydrogen-ontology#QDInkFormulation,QD Ink Formulation,controlled_vocabulary_term,,https://purls.helmholtz-metadaten.de/hob/HDO_00007005,self-information,class,hdo,0.588,rejected_hdo_scope,Rejected because the local term is outside the narrow HDO data and metadata scope.
https://w3id.org/h2kg/hydrogen-ontology#QDInkFormulation,QD Ink Formulation,controlled_vocabulary_term,,https://purls.helmholtz-metadaten.de/hob/HDO_00005003,misinformation,class,hdo,0.562,rejected_hdo_scope,Rejected because the local term is outside the narrow HDO data and metadata scope.
https://w3id.org/h2kg/hydrogen-ontology#QDInkFormulation,QD Ink Formulation,controlled_vocabulary_term,,https://purls.helmholtz-metadaten.de/hob/HDO_00007022,Informations Rolle,class,hdo,0.556,rejected_hdo_scope,Rejected because the local term is outside the narrow HDO data and metadata scope.
https://w3id.org/h2kg/hydrogen-ontology#QDInkFormulation,QD Ink Formulation,controlled_vocabulary_term,,https://purls.helmholtz-metadaten.de/hob/HDO_00006084,Informationsprofil,class,hdo,0.556,rejected_hdo_scope,Rejected because the local term is outside the narrow HDO data and metadata scope.
https://w3id.org/h2kg/hydrogen-ontology#QuantumDot,Quantum Dot,controlled_vocabulary_term,,http://purl.obolibrary.org/obo/BFO_0000002,continuant,class,hdo,0.571,rejected_hdo_scope,Rejected because the local term is outside the narrow HDO data and metadata scope.
https://w3id.org/h2kg/hydrogen-ontology#QuantumDot,Quantum Dot,controlled_vocabulary_term,,https://purls.helmholtz-metadaten.de/hob/HDO_00000112,quantitative Daten,class,hdo,0.552,rejected_hdo_scope,Rejected because the local term is outside the narrow HDO data and metadata scope.
https://w3id.org/h2kg/hydrogen-ontology#QuantumDotInk,Quantum Dot Ink,controlled_vocabulary_term,,http://purl.obolibrary.org/obo/BFO_0000002,continuant,class,hdo,0.64,rejected_hdo_scope,Rejected because the local term is outside the narrow HDO data and metadata scope.
https://w3id.org/h2kg/hydrogen-ontology#QuaternizedSilicaFiller,Quaternized Silica Filler,controlled_vocabulary_term,,https://purls.helmholtz-metadaten.de/hob/HDO_00001060,Zeichen einer Quantiät,class,hdo,0.553,rejected_hdo_scope,Rejected because the local term is outside the narrow HDO data and metadata scope.
https://w3id.org/h2kg/hydrogen-ontology#RasterPitch,Raster Pitch,controlled_vocabulary_term,,https://purls.helmholtz-metadaten.de/hob/HDO_00000028,Speicheradresse,class,hdo,0.593,rejected_hdo_scope,Rejected because the local term is outside the narrow HDO data and metadata scope.
https://w3id.org/h2kg/hydrogen-ontology#ReactionLayer,Reaction Layer,controlled_vocabulary_term,,https://purls.helmholtz-metadaten.de/hob/HDO_00001030,semantic ladder,class,hdo,0.621,rejected_hdo_scope,Rejected because the local term is outside the narrow HDO data and metadata scope.
https://w3id.org/h2kg/hydrogen-ontology#ReactionLayer,Reaction Layer,controlled_vocabulary_term,,http://purl.obolibrary.org/obo/IAO_0000104,plan specification,class,hdo,0.562,rejected_hdo_scope,Rejected because the local term is outside the narrow HDO data and metadata scope.
https://w3id.org/h2kg/hydrogen-ontology#ReactionTime,Reaction Time,controlled_vocabulary_term,,https://purls.helmholtz-metadaten.de/hob/hdo.owl#triple_specification,Tripel Spezifikation,class,hdo,0.606,rejected_hdo_scope,Rejected because the local term is outside the narrow HDO data and metadata scope.
https://w3id.org/h2kg/hydrogen-ontology#ReactionTime,Reaction Time,controlled_vocabulary_term,,https://purls.helmholtz-metadaten.de/hob/HDO_00007005,self-information,class,hdo,0.552,rejected_hdo_scope,Rejected because the local term is outside the narrow HDO data and metadata scope.
https://w3id.org/h2kg/hydrogen-ontology#ReductionPeakCurrent,Reduction Peak Current,controlled_vocabulary_term,,https://purls.helmholtz-metadaten.de/hob/HDO_00006044,creates specification,object_property,hdo,0.558,rejected_kind_mismatch,Rejected because the local term kind and external target kind are not semantically compatible.
https://w3id.org/h2kg/hydrogen-ontology#ReductionPotential,Reduction Potential,controlled_vocabulary_term,,https://purls.helmholtz-metadaten.de/hob/HDO_00007035,ontological graph specification,class,hdo,0.56,rejected_hdo_scope,Rejected because the local term is outside the narrow HDO data and metadata scope.
https://w3id.org/h2kg/hydrogen-ontology#ReferenceElectrodeCalibrationMeasurement,Reference Electrode Calibration Measurement,controlled_vocabulary_term,,https://w3id.org/emmo/domain/electrochemistry#electrochemistry_7729c34e_1ae9_403d_b933_1765885e7f29,Electrochemical measurement,class,emmo-electrochemistry,0.571,rejected_generic_electrochemical_measurement,Rejected because generic electrochemical measurement is too broad for automatic proposal here.
https://w3id.org/h2kg/hydrogen-ontology#ReferenceScale,Reference Scale,controlled_vocabulary_term,,https://purls.helmholtz-metadaten.de/hob/HDO_00000011,Dereferenzieren,class,hdo,0.6,rejected_hdo_scope,Rejected because the local term is outside the narrow HDO data and metadata scope.
https://w3id.org/h2kg/hydrogen-ontology#ReferenceScale,Reference Scale,controlled_vocabulary_term,,https://purls.helmholtz-metadaten.de/hob/HDO_00000010,Dereferenzierbarkeit,class,hdo,0.571,rejected_hdo_scope,Rejected because the local term is outside the narrow HDO data and metadata scope.
https://w3id.org/h2kg/hydrogen-ontology#RefractiveIndex,Refractive Index,controlled_vocabulary_term,,http://purl.obolibrary.org/obo/BFO_0000054,realized in,object_property,hdo,0.593,rejected_kind_mismatch,Rejected because the local term kind and external target kind are not semantically compatible.
https://w3id.org/h2kg/hydrogen-ontology#ReinfiltrationMassIncrease,Reinfiltration Mass Increase,controlled_vocabulary_term,,https://purls.helmholtz-metadaten.de/hob/HDO_00006044,creates specification,object_property,hdo,0.653,rejected_kind_mismatch,Rejected because the local term kind and external target kind are not semantically compatible.
https://w3id.org/h2kg/hydrogen-ontology#ReinfiltrationMassIncrease,Reinfiltration Mass Increase,controlled_vocabulary_term,,https://purls.helmholtz-metadaten.de/hob/HDO_00007033,directed graph specification,class,hdo,0.571,rejected_hdo_scope,Rejected because the local term is outside the narrow HDO data and metadata scope.
https://w3id.org/h2kg/hydrogen-ontology#ReinfiltrationMassIncrease,Reinfiltration Mass Increase,controlled_vocabulary_term,,https://purls.helmholtz-metadaten.de/hob/HDO_00006010,JSON Schema Spezifikation,class,hdo,0.566,rejected_hdo_scope,Rejected because the local term is outside the narrow HDO data and metadata scope.
https://w3id.org/h2kg/hydrogen-ontology#ReinfiltrationMassIncrease,Reinfiltration Mass Increase,controlled_vocabulary_term,,https://purls.helmholtz-metadaten.de/hob/HDO_00007037,database specification,class,hdo,0.56,rejected_hdo_scope,Rejected because the local term is outside the narrow HDO data and metadata scope.
https://w3id.org/h2kg/hydrogen-ontology#ReinfiltrationMassIncrease,Reinfiltration Mass Increase,controlled_vocabulary_term,,https://purls.helmholtz-metadaten.de/hob/HDO_00000111,Einheitsinformation,class,hdo,0.553,rejected_hdo_scope,Rejected because the local term is outside the narrow HDO data and metadata scope.
https://w3id.org/h2kg/hydrogen-ontology#ReinfiltrationMassIncrease,Reinfiltration Mass Increase,controlled_vocabulary_term,,https://purls.helmholtz-metadaten.de/hob/HDO_00007026,Listenspezifikation,class,hdo,0.553,rejected_hdo_scope,Rejected because the local term is outside the narrow HDO data and metadata scope.
https://w3id.org/h2kg/hydrogen-ontology#RelativeCurrentDensityChange,Relative Current Density Change,controlled_vocabulary_term,,http://purl.obolibrary.org/obo/IAO_0000030,information content entity,class,hdo,0.561,rejected_hdo_scope,Rejected because the local term is outside the narrow HDO data and metadata scope.
https://w3id.org/h2kg/hydrogen-ontology#RelativeDensity,Relative Density,controlled_vocabulary_term,,https://purls.helmholtz-metadaten.de/hob/HDO_00007023,qualitative Daten,class,hdo,0.606,rejected_hdo_scope,Rejected because the local term is outside the narrow HDO data and metadata scope.
https://w3id.org/h2kg/hydrogen-ontology#RelativeDensity,Relative Density,controlled_vocabulary_term,,https://purls.helmholtz-metadaten.de/hob/HDO_00000112,quantitative Daten,class,hdo,0.588,rejected_hdo_scope,Rejected because the local term is outside the narrow HDO data and metadata scope.
https://w3id.org/h2kg/hydrogen-ontology#RelativeDensity,Relative Density,controlled_vocabulary_term,,http://purl.obolibrary.org/obo/BFO_0000040,material entity,class,hdo,0.581,rejected_hdo_scope,Rejected because the local term is outside the narrow HDO data and metadata scope.
https://w3id.org/h2kg/hydrogen-ontology#RelativeHumidityAST,Relative Humidity AST,controlled_vocabulary_term,,https://purls.helmholtz-metadaten.de/hob/HDO_00007023,qualitative Daten,class,hdo,0.579,rejected_hdo_scope,Rejected because the local term is outside the narrow HDO data and metadata scope.
https://w3id.org/h2kg/hydrogen-ontology#RelativeHumidityAST,Relative Humidity AST,controlled_vocabulary_term,,https://purls.helmholtz-metadaten.de/hob/HDO_00000112,quantitative Daten,class,hdo,0.564,rejected_hdo_scope,Rejected because the local term is outside the narrow HDO data and metadata scope.
https://w3id.org/h2kg/hydrogen-ontology#RelativeOxygenPermeability,Relative Oxygen Permeability,controlled_vocabulary_term,,https://purls.helmholtz-metadaten.de/hob/HDO_00007011,Semantische Interoperabilität,class,hdo,0.561,rejected_hdo_scope,Rejected because the local term is outside the narrow HDO data and metadata scope.
https://w3id.org/h2kg/hydrogen-ontology#RelativeVariationPercent,Relative Variation Percent,controlled_vocabulary_term,,http://purl.obolibrary.org/obo/IAO_0000030,information content entity,class,hdo,0.577,rejected_hdo_scope,Rejected because the local term is outside the narrow HDO data and metadata scope.
https://w3id.org/h2kg/hydrogen-ontology#RelativeVariationPercent,Relative Variation Percent,controlled_vocabulary_term,,https://purls.helmholtz-metadaten.de/hob/HDO_00007043,obsolete data validation,class,hdo,0.56,rejected_deprecated_target,Rejected because the external target is marked as deprecated or obsolete.
https://w3id.org/h2kg/hydrogen-ontology#RelativeVariationPercent,Relative Variation Percent,controlled_vocabulary_term,,https://purls.helmholtz-metadaten.de/hob/HDO_00006044,creates specification,object_property,hdo,0.553,rejected_kind_mismatch,Rejected because the local term kind and external target kind are not semantically compatible.
https://w3id.org/h2kg/hydrogen-ontology#RelativeVolatilizationRate,Relative Volatilization Rate,controlled_vocabulary_term,,https://purls.helmholtz-metadaten.de/hob/HDO_00007043,obsolete data validation,class,hdo,0.615,rejected_deprecated_target,Rejected because the external target is marked as deprecated or obsolete.
https://w3id.org/h2kg/hydrogen-ontology#ReportedMaterialProperty,Reported Material Property,controlled_vocabulary_term,,https://purls.helmholtz-metadaten.de/hob/HDO_00001074,Proprietäres Dateiformat,class,hdo,0.6,rejected_hdo_scope,Rejected because the local term is outside the narrow HDO data and metadata scope.
https://w3id.org/h2kg/hydrogen-ontology#ResidualRate,Residual Rate,controlled_vocabulary_term,,https://w3id.org/emmo#EMMO_material,Material,class,emmo-core,0.667,exploratory_candidate,Below the configured close-match threshold; kept only as exploratory output.
https://w3id.org/h2kg/hydrogen-ontology#RestTime,Rest Time,controlled_vocabulary_term,,https://purls.helmholtz-metadaten.de/hob/HDO_00006020,Tripel Store,class,hdo,0.571,rejected_hdo_scope,Rejected because the local term is outside the narrow HDO data and metadata scope.
https://w3id.org/h2kg/hydrogen-ontology#RetractionRate,Retraction Rate,controlled_vocabulary_term,,https://purls.helmholtz-metadaten.de/hob/HDO_00006044,creates specification,object_property,hdo,0.611,rejected_kind_mismatch,Rejected because the local term kind and external target kind are not semantically compatible.
https://w3id.org/h2kg/hydrogen-ontology#RetractionRate,Retraction Rate,controlled_vocabulary_term,,https://purls.helmholtz-metadaten.de/hob/HDO_00006025,Datentypinformation,class,hdo,0.588,rejected_hdo_scope,Rejected because the local term is outside the narrow HDO data and metadata scope.
https://w3id.org/h2kg/hydrogen-ontology#RetractionRate,Retraction Rate,controlled_vocabulary_term,,http://purl.obolibrary.org/obo/IAO_0000033,directive information entity,class,hdo,0.558,rejected_hdo_scope,Rejected because the local term is outside the narrow HDO data and metadata scope.
https://w3id.org/h2kg/hydrogen-ontology#RheologyDataset,Rheology Dataset,controlled_vocabulary_term,,https://purls.helmholtz-metadaten.de/hob/HDO_00006031,data storage role,class,hdo,0.686,exploratory_candidate,Below the configured close-match threshold; kept only as exploratory output.
https://w3id.org/h2kg/hydrogen-ontology#RheologyDataset,Rheology Dataset,controlled_vocabulary_term,,https://purls.helmholtz-metadaten.de/hob/HDO_00006018,Digital technology,class,hdo,0.588,rejected_hdo_scope,Rejected because the local term is outside the narrow HDO data and metadata scope.
https://w3id.org/h2kg/hydrogen-ontology#RheologyDataset,Rheology Dataset,controlled_vocabulary_term,,https://purls.helmholtz-metadaten.de/hob/HDO_00007008,obsolete data,class,hdo,0.552,rejected_deprecated_target,Rejected because the external target is marked as deprecated or obsolete.
https://w3id.org/h2kg/hydrogen-ontology#RhodamineB,Rhodamine B,controlled_vocabulary_term,,http://purl.obolibrary.org/obo/CHEBI_18280,Hydrazine,class,chebi,0.6,rejected_chemical_non_exact,Rejected because ChEBI mappings are limited to exact or manually curated chemical matches in this phase.
https://w3id.org/h2kg/hydrogen-ontology#RicinoleicAcidMassFraction,Ricinoleic Acid Mass Fraction,controlled_vocabulary_term,,https://purls.helmholtz-metadaten.de/hob/HDO_00007022,Informations Rolle,class,hdo,0.596,rejected_hdo_scope,Rejected because the local term is outside the narrow HDO data and metadata scope.
https://w3id.org/h2kg/hydrogen-ontology#RingPotential,Ring Potential,controlled_vocabulary_term,,https://purls.helmholtz-metadaten.de/hob/HDO_00001073,proprietariness,class,hdo,0.552,rejected_hdo_scope,Rejected because the local term is outside the narrow HDO data and metadata scope.
https://w3id.org/h2kg/hydrogen-ontology#RollPressMachine,Roll Press Machine,controlled_vocabulary_term,,https://purls.helmholtz-metadaten.de/hob/HDO_00006073,Access-Protokoll,class,hdo,0.588,rejected_hdo_scope,Rejected because the local term is outside the narrow HDO data and metadata scope.
https://w3id.org/h2kg/hydrogen-ontology#RollPressMachine,Roll Press Machine,controlled_vocabulary_term,,https://purls.helmholtz-metadaten.de/hob/HDO_00004005,Maschinenoperabelität,class,hdo,0.564,rejected_hdo_scope,Rejected because the local term is outside the narrow HDO data and metadata scope.
https://w3id.org/h2kg/hydrogen-ontology#RollPressMachine,Roll Press Machine,controlled_vocabulary_term,,https://purls.helmholtz-metadaten.de/hob/HDO_00007022,Informations Rolle,class,hdo,0.556,rejected_hdo_scope,Rejected because the local term is outside the narrow HDO data and metadata scope.
https://w3id.org/h2kg/hydrogen-ontology#RollingMachine,Rolling Machine,controlled_vocabulary_term,,https://purls.helmholtz-metadaten.de/hob/HDO_00001068,computational modelling,class,hdo,0.579,rejected_hdo_scope,Rejected because the local term is outside the narrow HDO data and metadata scope.
https://w3id.org/h2kg/hydrogen-ontology#RollingMachine,Rolling Machine,controlled_vocabulary_term,,https://purls.helmholtz-metadaten.de/hob/HDO_00004005,Maschinenoperabelität,class,hdo,0.556,rejected_hdo_scope,Rejected because the local term is outside the narrow HDO data and metadata scope.
https://w3id.org/h2kg/hydrogen-ontology#RotationRate,Rotation Rate,controlled_vocabulary_term,,https://purls.helmholtz-metadaten.de/hob/HDO_00006044,creates specification,object_property,hdo,0.588,rejected_kind_mismatch,Rejected because the local term kind and external target kind are not semantically compatible.
https://w3id.org/h2kg/hydrogen-ontology#RotationRate,Rotation Rate,controlled_vocabulary_term,,https://purls.helmholtz-metadaten.de/hob/HDO_00001069,simulation data,class,hdo,0.571,rejected_hdo_scope,Rejected because the local term is outside the narrow HDO data and metadata scope.
https://w3id.org/h2kg/hydrogen-ontology#RotationRate,Rotation Rate,controlled_vocabulary_term,,https://purls.helmholtz-metadaten.de/hob/HDO_00006025,Datentypinformation,class,hdo,0.562,rejected_hdo_scope,Rejected because the local term is outside the narrow HDO data and metadata scope.
https://w3id.org/h2kg/hydrogen-ontology#RoughnessFactor,Roughness Factor,controlled_vocabulary_term,,https://purls.helmholtz-metadaten.de/hob/HDO_00001027,FAIRness,class,hdo,0.583,rejected_hdo_scope,Rejected because the local term is outside the narrow HDO data and metadata scope.
https://w3id.org/h2kg/hydrogen-ontology#SCE,SCE,controlled_vocabulary_term,,https://purls.helmholtz-metadaten.de/hob/HDO_00000040,Schema,class,hdo,0.667,rejected_hdo_scope,Rejected because the local term is outside the narrow HDO data and metadata scope.
https://w3id.org/h2kg/hydrogen-ontology#SCE,SCE,controlled_vocabulary_term,,https://purls.helmholtz-metadaten.de/hob/HDO_00001072,Service,class,hdo,0.6,rejected_hdo_scope,Rejected because the local term is outside the narrow HDO data and metadata scope.
https://w3id.org/h2kg/hydrogen-ontology#SCE,SCE,controlled_vocabulary_term,,https://purls.helmholtz-metadaten.de/hob/HDO_00006063,uses,object_property,hdo,0.571,rejected_kind_mismatch,Rejected because the local term kind and external target kind are not semantically compatible.
https://w3id.org/h2kg/hydrogen-ontology#SEMImageDataset,SEM Image Dataset,controlled_vocabulary_term,,https://purls.helmholtz-metadaten.de/hob/HDO_00001038,Data Warehouse,class,hdo,0.661,exploratory_candidate,Below the configured close-match threshold; kept only as exploratory output.
https://w3id.org/h2kg/hydrogen-ontology#SEMImageDataset,SEM Image Dataset,controlled_vocabulary_term,,https://purls.helmholtz-metadaten.de/hob/HDO_00001077,Dateisystem,class,hdo,0.651,exploratory_candidate,Below the configured close-match threshold; kept only as exploratory output.
https://w3id.org/h2kg/hydrogen-ontology#SEMImageDataset,SEM Image Dataset,controlled_vocabulary_term,,https://purls.helmholtz-metadaten.de/hob/HDO_00006051,has data format,object_property,hdo,0.562,rejected_kind_mismatch,Rejected because the local term kind and external target kind are not semantically compatible.
https://w3id.org/h2kg/hydrogen-ontology#SEMImaging,SEM Imaging,controlled_vocabulary_term,,https://purls.helmholtz-metadaten.de/hob/HDO_00007005,self-information,class,hdo,0.593,rejected_hdo_scope,Rejected because the local term is outside the narrow HDO data and metadata scope.
https://w3id.org/h2kg/hydrogen-ontology#SEMImaging,SEM Imaging,controlled_vocabulary_term,,https://purls.helmholtz-metadaten.de/hob/HDO_00006056,manages,object_property,hdo,0.556,rejected_kind_mismatch,Rejected because the local term kind and external target kind are not semantically compatible.
https://w3id.org/h2kg/hydrogen-ontology#SEMImagingMeasurement,SEM Imaging Measurement,controlled_vocabulary_term,,https://w3id.org/emmo/domain/electrochemistry#electrochemistry_7729c34e_1ae9_403d_b933_1765885e7f29,Electrochemical measurement,class,emmo-electrochemistry,0.56,rejected_generic_electrochemical_measurement,Rejected because generic electrochemical measurement is too broad for automatic proposal here.
https://w3id.org/h2kg/hydrogen-ontology#SEMInstrument,SEM Instrument,controlled_vocabulary_term,,https://purls.helmholtz-metadaten.de/hob/HDO_00001052,System Software,class,hdo,0.552,rejected_hdo_scope,Rejected because the local term is outside the narrow HDO data and metadata scope.
https://w3id.org/h2kg/hydrogen-ontology#SHE,SHE,controlled_vocabulary_term,,https://purls.helmholtz-metadaten.de/hob/HDO_00000040,Schema,class,hdo,0.667,rejected_hdo_scope,Rejected because the local term is outside the narrow HDO data and metadata scope.
https://w3id.org/h2kg/hydrogen-ontology#SHE,SHE,controlled_vocabulary_term,,https://purls.helmholtz-metadaten.de/hob/HDO_00006063,uses,object_property,hdo,0.571,rejected_kind_mismatch,Rejected because the local term kind and external target kind are not semantically compatible.
https://w3id.org/h2kg/hydrogen-ontology#SampleMass,Sample Mass,controlled_vocabulary_term,,https://purls.helmholtz-metadaten.de/hob/HDO_00006059,serialized as,object_property,hdo,0.583,rejected_kind_mismatch,Rejected because the local term kind and external target kind are not semantically compatible.
https://w3id.org/h2kg/hydrogen-ontology#ScanRate,Scan Rate,controlled_vocabulary_term,,https://purls.helmholtz-metadaten.de/hob/HDO_00006044,creates specification,object_property,hdo,0.6,rejected_kind_mismatch,Rejected because the local term kind and external target kind are not semantically compatible.
https://w3id.org/h2kg/hydrogen-ontology#ScanRate,Scan Rate,controlled_vocabulary_term,,https://purls.helmholtz-metadaten.de/hob/HDO_00000009,Daten,class,hdo,0.571,rejected_hdo_scope,Rejected because the local term is outside the narrow HDO data and metadata scope.
https://w3id.org/h2kg/hydrogen-ontology#ScanRate,Scan Rate,controlled_vocabulary_term,,https://purls.helmholtz-metadaten.de/hob/HDO_00000107,Datenbank,class,hdo,0.556,rejected_hdo_scope,Rejected because the local term is outside the narrow HDO data and metadata scope.
https://w3id.org/h2kg/hydrogen-ontology#ScanRate,Scan Rate,controlled_vocabulary_term,,https://purls.helmholtz-metadaten.de/hob/HDO_00001037,Datensatz,class,hdo,0.556,rejected_hdo_scope,Rejected because the local term is outside the narrow HDO data and metadata scope.
https://w3id.org/h2kg/hydrogen-ontology#ScanRate,Scan Rate,controlled_vocabulary_term,,https://purls.helmholtz-metadaten.de/hob/HDO_00006035,generates,object_property,hdo,0.556,rejected_kind_mismatch,Rejected because the local term kind and external target kind are not semantically compatible.
https://w3id.org/h2kg/hydrogen-ontology#SegmentActiveArea,Segment Active Area,controlled_vocabulary_term,,https://purls.helmholtz-metadaten.de/hob/HDO_00006028,semantic artefact,class,hdo,0.556,rejected_hdo_scope,Rejected because the local term is outside the narrow HDO data and metadata scope.
https://w3id.org/h2kg/hydrogen-ontology#SegmentCount,Segment Count,controlled_vocabulary_term,,http://purl.obolibrary.org/obo/BFO_0000004,independent continuant,class,hdo,0.571,rejected_hdo_scope,Rejected because the local term is outside the narrow HDO data and metadata scope.
https://w3id.org/h2kg/hydrogen-ontology#SegmentedCellSystem,Segmented Cell System,controlled_vocabulary_term,,https://purls.helmholtz-metadaten.de/hob/HDO_00001042,Cloudbasiertes System,class,hdo,0.619,rejected_hdo_scope,Rejected because the local term is outside the narrow HDO data and metadata scope.
https://w3id.org/h2kg/hydrogen-ontology#SegmentedCellSystem,Segmented Cell System,controlled_vocabulary_term,,https://purls.helmholtz-metadaten.de/hob/HDO_00001052,System Software,class,hdo,0.556,rejected_hdo_scope,Rejected because the local term is outside the narrow HDO data and metadata scope.
https://w3id.org/h2kg/hydrogen-ontology#SesbaniaPowder,Sesbania Powder,controlled_vocabulary_term,,https://purls.helmholtz-metadaten.de/hob/HDO_00001030,semantic ladder,class,hdo,0.6,rejected_hdo_scope,Rejected because the local term is outside the narrow HDO data and metadata scope.
https://w3id.org/h2kg/hydrogen-ontology#ShearMixingProcess,Shear Mixing Process,controlled_vocabulary_term,,https://purls.helmholtz-metadaten.de/hob/HDO_00006064,uses process,object_property,hdo,0.625,rejected_kind_mismatch,Rejected because the local term kind and external target kind are not semantically compatible.
https://w3id.org/h2kg/hydrogen-ontology#ShearMixingProcess,Shear Mixing Process,controlled_vocabulary_term,,https://purls.helmholtz-metadaten.de/hob/HDO_00001012,technischer Prozess,class,hdo,0.564,rejected_hdo_scope,Rejected because the local term is outside the narrow HDO data and metadata scope.
https://w3id.org/h2kg/hydrogen-ontology#ShearMixingProcess,Shear Mixing Process,controlled_vocabulary_term,,https://purls.helmholtz-metadaten.de/hob/HDO_00006057,processes,object_property,hdo,0.552,rejected_kind_mismatch,Rejected because the local term kind and external target kind are not semantically compatible.
https://w3id.org/h2kg/hydrogen-ontology#ShearRate,Shear Rate,controlled_vocabulary_term,,https://purls.helmholtz-metadaten.de/hob/HDO_00006030,Datenspeicher,class,hdo,0.609,rejected_hdo_scope,Rejected because the local term is outside the narrow HDO data and metadata scope.
https://w3id.org/h2kg/hydrogen-ontology#ShearRate,Shear Rate,controlled_vocabulary_term,,https://purls.helmholtz-metadaten.de/hob/HDO_00001036,Metadatenschema,class,hdo,0.56,rejected_hdo_scope,Rejected because the local term is outside the narrow HDO data and metadata scope.
https://w3id.org/h2kg/hydrogen-ontology#ShearRate,Shear Rate,controlled_vocabulary_term,,https://purls.helmholtz-metadaten.de/hob/HDO_00001054,DEPRECATED Hardware,class,hdo,0.552,rejected_deprecated_target,Rejected because the external target is marked as deprecated or obsolete.
https://w3id.org/h2kg/hydrogen-ontology#ShearStrain,Shear Strain,controlled_vocabulary_term,,https://purls.helmholtz-metadaten.de/hob/HDO_00000046,String,class,hdo,0.556,rejected_hdo_scope,Rejected because the local term is outside the narrow HDO data and metadata scope.
https://w3id.org/h2kg/hydrogen-ontology#ShearStress,Shear Stress,controlled_vocabulary_term,,https://purls.helmholtz-metadaten.de/hob/HDO_00000028,Speicheradresse,class,hdo,0.593,rejected_hdo_scope,Rejected because the local term is outside the narrow HDO data and metadata scope.
https://w3id.org/h2kg/hydrogen-ontology#ShearStress,Shear Stress,controlled_vocabulary_term,,https://purls.helmholtz-metadaten.de/hob/HDO_00001044,Ausführbare Software,class,hdo,0.562,rejected_hdo_scope,Rejected because the local term is outside the narrow HDO data and metadata scope.
https://w3id.org/h2kg/hydrogen-ontology#ShearStress,Shear Stress,controlled_vocabulary_term,,https://purls.helmholtz-metadaten.de/hob/HDO_00006060,stores,object_property,hdo,0.556,rejected_kind_mismatch,Rejected because the local term kind and external target kind are not semantically compatible.
https://w3id.org/h2kg/hydrogen-ontology#ShearStress,Shear Stress,controlled_vocabulary_term,,https://purls.helmholtz-metadaten.de/hob/HDO_00001011,geplanter Prozess,class,hdo,0.552,rejected_hdo_scope,Rejected because the local term is outside the narrow HDO data and metadata scope.
https://w3id.org/h2kg/hydrogen-ontology#SiCFiberVolumePercent,Si C Fiber Volume Percent,controlled_vocabulary_term,,https://purls.helmholtz-metadaten.de/hob/HDO_00000045,persistent unique identifier,class,hdo,0.566,rejected_hdo_scope,Rejected because the local term is outside the narrow HDO data and metadata scope.
https://w3id.org/h2kg/hydrogen-ontology#SiliconCalibrationStandard,Silicon Calibration Standard,controlled_vocabulary_term,,https://purls.helmholtz-metadaten.de/hob/HDO_00006043,based on standard,object_property,hdo,0.622,rejected_kind_mismatch,Rejected because the local term kind and external target kind are not semantically compatible.
https://w3id.org/h2kg/hydrogen-ontology#SiliconDioxide,Silicon Dioxide,controlled_vocabulary_term,,http://purl.obolibrary.org/obo/BFO_0000016,disposition,class,hdo,0.615,rejected_hdo_scope,Rejected because the local term is outside the narrow HDO data and metadata scope.
https://w3id.org/h2kg/hydrogen-ontology#SiliconeCaulk,Silicone Caulk,controlled_vocabulary_term,,https://purls.helmholtz-metadaten.de/hob/HDO_00001069,simulation data,class,hdo,0.552,rejected_hdo_scope,Rejected because the local term is outside the narrow HDO data and metadata scope.
https://w3id.org/h2kg/hydrogen-ontology#SimulationParticleCount,Simulation Particle Count,controlled_vocabulary_term,,https://purls.helmholtz-metadaten.de/hob/HDO_00001069,simulation data,class,hdo,0.65,rejected_hdo_scope,Rejected because the local term is outside the narrow HDO data and metadata scope.
https://w3id.org/h2kg/hydrogen-ontology#SimulationParticleCount,Simulation Particle Count,controlled_vocabulary_term,,http://purl.obolibrary.org/obo/IAO_0000030,information content entity,class,hdo,0.588,rejected_hdo_scope,Rejected because the local term is outside the narrow HDO data and metadata scope.
https://w3id.org/h2kg/hydrogen-ontology#SimulationTimeStepCount,Simulation Time Step Count,controlled_vocabulary_term,,https://purls.helmholtz-metadaten.de/hob/HDO_00001069,simulation data,class,hdo,0.585,rejected_hdo_scope,Rejected because the local term is outside the narrow HDO data and metadata scope.
https://w3id.org/h2kg/hydrogen-ontology#SimulationTimeStepCount,Simulation Time Step Count,controlled_vocabulary_term,,https://purls.helmholtz-metadaten.de/hob/HDO_00001075,obsolete Copyright Information,class,hdo,0.571,rejected_deprecated_target,Rejected because the external target is marked as deprecated or obsolete.
https://w3id.org/h2kg/hydrogen-ontology#SinteringProcess,Sintering Process,controlled_vocabulary_term,,https://purls.helmholtz-metadaten.de/hob/HDO_00006064,uses process,object_property,hdo,0.69,rejected_kind_mismatch,Rejected because the local term kind and external target kind are not semantically compatible.
https://w3id.org/h2kg/hydrogen-ontology#SinteringProcess,Sintering Process,controlled_vocabulary_term,,https://purls.helmholtz-metadaten.de/hob/HDO_00006057,processes,object_property,hdo,0.615,rejected_kind_mismatch,Rejected because the local term kind and external target kind are not semantically compatible.
https://w3id.org/h2kg/hydrogen-ontology#SinteringProcess,Sintering Process,controlled_vocabulary_term,,https://w3id.org/emmo#EMMO_process,Process,class,emmo-core,0.583,exploratory_candidate,Below the configured close-match threshold; kept only as exploratory output.
https://w3id.org/h2kg/hydrogen-ontology#SinteringProcess,Sintering Process,controlled_vocabulary_term,,http://purl.obolibrary.org/obo/BFO_0000015,process,class,hdo,0.583,rejected_hdo_scope,Rejected because the local term is outside the narrow HDO data and metadata scope.
https://w3id.org/h2kg/hydrogen-ontology#SinteringProcess,Sintering Process,controlled_vocabulary_term,,https://purls.helmholtz-metadaten.de/hob/HDO_00001012,technischer Prozess,class,hdo,0.556,rejected_hdo_scope,Rejected because the local term is outside the narrow HDO data and metadata scope.
https://w3id.org/h2kg/hydrogen-ontology#SinteringTemperature,Sintering Temperature,controlled_vocabulary_term,,https://purls.helmholtz-metadaten.de/hob/HDO_00000026,intrinsic metadata,class,hdo,0.564,rejected_hdo_scope,Rejected because the local term is outside the narrow HDO data and metadata scope.
https://w3id.org/h2kg/hydrogen-ontology#SodiumCarbonate,Sodium Carbonate,controlled_vocabulary_term,,http://purl.obolibrary.org/obo/CHEBI_16526,Carbon dioxide,class,chebi,0.6,rejected_chemical_non_exact,Rejected because ChEBI mappings are limited to exact or manually curated chemical matches in this phase.
https://w3id.org/h2kg/hydrogen-ontology#SodiumHydroxide,Sodium Hydroxide,controlled_vocabulary_term,,http://purl.obolibrary.org/obo/CHEBI_32035,Potassium hydroxide,class,chebi,0.8,rejected_chemical_non_exact,Rejected because ChEBI mappings are limited to exact or manually curated chemical matches in this phase.
https://w3id.org/h2kg/hydrogen-ontology#SodiumSilicate,Sodium Silicate,controlled_vocabulary_term,,https://purls.helmholtz-metadaten.de/hob/HDO_00006053,indicates,object_property,hdo,0.583,rejected_kind_mismatch,Rejected because the local term kind and external target kind are not semantically compatible.
https://w3id.org/h2kg/hydrogen-ontology#SolGelModificationProcess,Sol Gel Modification Process,controlled_vocabulary_term,,https://purls.helmholtz-metadaten.de/hob/HDO_00001059,Quantifikationsprozess,class,hdo,0.56,rejected_hdo_scope,Rejected because the local term is outside the narrow HDO data and metadata scope.
https://w3id.org/h2kg/hydrogen-ontology#SolarEnergyFractionVisible,Solar Energy Fraction Visible,controlled_vocabulary_term,,https://purls.helmholtz-metadaten.de/hob/HDO_00005002,Fehlinformationsrolle,class,hdo,0.56,rejected_hdo_scope,Rejected because the local term is outside the narrow HDO data and metadata scope.
https://w3id.org/h2kg/hydrogen-ontology#SolarEnergyFractionVisible,Solar Energy Fraction Visible,controlled_vocabulary_term,,https://purls.helmholtz-metadaten.de/hob/HDO_00007022,Informations Rolle,class,hdo,0.553,rejected_hdo_scope,Rejected because the local term is outside the narrow HDO data and metadata scope.
https://w3id.org/h2kg/hydrogen-ontology#SolidContentFraction,Solid Content Fraction,controlled_vocabulary_term,,http://purl.obolibrary.org/obo/IAO_0000030,information content entity,class,hdo,0.625,rejected_hdo_scope,Rejected because the local term is outside the narrow HDO data and metadata scope.
https://w3id.org/h2kg/hydrogen-ontology#SolidContentFraction,Solid Content Fraction,controlled_vocabulary_term,,https://purls.helmholtz-metadaten.de/hob/HDO_00007005,self-information,class,hdo,0.579,rejected_hdo_scope,Rejected because the local term is outside the narrow HDO data and metadata scope.
https://w3id.org/h2kg/hydrogen-ontology#SolidContentFraction,Solid Content Fraction,controlled_vocabulary_term,,https://purls.helmholtz-metadaten.de/hob/HDO_00001075,obsolete Copyright Information,class,hdo,0.577,rejected_deprecated_target,Rejected because the external target is marked as deprecated or obsolete.
https://w3id.org/h2kg/hydrogen-ontology#SolidContentFraction,Solid Content Fraction,controlled_vocabulary_term,,https://purls.helmholtz-metadaten.de/hob/HDO_00005002,Fehlinformationsrolle,class,hdo,0.558,rejected_hdo_scope,Rejected because the local term is outside the narrow HDO data and metadata scope.
https://w3id.org/h2kg/hydrogen-ontology#SolidContentMeasurement,Solid Content Measurement,controlled_vocabulary_term,,https://w3id.org/emmo/domain/electrochemistry#electrochemistry_7729c34e_1ae9_403d_b933_1765885e7f29,Electrochemical measurement,class,emmo-electrochemistry,0.577,rejected_generic_electrochemical_measurement,Rejected because generic electrochemical measurement is too broad for automatic proposal here.
https://w3id.org/h2kg/hydrogen-ontology#SolubilityParameterTotal,Solubility Parameter Total,controlled_vocabulary_term,,https://purls.helmholtz-metadaten.de/hob/HDO_00000117,DEPRECATED structural quality,class,hdo,0.582,rejected_deprecated_target,Rejected because the external target is marked as deprecated or obsolete.
https://w3id.org/h2kg/hydrogen-ontology#SolutionConductivity,Solution Conductivity,controlled_vocabulary_term,,http://purl.obolibrary.org/obo/IAO_0000033,directive information entity,class,hdo,0.571,rejected_hdo_scope,Rejected because the local term is outside the narrow HDO data and metadata scope.
https://w3id.org/h2kg/hydrogen-ontology#SolutionConductivity,Solution Conductivity,controlled_vocabulary_term,,http://purl.obolibrary.org/obo/IAO_0000030,information content entity,class,hdo,0.553,rejected_hdo_scope,Rejected because the local term is outside the narrow HDO data and metadata scope.
https://w3id.org/h2kg/hydrogen-ontology#SolutionMethodInkPreparation,Solution Method Ink Preparation,controlled_vocabulary_term,,http://purl.obolibrary.org/obo/RO_0002592,results in organization of,object_property,hdo,0.561,rejected_kind_mismatch,Rejected because the local term kind and external target kind are not semantically compatible.
https://w3id.org/h2kg/hydrogen-ontology#SolutionVolume,Solution Volume,controlled_vocabulary_term,,http://qudt.org/schema/qudt/QuantityValue,Quantity value,class,qudt-schema,0.552,rejected_qudt_scaffold,Rejected because QUDT quantity-value scaffolding is not a suitable target for this domain concept.
https://w3id.org/h2kg/hydrogen-ontology#SolutionVolume,Solution Volume,controlled_vocabulary_term,,http://qudt.org/schema/qudt/quantityValue,quantity value,object_property,qudt-schema,0.552,rejected_kind_mismatch,Rejected because the local term kind and external target kind are not semantically compatible.
https://w3id.org/h2kg/hydrogen-ontology#SolventEngineering,Solvent Engineering,controlled_vocabulary_term,,https://purls.helmholtz-metadaten.de/hob/HDO_10000047,Einheitsrolle,class,hdo,0.562,rejected_hdo_scope,Rejected because the local term is outside the narrow HDO data and metadata scope.
https://w3id.org/h2kg/hydrogen-ontology#SolventEvaporationRate,Solvent Evaporation Rate,controlled_vocabulary_term,,https://purls.helmholtz-metadaten.de/hob/HDO_00007022,Informations Rolle,class,hdo,0.571,rejected_hdo_scope,Rejected because the local term is outside the narrow HDO data and metadata scope.
https://w3id.org/h2kg/hydrogen-ontology#SolventType,Solvent Type,controlled_vocabulary_term,,https://purls.helmholtz-metadaten.de/hob/HDO_00000119,obsolete file type,class,hdo,0.667,rejected_deprecated_target,Rejected because the external target is marked as deprecated or obsolete.
https://w3id.org/h2kg/hydrogen-ontology#SolventType,Solvent Type,controlled_vocabulary_term,,https://purls.helmholtz-metadaten.de/hob/HDO_00006020,Tripel Store,class,hdo,0.583,rejected_hdo_scope,Rejected because the local term is outside the narrow HDO data and metadata scope.
https://w3id.org/h2kg/hydrogen-ontology#SolventType,Solvent Type,controlled_vocabulary_term,,http://purl.obolibrary.org/obo/BFO_0000001,entity,class,hdo,0.556,rejected_hdo_scope,Rejected because the local term is outside the narrow HDO data and metadata scope.
https://w3id.org/h2kg/hydrogen-ontology#Sonication,Sonication,controlled_vocabulary_term,,http://purl.obolibrary.org/obo/BFO_0000016,disposition,class,hdo,0.667,rejected_hdo_scope,Rejected because the local term is outside the narrow HDO data and metadata scope.
https://w3id.org/h2kg/hydrogen-ontology#Sonication,Sonication,controlled_vocabulary_term,,http://purl.obolibrary.org/obo/BFO_0000034,function,class,hdo,0.667,rejected_hdo_scope,Rejected because the local term is outside the narrow HDO data and metadata scope.
https://w3id.org/h2kg/hydrogen-ontology#Sonication,Sonication,controlled_vocabulary_term,,https://purls.helmholtz-metadaten.de/hob/HDO_00001005,Spezifikation,class,hdo,0.609,rejected_hdo_scope,Rejected because the local term is outside the narrow HDO data and metadata scope.
https://w3id.org/h2kg/hydrogen-ontology#Sonication,Sonication,controlled_vocabulary_term,,http://purl.obolibrary.org/obo/IAO_0000007,action specification,class,hdo,0.6,rejected_hdo_scope,Rejected because the local term is outside the narrow HDO data and metadata scope.
https://w3id.org/h2kg/hydrogen-ontology#Sonication,Sonication,controlled_vocabulary_term,,https://purls.helmholtz-metadaten.de/hob/HDO_00007032,dictionary,class,hdo,0.6,rejected_hdo_scope,Rejected because the local term is outside the narrow HDO data and metadata scope.
https://w3id.org/h2kg/hydrogen-ontology#Sonication,Sonication,controlled_vocabulary_term,,https://purls.helmholtz-metadaten.de/hob/HDO_00005003,misinformation,class,hdo,0.583,rejected_hdo_scope,Rejected because the local term is outside the narrow HDO data and metadata scope.
https://w3id.org/h2kg/hydrogen-ontology#Sonication,Sonication,controlled_vocabulary_term,,https://purls.helmholtz-metadaten.de/hob/HDO_00000025,Information,class,hdo,0.571,rejected_hdo_scope,Rejected because the local term is outside the narrow HDO data and metadata scope.
https://w3id.org/h2kg/hydrogen-ontology#Sonication,Sonication,controlled_vocabulary_term,,http://purl.obolibrary.org/obo/IAO_0000104,plan specification,class,hdo,0.571,rejected_hdo_scope,Rejected because the local term is outside the narrow HDO data and metadata scope.
https://w3id.org/h2kg/hydrogen-ontology#Sonication,Sonication,controlled_vocabulary_term,,https://purls.helmholtz-metadaten.de/hob/HDO_00001069,simulation data,class,hdo,0.56,rejected_hdo_scope,Rejected because the local term is outside the narrow HDO data and metadata scope.
https://w3id.org/h2kg/hydrogen-ontology#Sonication,Sonication,controlled_vocabulary_term,,https://purls.helmholtz-metadaten.de/hob/HDO_00007026,Listenspezifikation,class,hdo,0.552,rejected_hdo_scope,Rejected because the local term is outside the narrow HDO data and metadata scope.
https://w3id.org/h2kg/hydrogen-ontology#SonicationAmplitudePercent,Sonication Amplitude Percent,controlled_vocabulary_term,,https://purls.helmholtz-metadaten.de/hob/HDO_00006044,creates specification,object_property,hdo,0.571,rejected_kind_mismatch,Rejected because the local term kind and external target kind are not semantically compatible.
https://w3id.org/h2kg/hydrogen-ontology#SonicationAmplitudePercent,Sonication Amplitude Percent,controlled_vocabulary_term,,http://purl.obolibrary.org/obo/IAO_0000104,plan specification,class,hdo,0.565,rejected_hdo_scope,Rejected because the local term is outside the narrow HDO data and metadata scope.
https://w3id.org/h2kg/hydrogen-ontology#SonicationAmplitudePercent,Sonication Amplitude Percent,controlled_vocabulary_term,,https://purls.helmholtz-metadaten.de/hob/HDO_00007037,database specification,class,hdo,0.56,rejected_hdo_scope,Rejected because the local term is outside the narrow HDO data and metadata scope.
https://w3id.org/h2kg/hydrogen-ontology#SonicationPower,Sonication Power,controlled_vocabulary_term,,http://purl.obolibrary.org/obo/BFO_0000016,disposition,class,hdo,0.593,rejected_hdo_scope,Rejected because the local term is outside the narrow HDO data and metadata scope.
https://w3id.org/h2kg/hydrogen-ontology#SonicationPower,Sonication Power,controlled_vocabulary_term,,http://purl.obolibrary.org/obo/IAO_0000104,plan specification,class,hdo,0.588,rejected_hdo_scope,Rejected because the local term is outside the narrow HDO data and metadata scope.
https://w3id.org/h2kg/hydrogen-ontology#SonicationPower,Sonication Power,controlled_vocabulary_term,,http://purl.obolibrary.org/obo/IAO_0000005,objective specification,class,hdo,0.564,rejected_hdo_scope,Rejected because the local term is outside the narrow HDO data and metadata scope.
https://w3id.org/h2kg/hydrogen-ontology#SonicationPower,Sonication Power,controlled_vocabulary_term,,http://purl.obolibrary.org/obo/IAO_0000007,action specification,class,hdo,0.556,rejected_hdo_scope,Rejected because the local term is outside the narrow HDO data and metadata scope.
https://w3id.org/h2kg/hydrogen-ontology#SonicationPower,Sonication Power,controlled_vocabulary_term,,https://purls.helmholtz-metadaten.de/hob/HDO_00001005,Spezifikation,class,hdo,0.552,rejected_hdo_scope,Rejected because the local term is outside the narrow HDO data and metadata scope.
https://w3id.org/h2kg/hydrogen-ontology#SonicationTime,Sonication Time,controlled_vocabulary_term,,https://purls.helmholtz-metadaten.de/hob/hdo.owl#triple_specification,Tripel Spezifikation,class,hdo,0.629,rejected_hdo_scope,Rejected because the local term is outside the narrow HDO data and metadata scope.
https://w3id.org/h2kg/hydrogen-ontology#SonicationTime,Sonication Time,controlled_vocabulary_term,,https://purls.helmholtz-metadaten.de/hob/HDO_00007039,taxonomy specification,class,hdo,0.595,rejected_hdo_scope,Rejected because the local term is outside the narrow HDO data and metadata scope.
https://w3id.org/h2kg/hydrogen-ontology#SoybeanOil,Soybean Oil,controlled_vocabulary_term,,https://purls.helmholtz-metadaten.de/hob/HDO_00006012,JSON file,class,hdo,0.6,rejected_hdo_scope,Rejected because the local term is outside the narrow HDO data and metadata scope.
https://w3id.org/h2kg/hydrogen-ontology#SpecificActivity,Specific Activity,controlled_vocabulary_term,,http://purl.obolibrary.org/obo/IAO_0000007,action specification,class,hdo,0.703,rejected_hdo_scope,Rejected because the local term is outside the narrow HDO data and metadata scope.
https://w3id.org/h2kg/hydrogen-ontology#SpecificActivity,Specific Activity,controlled_vocabulary_term,,http://purl.obolibrary.org/obo/IAO_0000005,objective specification,class,hdo,0.65,rejected_hdo_scope,Rejected because the local term is outside the narrow HDO data and metadata scope.
https://w3id.org/h2kg/hydrogen-ontology#SpecificActivity,Specific Activity,controlled_vocabulary_term,,https://purls.helmholtz-metadaten.de/hob/HDO_00007028,dictionary specification,class,hdo,0.634,rejected_hdo_scope,Rejected because the local term is outside the narrow HDO data and metadata scope.
https://w3id.org/h2kg/hydrogen-ontology#SpecificActivity,Specific Activity,controlled_vocabulary_term,,https://purls.helmholtz-metadaten.de/hob/HDO_00006044,creates specification,object_property,hdo,0.579,rejected_kind_mismatch,Rejected because the local term kind and external target kind are not semantically compatible.
https://w3id.org/h2kg/hydrogen-ontology#SpecificActivity,Specific Activity,controlled_vocabulary_term,,http://purl.obolibrary.org/obo/IAO_0000104,plan specification,class,hdo,0.571,rejected_hdo_scope,Rejected because the local term is outside the narrow HDO data and metadata scope.
https://w3id.org/h2kg/hydrogen-ontology#SpecificActivity,Specific Activity,controlled_vocabulary_term,,https://purls.helmholtz-metadaten.de/hob/HDO_00007037,database specification,class,hdo,0.564,rejected_hdo_scope,Rejected because the local term is outside the narrow HDO data and metadata scope.
https://w3id.org/h2kg/hydrogen-ontology#SpinCasting,Spin Casting,controlled_vocabulary_term,,http://purl.obolibrary.org/obo/IAO_0000007,action specification,class,hdo,0.562,rejected_hdo_scope,Rejected because the local term is outside the narrow HDO data and metadata scope.
https://w3id.org/h2kg/hydrogen-ontology#SpinCasting,Spin Casting,controlled_vocabulary_term,,https://purls.helmholtz-metadaten.de/hob/HDO_00000046,String,class,hdo,0.556,rejected_hdo_scope,Rejected because the local term is outside the narrow HDO data and metadata scope.
https://w3id.org/h2kg/hydrogen-ontology#SprayAngle,Spray Angle,controlled_vocabulary_term,,https://purls.helmholtz-metadaten.de/hob/HDO_00006050,handles,object_property,hdo,0.556,rejected_kind_mismatch,Rejected because the local term kind and external target kind are not semantically compatible.
https://w3id.org/h2kg/hydrogen-ontology#SprayAngle,Spray Angle,controlled_vocabulary_term,,https://purls.helmholtz-metadaten.de/hob/HDO_00006056,manages,object_property,hdo,0.556,rejected_kind_mismatch,Rejected because the local term kind and external target kind are not semantically compatible.
https://w3id.org/h2kg/hydrogen-ontology#SprayCoatingParameterSpecification,Spray Coating Parameter Specification,controlled_vocabulary_term,,https://purls.helmholtz-metadaten.de/hob/HDO_00007028,dictionary specification,class,hdo,0.656,rejected_hdo_scope,Rejected because the local term is outside the narrow HDO data and metadata scope.
https://w3id.org/h2kg/hydrogen-ontology#SprayCoatingParameterSpecification,Spray Coating Parameter Specification,controlled_vocabulary_term,,https://purls.helmholtz-metadaten.de/hob/HDO_00006044,creates specification,object_property,hdo,0.655,rejected_kind_mismatch,Rejected because the local term kind and external target kind are not semantically compatible.
https://w3id.org/h2kg/hydrogen-ontology#SprayCoatingParameterSpecification,Spray Coating Parameter Specification,controlled_vocabulary_term,,https://purls.helmholtz-metadaten.de/hob/HDO_00007037,database specification,class,hdo,0.644,rejected_hdo_scope,Rejected because the local term is outside the narrow HDO data and metadata scope.
https://w3id.org/h2kg/hydrogen-ontology#SprayCoatingParameterSpecification,Spray Coating Parameter Specification,controlled_vocabulary_term,,http://purl.obolibrary.org/obo/IAO_0000007,action specification,class,hdo,0.632,rejected_hdo_scope,Rejected because the local term is outside the narrow HDO data and metadata scope.
https://w3id.org/h2kg/hydrogen-ontology#SprayCoatingParameterSpecification,Spray Coating Parameter Specification,controlled_vocabulary_term,,https://purls.helmholtz-metadaten.de/hob/HDO_00007033,directed graph specification,class,hdo,0.615,rejected_hdo_scope,Rejected because the local term is outside the narrow HDO data and metadata scope.
https://w3id.org/h2kg/hydrogen-ontology#SprayCoatingParameterSpecification,Spray Coating Parameter Specification,controlled_vocabulary_term,,https://purls.helmholtz-metadaten.de/hob/HDO_00007034,directed acyclic graph specification,class,hdo,0.603,rejected_hdo_scope,Rejected because the local term is outside the narrow HDO data and metadata scope.
https://w3id.org/h2kg/hydrogen-ontology#SprayCoatingParameterSpecification,Spray Coating Parameter Specification,controlled_vocabulary_term,,http://purl.obolibrary.org/obo/IAO_0000005,objective specification,class,hdo,0.6,rejected_hdo_scope,Rejected because the local term is outside the narrow HDO data and metadata scope.
https://w3id.org/h2kg/hydrogen-ontology#SprayCoatingParameterSpecification,Spray Coating Parameter Specification,controlled_vocabulary_term,,https://purls.helmholtz-metadaten.de/hob/HDO_00007038,digital object specification,class,hdo,0.585,rejected_hdo_scope,Rejected because the local term is outside the narrow HDO data and metadata scope.
https://w3id.org/h2kg/hydrogen-ontology#SprayCoatingParameterSpecification,Spray Coating Parameter Specification,controlled_vocabulary_term,,http://purl.obolibrary.org/obo/IAO_0000104,plan specification,class,hdo,0.582,rejected_hdo_scope,Rejected because the local term is outside the narrow HDO data and metadata scope.
https://w3id.org/h2kg/hydrogen-ontology#SprayCoatingParameterSpecification,Spray Coating Parameter Specification,controlled_vocabulary_term,,http://purl.obolibrary.org/obo/BFO_0000020,specifically dependent continuant,class,hdo,0.571,rejected_hdo_scope,Rejected because the local term is outside the narrow HDO data and metadata scope.
https://w3id.org/h2kg/hydrogen-ontology#SprayDuration,Spray Duration,controlled_vocabulary_term,,https://purls.helmholtz-metadaten.de/hob/HDO_00007032,dictionary,class,hdo,0.583,rejected_hdo_scope,Rejected because the local term is outside the narrow HDO data and metadata scope.
https://w3id.org/h2kg/hydrogen-ontology#SprayDuration,Spray Duration,controlled_vocabulary_term,,https://purls.helmholtz-metadaten.de/hob/HDO_00006084,Informationsprofil,class,hdo,0.562,rejected_hdo_scope,Rejected because the local term is outside the narrow HDO data and metadata scope.
https://w3id.org/h2kg/hydrogen-ontology#SprayDuration,Spray Duration,controlled_vocabulary_term,,https://purls.helmholtz-metadaten.de/hob/HDO_00001078,Dateiformat,class,hdo,0.56,rejected_hdo_scope,Rejected because the local term is outside the narrow HDO data and metadata scope.
https://w3id.org/h2kg/hydrogen-ontology#SputterCoating,Sputter Coating,controlled_vocabulary_term,,http://purl.obolibrary.org/obo/BFO_0000002,continuant,class,hdo,0.56,rejected_hdo_scope,Rejected because the local term is outside the narrow HDO data and metadata scope.
https://w3id.org/h2kg/hydrogen-ontology#SteamActivationProcess,Steam Activation Process,controlled_vocabulary_term,,https://purls.helmholtz-metadaten.de/hob/HDO_00001059,Quantifikationsprozess,class,hdo,0.609,rejected_hdo_scope,Rejected because the local term is outside the narrow HDO data and metadata scope.
https://w3id.org/h2kg/hydrogen-ontology#SteamActivationProcess,Steam Activation Process,controlled_vocabulary_term,,https://purls.helmholtz-metadaten.de/hob/HDO_00006064,uses process,object_property,hdo,0.556,rejected_kind_mismatch,Rejected because the local term kind and external target kind are not semantically compatible.
https://w3id.org/h2kg/hydrogen-ontology#SteamPretreatment,Steam Pretreatment,controlled_vocabulary_term,,https://purls.helmholtz-metadaten.de/hob/HDO_00006058,represents,object_property,hdo,0.571,rejected_kind_mismatch,Rejected because the local term kind and external target kind are not semantically compatible.
https://w3id.org/h2kg/hydrogen-ontology#StirringSpeed,Stirring Speed,controlled_vocabulary_term,,https://purls.helmholtz-metadaten.de/hob/HDO_00000046,String,class,hdo,0.6,rejected_hdo_scope,Rejected because the local term is outside the narrow HDO data and metadata scope.
https://w3id.org/h2kg/hydrogen-ontology#StirringTime,Stirring Time,controlled_vocabulary_term,,https://purls.helmholtz-metadaten.de/hob/HDO_00000046,String,class,hdo,0.632,rejected_hdo_scope,Rejected because the local term is outside the narrow HDO data and metadata scope.
https://w3id.org/h2kg/hydrogen-ontology#StirringTime,Stirring Time,controlled_vocabulary_term,,https://purls.helmholtz-metadaten.de/hob/HDO_00002006,Terminologie,class,hdo,0.56,rejected_hdo_scope,Rejected because the local term is outside the narrow HDO data and metadata scope.
https://w3id.org/h2kg/hydrogen-ontology#StirringTime,Stirring Time,controlled_vocabulary_term,,https://purls.helmholtz-metadaten.de/hob/HDO_00006020,Tripel Store,class,hdo,0.56,rejected_hdo_scope,Rejected because the local term is outside the narrow HDO data and metadata scope.
https://w3id.org/h2kg/hydrogen-ontology#StorageModulus,Storage Modulus,controlled_vocabulary_term,,https://purls.helmholtz-metadaten.de/hob/HDO_00006031,data storage role,class,hdo,0.625,rejected_hdo_scope,Rejected because the local term is outside the narrow HDO data and metadata scope.
https://w3id.org/h2kg/hydrogen-ontology#StorageTemperature,Storage Temperature,controlled_vocabulary_term,,https://purls.helmholtz-metadaten.de/hob/HDO_00006020,Tripel Store,class,hdo,0.581,rejected_hdo_scope,Rejected because the local term is outside the narrow HDO data and metadata scope.
https://w3id.org/h2kg/hydrogen-ontology#StorageTime,Storage Time,controlled_vocabulary_term,,https://purls.helmholtz-metadaten.de/hob/HDO_00006020,Tripel Store,class,hdo,0.75,rejected_hdo_scope,Rejected because the local term is outside the narrow HDO data and metadata scope.
https://w3id.org/h2kg/hydrogen-ontology#StorageTime,Storage Time,controlled_vocabulary_term,,https://purls.helmholtz-metadaten.de/hob/HDO_00006060,stores,object_property,hdo,0.556,rejected_kind_mismatch,Rejected because the local term kind and external target kind are not semantically compatible.
https://w3id.org/h2kg/hydrogen-ontology#StripSpacing,Strip Spacing,controlled_vocabulary_term,,https://purls.helmholtz-metadaten.de/hob/hdo.owl#triple_specification,Tripel Spezifikation,class,hdo,0.606,rejected_hdo_scope,Rejected because the local term is outside the narrow HDO data and metadata scope.
https://w3id.org/h2kg/hydrogen-ontology#SublimationTime,Sublimation Time,controlled_vocabulary_term,,https://purls.helmholtz-metadaten.de/hob/hdo.owl#triple_specification,Tripel Spezifikation,class,hdo,0.611,rejected_hdo_scope,Rejected because the local term is outside the narrow HDO data and metadata scope.
https://w3id.org/h2kg/hydrogen-ontology#SublimationTime,Sublimation Time,controlled_vocabulary_term,,https://purls.helmholtz-metadaten.de/hob/HDO_00007005,self-information,class,hdo,0.562,rejected_hdo_scope,Rejected because the local term is outside the narrow HDO data and metadata scope.
https://w3id.org/h2kg/hydrogen-ontology#SulfuricAcid,Sulfuric Acid,controlled_vocabulary_term,,http://purl.obolibrary.org/obo/CHEBI_30751,Formic acid,class,chebi,0.75,rejected_chemical_non_exact,Rejected because ChEBI mappings are limited to exact or manually curated chemical matches in this phase.
https://w3id.org/h2kg/hydrogen-ontology#SulfuricAcid,Sulfuric Acid,controlled_vocabulary_term,,http://purl.obolibrary.org/obo/CHEBI_29241,Hydrofluoric acid,class,chebi,0.667,rejected_chemical_non_exact,Rejected because ChEBI mappings are limited to exact or manually curated chemical matches in this phase.
https://w3id.org/h2kg/hydrogen-ontology#SulfuricAcid,Sulfuric Acid,controlled_vocabulary_term,,http://purl.obolibrary.org/obo/CHEBI_17883,Hydrochloric acid,class,chebi,0.6,rejected_chemical_non_exact,Rejected because ChEBI mappings are limited to exact or manually curated chemical matches in this phase.
https://w3id.org/h2kg/hydrogen-ontology#SulfuricAcidMassFraction,Sulfuric Acid Mass Fraction,controlled_vocabulary_term,,https://purls.helmholtz-metadaten.de/hob/HDO_00007005,self-information,class,hdo,0.558,rejected_hdo_scope,Rejected because the local term is outside the narrow HDO data and metadata scope.
https://w3id.org/h2kg/hydrogen-ontology#SupportMaterial,Support Material,controlled_vocabulary_term,,https://w3id.org/emmo#EMMO_material,Material,class,emmo-core,0.667,exploratory_candidate,Below the configured close-match threshold; kept only as exploratory output.
https://w3id.org/h2kg/hydrogen-ontology#SurfacePreparationSpecification,Surface Preparation Specification,controlled_vocabulary_term,,http://purl.obolibrary.org/obo/IAO_0000007,action specification,class,hdo,0.717,rejected_hdo_scope,Rejected because the local term is outside the narrow HDO data and metadata scope.
https://w3id.org/h2kg/hydrogen-ontology#SurfacePreparationSpecification,Surface Preparation Specification,controlled_vocabulary_term,,https://purls.helmholtz-metadaten.de/hob/HDO_00006044,creates specification,object_property,hdo,0.667,rejected_kind_mismatch,Rejected because the local term kind and external target kind are not semantically compatible.
https://w3id.org/h2kg/hydrogen-ontology#SurfacePreparationSpecification,Surface Preparation Specification,controlled_vocabulary_term,,http://purl.obolibrary.org/obo/IAO_0000104,plan specification,class,hdo,0.667,rejected_hdo_scope,Rejected because the local term is outside the narrow HDO data and metadata scope.
https://w3id.org/h2kg/hydrogen-ontology#SurfacePreparationSpecification,Surface Preparation Specification,controlled_vocabulary_term,,https://purls.helmholtz-metadaten.de/hob/HDO_00007028,dictionary specification,class,hdo,0.632,rejected_hdo_scope,Rejected because the local term is outside the narrow HDO data and metadata scope.
https://w3id.org/h2kg/hydrogen-ontology#SurfacePreparationSpecification,Surface Preparation Specification,controlled_vocabulary_term,,http://purl.obolibrary.org/obo/IAO_0000005,objective specification,class,hdo,0.607,rejected_hdo_scope,Rejected because the local term is outside the narrow HDO data and metadata scope.
https://w3id.org/h2kg/hydrogen-ontology#SurfacePreparationSpecification,Surface Preparation Specification,controlled_vocabulary_term,,https://purls.helmholtz-metadaten.de/hob/HDO_00007033,directed graph specification,class,hdo,0.59,rejected_hdo_scope,Rejected because the local term is outside the narrow HDO data and metadata scope.
https://w3id.org/h2kg/hydrogen-ontology#SurfacePreparationSpecification,Surface Preparation Specification,controlled_vocabulary_term,,https://purls.helmholtz-metadaten.de/hob/HDO_00007037,database specification,class,hdo,0.582,rejected_hdo_scope,Rejected because the local term is outside the narrow HDO data and metadata scope.
https://w3id.org/h2kg/hydrogen-ontology#SurfacePreparationSpecification,Surface Preparation Specification,controlled_vocabulary_term,,https://purls.helmholtz-metadaten.de/hob/HDO_00007035,ontological graph specification,class,hdo,0.562,rejected_hdo_scope,Rejected because the local term is outside the narrow HDO data and metadata scope.
https://w3id.org/h2kg/hydrogen-ontology#SurfaceTopographyDataset,Surface Topography Dataset,controlled_vocabulary_term,,https://purls.helmholtz-metadaten.de/hob/HDO_00006031,data storage role,class,hdo,0.638,exploratory_candidate,Below the configured close-match threshold; kept only as exploratory output.
https://w3id.org/h2kg/hydrogen-ontology#SwellingDataset,Swelling Dataset,controlled_vocabulary_term,,https://purls.helmholtz-metadaten.de/hob/HDO_00001069,simulation data,class,hdo,0.661,exploratory_candidate,Below the configured close-match threshold; kept only as exploratory output.
https://w3id.org/h2kg/hydrogen-ontology#SwellingDataset,Swelling Dataset,controlled_vocabulary_term,,https://purls.helmholtz-metadaten.de/hob/HDO_00007037,database specification,class,hdo,0.659,exploratory_candidate,Below the configured close-match threshold; kept only as exploratory output.
https://w3id.org/h2kg/hydrogen-ontology#SwellingDataset,Swelling Dataset,controlled_vocabulary_term,,https://purls.helmholtz-metadaten.de/hob/HDO_00006032,Datenspeicherung,class,hdo,0.642,exploratory_candidate,Below the configured close-match threshold; kept only as exploratory output.
https://w3id.org/h2kg/hydrogen-ontology#SwellingDataset,Swelling Dataset,controlled_vocabulary_term,,https://purls.helmholtz-metadaten.de/hob/HDO_00000008,Datentypisierung,class,hdo,0.562,rejected_hdo_scope,Rejected because the local term is outside the narrow HDO data and metadata scope.
https://w3id.org/h2kg/hydrogen-ontology#SwellingDataset,Swelling Dataset,controlled_vocabulary_term,,https://purls.helmholtz-metadaten.de/hob/HDO_00007008,obsolete data,class,hdo,0.552,rejected_deprecated_target,Rejected because the external target is marked as deprecated or obsolete.
https://w3id.org/h2kg/hydrogen-ontology#SwellingFraction,Swelling Fraction,controlled_vocabulary_term,,https://purls.helmholtz-metadaten.de/hob/HDO_00007005,self-information,class,hdo,0.667,rejected_hdo_scope,Rejected because the local term is outside the narrow HDO data and metadata scope.
https://w3id.org/h2kg/hydrogen-ontology#SwellingFraction,Swelling Fraction,controlled_vocabulary_term,,https://purls.helmholtz-metadaten.de/hob/HDO_00001068,computational modelling,class,hdo,0.6,rejected_hdo_scope,Rejected because the local term is outside the narrow HDO data and metadata scope.
https://w3id.org/h2kg/hydrogen-ontology#SwellingFraction,Swelling Fraction,controlled_vocabulary_term,,http://purl.obolibrary.org/obo/IAO_0000007,action specification,class,hdo,0.595,rejected_hdo_scope,Rejected because the local term is outside the narrow HDO data and metadata scope.
https://w3id.org/h2kg/hydrogen-ontology#SwellingFraction,Swelling Fraction,controlled_vocabulary_term,,https://purls.helmholtz-metadaten.de/hob/HDO_00007022,Informations Rolle,class,hdo,0.571,rejected_hdo_scope,Rejected because the local term is outside the narrow HDO data and metadata scope.
https://w3id.org/h2kg/hydrogen-ontology#SyringePump,Syringe Pump,controlled_vocabulary_term,,https://purls.helmholtz-metadaten.de/hob/HDO_00000046,String,class,hdo,0.556,rejected_hdo_scope,Rejected because the local term is outside the narrow HDO data and metadata scope.
https://w3id.org/h2kg/hydrogen-ontology#TEMInstrument,TEM Instrument,controlled_vocabulary_term,,https://purls.helmholtz-metadaten.de/hob/HDO_00001052,System Software,class,hdo,0.552,rejected_hdo_scope,Rejected because the local term is outside the narrow HDO data and metadata scope.
https://w3id.org/h2kg/hydrogen-ontology#TackValue,Tack Value,controlled_vocabulary_term,,http://qudt.org/schema/qudt/QuantityValue,Quantity value,class,qudt-schema,0.583,rejected_qudt_scaffold,Rejected because QUDT quantity-value scaffolding is not a suitable target for this domain concept.
https://w3id.org/h2kg/hydrogen-ontology#TackValue,Tack Value,controlled_vocabulary_term,,http://qudt.org/schema/qudt/quantityValue,quantity value,object_property,qudt-schema,0.583,rejected_kind_mismatch,Rejected because the local term kind and external target kind are not semantically compatible.
https://w3id.org/h2kg/hydrogen-ontology#TackValue,Tack Value,controlled_vocabulary_term,,https://purls.helmholtz-metadaten.de/hob/HDO_00000038,programmatic value,class,hdo,0.571,rejected_hdo_scope,Rejected because the local term is outside the narrow HDO data and metadata scope.
https://w3id.org/h2kg/hydrogen-ontology#TafelSlope,Tafel Slope,controlled_vocabulary_term,,https://purls.helmholtz-metadaten.de/hob/HDO_00006020,Tripel Store,class,hdo,0.609,rejected_hdo_scope,Rejected because the local term is outside the narrow HDO data and metadata scope.
https://w3id.org/h2kg/hydrogen-ontology#Temperature,Temperature,controlled_vocabulary_term,,https://purls.helmholtz-metadaten.de/hob/HDO_00006035,generates,object_property,hdo,0.6,rejected_kind_mismatch,Rejected because the local term kind and external target kind are not semantically compatible.
https://w3id.org/h2kg/hydrogen-ontology#TemplateRemovalDuration,Template Removal Duration,controlled_vocabulary_term,,https://purls.helmholtz-metadaten.de/hob/HDO_00007022,Informations Rolle,class,hdo,0.558,rejected_hdo_scope,Rejected because the local term is outside the narrow HDO data and metadata scope.
https://w3id.org/h2kg/hydrogen-ontology#TensileStrength,Tensile Strength,controlled_vocabulary_term,,https://purls.helmholtz-metadaten.de/hob/HDO_00006020,Tripel Store,class,hdo,0.571,rejected_hdo_scope,Rejected because the local term is outside the narrow HDO data and metadata scope.
https://w3id.org/h2kg/hydrogen-ontology#Tensiometer,Tensiometer,controlled_vocabulary_term,,https://purls.helmholtz-metadaten.de/hob/HDO_00006015,Sensor,class,hdo,0.588,rejected_hdo_scope,Rejected because the local term is outside the narrow HDO data and metadata scope.
https://w3id.org/h2kg/hydrogen-ontology#Tensiometer,Tensiometer,controlled_vocabulary_term,,https://purls.helmholtz-metadaten.de/hob/HDO_00006030,Datenspeicher,class,hdo,0.583,rejected_hdo_scope,Rejected because the local term is outside the narrow HDO data and metadata scope.
https://w3id.org/h2kg/hydrogen-ontology#TestDuration,Test Duration,controlled_vocabulary_term,,https://purls.helmholtz-metadaten.de/hob/HDO_00007005,self-information,class,hdo,0.552,rejected_hdo_scope,Rejected because the local term is outside the narrow HDO data and metadata scope.
https://w3id.org/h2kg/hydrogen-ontology#TetrabutylammoniumHydroxide,Tetrabutylammonium Hydroxide,controlled_vocabulary_term,,http://purl.obolibrary.org/obo/CHEBI_32035,Potassium hydroxide,class,chebi,0.638,rejected_chemical_non_exact,Rejected because ChEBI mappings are limited to exact or manually curated chemical matches in this phase.
https://w3id.org/h2kg/hydrogen-ontology#Tetrahydrofuran,Tetrahydrofuran,controlled_vocabulary_term,,http://purl.obolibrary.org/obo/CHEBI_29241,Hydrofluoric acid,class,chebi,0.562,rejected_chemical_non_exact,Rejected because ChEBI mappings are limited to exact or manually curated chemical matches in this phase.
https://w3id.org/h2kg/hydrogen-ontology#ThermalAnalysisDataset,Thermal Analysis Dataset,controlled_vocabulary_term,,https://purls.helmholtz-metadaten.de/hob/HDO_00006042,assigns data type to,object_property,hdo,0.591,rejected_kind_mismatch,Rejected because the local term kind and external target kind are not semantically compatible.
https://w3id.org/h2kg/hydrogen-ontology#ThermalConductivity,Thermal Conductivity,controlled_vocabulary_term,,http://purl.obolibrary.org/obo/BFO_0000040,material entity,class,hdo,0.629,rejected_hdo_scope,Rejected because the local term is outside the narrow HDO data and metadata scope.
https://w3id.org/h2kg/hydrogen-ontology#ThroughPlaneElectronicConductivityMeasurement,Through Plane Electronic Conductivity Measurement,controlled_vocabulary_term,,https://w3id.org/emmo/domain/electrochemistry#electrochemistry_7729c34e_1ae9_403d_b933_1765885e7f29,Electrochemical measurement,class,emmo-electrochemistry,0.553,rejected_generic_electrochemical_measurement,Rejected because generic electrochemical measurement is too broad for automatic proposal here.
https://w3id.org/h2kg/hydrogen-ontology#TitaniumOxideLayer,Titanium Oxide Layer,controlled_vocabulary_term,,http://purl.obolibrary.org/obo/CHEBI_32035,Potassium hydroxide,class,chebi,0.667,rejected_chemical_non_exact,Rejected because ChEBI mappings are limited to exact or manually curated chemical matches in this phase.
https://w3id.org/h2kg/hydrogen-ontology#TorqueWrench,Torque Wrench,controlled_vocabulary_term,,https://purls.helmholtz-metadaten.de/hob/HDO_00006020,Tripel Store,class,hdo,0.56,rejected_hdo_scope,Rejected because the local term is outside the narrow HDO data and metadata scope.
https://w3id.org/h2kg/hydrogen-ontology#TotalInkFormulationMass,Total Ink Formulation Mass,controlled_vocabulary_term,,https://purls.helmholtz-metadaten.de/hob/HDO_00007022,Informations Rolle,class,hdo,0.591,rejected_hdo_scope,Rejected because the local term is outside the narrow HDO data and metadata scope.
https://w3id.org/h2kg/hydrogen-ontology#TotalInkFormulationMass,Total Ink Formulation Mass,controlled_vocabulary_term,,https://purls.helmholtz-metadaten.de/hob/HDO_00007005,self-information,class,hdo,0.571,rejected_hdo_scope,Rejected because the local term is outside the narrow HDO data and metadata scope.
https://w3id.org/h2kg/hydrogen-ontology#TotalInternalResistance,Total Internal Resistance,controlled_vocabulary_term,,https://purls.helmholtz-metadaten.de/hob/HDO_00000043,persistent identifier,class,hdo,0.565,rejected_hdo_scope,Rejected because the local term is outside the narrow HDO data and metadata scope.
https://w3id.org/h2kg/hydrogen-ontology#TotalInternalResistance,Total Internal Resistance,controlled_vocabulary_term,,https://purls.helmholtz-metadaten.de/hob/HDO_00000026,intrinsic metadata,class,hdo,0.558,rejected_hdo_scope,Rejected because the local term is outside the narrow HDO data and metadata scope.
https://w3id.org/h2kg/hydrogen-ontology#TotalInternalResistance,Total Internal Resistance,controlled_vocabulary_term,,https://purls.helmholtz-metadaten.de/hob/HDO_00007011,Semantische Interoperabilität,class,hdo,0.556,rejected_hdo_scope,Rejected because the local term is outside the narrow HDO data and metadata scope.
https://w3id.org/h2kg/hydrogen-ontology#TotalPorosity,Total Porosity,controlled_vocabulary_term,,https://purls.helmholtz-metadaten.de/hob/HDO_00006055,points to,object_property,hdo,0.609,rejected_kind_mismatch,Rejected because the local term kind and external target kind are not semantically compatible.
https://w3id.org/h2kg/hydrogen-ontology#TotalPorosity,Total Porosity,controlled_vocabulary_term,,https://purls.helmholtz-metadaten.de/hob/HDO_00006017,proprietary software,class,hdo,0.588,rejected_hdo_scope,Rejected because the local term is outside the narrow HDO data and metadata scope.
https://w3id.org/h2kg/hydrogen-ontology#TotalPtLoading,Total Pt Loading,controlled_vocabulary_term,,https://purls.helmholtz-metadaten.de/hob/HDO_00006055,points to,object_property,hdo,0.56,rejected_kind_mismatch,Rejected because the local term kind and external target kind are not semantically compatible.
https://w3id.org/h2kg/hydrogen-ontology#ToughPointResin,Tough Point Resin,controlled_vocabulary_term,,https://purls.helmholtz-metadaten.de/hob/HDO_00006055,points to,object_property,hdo,0.692,rejected_kind_mismatch,Rejected because the local term kind and external target kind are not semantically compatible.
https://w3id.org/h2kg/hydrogen-ontology#Triethylamine,Triethylamine,controlled_vocabulary_term,,https://purls.helmholtz-metadaten.de/hob/HDO_00001073,proprietariness,class,hdo,0.571,rejected_hdo_scope,Rejected because the local term is outside the narrow HDO data and metadata scope.
https://w3id.org/h2kg/hydrogen-ontology#Tripropylamine,Tripropylamine,controlled_vocabulary_term,,https://purls.helmholtz-metadaten.de/hob/HDO_00001073,proprietariness,class,hdo,0.552,rejected_hdo_scope,Rejected because the local term is outside the narrow HDO data and metadata scope.
https://w3id.org/h2kg/hydrogen-ontology#TrueDensity,True Density,controlled_vocabulary_term,,http://purl.obolibrary.org/obo/BFO_0000040,material entity,class,hdo,0.593,rejected_hdo_scope,Rejected because the local term is outside the narrow HDO data and metadata scope.
https://w3id.org/h2kg/hydrogen-ontology#TrueDensity,True Density,controlled_vocabulary_term,,http://purl.obolibrary.org/obo/BFO_0000001,entity,class,hdo,0.556,rejected_hdo_scope,Rejected because the local term is outside the narrow HDO data and metadata scope.
https://w3id.org/h2kg/hydrogen-ontology#UVCuringProcess,UV Curing Process,controlled_vocabulary_term,,https://purls.helmholtz-metadaten.de/hob/HDO_00006064,uses process,object_property,hdo,0.621,rejected_kind_mismatch,Rejected because the local term kind and external target kind are not semantically compatible.
https://w3id.org/h2kg/hydrogen-ontology#UVCuringProcess,UV Curing Process,controlled_vocabulary_term,,https://w3id.org/emmo#EMMO_process,Process,class,emmo-core,0.583,exploratory_candidate,Below the configured close-match threshold; kept only as exploratory output.
https://w3id.org/h2kg/hydrogen-ontology#UVCuringProcess,UV Curing Process,controlled_vocabulary_term,,http://purl.obolibrary.org/obo/BFO_0000015,process,class,hdo,0.583,rejected_hdo_scope,Rejected because the local term is outside the narrow HDO data and metadata scope.
https://w3id.org/h2kg/hydrogen-ontology#UVIrradiationTime,UV Irradiation Time,controlled_vocabulary_term,,https://purls.helmholtz-metadaten.de/hob/hdo.owl#triple_specification,Tripel Spezifikation,class,hdo,0.564,rejected_hdo_scope,Rejected because the local term is outside the narrow HDO data and metadata scope.
https://w3id.org/h2kg/hydrogen-ontology#UltrasonicationTime,Ultrasonication Time,controlled_vocabulary_term,,https://purls.helmholtz-metadaten.de/hob/HDO_00001069,simulation data,class,hdo,0.571,rejected_hdo_scope,Rejected because the local term is outside the narrow HDO data and metadata scope.
https://w3id.org/h2kg/hydrogen-ontology#UltrasonicationTime,Ultrasonication Time,controlled_vocabulary_term,,http://purl.obolibrary.org/obo/IAO_0000005,objective specification,class,hdo,0.558,rejected_hdo_scope,Rejected because the local term is outside the narrow HDO data and metadata scope.
https://w3id.org/h2kg/hydrogen-ontology#UniaxialPressingProcess,Uniaxial Pressing Process,controlled_vocabulary_term,,https://purls.helmholtz-metadaten.de/hob/HDO_00006052,has expressiveness,object_property,hdo,0.558,rejected_kind_mismatch,Rejected because the local term kind and external target kind are not semantically compatible.
https://w3id.org/h2kg/hydrogen-ontology#Unit,Unit,class,,http://purl.obolibrary.org/obo/BFO_0000001,entity,class,hdo,0.6,rejected_hdo_scope,Rejected because the local term is outside the narrow HDO data and metadata scope.
https://w3id.org/h2kg/hydrogen-ontology#VacuumFiltrationProcess,Vacuum Filtration Process,controlled_vocabulary_term,,https://purls.helmholtz-metadaten.de/hob/HDO_00001059,Quantifikationsprozess,class,hdo,0.553,rejected_hdo_scope,Rejected because the local term is outside the narrow HDO data and metadata scope.
https://w3id.org/h2kg/hydrogen-ontology#Vermiculite,Vermiculite,controlled_vocabulary_term,,https://purls.helmholtz-metadaten.de/hob/HDO_00002006,Terminologie,class,hdo,0.609,rejected_hdo_scope,Rejected because the local term is outside the narrow HDO data and metadata scope.
https://w3id.org/h2kg/hydrogen-ontology#Vermiculite,Vermiculite,controlled_vocabulary_term,,https://purls.helmholtz-metadaten.de/hob/HDO_00006062,serializes,object_property,hdo,0.571,rejected_kind_mismatch,Rejected because the local term kind and external target kind are not semantically compatible.
https://w3id.org/h2kg/hydrogen-ontology#Vermiculite,Vermiculite,controlled_vocabulary_term,,https://purls.helmholtz-metadaten.de/hob/HDO_00001072,Service,class,hdo,0.556,rejected_hdo_scope,Rejected because the local term is outside the narrow HDO data and metadata scope.
https://w3id.org/h2kg/hydrogen-ontology#Viscosity,Viscosity,controlled_vocabulary_term,,http://purl.obolibrary.org/obo/BFO_0000016,disposition,class,hdo,0.6,rejected_hdo_scope,Rejected because the local term is outside the narrow HDO data and metadata scope.
https://w3id.org/h2kg/hydrogen-ontology#VoltageSensor,Voltage Sensor,controlled_vocabulary_term,,https://purls.helmholtz-metadaten.de/hob/HDO_00006015,Sensor,class,hdo,0.68,exploratory_candidate,Below the configured close-match threshold; kept only as exploratory output.
https://w3id.org/h2kg/hydrogen-ontology#VoxelSize,Voxel Size,controlled_vocabulary_term,,https://purls.helmholtz-metadaten.de/hob/HDO_00006013,XML file,class,hdo,0.556,rejected_hdo_scope,Rejected because the local term is outside the narrow HDO data and metadata scope.
https://w3id.org/h2kg/hydrogen-ontology#WaterContentFraction,Water Content Fraction,controlled_vocabulary_term,,http://purl.obolibrary.org/obo/IAO_0000030,information content entity,class,hdo,0.625,rejected_hdo_scope,Rejected because the local term is outside the narrow HDO data and metadata scope.
https://w3id.org/h2kg/hydrogen-ontology#WaterContentFraction,Water Content Fraction,controlled_vocabulary_term,,https://purls.helmholtz-metadaten.de/hob/HDO_00006054,interacts with,object_property,hdo,0.556,rejected_kind_mismatch,Rejected because the local term kind and external target kind are not semantically compatible.
https://w3id.org/h2kg/hydrogen-ontology#WaterContentMeasurement,Water Content Measurement,controlled_vocabulary_term,,https://w3id.org/emmo/domain/electrochemistry#electrochemistry_7729c34e_1ae9_403d_b933_1765885e7f29,Electrochemical measurement,class,emmo-electrochemistry,0.577,rejected_generic_electrochemical_measurement,Rejected because generic electrochemical measurement is too broad for automatic proposal here.
https://w3id.org/h2kg/hydrogen-ontology#WetCoImpregnation,Wet Co Impregnation,controlled_vocabulary_term,,http://purl.obolibrary.org/obo/RO_0002592,results in organization of,object_property,hdo,0.578,rejected_kind_mismatch,Rejected because the local term kind and external target kind are not semantically compatible.
https://w3id.org/h2kg/hydrogen-ontology#WetCoImpregnation,Wet Co Impregnation,controlled_vocabulary_term,,https://purls.helmholtz-metadaten.de/hob/HDO_00001075,obsolete Copyright Information,class,hdo,0.571,rejected_deprecated_target,Rejected because the external target is marked as deprecated or obsolete.
https://w3id.org/h2kg/hydrogen-ontology#WorkingTimeDeformation,Working Time Deformation,controlled_vocabulary_term,,https://purls.helmholtz-metadaten.de/hob/HDO_00001068,computational modelling,class,hdo,0.553,rejected_hdo_scope,Rejected because the local term is outside the narrow HDO data and metadata scope.
https://w3id.org/h2kg/hydrogen-ontology#XPSDataset,XPS Dataset,controlled_vocabulary_term,,https://purls.helmholtz-metadaten.de/hob/HDO_00000007,Datentyp,class,hdo,0.712,exploratory_candidate,Below the configured close-match threshold; kept only as exploratory output.
https://w3id.org/h2kg/hydrogen-ontology#XPSDataset,XPS Dataset,controlled_vocabulary_term,,https://purls.helmholtz-metadaten.de/hob/HDO_00007008,obsolete data,class,hdo,0.583,rejected_deprecated_target,Rejected because the external target is marked as deprecated or obsolete.
https://w3id.org/h2kg/hydrogen-ontology#YieldStress,Yield Stress,controlled_vocabulary_term,,https://purls.helmholtz-metadaten.de/hob/HDO_00006020,Tripel Store,class,hdo,0.667,rejected_hdo_scope,Rejected because the local term is outside the narrow HDO data and metadata scope.
https://w3id.org/h2kg/hydrogen-ontology#YieldStress,Yield Stress,controlled_vocabulary_term,,https://purls.helmholtz-metadaten.de/hob/HDO_00006019,Tripel,class,hdo,0.556,rejected_hdo_scope,Rejected because the local term is outside the narrow HDO data and metadata scope.
https://w3id.org/h2kg/hydrogen-ontology#YieldStress,Yield Stress,controlled_vocabulary_term,,https://purls.helmholtz-metadaten.de/hob/HDO_00006060,stores,object_property,hdo,0.556,rejected_kind_mismatch,Rejected because the local term kind and external target kind are not semantically compatible.
https://w3id.org/h2kg/hydrogen-ontology#fromMeasurement,fromMeasurement,object_property,,https://purls.helmholtz-metadaten.de/hob/HDO_00006058,represents,object_property,hdo,0.56,rejected_hdo_scope,Rejected because the local term is outside the narrow HDO data and metadata scope.
https://w3id.org/h2kg/hydrogen-ontology#hasInputData,hasInputData,object_property,,http://purl.obolibrary.org/obo/RO_0002233,has input,object_property,hdo,0.762,rejected_hdo_scope,Rejected because the local term is outside the narrow HDO data and metadata scope.
https://w3id.org/h2kg/hydrogen-ontology#hasInputData,hasInputData,object_property,,https://purls.helmholtz-metadaten.de/hob/HDO_00006069,has metadata,object_property,hdo,0.667,rejected_hdo_scope,Rejected because the local term is outside the narrow HDO data and metadata scope.
https://w3id.org/h2kg/hydrogen-ontology#hasInputData,hasInputData,object_property,,http://purl.obolibrary.org/obo/BFO_0000051,has part,object_property,hdo,0.6,rejected_hdo_scope,Rejected because the local term is outside the narrow HDO data and metadata scope.
https://w3id.org/h2kg/hydrogen-ontology#hasInputMaterial,hasInputMaterial,object_property,,http://purl.obolibrary.org/obo/RO_0002233,has input,object_property,hdo,0.64,rejected_hdo_scope,Rejected because the local term is outside the narrow HDO data and metadata scope.
https://w3id.org/h2kg/hydrogen-ontology#hasOutputData,hasOutputData,object_property,,http://purl.obolibrary.org/obo/RO_0002234,has output,object_property,hdo,0.783,rejected_hdo_scope,Rejected because the local term is outside the narrow HDO data and metadata scope.
https://w3id.org/h2kg/hydrogen-ontology#hasOutputData,hasOutputData,object_property,,http://purl.obolibrary.org/obo/RO_0004008,has primary output,object_property,hdo,0.645,rejected_hdo_scope,Rejected because the local term is outside the narrow HDO data and metadata scope.
https://w3id.org/h2kg/hydrogen-ontology#hasOutputData,hasOutputData,object_property,,https://purls.helmholtz-metadaten.de/hob/HDO_00006069,has metadata,object_property,hdo,0.64,rejected_hdo_scope,Rejected because the local term is outside the narrow HDO data and metadata scope.
https://w3id.org/h2kg/hydrogen-ontology#hasOutputData,hasOutputData,object_property,,http://purl.obolibrary.org/obo/BFO_0000051,has part,object_property,hdo,0.571,rejected_hdo_scope,Rejected because the local term is outside the narrow HDO data and metadata scope.
https://w3id.org/h2kg/hydrogen-ontology#hasOutputMaterial,hasOutputMaterial,object_property,,http://purl.obolibrary.org/obo/RO_0004008,has primary output,object_property,hdo,0.686,rejected_hdo_scope,Rejected because the local term is outside the narrow HDO data and metadata scope.
https://w3id.org/h2kg/hydrogen-ontology#hasOutputMaterial,hasOutputMaterial,object_property,,http://purl.obolibrary.org/obo/RO_0002234,has output,object_property,hdo,0.667,rejected_hdo_scope,Rejected because the local term is outside the narrow HDO data and metadata scope.
https://w3id.org/h2kg/hydrogen-ontology#hasParameter,hasParameter,object_property,,http://purl.obolibrary.org/obo/BFO_0000051,has part,object_property,hdo,0.7,rejected_hdo_scope,Rejected because the local term is outside the narrow HDO data and metadata scope.
https://w3id.org/h2kg/hydrogen-ontology#hasParameter,hasParameter,object_property,,http://purl.obolibrary.org/obo/RO_0000057,has participant,object_property,hdo,0.593,rejected_hdo_scope,Rejected because the local term is outside the narrow HDO data and metadata scope.
https://w3id.org/h2kg/hydrogen-ontology#hasPart,hasPart,object_property,,http://purl.obolibrary.org/obo/BFO_0000051,has part,object_property,hdo,0.933,rejected_hdo_scope,Rejected because the local term is outside the narrow HDO data and metadata scope.
https://w3id.org/h2kg/hydrogen-ontology#hasPart,hasPart,object_property,,http://purl.obolibrary.org/obo/RO_0000057,has participant,object_property,hdo,0.636,rejected_hdo_scope,Rejected because the local term is outside the narrow HDO data and metadata scope.
https://w3id.org/h2kg/hydrogen-ontology#hasPart,hasPart,object_property,,http://purl.obolibrary.org/obo/RO_0002233,has input,object_property,hdo,0.625,rejected_hdo_scope,Rejected because the local term is outside the narrow HDO data and metadata scope.
https://w3id.org/h2kg/hydrogen-ontology#hasPart,hasPart,object_property,,http://purl.obolibrary.org/obo/RO_0002234,has output,object_property,hdo,0.588,rejected_hdo_scope,Rejected because the local term is outside the narrow HDO data and metadata scope.
https://w3id.org/h2kg/hydrogen-ontology#hasPart,hasPart,object_property,,http://purl.obolibrary.org/obo/BFO_0000050,part of,object_property,hdo,0.571,rejected_hdo_scope,Rejected because the local term is outside the narrow HDO data and metadata scope.
https://w3id.org/h2kg/hydrogen-ontology#hasPart,hasPart,object_property,,http://purl.obolibrary.org/obo/RO_0000086,has quality,object_property,hdo,0.556,rejected_hdo_scope,Rejected because the local term is outside the narrow HDO data and metadata scope.
https://w3id.org/h2kg/hydrogen-ontology#hasProperty,hasProperty,object_property,,http://purl.obolibrary.org/obo/BFO_0000051,has part,object_property,hdo,0.632,rejected_hdo_scope,Rejected because the local term is outside the narrow HDO data and metadata scope.
https://w3id.org/h2kg/hydrogen-ontology#hasProperty,hasProperty,object_property,,https://purls.helmholtz-metadaten.de/hob/HDO_00006036,has role,object_property,hdo,0.632,rejected_hdo_scope,Rejected because the local term is outside the narrow HDO data and metadata scope.
https://w3id.org/h2kg/hydrogen-ontology#hasProperty,hasProperty,object_property,,http://purl.obolibrary.org/obo/RO_0002234,has output,object_property,hdo,0.571,rejected_hdo_scope,Rejected because the local term is outside the narrow HDO data and metadata scope.
https://w3id.org/h2kg/hydrogen-ontology#hasSubProcess,hasSubProcess,object_property,,https://purls.helmholtz-metadaten.de/hob/HDO_00006057,processes,object_property,hdo,0.636,rejected_hdo_scope,Rejected because the local term is outside the narrow HDO data and metadata scope.
https://w3id.org/h2kg/hydrogen-ontology#hasSubProcess,hasSubProcess,object_property,,https://purls.helmholtz-metadaten.de/hob/HDO_00006036,has role,object_property,hdo,0.571,rejected_hdo_scope,Rejected because the local term is outside the narrow HDO data and metadata scope.
https://w3id.org/h2kg/hydrogen-ontology#hasSubProcess,hasSubProcess,object_property,,https://purls.helmholtz-metadaten.de/hob/HDO_00006064,uses process,object_property,hdo,0.56,rejected_hdo_scope,Rejected because the local term is outside the narrow HDO data and metadata scope.
https://w3id.org/h2kg/hydrogen-ontology#isPartOf,isPartOf,object_property,,http://purl.obolibrary.org/obo/BFO_0000051,has part,object_property,hdo,0.625,rejected_hdo_scope,Rejected because the local term is outside the narrow HDO data and metadata scope.
https://w3id.org/h2kg/hydrogen-ontology#isPartOf,isPartOf,object_property,,http://purl.obolibrary.org/obo/RO_0002352,input of,object_property,hdo,0.625,rejected_hdo_scope,Rejected because the local term is outside the narrow HDO data and metadata scope.
https://w3id.org/h2kg/hydrogen-ontology#isSubProcessOf,isSubProcessOf,object_property,,https://purls.helmholtz-metadaten.de/hob/HDO_00006057,processes,object_property,hdo,0.609,rejected_hdo_scope,Rejected because the local term is outside the narrow HDO data and metadata scope.
https://w3id.org/h2kg/hydrogen-ontology#measures,measures,object_property,,https://purls.helmholtz-metadaten.de/hob/HDO_00006038,bears,object_property,hdo,0.615,rejected_hdo_scope,Rejected because the local term is outside the narrow HDO data and metadata scope.
https://w3id.org/h2kg/hydrogen-ontology#measures,measures,object_property,,https://purls.helmholtz-metadaten.de/hob/HDO_00006060,stores,object_property,hdo,0.571,rejected_hdo_scope,Rejected because the local term is outside the narrow HDO data and metadata scope.
https://w3id.org/h2kg/hydrogen-ontology#normalizedTo,normalizedTo,object_property,,http://purl.obolibrary.org/obo/BFO_0000054,realized in,object_property,hdo,0.696,rejected_hdo_scope,Rejected because the local term is outside the narrow HDO data and metadata scope.
https://w3id.org/h2kg/hydrogen-ontology#normalizedTo,normalizedTo,object_property,,http://purl.obolibrary.org/obo/BFO_0000055,realizes,object_property,hdo,0.6,rejected_hdo_scope,Rejected because the local term is outside the narrow HDO data and metadata scope.
https://w3id.org/h2kg/hydrogen-ontology#normalizedTo,normalizedTo,object_property,,https://purls.helmholtz-metadaten.de/hob/HDO_00006059,serialized as,object_property,hdo,0.56,rejected_hdo_scope,Rejected because the local term is outside the narrow HDO data and metadata scope.
https://w3id.org/h2kg/hydrogen-ontology#ofProperty,ofProperty,object_property,,http://purl.obolibrary.org/obo/BFO_0000050,part of,object_property,hdo,0.588,rejected_hdo_scope,Rejected because the local term is outside the narrow HDO data and metadata scope.
